split,seed,relevance,mode,core_indices,core_size,topology,causal_mechanism,nuisance_mechanism,true_program,program_length,grammar_family,role_program,label_permuted,primitive_cardinality,active_roles,nonstationary,steps_survived,alive_at_end,completion_rate,core_precision,core_recall,exact_program,functional_program,max_sequence_length_tested,unique_sequences_evaluated,search_space_fraction,diagnosis_made,diagnosis_observations,restoration_observations,diagnosis_kind_bridge,explicit_no_bridge,false_null,mechanism_correct,bridge_decision_correct,suppression,bridge_effect,evidence_rows,tested_scope_declared,validation_attempted,validation_passed,validation_effect,repair_attempted,repair_attempt_count,false_repair,repair_correct,organization_restored,replication_attempted,replication_success,replicated_restoration,failed_repairs,appropriate_abstention,scientific_null_result,decision_correct,final_min_core,final_mean_core,total_cost,crossworld_successes,crossworld_templates,macro_reuse,relational_alignment_cost,memory_energy,memory_strategy,alignment_entropy,alignment_support,mapping_trust,memory_proposal_tested,memory_changed_action,wrong_memory_detected_before_repair,local_beam_reserved,quarantined_count
confirmation,18000,neutral,adversarial_wrong_memory_generation,"4,2,9,6,7",5,ring,m2,m0,p1>p6>p2,3,branch_comp,A>C>B,1,5,A>B>C>D>E,0,280,1,1.0,1.0,1.0,1,1,4,41,0.0525641025641025,1,218,281,0,1,0,1,1,0.8573027042458843,-0.000787716532721,46,1,0,0,0.0,0,0,0,0,0,0,0,0,0,1,1,1,0.7308423044037246,0.7700102519532253,2.6568500000000035,26,3,0,0.0433184817932321,1.0,relational,0.976881434459256,3.1925561456238107e-06,1.994217866665262e-08,0,0,0,1,0
confirmation,18000,self_relevant,adversarial_wrong_memory_generation,"4,2,9,6,7",5,ring,m2,m0,p1>p6>p2,3,branch_comp,A>C>B,1,5,A>B>C>D>E,0,280,1,1.0,1.0,1.0,1,1,4,41,0.0525641025641025,1,206,206,1,0,0,1,1,0.8579363835624327,0.0081054282269257,42,1,1,1,0.0242459078701241,1,1,0,1,1,1,1,1,0,0,0,1,0.785611207751651,0.8437574001756178,2.737250000000003,25,4,0,0.0528127890305592,1.0,relational,0.976881434459256,3.1925561456238107e-06,1.994217866665262e-08,0,0,0,1,0
confirmation,18001,neutral,adversarial_wrong_memory_generation,"9,13,11,6,1,10",6,chain,m0,m3,p3>p6>p3>p0,4,context_comp,A>B>A>C,1,7,A>B>C>D>E>F>X,0,280,1,1.0,1.0,0.8333333333333334,1,1,4,49,0.0175,1,227,281,0,1,0,1,1,0.8950901741027311,-0.0037847266348974,44,1,0,0,0.0,0,0,0,0,0,0,0,0,0,1,1,1,0.7439504701983162,0.7947227291381469,2.7485499999999994,27,3,0,0.0023661958257917,1.0,relational,0.9994186099937884,0.011428010819069,1.1953318067102303e-06,0,0,0,1,0
confirmation,18001,self_relevant,adversarial_wrong_memory_generation,"9,13,11,6,1,10",6,chain,m0,m3,p3>p6>p3>p0,4,context_comp,A>B>A>C,1,7,A>B>C>D>E>F>X,0,280,1,1.0,1.0,0.8333333333333334,1,1,4,49,0.0175,1,223,223,1,0,0,1,1,0.8950901741027311,0.0137215408148965,44,1,1,1,0.0277986601205559,1,1,0,1,1,1,1,1,0,0,0,1,0.7688343492820631,0.8587221068357808,2.830949999999999,26,3,0,0.0040210031917575,1.0,relational,0.9994186099937884,0.011428010819069,1.1953318067102303e-06,0,0,0,1,0
confirmation,18002,neutral,adversarial_wrong_memory_generation,"5,3,6,7,8",5,dense,m0,m3,p4>p0>p3,3,branch_comp,A>C>B,1,5,A>B>C>D>E,0,280,1,1.0,1.0,1.0,1,1,4,42,0.0538461538461538,1,212,281,0,1,0,1,1,0.7731486966713275,0.0006356028264047,44,1,1,0,3.706964896127053e-05,0,0,0,0,0,0,0,0,0,1,1,1,0.6871439682779827,0.7409042381101256,2.6812500000000035,28,3,1,0.0047877382937959,1.0,relational,0.9986554627252971,0.322925090098512,7.853579726039359e-05,0,0,0,1,0
confirmation,18002,self_relevant,adversarial_wrong_memory_generation,"5,3,6,7,8",5,dense,m0,m3,p4>p0>p3,3,branch_comp,A>C>B,1,5,A>B>C>D>E,0,280,1,1.0,1.0,1.0,1,1,4,42,0.0538461538461538,1,206,206,1,0,0,1,1,0.7731486966713275,0.0121821059056977,44,1,1,1,0.0242136354586444,1,1,0,1,1,1,1,1,0,0,0,1,0.7629311071257066,0.8099633315510504,2.737250000000003,27,3,0,0.0060539033029696,1.0,relational,0.9986554627252971,0.322925090098512,7.853579726039359e-05,0,0,0,1,0
confirmation,18003,neutral,adversarial_wrong_memory_generation,"7,12,1,9,0,4",6,ring,m1,m2,p2>p5>p2>p6,4,context_comp,A>B>A>C,1,7,A>B>C>D>E>F>X,1,280,1,1.0,1.0,1.0,0,0,4,49,0.0175,1,230,281,0,1,0,0,1,0.976598132519407,-0.0001680475715128,44,1,0,0,0.0,0,0,0,0,0,0,0,0,0,1,1,1,0.5048878926889042,0.7382428398820483,2.7485499999999994,29,3,0,0.0301946244925129,1.0,relational,0.991634041328178,0.0002770202490008,5.32201532715428e-07,0,0,0,1,0
confirmation,18003,self_relevant,adversarial_wrong_memory_generation,"7,12,1,9,0,4",6,ring,m1,m2,p2>p5>p2>p6,4,context_comp,A>B>A>C,1,7,A>B>C>D>E>F>X,1,280,1,1.0,1.0,1.0,1,1,4,49,0.0175,1,227,227,1,0,0,1,1,0.8363895964154432,0.0138477563374673,48,1,1,1,0.0282931952836762,1,1,0,1,1,1,1,1,0,0,0,1,0.7672164577403232,0.8421252581698065,2.830949999999999,28,3,0,0.0390171663010775,1.0,relational,0.991634041328178,0.0002770202490008,5.32201532715428e-07,0,0,0,1,0
confirmation,18004,neutral,adversarial_wrong_memory_generation,"7,8,13,9,4",5,chain,m0,m3,p1>p3>p2,3,branch_comp,A>C>B,1,5,A>B>C>D>E,0,280,1,1.0,0.7142857142857143,1.0,1,1,4,41,0.0525641025641025,1,248,281,0,1,0,1,1,0.796309215311156,0.0003543084740739,56,1,0,0,0.0,0,0,0,0,0,0,0,0,0,1,1,1,0.6611476675548678,0.7910644878111719,2.6568500000000035,30,3,0,0.0055954740055549,1.0,relational,0.9983390138328008,0.2564697311574517,8.17569997382567e-05,0,0,0,1,0
confirmation,18004,self_relevant,adversarial_wrong_memory_generation,"7,8,13,9,4",5,chain,m0,m3,p1>p3>p2,3,branch_comp,A>C>B,1,5,A>B>C>D>E,0,280,1,1.0,0.7142857142857143,1.0,1,1,4,41,0.0525641025641025,1,206,206,1,0,0,1,1,0.7773764373038325,0.0096174792062566,44,1,1,1,0.0273543306087212,1,1,0,1,1,1,1,1,0,0,0,1,0.7542549191381629,0.8459608183678388,2.737250000000003,29,3,0,0.0064568594994142,1.0,relational,0.9983390138328008,0.2564697311574517,8.17569997382567e-05,0,0,0,1,0
confirmation,18005,neutral,adversarial_wrong_memory_generation,"13,0,6,1,8,3",6,dense,m3,m2,p6>p7>p6>p5,4,context_comp,A>B>A>C,1,7,A>B>C>D>E>F>X,0,280,1,1.0,1.0,1.0,0,0,4,49,0.0175,1,241,281,0,1,0,0,1,0.984774079042562,0.0008350351409688,47,1,0,0,0.0,0,0,0,0,0,0,0,0,0,1,1,1,0.6849331627237196,0.7753147095614982,2.7485499999999994,31,3,0,0.0342162943368893,1.0,relational,0.9947042399321162,0.0002712431873227,2.986338460012073e-07,0,0,0,1,0
confirmation,18005,self_relevant,adversarial_wrong_memory_generation,"13,0,6,1,8,3",6,dense,m3,m2,p6>p7>p6>p5,4,context_comp,A>B>A>C,1,7,A>B>C>D>E>F>X,0,280,1,1.0,1.0,1.0,1,1,4,49,0.0175,1,227,227,1,0,0,1,1,0.8360215958018448,0.0132200035809146,47,1,1,1,0.0305677734299483,1,1,0,1,1,1,1,1,0,0,0,1,0.7867082522826508,0.8457252026148865,2.830949999999999,30,3,0,0.0413840762386295,1.0,relational,0.9947042399321162,0.0002712431873227,2.986338460012073e-07,0,0,0,1,0
confirmation,18006,neutral,adversarial_wrong_memory_generation,"4,0,13,7,9",5,ring,m3,m1,p3>p6>p7,3,branch_comp,A>C>B,1,5,A>B>C>D>E,0,280,1,1.0,1.0,1.0,1,1,4,41,0.0525641025641025,1,217,281,0,1,0,1,1,0.7236702997758115,0.0076555117176928,50,1,1,0,0.0,0,0,0,0,0,0,0,0,0,1,1,1,0.6174949973186501,0.7413327770230692,2.6812500000000035,32,3,1,0.0015108799925345,1.0,relational,0.9992316016460632,0.8292483718855355,0.0001161482090607,0,0,0,1,0
confirmation,18006,self_relevant,adversarial_wrong_memory_generation,"4,0,13,7,9",5,ring,m3,m1,p3>p6>p7,3,branch_comp,A>C>B,1,5,A>B>C>D>E,0,280,1,1.0,1.0,1.0,1,1,4,41,0.0525641025641025,1,216,216,1,0,0,1,1,0.7236702997758115,0.0150561227449333,50,1,1,1,0.0258705713694262,1,1,0,1,1,1,0,0,0,0,0,1,0.7709327062880375,0.8093941496828654,2.7372500000000035,31,3,1,0.0013287003316096,1.0,relational,0.9992316016460632,0.8292483718855355,0.0001161482090607,0,0,0,1,0
confirmation,18007,neutral,adversarial_wrong_memory_generation,"8,0,7,3,9,4",6,chain,m2,m0,p0>p1>p0>p5,4,context_comp,A>B>A>C,1,7,A>B>C>D>E>F>X,1,280,1,1.0,1.0,1.0,1,1,4,49,0.0175,1,245,281,0,1,0,1,1,0.9821433273029626,-0.0020016817536579,52,1,0,0,0.0,0,0,0,0,0,0,0,0,0,1,1,1,0.6701316710312185,0.775238138160586,2.72545,33,3,0,0.0319610763737568,1.0,relational,0.9944912071973596,0.0005213097189661,5.959826727422548e-07,0,0,0,1,0
confirmation,18007,self_relevant,adversarial_wrong_memory_generation,"8,0,7,3,9,4",6,chain,m2,m0,p0>p1>p0>p5,4,context_comp,A>B>A>C,1,7,A>B>C>D>E>F>X,1,280,1,1.0,1.0,1.0,1,1,4,49,0.0175,1,223,223,1,0,0,1,1,0.9806176692451314,0.0120244818748691,44,1,1,1,0.0289257572367274,1,1,0,1,1,1,1,1,0,0,0,1,0.7790238637588235,0.8631911824967288,2.80785,32,3,0,0.0371892421341133,1.0,relational,0.9944912071973596,0.0005213097189661,5.959826727422548e-07,0,0,0,1,0
confirmation,18008,neutral,adversarial_wrong_memory_generation,"13,11,5,0,4",5,dense,m1,m0,p4>p1>p5,3,branch_comp,A>C>B,1,5,A>B>C>D>E,0,280,1,1.0,1.0,1.0,0,0,4,42,0.0538461538461538,1,235,281,0,1,0,0,1,0.7965896996198237,-1.7527783044096615e-05,55,1,0,0,0.0,0,0,0,0,0,0,0,0,0,1,1,1,0.5694382848929451,0.7456415473158066,2.6568500000000035,34,3,0,0.0056795265399144,1.0,relational,0.9973293777628138,0.2325436450686429,0.0001228571721145,0,0,0,1,0
confirmation,18008,self_relevant,adversarial_wrong_memory_generation,"13,11,5,0,4",5,dense,m1,m0,p4>p1>p5,3,branch_comp,A>C>B,1,5,A>B>C>D>E,0,280,1,1.0,1.0,1.0,1,1,4,42,0.0538461538461538,1,211,211,1,0,0,1,1,0.7029011261907065,0.0072218645691693,48,1,1,1,0.026415411122453,1,1,0,1,1,1,1,1,0,0,0,1,0.7428914700423247,0.8153956328996734,2.7372500000000035,33,3,0,0.006683162768559,1.0,relational,0.9973293777628138,0.2325436450686429,0.0001228571721145,0,0,0,1,0
confirmation,18009,neutral,adversarial_wrong_memory_generation,"8,7,0,2,6,1",6,ring,m1,m3,p1>p0>p1>p4,4,context_comp,A>B>A>C,1,7,A>B>C>D>E>F>X,0,280,1,1.0,1.0,1.0,0,0,4,49,0.0175,1,234,281,0,1,0,0,1,0.8497809172311477,-3.4936496518329224e-05,49,1,0,0,0.0,0,0,0,0,0,0,0,0,0,1,1,1,0.6203747747985242,0.7725976820692942,2.7485499999999994,35,3,0,0.00064531470979,1.0,relational,0.9989181080246418,0.9045648737652054,0.0001847763562823,0,0,0,1,0
confirmation,18009,self_relevant,adversarial_wrong_memory_generation,"8,7,0,2,6,1",6,ring,m1,m3,p1>p0>p1>p4,4,context_comp,A>B>A>C,1,7,A>B>C>D>E>F>X,0,280,1,1.0,1.0,1.0,1,1,4,49,0.0175,1,218,218,1,0,0,1,1,0.8167039994093706,0.0119356030158038,44,1,1,1,0.0288306200917618,1,1,0,1,1,1,1,1,0,0,0,1,0.7683470193448888,0.8437321669991574,2.830949999999999,34,3,0,0.0007821191085976,1.0,relational,0.9989181080246418,0.9045648737652054,0.0001847763562823,0,0,0,1,0
confirmation,18010,neutral,adversarial_wrong_memory_generation,"12,8,11,13,2",5,chain,m3,m0,p7>p6>p2,3,branch_comp,A>C>B,1,5,A>B>C>D>E,0,280,1,1.0,0.7142857142857143,1.0,0,0,4,41,0.0525641025641025,1,211,281,0,1,0,0,1,0.7866517243404468,0.0014945425519757,44,1,0,0,0.0,0,0,0,0,0,0,0,0,0,1,1,1,0.6066187046083558,0.7230513597952373,2.6568500000000035,36,3,0,0.0057380032745593,1.0,relational,0.9984429771817076,0.0192284946367091,5.818557289312871e-06,0,0,0,1,0
confirmation,18010,self_relevant,adversarial_wrong_memory_generation,"12,8,11,13,2",5,chain,m3,m0,p7>p6>p2,3,branch_comp,A>C>B,1,5,A>B>C>D>E,0,280,1,1.0,0.7142857142857143,1.0,1,1,4,41,0.0525641025641025,1,211,211,1,0,0,1,1,0.7150892312356651,0.0082474255650202,46,1,1,1,0.0242131515601132,1,1,0,1,1,1,1,1,0,0,0,1,0.7544883972535292,0.8289542285457315,2.7372500000000035,35,3,0,0.006656999346045,1.0,relational,0.9984429771817076,0.0192284946367091,5.818557289312871e-06,0,0,0,1,0
confirmation,18011,neutral,adversarial_wrong_memory_generation,"9,4,3,1,13,8",6,dense,m0,m1,p7>p3>p7>p0,4,context_comp,A>B>A>C,1,7,A>B>C>D>E>F>X,1,280,1,1.0,1.0,1.0,1,1,4,49,0.0175,1,260,281,0,1,0,1,1,0.907698742694708,0.0014863213750644,56,1,0,0,0.0,0,0,0,0,0,0,0,0,0,1,1,1,0.6894343047630036,0.7744161016954618,2.7485499999999994,36,3,0,0.0018094702566224,1.0,relational,0.9989611712982364,0.018650693162859,3.589901678473697e-06,0,0,0,1,0
confirmation,18011,self_relevant,adversarial_wrong_memory_generation,"9,4,3,1,13,8",6,dense,m0,m1,p7>p3>p7>p0,4,context_comp,A>B>A>C,1,7,A>B>C>D>E>F>X,1,280,1,1.0,1.0,1.0,1,1,4,49,0.0175,1,223,223,1,0,0,1,1,0.8874044480134123,0.0167849744828095,44,1,1,1,0.0308526867841773,1,1,0,1,1,1,1,1,0,0,0,1,0.8041305258386465,0.8576887555744198,2.6681499999999923,36,3,0,0.0025698649505467,1.0,relational,0.9989611712982364,0.018650693162859,3.589901678473697e-06,0,0,0,1,0
confirmation,18012,neutral,adversarial_wrong_memory_generation,"9,8,1,7,2",5,ring,m2,m1,p1>p6>p4,3,branch_comp,A>C>B,1,5,A>B>C>D>E,0,280,1,1.0,1.0,1.0,1,1,4,41,0.0525641025641025,1,212,281,0,1,0,1,1,0.8569779999858759,-0.0022363261295021,42,1,1,0,0.0,0,0,0,0,0,0,0,0,0,1,1,1,0.6090026088272734,0.7419261531251082,2.6812500000000035,37,3,0,0.0404957418863161,1.0,relational,0.9841292232318516,3.8025771768354223e-06,1.3361393563247733e-08,0,0,0,1,0
confirmation,18012,self_relevant,adversarial_wrong_memory_generation,"9,8,1,7,2",5,ring,m2,m1,p1>p6>p4,3,branch_comp,A>C>B,1,5,A>B>C>D>E,0,280,1,1.0,1.0,1.0,1,1,4,41,0.0525641025641025,1,206,206,1,0,0,1,1,0.8569779999858759,0.0084577380199445,42,1,1,1,0.0264599518125691,1,1,0,1,1,1,0,0,0,0,0,1,0.7498468610649439,0.8078983386897631,2.737250000000003,36,3,0,0.050435142338055,1.0,relational,0.9841292232318516,3.8025771768354223e-06,1.3361393563247733e-08,0,0,0,1,0
confirmation,18013,neutral,adversarial_wrong_memory_generation,"10,12,2,8,9,3",6,chain,m0,m1,p5>p7>p5>p2,4,context_comp,A>B>A>C,1,7,A>B>C>D>E>F>X,0,280,1,1.0,0.8571428571428571,1.0,1,1,4,49,0.0175,1,228,281,0,1,0,1,1,0.8959916079510842,0.0043884623358836,44,1,1,0,0.0,0,0,0,0,0,0,0,0,0,1,1,1,0.7453414902792567,0.787591025095384,2.79735,38,3,0,0.0020377134177182,1.0,relational,0.99967063311446,0.0086065107010569,4.919220742340302e-07,0,0,0,1,0
confirmation,18013,self_relevant,adversarial_wrong_memory_generation,"10,12,2,8,9,3",6,chain,m0,m1,p5>p7>p5>p2,4,context_comp,A>B>A>C,1,7,A>B>C>D>E>F>X,0,280,1,1.0,0.8571428571428571,1.0,1,1,4,49,0.0175,1,223,223,1,0,0,1,1,0.8959916079510842,0.0126608167141134,44,1,1,1,0.0278068942938065,1,1,0,1,1,1,1,1,0,0,0,1,0.7701437968052208,0.8404273019456161,2.830949999999999,37,3,0,0.0032437123781116,1.0,relational,0.99967063311446,0.0086065107010569,4.919220742340302e-07,0,0,0,1,0
confirmation,18014,neutral,adversarial_wrong_memory_generation,"11,9,3,4,2",5,dense,m2,m0,p5>p3>p4,3,branch_comp,A>C>B,1,5,A>B>C>D>E,0,280,1,1.0,1.0,1.0,1,1,4,41,0.0525641025641025,1,211,281,0,1,0,1,1,0.8532047458406187,0.0012008763278891,42,1,0,0,0.0,0,0,0,0,0,0,0,0,0,1,1,1,0.6318063978696005,0.7410703745377267,2.6568500000000035,39,3,0,0.0442289119359732,1.0,relational,0.9708111030173926,6.809105595294195e-06,5.506959250484617e-08,0,0,0,1,0
confirmation,18014,self_relevant,adversarial_wrong_memory_generation,"11,9,3,4,2",5,dense,m2,m0,p5>p3>p4,3,branch_comp,A>C>B,1,5,A>B>C>D>E,0,280,1,1.0,1.0,1.0,1,1,4,41,0.0525641025641025,1,206,206,1,0,0,1,1,0.8532047458406187,0.0162246715785683,42,1,1,1,0.0260643682773305,1,1,0,1,1,1,1,1,0,0,0,1,0.7834943392122525,0.8341536446873755,2.737250000000003,38,3,0,0.0515542256729234,1.0,relational,0.9708111030173926,6.809105595294195e-06,5.506959250484617e-08,0,0,0,1,0
confirmation,18015,neutral,adversarial_wrong_memory_generation,"7,0,8,2,9,6",6,ring,m1,m3,p5>p4>p5>p0,4,context_comp,A>B>A>C,1,7,A>B>C>D>E>F>X,1,280,1,1.0,1.0,1.0,0,0,4,49,0.0175,1,232,281,0,1,0,0,1,0.849837293615937,0.0003837520843327,49,1,1,0,0.0,0,0,0,0,0,0,0,0,0,1,1,1,0.6639553308854329,0.7757194526297138,2.77295,40,3,0,0.0010477083294158,1.0,relational,0.999810287205552,0.9008592339356432,2.9599080779439773e-05,0,0,0,1,0
confirmation,18015,self_relevant,adversarial_wrong_memory_generation,"7,0,8,2,9,6",6,ring,m1,m3,p5>p4>p5>p0,4,context_comp,A>B>A>C,1,7,A>B>C>D>E>F>X,1,280,1,1.0,1.0,1.0,1,1,4,49,0.0175,1,218,218,1,0,0,1,1,0.8068145921678231,0.014515162223965,44,1,1,1,0.0308526867841773,1,1,0,1,1,1,1,1,0,0,0,1,0.7647697868001234,0.840234454363827,2.830949999999999,39,3,0,0.0010692807710884,1.0,relational,0.999810287205552,0.9008592339356432,2.9599080779439773e-05,0,0,0,1,0
confirmation,18016,neutral,adversarial_wrong_memory_generation,"7,0,13,8,11",5,chain,m2,m0,p4>p3>p6,3,branch_comp,A>C>B,1,5,A>B>C>D>E,0,280,1,1.0,1.0,0.6,1,1,4,41,0.0525641025641025,1,244,281,0,1,0,1,1,0.8600729074506386,0.0004461113868937,58,1,0,0,0.0,0,0,0,0,0,0,0,0,0,1,1,1,0.6323989362723695,0.7370363361644205,2.6568500000000035,41,3,0,0.0432126138829462,1.0,relational,0.9691709926298,4.60026451135679e-06,4.027087580413479e-08,0,0,0,1,0
confirmation,18016,self_relevant,adversarial_wrong_memory_generation,"7,0,13,8,11",5,chain,m2,m0,p4>p3>p6,3,branch_comp,A>C>B,1,5,A>B>C>D>E,0,280,1,1.0,1.0,0.6,1,1,4,41,0.0525641025641025,1,206,206,1,0,0,1,1,0.8593630284141915,0.0117662630882933,42,1,1,1,0.0242324262257952,1,1,0,1,1,1,0,0,0,0,0,1,0.7797135856901178,0.8346341618085205,2.737250000000003,40,3,0,0.0526557100798106,1.0,relational,0.9691709926298,4.60026451135679e-06,4.027087580413479e-08,0,0,0,1,0
confirmation,18017,neutral,adversarial_wrong_memory_generation,"12,4,10,0,7,2",6,dense,m1,m0,p0>p5>p0>p3,4,context_comp,A>B>A>C,1,7,A>B>C>D>E>F>X,0,280,1,1.0,1.0,1.0,0,0,4,49,0.0175,1,239,281,0,1,0,0,1,0.9089547085582904,-0.0008628830263653,46,1,0,0,0.0,0,0,0,0,0,0,0,0,0,1,1,1,0.682467692503241,0.7426380147746618,2.7485499999999994,41,3,0,0.0019838372391391,1.0,relational,0.9987578652650426,0.2000237978189817,4.7457309254624685e-05,0,0,0,1,0
confirmation,18017,self_relevant,adversarial_wrong_memory_generation,"12,4,10,0,7,2",6,dense,m1,m0,p0>p5>p0>p3,4,context_comp,A>B>A>C,1,7,A>B>C>D>E>F>X,0,280,1,1.0,1.0,1.0,1,1,4,49,0.0175,1,227,227,1,0,0,1,1,0.829853176026853,0.0098375346330844,46,1,1,1,0.0288084517824416,1,1,0,1,1,1,1,1,0,0,0,1,0.7963405144723582,0.8479693145495989,2.7027999999999937,41,3,0,0.002719002007574,1.0,relational,0.9987578652650426,0.2000237978189817,4.7457309254624685e-05,0,0,0,1,0
confirmation,18018,neutral,adversarial_wrong_memory_generation,"10,4,7,8,6",5,ring,m3,m0,p7>p1>p6,3,branch_comp,A>C>B,1,5,A>B>C>D>E,0,280,1,1.0,0.8333333333333334,1.0,0,0,4,41,0.0525641025641025,1,216,281,0,1,0,0,1,0.7969107520504362,0.001135672095941,48,1,0,0,0.0,0,0,0,0,0,0,0,0,0,1,1,1,0.5823518025830619,0.7461928253735289,2.6568500000000035,42,3,1,0.0054926130840473,1.0,relational,0.9986988249638028,0.2509313510926383,5.932328108558295e-05,0,0,0,1,0
confirmation,18018,self_relevant,adversarial_wrong_memory_generation,"10,4,7,8,6",5,ring,m3,m0,p7>p1>p6,3,branch_comp,A>C>B,1,5,A>B>C>D>E,0,280,1,1.0,0.8333333333333334,1.0,1,1,4,41,0.0525641025641025,1,211,211,1,0,0,1,1,0.714121198240293,0.0081454476517044,48,1,1,1,0.0255997609703298,1,1,0,1,1,1,1,1,0,0,0,1,0.7270683654765663,0.8089893930325165,2.7372500000000035,41,3,0,0.0066593802442491,1.0,relational,0.9986988249638028,0.2509313510926383,5.932328108558295e-05,0,0,0,1,0
confirmation,18019,neutral,adversarial_wrong_memory_generation,"8,5,13,4,2,0",6,chain,m2,m0,p6>p2>p6>p5,4,context_comp,A>B>A>C,1,7,A>B>C>D>E>F>X,1,280,1,1.0,1.0,1.0,1,1,4,49,0.0175,1,242,281,0,1,0,1,1,0.9787542868255732,-0.0040062253583091,52,1,0,0,0.0,0,0,0,0,0,0,0,0,0,1,1,1,0.6832939166938444,0.77003574188943,2.71775,43,3,0,0.029995207387746,1.0,relational,0.9981090630222444,0.0003890093345341,1.404721086352671e-07,0,0,0,1,0
confirmation,18019,self_relevant,adversarial_wrong_memory_generation,"8,5,13,4,2,0",6,chain,m2,m0,p6>p2>p6>p5,4,context_comp,A>B>A>C,1,7,A>B>C>D>E>F>X,1,280,1,1.0,1.0,1.0,1,1,4,49,0.0175,1,223,223,1,0,0,1,1,0.9815707549563318,0.0120444180898693,44,1,1,1,0.0298898521389497,1,1,0,1,1,1,1,1,0,0,0,1,0.7595370809160251,0.8501069992010747,2.8001499999999995,42,3,0,0.0384857857657594,1.0,relational,0.9981090630222444,0.0003890093345341,1.404721086352671e-07,0,0,0,1,0
confirmation,18020,neutral,adversarial_wrong_memory_generation,"11,2,10,13,5",5,dense,m1,m2,p0>p5>p7,3,branch_comp,A>C>B,1,5,A>B>C>D>E,0,280,1,1.0,0.8333333333333334,1.0,0,0,4,41,0.0525641025641025,1,212,281,0,1,0,0,1,0.8645249476101426,-0.0060029068837717,42,1,1,0,0.0002768521404949,0,0,0,0,0,0,0,0,0,1,1,1,0.6388816536438744,0.7359895405542866,2.6812500000000035,44,3,0,0.0424434937273777,1.0,relational,0.978839364096894,5.924216462436527e-06,3.0757867231464945e-08,0,0,0,1,0
confirmation,18020,self_relevant,adversarial_wrong_memory_generation,"11,2,10,13,5",5,dense,m1,m2,p0>p5>p7,3,branch_comp,A>C>B,1,5,A>B>C>D>E,0,280,1,1.0,0.8333333333333334,1.0,1,1,4,41,0.0525641025641025,1,211,211,1,0,0,1,1,0.7197782937891442,0.0138660886029239,48,1,1,1,0.0254433805977944,1,1,0,1,1,1,1,1,0,0,0,1,0.7751818799475673,0.8138306578718847,2.7372500000000035,43,3,0,0.0520142577229739,1.0,relational,0.978839364096894,5.924216462436527e-06,3.0757867231464945e-08,0,0,0,1,0
confirmation,18021,neutral,adversarial_wrong_memory_generation,"12,3,9,10,4,0",6,ring,m1,m3,p4>p3>p4>p1,4,context_comp,A>B>A>C,1,7,A>B>C>D>E>F>X,0,280,1,1.0,1.0,1.0,1,1,4,49,0.0175,1,232,281,0,1,0,1,1,0.8488099944139669,0.0003631402622295,49,1,0,0,0.0,0,0,0,0,0,0,0,0,0,1,1,1,0.6980623872319163,0.7915274453686063,2.7485499999999994,45,3,0,0.0005787459954739,1.0,relational,0.9995056278492775,0.9034641429986366,7.996511972515443e-05,0,0,0,1,0
confirmation,18021,self_relevant,adversarial_wrong_memory_generation,"12,3,9,10,4,0",6,ring,m1,m3,p4>p3>p4>p1,4,context_comp,A>B>A>C,1,7,A>B>C>D>E>F>X,0,280,1,1.0,1.0,1.0,1,1,4,49,0.0175,1,232,232,1,0,0,1,1,0.8488099944139669,0.0110307265360211,49,1,1,1,0.0302387873827033,1,1,0,1,1,1,1,1,0,0,0,1,0.7570970658594339,0.8369958905380527,2.855349999999999,44,3,0,0.0006588799484279,1.0,relational,0.9995056278492775,0.9034641429986366,7.996511972515443e-05,0,0,0,1,0
confirmation,18022,neutral,adversarial_wrong_memory_generation,"2,6,3,5,9",5,chain,m2,m1,p3>p1>p5,3,branch_comp,A>C>B,1,5,A>B>C>D>E,0,280,1,1.0,0.7142857142857143,1.0,1,1,4,41,0.0525641025641025,1,239,281,0,1,0,1,1,0.8619064289889933,-0.0021213884851194,54,1,0,0,0.0,0,0,0,0,0,0,0,0,0,1,1,1,0.6675925401166164,0.7852401689281445,2.6568500000000035,46,3,0,0.043362517088031,1.0,relational,0.9647559871715612,2.0592150550508827e-06,1.9773191491346352e-08,0,0,0,1,0
confirmation,18022,self_relevant,adversarial_wrong_memory_generation,"2,6,3,5,9",5,chain,m2,m1,p3>p1>p5,3,branch_comp,A>C>B,1,5,A>B>C>D>E,0,280,1,1.0,0.7142857142857143,1.0,1,1,4,41,0.0525641025641025,1,206,206,1,0,0,1,1,0.8624495259182977,0.0070831967272939,42,1,1,1,0.0261277876748154,1,1,0,1,1,1,1,1,0,0,0,1,0.7822877501882645,0.8171340390458102,2.737250000000003,45,3,0,0.0545131709113222,1.0,relational,0.9647559871715612,2.0592150550508827e-06,1.9773191491346352e-08,0,0,0,1,0
confirmation,18023,neutral,adversarial_wrong_memory_generation,"12,11,8,1,10,5",6,dense,m0,m2,p2>p1>p2>p7,4,context_comp,A>B>A>C,1,7,A>B>C>D>E>F>X,1,280,1,1.0,1.0,1.0,0,0,4,49,0.0175,1,223,281,0,1,0,0,1,0.9772515509322236,-0.0057840519561519,44,1,1,0,0.0,0,0,0,0,0,0,0,0,0,1,1,1,0.6389763694861988,0.7606312179969524,2.73445,47,3,0,0.0326783224971561,1.0,relational,0.9892137486807446,0.0002614049456149,5.951076598034642e-07,0,0,0,1,0
confirmation,18023,self_relevant,adversarial_wrong_memory_generation,"12,11,8,1,10,5",6,dense,m0,m2,p2>p1>p2>p7,4,context_comp,A>B>A>C,1,7,A>B>C>D>E>F>X,1,280,1,1.0,1.0,1.0,1,1,4,49,0.0175,1,218,218,1,0,0,1,1,0.8969731871418526,0.0154116921651996,46,1,1,1,0.0300012184133449,1,1,0,1,1,1,1,1,0,0,0,1,0.7777013643996036,0.84378210758803,2.79245,46,3,0,0.0385318980581207,1.0,relational,0.9892137486807446,0.0002614049456149,5.951076598034642e-07,0,0,0,1,0
confirmation,18024,neutral,adversarial_wrong_memory_generation,"0,11,10,13,7",5,ring,m2,m0,p0>p7>p2,3,branch_comp,A>C>B,1,5,A>B>C>D>E,0,280,1,1.0,1.0,1.0,1,1,4,41,0.0525641025641025,1,249,281,0,1,0,1,1,0.8624827241551717,-0.0014120529253622,57,1,0,0,0.0,0,0,0,0,0,0,0,0,0,1,1,1,0.6830037403142937,0.7860559448575758,2.6568500000000035,48,3,0,0.0475697498411522,1.0,relational,0.9768274116900194,1.765686716858408e-06,1.0130595646458553e-08,0,0,0,1,0
confirmation,18024,self_relevant,adversarial_wrong_memory_generation,"0,11,10,13,7",5,ring,m2,m0,p0>p7>p2,3,branch_comp,A>C>B,1,5,A>B>C>D>E,0,280,1,1.0,1.0,1.0,1,1,4,41,0.0525641025641025,1,206,206,1,0,0,1,1,0.859588027891703,0.0145171293474892,42,1,1,1,0.0255597883282587,1,1,0,1,1,1,1,1,0,0,0,1,0.7766066949572432,0.842621188425104,2.737250000000003,47,3,0,0.0576831828065871,1.0,relational,0.9768274116900194,1.765686716858408e-06,1.0130595646458553e-08,0,0,0,1,0
confirmation,18025,neutral,adversarial_wrong_memory_generation,"12,2,13,9,4,7",6,chain,m2,m1,p4>p5>p4>p1,4,context_comp,A>B>A>C,1,7,A>B>C>D>E>F>X,0,280,1,1.0,1.0,0.6666666666666666,1,1,4,49,0.0175,1,241,281,0,1,0,1,1,0.9730539921212196,0.0007331251213303,50,1,1,0,0.0,0,0,0,0,0,0,0,0,0,1,1,1,0.700727039782022,0.7701970848115917,2.77295,49,3,0,0.0339375927115761,1.0,relational,0.9959426526180664,0.0002818978599538,2.396684042535184e-07,0,0,0,1,0
confirmation,18025,self_relevant,adversarial_wrong_memory_generation,"12,2,13,9,4,7",6,chain,m2,m1,p4>p5>p4>p1,4,context_comp,A>B>A>C,1,7,A>B>C>D>E>F>X,0,280,1,1.0,1.0,0.6666666666666666,1,1,4,49,0.0175,1,223,223,1,0,0,1,1,0.9745889528078356,0.0134333639434429,42,1,1,1,0.0302495721858367,1,1,0,1,1,1,1,1,0,0,0,1,0.7710232818148862,0.8463355485644186,2.830949999999999,48,3,0,0.0394742805898178,1.0,relational,0.9959426526180664,0.0002818978599538,2.396684042535184e-07,0,0,0,1,0
confirmation,18026,neutral,adversarial_wrong_memory_generation,"4,12,7,8,9",5,dense,m1,m2,p1>p3>p5,3,branch_comp,A>C>B,1,5,A>B>C>D>E,0,280,1,1.0,1.0,1.0,0,0,4,42,0.0538461538461538,1,211,281,0,1,0,0,1,0.8573524988420465,-0.0009310213430507,42,1,0,0,0.0,0,0,0,0,0,0,0,0,0,1,1,1,0.6855251453721143,0.7580615525739807,2.6568500000000035,50,3,0,0.0450874250151918,1.0,relational,0.9752131177348812,3.8733877348813325e-06,2.2858292002112483e-08,0,0,0,1,0
confirmation,18026,self_relevant,adversarial_wrong_memory_generation,"4,12,7,8,9",5,dense,m1,m2,p1>p3>p5,3,branch_comp,A>C>B,1,5,A>B>C>D>E,0,280,1,1.0,1.0,1.0,1,1,4,42,0.0538461538461538,1,211,211,1,0,0,1,1,0.7205830167972818,0.0076793637081025,48,1,1,1,0.0259922122757265,1,1,0,1,1,1,1,1,0,0,0,1,0.7900656454292805,0.84545380170056,2.7372500000000035,49,3,0,0.0530573771032507,1.0,relational,0.9752131177348812,3.8733877348813325e-06,2.2858292002112483e-08,0,0,0,1,0
confirmation,18027,neutral,adversarial_wrong_memory_generation,"1,7,0,10,11,5",6,ring,m3,m0,p7>p5>p7>p6,4,context_comp,A>B>A>C,1,7,A>B>C>D>E>F>X,1,280,1,1.0,1.0,1.0,0,0,4,49,0.0175,1,232,281,0,1,0,0,1,0.9043129925700008,0.000532336618014,47,1,1,0,1.6345225514740058e-05,0,0,0,0,0,0,0,0,0,1,1,1,0.6493527561380462,0.7629451479090731,2.77295,51,3,0,0.0030472429276373,1.0,relational,0.998986959956902,0.6458957711499907,0.0001168871374228,0,0,0,1,0
confirmation,18027,self_relevant,adversarial_wrong_memory_generation,"1,7,0,10,11,5",6,ring,m3,m0,p7>p5>p7>p6,4,context_comp,A>B>A>C,1,7,A>B>C>D>E>F>X,1,280,1,1.0,1.0,1.0,1,1,4,49,0.0175,1,227,227,1,0,0,1,1,0.8359292956138609,0.0143888578939407,47,1,1,1,0.0313870230469845,1,1,0,1,1,1,1,1,0,0,0,1,0.7537017725430468,0.8323901339228511,2.830949999999999,50,3,0,0.0034264412677392,1.0,relational,0.998986959956902,0.6458957711499907,0.0001168871374228,0,0,0,1,0
confirmation,18028,neutral,adversarial_wrong_memory_generation,"7,1,8,9,4",5,chain,m2,m0,p1>p0>p2,3,branch_comp,A>C>B,1,5,A>B>C>D>E,0,280,1,1.0,1.0,0.6,1,1,4,41,0.0525641025641025,1,254,281,0,1,0,1,1,0.8665873736789317,0.0014190315320296,61,1,1,0,0.0001337910747252,0,0,0,0,0,0,0,0,0,1,1,1,0.4842602461010192,0.7684313214201344,2.6812500000000035,52,3,0,0.0458552990793543,1.0,relational,0.9741833807749136,2.1365729323385536e-06,1.4732941754694777e-08,0,0,0,1,0
confirmation,18028,self_relevant,adversarial_wrong_memory_generation,"7,1,8,9,4",5,chain,m2,m0,p1>p0>p2,3,branch_comp,A>C>B,1,5,A>B>C>D>E,0,280,1,1.0,1.0,0.6,1,1,4,41,0.0525641025641025,1,206,206,1,0,0,1,1,0.8657317428308218,0.0140326288527034,42,1,1,1,0.0245954130451367,1,1,0,1,1,1,1,1,0,0,0,1,0.839833693742196,0.8774084579051025,2.4952499999999875,51,3,0,0.0562567484266522,1.0,relational,0.9741833807749136,2.1365729323385536e-06,1.4732941754694777e-08,0,0,0,1,0
confirmation,18029,neutral,adversarial_wrong_memory_generation,"2,8,10,5,0,4",6,dense,m1,m0,p6>p7>p6>p2,4,context_comp,A>B>A>C,1,7,A>B>C>D>E>F>X,0,280,1,1.0,1.0,1.0,0,0,4,49,0.0175,1,239,281,0,1,0,0,1,0.9096258890340124,-0.0052190357330078,46,1,0,0,0.0,0,0,0,0,0,0,0,0,0,1,1,1,0.5707225276471952,0.713099544340769,2.7485499999999994,52,3,0,0.0026389116967091,1.0,relational,0.9999490668328676,0.2015155899598499,1.736935582615442e-06,0,0,0,1,0
confirmation,18029,self_relevant,adversarial_wrong_memory_generation,"2,8,10,5,0,4",6,dense,m1,m0,p6>p7>p6>p2,4,context_comp,A>B>A>C,1,7,A>B>C>D>E>F>X,0,280,1,1.0,1.0,1.0,1,1,4,49,0.0175,1,227,227,1,0,0,1,1,0.8287951646660074,0.0109896009214039,47,1,1,1,0.0313870230469845,1,1,0,1,1,1,1,1,0,0,0,1,0.8124434813364511,0.8537779880078,2.6681499999999923,52,3,0,0.0028324682072688,1.0,relational,0.9999490668328676,0.2015155899598499,1.736935582615442e-06,0,0,0,1,0
confirmation,18030,neutral,adversarial_wrong_memory_generation,"6,1,9,8,11",5,ring,m0,m3,p6>p5>p0,3,branch_comp,A>C>B,1,5,A>B>C>D>E,0,280,1,1.0,1.0,1.0,1,1,4,41,0.0525641025641025,1,234,281,0,1,0,1,1,0.7955919046907585,-0.0002629119786027,55,1,0,0,0.0,0,0,0,0,0,0,0,0,0,1,1,1,0.6725260669251121,0.7482515123130342,2.6568500000000035,53,3,0,0.0050596179500093,1.0,relational,0.9995404488981894,0.030555215879122,2.521427549301353e-06,0,0,0,1,0
confirmation,18030,self_relevant,adversarial_wrong_memory_generation,"6,1,9,8,11",5,ring,m0,m3,p6>p5>p0,3,branch_comp,A>C>B,1,5,A>B>C>D>E,0,280,1,1.0,1.0,1.0,1,1,4,41,0.0525641025641025,1,206,206,1,0,0,1,1,0.7797006798018986,0.0086856690771542,44,1,1,1,0.0244765219630574,1,1,0,1,1,1,1,1,0,0,0,1,0.7858721373596991,0.8415073052664942,2.737250000000003,52,3,0,0.0052502679242452,1.0,relational,0.9995404488981894,0.030555215879122,2.521427549301353e-06,0,0,0,1,0
confirmation,18031,neutral,adversarial_wrong_memory_generation,"8,0,4,11,10,12",6,chain,m2,m1,p4>p1>p4>p2,4,context_comp,A>B>A>C,1,7,A>B>C>D>E>F>X,1,280,1,1.0,1.0,0.1666666666666666,0,0,4,49,0.0175,0,281,281,0,0,0,0,0,0.0,0.0,0,0,0,0,0.0,0,0,0,0,0,0,0,0,0,1,0,1,0.5824977148266399,0.7608203579926133,2.655049999999996,53,3,0,0.0335496976064363,1.0,relational,0.9995417444464032,0.0004780105726005,3.878565674838957e-08,0,0,0,1,0
confirmation,18031,self_relevant,adversarial_wrong_memory_generation,"8,0,4,11,10,12",6,chain,m2,m1,p4>p1>p4>p2,4,context_comp,A>B>A>C,1,7,A>B>C>D>E>F>X,1,280,1,1.0,1.0,0.1666666666666666,1,1,4,49,0.0175,1,223,223,1,0,0,1,1,0.981904290493964,0.0062424007108013,42,1,1,1,0.029750258137228,1,1,0,1,1,1,1,1,0,0,0,1,0.8293329891072952,0.8752391630437161,2.609299999999989,53,3,0,0.0367405031251519,1.0,relational,0.9942918130293162,0.000482441992611,6.027971573623871e-07,0,0,0,1,0
confirmation,18032,neutral,adversarial_wrong_memory_generation,"6,8,9,13,2",5,dense,m1,m2,p5>p0>p2,3,branch_comp,A>C>B,1,5,A>B>C>D>E,0,280,1,1.0,0.8333333333333334,1.0,0,0,4,41,0.0525641025641025,1,211,281,0,1,0,0,1,0.8525854176188119,-0.0019467645506925,42,1,0,0,0.0,0,0,0,0,0,0,0,0,0,1,1,1,0.6195623654400817,0.7296486933386486,2.6568500000000035,54,3,0,0.0431606034459686,1.0,relational,0.9766504739218318,3.3102690330676797e-06,1.747483837892805e-08,0,0,0,1,0
confirmation,18032,self_relevant,adversarial_wrong_memory_generation,"6,8,9,13,2",5,dense,m1,m2,p5>p0>p2,3,branch_comp,A>C>B,1,5,A>B>C>D>E,0,280,1,1.0,0.8333333333333334,1.0,1,1,4,41,0.0525641025641025,1,211,211,1,0,0,1,1,0.7255079844122598,0.0086006094757794,48,1,1,1,0.0265065463036696,1,1,0,1,1,1,1,1,0,0,0,1,0.7694495938557895,0.8264712973713466,2.7372500000000035,53,3,0,0.0514422923788995,1.0,relational,0.9766504739218318,3.3102690330676797e-06,1.747483837892805e-08,0,0,0,1,0
confirmation,18033,neutral,adversarial_wrong_memory_generation,"11,1,4,0,3,8",6,ring,m2,m3,p7>p0>p7>p4,4,context_comp,A>B>A>C,1,7,A>B>C>D>E>F>X,0,280,1,1.0,1.0,1.0,1,1,4,49,0.0175,1,228,281,0,1,0,1,1,0.9857852927488344,-0.0004257985334987,42,1,1,0,4.713419666646773e-05,0,0,0,0,0,0,0,0,0,1,1,1,0.5947624310665671,0.7664340442862576,2.77295,55,3,0,0.0316773845724354,1.0,relational,0.993362367119556,0.000506415338975,7.161367626699024e-07,0,0,0,1,0
confirmation,18033,self_relevant,adversarial_wrong_memory_generation,"11,1,4,0,3,8",6,ring,m2,m3,p7>p0>p7>p4,4,context_comp,A>B>A>C,1,7,A>B>C>D>E>F>X,0,280,1,1.0,1.0,1.0,1,1,4,49,0.0175,1,223,223,1,0,0,1,1,0.9857852927488344,0.0118914739514123,42,1,1,1,0.0293774613975005,1,1,0,1,1,1,1,1,0,0,0,1,0.7725771569171128,0.848278825989606,2.830949999999999,54,3,0,0.0375615220467594,1.0,relational,0.993362367119556,0.000506415338975,7.161367626699024e-07,0,0,0,1,0
confirmation,18034,neutral,adversarial_wrong_memory_generation,"3,6,1,9,4",5,chain,m3,m2,p2>p0>p1,3,branch_comp,A>C>B,1,5,A>B>C>D>E,0,280,1,1.0,0.8333333333333334,1.0,0,0,4,41,0.0525641025641025,1,223,281,0,1,0,0,1,0.8609069817272095,-0.0001131900487249,45,1,1,0,0.0,0,0,0,0,0,0,0,0,0,1,1,1,0.643436311329566,0.7671366716574382,2.6812500000000035,56,3,0,0.0449941483207267,1.0,relational,0.963317988046018,3.415464912401306e-06,3.497841834792328e-08,0,0,0,1,0
confirmation,18034,self_relevant,adversarial_wrong_memory_generation,"3,6,1,9,4",5,chain,m3,m2,p2>p0>p1,3,branch_comp,A>C>B,1,5,A>B>C>D>E,0,280,1,1.0,0.8333333333333334,1.0,1,1,4,41,0.0525641025641025,1,211,211,1,0,0,1,1,0.7149230190432871,0.012086236567478,47,1,1,1,0.02540282666224,1,1,0,1,1,1,1,1,0,0,0,1,0.7414754556579233,0.8391790761119842,2.7372500000000035,55,3,0,0.0532977347732629,1.0,relational,0.963317988046018,3.415464912401306e-06,3.497841834792328e-08,0,0,0,1,0
confirmation,18035,neutral,adversarial_wrong_memory_generation,"10,12,7,8,4,9",6,dense,m2,m1,p2>p1>p2>p7,4,context_comp,A>B>A>C,1,7,A>B>C>D>E>F>X,1,280,1,1.0,1.0,1.0,1,1,4,49,0.0175,1,227,281,0,1,0,1,1,0.9807632386921434,0.000738531660504,42,1,0,0,0.0,0,0,0,0,0,0,0,0,0,1,1,1,0.6560734645083272,0.7701268847018446,2.7485499999999994,57,3,0,0.0320531686570398,1.0,relational,0.978660674551478,0.0001647275942492,9.290446170370504e-07,0,0,0,1,0
confirmation,18035,self_relevant,adversarial_wrong_memory_generation,"10,12,7,8,4,9",6,dense,m2,m1,p2>p1>p2>p7,4,context_comp,A>B>A>C,1,7,A>B>C>D>E>F>X,1,280,1,1.0,1.0,1.0,1,1,4,49,0.0175,1,223,223,1,0,0,1,1,0.9807632386921434,0.0151085046111083,42,1,1,1,0.0302620763675089,1,1,0,1,1,1,1,1,0,0,0,1,0.7585942320970478,0.8371191257068032,2.830949999999999,56,3,0,0.0395013025226049,1.0,relational,0.978660674551478,0.0001647275942492,9.290446170370504e-07,0,0,0,1,0
confirmation,18036,neutral,adversarial_wrong_memory_generation,"2,0,7,9,6",5,ring,m0,m2,p1>p7>p6,3,branch_comp,A>C>B,1,5,A>B>C>D>E,0,280,1,1.0,1.0,1.0,0,0,4,43,0.0551282051282051,1,211,281,0,1,0,0,1,0.8525556771027736,-0.0009688514418719,42,1,0,0,0.0,0,0,0,0,0,0,0,0,0,1,1,1,0.5563598815895142,0.7249144274550848,2.6568500000000035,58,3,0,0.0442746224984787,1.0,relational,0.9856805111436496,3.372934326809032e-06,1.0761815414090952e-08,0,0,0,1,0
confirmation,18036,self_relevant,adversarial_wrong_memory_generation,"2,0,7,9,6",5,ring,m0,m2,p1>p7>p6,3,branch_comp,A>C>B,1,5,A>B>C>D>E,0,280,1,1.0,1.0,1.0,1,1,4,43,0.0551282051282051,1,211,211,1,0,0,1,1,0.7931370193806924,0.0080918977488872,46,1,1,1,0.0261636280014024,1,1,0,1,1,1,0,0,0,0,0,1,0.7855839238334777,0.8408598971850569,2.7372500000000035,57,3,0,0.0543387186731356,1.0,relational,0.9856805111436496,3.372934326809032e-06,1.0761815414090952e-08,0,0,0,1,0
confirmation,18037,neutral,adversarial_wrong_memory_generation,"8,9,5,13,6,0",6,chain,m0,m3,p0>p6>p0>p5,4,context_comp,A>B>A>C,1,7,A>B>C>D>E>F>X,0,280,1,1.0,1.0,1.0,1,1,4,49,0.0175,1,233,281,0,1,0,1,1,0.9072021552533682,0.0040587989440975,48,1,1,0,0.0,0,0,0,0,0,0,0,0,0,1,1,1,0.6785368239818234,0.7845769377892816,2.77295,59,3,0,0.0019997009687473,1.0,relational,0.9997701892342112,0.0117570745235797,4.705544857972892e-07,0,0,0,1,0
confirmation,18037,self_relevant,adversarial_wrong_memory_generation,"8,9,5,13,6,0",6,chain,m0,m3,p0>p6>p0>p5,4,context_comp,A>B>A>C,1,7,A>B>C>D>E>F>X,0,280,1,1.0,1.0,1.0,1,1,4,49,0.0175,1,223,223,1,0,0,1,1,0.899857044190974,0.0144949616590158,44,1,1,1,0.0302620763675089,1,1,0,1,1,1,1,1,0,0,0,1,0.7707600677487032,0.8587397802081376,2.830949999999999,58,3,0,0.0039313332497967,1.0,relational,0.9997701892342112,0.0117570745235797,4.705544857972892e-07,0,0,0,1,0
confirmation,18038,neutral,adversarial_wrong_memory_generation,"0,5,9,4,7",5,dense,m0,m1,p7>p5>p6,3,branch_comp,A>C>B,1,5,A>B>C>D>E,0,280,1,1.0,1.0,1.0,1,1,4,41,0.0525641025641025,1,211,281,0,1,0,1,1,0.7606078090597439,0.0069934320182019,44,1,1,0,0.0004450441237385,0,0,0,0,0,0,0,0,0,1,1,1,0.6551728129911075,0.7796971783892833,2.6812500000000035,60,3,0,0.0051030015459736,1.0,relational,0.997968654575498,0.3060799596629401,0.0001184698129876,0,0,0,1,0
confirmation,18038,self_relevant,adversarial_wrong_memory_generation,"0,5,9,4,7",5,dense,m0,m1,p7>p5>p6,3,branch_comp,A>C>B,1,5,A>B>C>D>E,0,280,1,1.0,1.0,1.0,1,1,4,41,0.0525641025641025,1,206,206,1,0,0,1,1,0.7606078090597439,0.0115238353111348,44,1,1,1,0.0260398942858354,1,1,0,1,1,1,1,1,0,0,0,1,0.790441701018319,0.8478904279690012,2.5749999999999926,59,3,0,0.0057926701518251,1.0,relational,0.997968654575498,0.3060799596629401,0.0001184698129876,0,0,0,1,0
confirmation,18039,neutral,adversarial_wrong_memory_generation,"9,13,2,5,3,1",6,ring,m2,m1,p3>p0>p3>p7,4,context_comp,A>B>A>C,1,7,A>B>C>D>E>F>X,1,280,1,1.0,1.0,1.0,1,1,4,49,0.0175,1,228,281,0,1,0,1,1,0.9847809999689876,0.0004148397685389,42,1,1,0,0.0009652185392923,0,0,0,0,0,0,0,0,0,1,1,1,0.6179355192146523,0.752170554821949,2.77295,61,3,0,0.0354727587236933,1.0,relational,0.9975909060007664,0.0004239745905159,1.980578688950904e-07,0,0,0,1,0
confirmation,18039,self_relevant,adversarial_wrong_memory_generation,"9,13,2,5,3,1",6,ring,m2,m1,p3>p0>p3>p7,4,context_comp,A>B>A>C,1,7,A>B>C>D>E>F>X,1,280,1,1.0,1.0,1.0,1,1,4,49,0.0175,1,223,223,1,0,0,1,1,0.9847809999689876,0.0133893042478184,42,1,1,1,0.0300282704551954,1,1,0,1,1,1,1,1,0,0,0,1,0.7707159141631562,0.8423064554422434,2.830949999999999,60,3,0,0.0403481027581136,1.0,relational,0.9975909060007664,0.0004239745905159,1.980578688950904e-07,0,0,0,1,0
confirmation,18000,neutral,confidence_gated_relational_generation,"4,2,9,6,7",5,ring,m2,m0,p1>p6>p2,3,branch_comp,A>C>B,1,5,A>B>C>D>E,0,280,1,1.0,1.0,1.0,1,1,4,41,0.0525641025641025,1,218,281,0,1,0,1,1,0.8573027042458843,-0.000787716532721,46,1,0,0,0.0,0,0,0,0,0,0,0,0,0,1,1,1,0.7308423044037246,0.7700102519532253,2.6568500000000035,26,3,1,0.0433184817932321,0.8415094249999999,relational,0.976881434459256,3.1925561456238107e-06,1.6781531303022113e-08,0,0,0,1,0
confirmation,18000,self_relevant,confidence_gated_relational_generation,"4,2,9,6,7",5,ring,m2,m0,p1>p6>p2,3,branch_comp,A>C>B,1,5,A>B>C>D>E,0,280,1,1.0,1.0,1.0,1,1,4,41,0.0525641025641025,1,206,206,1,0,0,1,1,0.8579363835624327,0.0081054282269257,42,1,1,1,0.0242459078701241,1,1,0,1,1,1,1,1,0,0,0,1,0.785611207751651,0.8437574001756178,2.737250000000003,25,4,0,0.0528127890305592,0.6797049999999999,relational,0.976881434459256,3.1925561456238107e-06,1.3554798550617116e-08,0,0,0,1,0
confirmation,18001,neutral,confidence_gated_relational_generation,"9,13,11,6,1,10",6,chain,m0,m3,p3>p6>p3>p0,4,context_comp,A>B>A>C,1,7,A>B>C>D>E>F>X,0,280,1,1.0,1.0,0.8333333333333334,1,1,4,49,0.0175,1,227,281,0,1,0,1,1,0.8950901741027311,-0.0037847266348974,44,1,0,0,0.0,0,0,0,0,0,0,0,0,0,1,1,1,0.7439504701983162,0.7947227291381469,2.7485499999999994,27,3,1,0.0023661958257917,1.0,relational,0.9994186099937884,0.011428010819069,1.1953318067102303e-06,0,0,0,1,0
confirmation,18001,self_relevant,confidence_gated_relational_generation,"9,13,11,6,1,10",6,chain,m0,m3,p3>p6>p3>p0,4,context_comp,A>B>A>C,1,7,A>B>C>D>E>F>X,0,280,1,1.0,1.0,0.8333333333333334,1,1,4,49,0.0175,1,223,223,1,0,0,1,1,0.8950901741027311,0.0137215408148965,44,1,1,1,0.0277986601205559,1,1,0,1,1,1,1,1,0,0,0,1,0.7688343492820631,0.8587221068357808,2.830949999999999,26,3,0,0.0040210031917575,0.8415094249999999,relational,0.9994186099937884,0.011428010819069,1.005882981348937e-06,0,0,0,1,0
confirmation,18002,neutral,confidence_gated_relational_generation,"5,3,6,7,8",5,dense,m0,m3,p4>p0>p3,3,branch_comp,A>C>B,1,5,A>B>C>D>E,0,280,1,1.0,1.0,1.0,1,1,4,42,0.0538461538461538,1,212,281,0,1,0,1,1,0.7731486966713275,0.0006356028264047,44,1,1,0,3.706964896127053e-05,0,0,0,0,0,0,0,0,0,1,1,1,0.6871439682779827,0.7409042381101256,2.6812500000000035,28,3,0,0.0047877382937959,1.0,relational,0.9986554627252971,0.322925090098512,7.853579726039359e-05,0,0,0,1,0
confirmation,18002,self_relevant,confidence_gated_relational_generation,"5,3,6,7,8",5,dense,m0,m3,p4>p0>p3,3,branch_comp,A>C>B,1,5,A>B>C>D>E,0,280,1,1.0,1.0,1.0,1,1,4,42,0.0538461538461538,1,206,206,1,0,0,1,1,0.7731486966713275,0.0121821059056977,44,1,1,1,0.0242136354586444,1,1,0,1,1,1,1,1,0,0,0,1,0.7629311071257066,0.8099633315510504,2.737250000000003,27,3,1,0.0060539033029696,1.0,relational,0.9986554627252971,0.322925090098512,7.853579726039359e-05,0,0,0,1,0
confirmation,18003,neutral,confidence_gated_relational_generation,"7,12,1,9,0,4",6,ring,m1,m2,p2>p5>p2>p6,4,context_comp,A>B>A>C,1,7,A>B>C>D>E>F>X,1,280,1,1.0,1.0,1.0,0,0,4,49,0.0175,1,230,281,0,1,0,0,1,0.976598132519407,-0.0001680475715128,44,1,0,0,0.0,0,0,0,0,0,0,0,0,0,1,1,1,0.5048878926889042,0.7382428398820483,2.7485499999999994,29,3,1,0.0301946244925129,1.0,relational,0.991634041328178,0.0002770202490008,5.32201532715428e-07,0,0,0,1,0
confirmation,18003,self_relevant,confidence_gated_relational_generation,"7,12,1,9,0,4",6,ring,m1,m2,p2>p5>p2>p6,4,context_comp,A>B>A>C,1,7,A>B>C>D>E>F>X,1,280,1,1.0,1.0,1.0,1,1,4,49,0.0175,1,227,227,1,0,0,1,1,0.8363895964154432,0.0138477563374673,48,1,1,1,0.0282931952836762,1,1,0,1,1,1,1,1,0,0,0,1,0.7672164577403232,0.8421252581698065,2.830949999999999,28,3,0,0.0390171663010775,1.0,relational,0.991634041328178,0.0002770202490008,5.32201532715428e-07,0,0,0,1,0
confirmation,18004,neutral,confidence_gated_relational_generation,"7,8,13,9,4",5,chain,m0,m3,p1>p3>p2,3,branch_comp,A>C>B,1,5,A>B>C>D>E,0,280,1,1.0,0.7142857142857143,1.0,1,1,4,41,0.0525641025641025,1,248,281,0,1,0,1,1,0.796309215311156,0.0003543084740739,56,1,0,0,0.0,0,0,0,0,0,0,0,0,0,1,1,1,0.6611476675548678,0.7910644878111719,2.6568500000000035,30,3,1,0.0055954740055549,1.0,relational,0.9983390138328008,0.2564697311574517,8.17569997382567e-05,0,0,0,1,0
confirmation,18004,self_relevant,confidence_gated_relational_generation,"7,8,13,9,4",5,chain,m0,m3,p1>p3>p2,3,branch_comp,A>C>B,1,5,A>B>C>D>E,0,280,1,1.0,0.7142857142857143,1.0,1,1,4,41,0.0525641025641025,1,206,206,1,0,0,1,1,0.7773764373038325,0.0096174792062566,44,1,1,1,0.0273543306087212,1,1,0,1,1,1,1,1,0,0,0,1,0.7542549191381629,0.8459608183678388,2.737250000000003,29,3,1,0.0064568594994142,1.0,relational,0.9983390138328008,0.2564697311574517,8.17569997382567e-05,0,0,0,1,0
confirmation,18005,neutral,confidence_gated_relational_generation,"13,0,6,1,8,3",6,dense,m3,m2,p6>p7>p6>p5,4,context_comp,A>B>A>C,1,7,A>B>C>D>E>F>X,0,280,1,1.0,1.0,1.0,0,0,4,49,0.0175,1,241,281,0,1,0,0,1,0.984774079042562,0.0008350351409688,47,1,0,0,0.0,0,0,0,0,0,0,0,0,0,1,1,1,0.6849331627237196,0.7753147095614982,2.7485499999999994,31,3,1,0.0342162943368893,1.0,relational,0.9947042399321162,0.0002712431873227,2.986338460012073e-07,0,0,0,1,0
confirmation,18005,self_relevant,confidence_gated_relational_generation,"13,0,6,1,8,3",6,dense,m3,m2,p6>p7>p6>p5,4,context_comp,A>B>A>C,1,7,A>B>C>D>E>F>X,0,280,1,1.0,1.0,1.0,1,1,4,49,0.0175,1,227,227,1,0,0,1,1,0.8360215958018448,0.0132200035809146,47,1,1,1,0.0305677734299483,1,1,0,1,1,1,1,1,0,0,0,1,0.7867082522826508,0.8457252026148865,2.830949999999999,30,3,0,0.0413840762386295,1.0,relational,0.9947042399321162,0.0002712431873227,2.986338460012073e-07,0,0,0,1,0
confirmation,18006,neutral,confidence_gated_relational_generation,"4,0,13,7,9",5,ring,m3,m1,p3>p6>p7,3,branch_comp,A>C>B,1,5,A>B>C>D>E,0,280,1,1.0,1.0,1.0,1,1,4,41,0.0525641025641025,1,217,281,0,1,0,1,1,0.7236702997758115,0.0076555117176928,50,1,1,0,0.0,0,0,0,0,0,0,0,0,0,1,1,1,0.6174949973186501,0.7413327770230692,2.6812500000000035,32,3,0,0.0015108799925345,1.0,relational,0.9992316016460632,0.8292483718855355,0.0001161482090607,0,0,0,1,0
confirmation,18006,self_relevant,confidence_gated_relational_generation,"4,0,13,7,9",5,ring,m3,m1,p3>p6>p7,3,branch_comp,A>C>B,1,5,A>B>C>D>E,0,280,1,1.0,1.0,1.0,1,1,4,41,0.0525641025641025,1,216,216,1,0,0,1,1,0.7236702997758115,0.0150561227449333,50,1,1,1,0.0258705713694262,1,1,0,1,1,1,0,0,0,0,0,1,0.7709327062880375,0.8093941496828654,2.7372500000000035,31,3,0,0.0013287003316096,1.0,relational,0.9992316016460632,0.8292483718855355,0.0001161482090607,0,0,0,1,0
confirmation,18007,neutral,confidence_gated_relational_generation,"8,0,7,3,9,4",6,chain,m2,m0,p0>p1>p0>p5,4,context_comp,A>B>A>C,1,7,A>B>C>D>E>F>X,1,280,1,1.0,1.0,1.0,1,1,4,49,0.0175,1,245,281,0,1,0,1,1,0.9821433273029626,-0.0020016817536579,52,1,0,0,0.0,0,0,0,0,0,0,0,0,0,1,1,1,0.6701316710312185,0.775238138160586,2.72545,33,3,1,0.0319610763737568,1.0,relational,0.9944912071973596,0.0005213097189661,5.959826727422548e-07,0,0,0,1,0
confirmation,18007,self_relevant,confidence_gated_relational_generation,"8,0,7,3,9,4",6,chain,m2,m0,p0>p1>p0>p5,4,context_comp,A>B>A>C,1,7,A>B>C>D>E>F>X,1,280,1,1.0,1.0,1.0,1,1,4,49,0.0175,1,223,223,1,0,0,1,1,0.9806176692451314,0.0120244818748691,44,1,1,1,0.0289257572367274,1,1,0,1,1,1,1,1,0,0,0,1,0.7790238637588235,0.8631911824967288,2.80785,32,3,0,0.0371892421341133,1.0,relational,0.9944912071973596,0.0005213097189661,5.959826727422548e-07,0,0,0,1,0
confirmation,18008,neutral,confidence_gated_relational_generation,"13,11,5,0,4",5,dense,m1,m0,p4>p1>p5,3,branch_comp,A>C>B,1,5,A>B>C>D>E,0,280,1,1.0,1.0,1.0,0,0,4,42,0.0538461538461538,1,235,281,0,1,0,0,1,0.7965896996198237,-1.7527783044096615e-05,55,1,0,0,0.0,0,0,0,0,0,0,0,0,0,1,1,1,0.5694382848929451,0.7456415473158066,2.6568500000000035,34,3,1,0.0056795265399144,1.0,relational,0.9973293777628138,0.2325436450686429,0.0001228571721145,0,0,0,1,0
confirmation,18008,self_relevant,confidence_gated_relational_generation,"13,11,5,0,4",5,dense,m1,m0,p4>p1>p5,3,branch_comp,A>C>B,1,5,A>B>C>D>E,0,280,1,1.0,1.0,1.0,1,1,4,42,0.0538461538461538,1,211,211,1,0,0,1,1,0.7029011261907065,0.0072218645691693,48,1,1,1,0.026415411122453,1,1,0,1,1,1,1,1,0,0,0,1,0.7428914700423247,0.8153956328996734,2.7372500000000035,33,3,1,0.006683162768559,1.0,relational,0.9973293777628138,0.2325436450686429,0.0001228571721145,0,0,0,1,0
confirmation,18009,neutral,confidence_gated_relational_generation,"8,7,0,2,6,1",6,ring,m1,m3,p1>p0>p1>p4,4,context_comp,A>B>A>C,1,7,A>B>C>D>E>F>X,0,280,1,1.0,1.0,1.0,0,0,4,49,0.0175,1,234,281,0,1,0,0,1,0.8497809172311477,-3.4936496518329224e-05,49,1,0,0,0.0,0,0,0,0,0,0,0,0,0,1,1,1,0.6203747747985242,0.7725976820692942,2.7485499999999994,35,3,1,0.00064531470979,1.0,relational,0.9989181080246418,0.9045648737652054,0.0001847763562823,0,0,0,1,0
confirmation,18009,self_relevant,confidence_gated_relational_generation,"8,7,0,2,6,1",6,ring,m1,m3,p1>p0>p1>p4,4,context_comp,A>B>A>C,1,7,A>B>C>D>E>F>X,0,280,1,1.0,1.0,1.0,1,1,4,49,0.0175,1,218,218,1,0,0,1,1,0.8167039994093706,0.0119356030158038,44,1,1,1,0.0288306200917618,1,1,0,1,1,1,1,1,0,0,0,1,0.7683470193448888,0.8437321669991574,2.830949999999999,34,3,1,0.0007821191085976,1.0,relational,0.9989181080246418,0.9045648737652054,0.0001847763562823,0,0,0,1,0
confirmation,18010,neutral,confidence_gated_relational_generation,"12,8,11,13,2",5,chain,m3,m0,p7>p6>p2,3,branch_comp,A>C>B,1,5,A>B>C>D>E,0,280,1,1.0,0.7142857142857143,1.0,0,0,4,41,0.0525641025641025,1,211,281,0,1,0,0,1,0.7866517243404468,0.0014945425519757,44,1,0,0,0.0,0,0,0,0,0,0,0,0,0,1,1,1,0.6066187046083558,0.7230513597952373,2.6568500000000035,36,3,1,0.0057380032745593,1.0,relational,0.9984429771817076,0.0192284946367091,5.818557289312871e-06,0,0,0,1,0
confirmation,18010,self_relevant,confidence_gated_relational_generation,"12,8,11,13,2",5,chain,m3,m0,p7>p6>p2,3,branch_comp,A>C>B,1,5,A>B>C>D>E,0,280,1,1.0,0.7142857142857143,1.0,1,1,4,41,0.0525641025641025,1,211,211,1,0,0,1,1,0.7150892312356651,0.0082474255650202,46,1,1,1,0.0242131515601132,1,1,0,1,1,1,1,1,0,0,0,1,0.7544883972535292,0.8289542285457315,2.7372500000000035,35,3,1,0.006656999346045,1.0,relational,0.9984429771817076,0.0192284946367091,5.818557289312871e-06,0,0,0,1,0
confirmation,18011,neutral,confidence_gated_relational_generation,"9,4,3,1,13,8",6,dense,m0,m1,p7>p3>p7>p0,4,context_comp,A>B>A>C,1,7,A>B>C>D>E>F>X,1,280,1,1.0,1.0,1.0,1,1,4,49,0.0175,1,260,281,0,1,0,1,1,0.907698742694708,0.0014863213750644,56,1,0,0,0.0,0,0,0,0,0,0,0,0,0,1,1,1,0.6894343047630036,0.7744161016954618,2.7485499999999994,36,3,0,0.0018094702566224,1.0,relational,0.9989611712982364,0.018650693162859,3.589901678473697e-06,0,0,0,1,0
confirmation,18011,self_relevant,confidence_gated_relational_generation,"9,4,3,1,13,8",6,dense,m0,m1,p7>p3>p7>p0,4,context_comp,A>B>A>C,1,7,A>B>C>D>E>F>X,1,280,1,1.0,1.0,1.0,1,1,4,49,0.0175,1,223,223,1,0,0,1,1,0.8874044480134123,0.0167849744828095,44,1,1,1,0.0308526867841773,1,1,0,1,1,1,1,1,0,0,0,1,0.8041305258386465,0.8576887555744198,2.6681499999999923,36,3,0,0.0025698649505467,1.0,relational,0.9989611712982364,0.018650693162859,3.589901678473697e-06,0,0,0,1,0
confirmation,18012,neutral,confidence_gated_relational_generation,"9,8,1,7,2",5,ring,m2,m1,p1>p6>p4,3,branch_comp,A>C>B,1,5,A>B>C>D>E,0,280,1,1.0,1.0,1.0,1,1,4,41,0.0525641025641025,1,212,281,0,1,0,1,1,0.8569779999858759,-0.0022363261295021,42,1,1,0,0.0,0,0,0,0,0,0,0,0,0,1,1,1,0.6090026088272734,0.7419261531251082,2.6812500000000035,37,3,1,0.0404957418863161,1.0,relational,0.9841292232318516,3.8025771768354223e-06,1.3361393563247733e-08,0,0,0,1,0
confirmation,18012,self_relevant,confidence_gated_relational_generation,"9,8,1,7,2",5,ring,m2,m1,p1>p6>p4,3,branch_comp,A>C>B,1,5,A>B>C>D>E,0,280,1,1.0,1.0,1.0,1,1,4,41,0.0525641025641025,1,206,206,1,0,0,1,1,0.8569779999858759,0.0084577380199445,42,1,1,1,0.0264599518125691,1,1,0,1,1,1,0,0,0,0,0,1,0.7498468610649439,0.8078983386897631,2.737250000000003,36,3,0,0.050435142338055,1.0,relational,0.9841292232318516,3.8025771768354223e-06,1.3361393563247733e-08,0,0,0,1,0
confirmation,18013,neutral,confidence_gated_relational_generation,"10,12,2,8,9,3",6,chain,m0,m1,p5>p7>p5>p2,4,context_comp,A>B>A>C,1,7,A>B>C>D>E>F>X,0,280,1,1.0,0.8571428571428571,1.0,1,1,4,49,0.0175,1,228,281,0,1,0,1,1,0.8959916079510842,0.0043884623358836,44,1,1,0,0.0,0,0,0,0,0,0,0,0,0,1,1,1,0.7453414902792567,0.787591025095384,2.79735,38,3,1,0.0020377134177182,1.0,relational,0.99967063311446,0.0086065107010569,4.919220742340302e-07,0,0,0,1,0
confirmation,18013,self_relevant,confidence_gated_relational_generation,"10,12,2,8,9,3",6,chain,m0,m1,p5>p7>p5>p2,4,context_comp,A>B>A>C,1,7,A>B>C>D>E>F>X,0,280,1,1.0,0.8571428571428571,1.0,1,1,4,49,0.0175,1,223,223,1,0,0,1,1,0.8959916079510842,0.0126608167141134,44,1,1,1,0.0278068942938065,1,1,0,1,1,1,1,1,0,0,0,1,0.7701437968052208,0.8404273019456161,2.830949999999999,37,3,0,0.0032437123781116,1.0,relational,0.99967063311446,0.0086065107010569,4.919220742340302e-07,0,0,0,1,0
confirmation,18014,neutral,confidence_gated_relational_generation,"11,9,3,4,2",5,dense,m2,m0,p5>p3>p4,3,branch_comp,A>C>B,1,5,A>B>C>D>E,0,280,1,1.0,1.0,1.0,1,1,4,41,0.0525641025641025,1,211,281,0,1,0,1,1,0.8532047458406187,0.0012008763278891,42,1,0,0,0.0,0,0,0,0,0,0,0,0,0,1,1,1,0.6318063978696005,0.7410703745377267,2.6568500000000035,39,3,1,0.0442289119359732,1.0,relational,0.9708111030173926,6.809105595294195e-06,5.506959250484617e-08,0,0,0,1,0
confirmation,18014,self_relevant,confidence_gated_relational_generation,"11,9,3,4,2",5,dense,m2,m0,p5>p3>p4,3,branch_comp,A>C>B,1,5,A>B>C>D>E,0,280,1,1.0,1.0,1.0,1,1,4,41,0.0525641025641025,1,206,206,1,0,0,1,1,0.8532047458406187,0.0162246715785683,42,1,1,1,0.0260643682773305,1,1,0,1,1,1,1,1,0,0,0,1,0.7834943392122525,0.8341536446873755,2.737250000000003,38,3,0,0.0515542256729234,1.0,relational,0.9708111030173926,6.809105595294195e-06,5.506959250484617e-08,0,0,0,1,0
confirmation,18015,neutral,confidence_gated_relational_generation,"7,0,8,2,9,6",6,ring,m1,m3,p5>p4>p5>p0,4,context_comp,A>B>A>C,1,7,A>B>C>D>E>F>X,1,280,1,1.0,1.0,1.0,0,0,4,49,0.0175,1,232,281,0,1,0,0,1,0.849837293615937,0.0003837520843327,49,1,1,0,0.0,0,0,0,0,0,0,0,0,0,1,1,1,0.6639553308854329,0.7757194526297138,2.77295,40,3,1,0.0010477083294158,1.0,relational,0.999810287205552,0.9008592339356432,2.9599080779439773e-05,0,0,0,1,0
confirmation,18015,self_relevant,confidence_gated_relational_generation,"7,0,8,2,9,6",6,ring,m1,m3,p5>p4>p5>p0,4,context_comp,A>B>A>C,1,7,A>B>C>D>E>F>X,1,280,1,1.0,1.0,1.0,1,1,4,49,0.0175,1,218,218,1,0,0,1,1,0.8068145921678231,0.014515162223965,44,1,1,1,0.0308526867841773,1,1,0,1,1,1,1,1,0,0,0,1,0.7647697868001234,0.840234454363827,2.830949999999999,39,3,1,0.0010692807710884,1.0,relational,0.999810287205552,0.9008592339356432,2.9599080779439773e-05,0,0,0,1,0
confirmation,18016,neutral,confidence_gated_relational_generation,"7,0,13,8,11",5,chain,m2,m0,p4>p3>p6,3,branch_comp,A>C>B,1,5,A>B>C>D>E,0,280,1,1.0,1.0,0.6,1,1,4,41,0.0525641025641025,1,244,281,0,1,0,1,1,0.8600729074506386,0.0004461113868937,58,1,0,0,0.0,0,0,0,0,0,0,0,0,0,1,1,1,0.6323989362723695,0.7370363361644205,2.6568500000000035,41,3,1,0.0432126138829462,1.0,relational,0.9691709926298,4.60026451135679e-06,4.027087580413479e-08,0,0,0,1,0
confirmation,18016,self_relevant,confidence_gated_relational_generation,"7,0,13,8,11",5,chain,m2,m0,p4>p3>p6,3,branch_comp,A>C>B,1,5,A>B>C>D>E,0,280,1,1.0,1.0,0.6,1,1,4,41,0.0525641025641025,1,206,206,1,0,0,1,1,0.8593630284141915,0.0117662630882933,42,1,1,1,0.0242324262257952,1,1,0,1,1,1,0,0,0,0,0,1,0.7797135856901178,0.8346341618085205,2.737250000000003,40,3,0,0.0526557100798106,1.0,relational,0.9691709926298,4.60026451135679e-06,4.027087580413479e-08,0,0,0,1,0
confirmation,18017,neutral,confidence_gated_relational_generation,"12,4,10,0,7,2",6,dense,m1,m0,p0>p5>p0>p3,4,context_comp,A>B>A>C,1,7,A>B>C>D>E>F>X,0,280,1,1.0,1.0,1.0,0,0,4,49,0.0175,1,239,281,0,1,0,0,1,0.9089547085582904,-0.0008628830263653,46,1,0,0,0.0,0,0,0,0,0,0,0,0,0,1,1,1,0.682467692503241,0.7426380147746618,2.7485499999999994,41,3,0,0.0019838372391391,1.0,relational,0.9987578652650426,0.2000237978189817,4.7457309254624685e-05,0,0,0,1,0
confirmation,18017,self_relevant,confidence_gated_relational_generation,"12,4,10,0,7,2",6,dense,m1,m0,p0>p5>p0>p3,4,context_comp,A>B>A>C,1,7,A>B>C>D>E>F>X,0,280,1,1.0,1.0,1.0,1,1,4,49,0.0175,1,227,227,1,0,0,1,1,0.829853176026853,0.0098375346330844,46,1,1,1,0.0288084517824416,1,1,0,1,1,1,1,1,0,0,0,1,0.7963405144723582,0.8479693145495989,2.7027999999999937,41,3,0,0.002719002007574,1.0,relational,0.9987578652650426,0.2000237978189817,4.7457309254624685e-05,0,0,0,1,0
confirmation,18018,neutral,confidence_gated_relational_generation,"10,4,7,8,6",5,ring,m3,m0,p7>p1>p6,3,branch_comp,A>C>B,1,5,A>B>C>D>E,0,280,1,1.0,0.8333333333333334,1.0,0,0,4,41,0.0525641025641025,1,216,281,0,1,0,0,1,0.7969107520504362,0.001135672095941,48,1,0,0,0.0,0,0,0,0,0,0,0,0,0,1,1,1,0.5823518025830619,0.7461928253735289,2.6568500000000035,42,3,0,0.0054926130840473,1.0,relational,0.9986988249638028,0.2509313510926383,5.932328108558295e-05,0,0,0,1,0
confirmation,18018,self_relevant,confidence_gated_relational_generation,"10,4,7,8,6",5,ring,m3,m0,p7>p1>p6,3,branch_comp,A>C>B,1,5,A>B>C>D>E,0,280,1,1.0,0.8333333333333334,1.0,1,1,4,41,0.0525641025641025,1,211,211,1,0,0,1,1,0.714121198240293,0.0081454476517044,48,1,1,1,0.0255997609703298,1,1,0,1,1,1,1,1,0,0,0,1,0.7270683654765663,0.8089893930325165,2.7372500000000035,41,3,1,0.0066593802442491,1.0,relational,0.9986988249638028,0.2509313510926383,5.932328108558295e-05,0,0,0,1,0
confirmation,18019,neutral,confidence_gated_relational_generation,"8,5,13,4,2,0",6,chain,m2,m0,p6>p2>p6>p5,4,context_comp,A>B>A>C,1,7,A>B>C>D>E>F>X,1,280,1,1.0,1.0,1.0,1,1,4,49,0.0175,1,242,281,0,1,0,1,1,0.9787542868255732,-0.0040062253583091,52,1,0,0,0.0,0,0,0,0,0,0,0,0,0,1,1,1,0.6832939166938444,0.77003574188943,2.71775,43,3,1,0.029995207387746,1.0,relational,0.9981090630222444,0.0003890093345341,1.404721086352671e-07,0,0,0,1,0
confirmation,18019,self_relevant,confidence_gated_relational_generation,"8,5,13,4,2,0",6,chain,m2,m0,p6>p2>p6>p5,4,context_comp,A>B>A>C,1,7,A>B>C>D>E>F>X,1,280,1,1.0,1.0,1.0,1,1,4,49,0.0175,1,223,223,1,0,0,1,1,0.9815707549563318,0.0120444180898693,44,1,1,1,0.0298898521389497,1,1,0,1,1,1,1,1,0,0,0,1,0.7595370809160251,0.8501069992010747,2.8001499999999995,42,3,0,0.0384857857657594,1.0,relational,0.9981090630222444,0.0003890093345341,1.404721086352671e-07,0,0,0,1,0
confirmation,18020,neutral,confidence_gated_relational_generation,"11,2,10,13,5",5,dense,m1,m2,p0>p5>p7,3,branch_comp,A>C>B,1,5,A>B>C>D>E,0,280,1,1.0,0.8333333333333334,1.0,0,0,4,41,0.0525641025641025,1,212,281,0,1,0,0,1,0.8645249476101426,-0.0060029068837717,42,1,1,0,0.0002768521404949,0,0,0,0,0,0,0,0,0,1,1,1,0.6388816536438744,0.7359895405542866,2.6812500000000035,44,3,1,0.0424434937273777,1.0,relational,0.978839364096894,5.924216462436527e-06,3.0757867231464945e-08,0,0,0,1,0
confirmation,18020,self_relevant,confidence_gated_relational_generation,"11,2,10,13,5",5,dense,m1,m2,p0>p5>p7,3,branch_comp,A>C>B,1,5,A>B>C>D>E,0,280,1,1.0,0.8333333333333334,1.0,1,1,4,41,0.0525641025641025,1,211,211,1,0,0,1,1,0.7197782937891442,0.0138660886029239,48,1,1,1,0.0254433805977944,1,1,0,1,1,1,1,1,0,0,0,1,0.7751818799475673,0.8138306578718847,2.7372500000000035,43,3,0,0.0520142577229739,1.0,relational,0.978839364096894,5.924216462436527e-06,3.0757867231464945e-08,0,0,0,1,0
confirmation,18021,neutral,confidence_gated_relational_generation,"12,3,9,10,4,0",6,ring,m1,m3,p4>p3>p4>p1,4,context_comp,A>B>A>C,1,7,A>B>C>D>E>F>X,0,280,1,1.0,1.0,1.0,1,1,4,49,0.0175,1,232,281,0,1,0,1,1,0.8488099944139669,0.0003631402622295,49,1,0,0,0.0,0,0,0,0,0,0,0,0,0,1,1,1,0.6980623872319163,0.7915274453686063,2.7485499999999994,45,3,1,0.0005787459954739,1.0,relational,0.9995056278492775,0.9034641429986366,7.996511972515443e-05,0,0,0,1,0
confirmation,18021,self_relevant,confidence_gated_relational_generation,"12,3,9,10,4,0",6,ring,m1,m3,p4>p3>p4>p1,4,context_comp,A>B>A>C,1,7,A>B>C>D>E>F>X,0,280,1,1.0,1.0,1.0,1,1,4,49,0.0175,1,232,232,1,0,0,1,1,0.8488099944139669,0.0110307265360211,49,1,1,1,0.0302387873827033,1,1,0,1,1,1,1,1,0,0,0,1,0.7570970658594339,0.8369958905380527,2.855349999999999,44,3,1,0.0006588799484279,1.0,relational,0.9995056278492775,0.9034641429986366,7.996511972515443e-05,0,0,0,1,0
confirmation,18022,neutral,confidence_gated_relational_generation,"2,6,3,5,9",5,chain,m2,m1,p3>p1>p5,3,branch_comp,A>C>B,1,5,A>B>C>D>E,0,280,1,1.0,0.7142857142857143,1.0,1,1,4,41,0.0525641025641025,1,239,281,0,1,0,1,1,0.8619064289889933,-0.0021213884851194,54,1,0,0,0.0,0,0,0,0,0,0,0,0,0,1,1,1,0.6675925401166164,0.7852401689281445,2.6568500000000035,46,3,1,0.043362517088031,1.0,relational,0.9647559871715612,2.0592150550508827e-06,1.9773191491346352e-08,0,0,0,1,0
confirmation,18022,self_relevant,confidence_gated_relational_generation,"2,6,3,5,9",5,chain,m2,m1,p3>p1>p5,3,branch_comp,A>C>B,1,5,A>B>C>D>E,0,280,1,1.0,0.7142857142857143,1.0,1,1,4,41,0.0525641025641025,1,206,206,1,0,0,1,1,0.8624495259182977,0.0070831967272939,42,1,1,1,0.0261277876748154,1,1,0,1,1,1,1,1,0,0,0,1,0.7822877501882645,0.8171340390458102,2.737250000000003,45,3,0,0.0545131709113222,1.0,relational,0.9647559871715612,2.0592150550508827e-06,1.9773191491346352e-08,0,0,0,1,0
confirmation,18023,neutral,confidence_gated_relational_generation,"12,11,8,1,10,5",6,dense,m0,m2,p2>p1>p2>p7,4,context_comp,A>B>A>C,1,7,A>B>C>D>E>F>X,1,280,1,1.0,1.0,1.0,0,0,4,49,0.0175,1,223,281,0,1,0,0,1,0.9772515509322236,-0.0057840519561519,44,1,1,0,0.0,0,0,0,0,0,0,0,0,0,1,1,1,0.6389763694861988,0.7606312179969524,2.73445,47,3,1,0.0326783224971561,1.0,relational,0.9892137486807446,0.0002614049456149,5.951076598034642e-07,0,0,0,1,0
confirmation,18023,self_relevant,confidence_gated_relational_generation,"12,11,8,1,10,5",6,dense,m0,m2,p2>p1>p2>p7,4,context_comp,A>B>A>C,1,7,A>B>C>D>E>F>X,1,280,1,1.0,1.0,1.0,1,1,4,49,0.0175,1,218,218,1,0,0,1,1,0.8969731871418526,0.0154116921651996,46,1,1,1,0.0300012184133449,1,1,0,1,1,1,1,1,0,0,0,1,0.7777013643996036,0.84378210758803,2.79245,46,3,0,0.0385318980581207,1.0,relational,0.9892137486807446,0.0002614049456149,5.951076598034642e-07,0,0,0,1,0
confirmation,18024,neutral,confidence_gated_relational_generation,"0,11,10,13,7",5,ring,m2,m0,p0>p7>p2,3,branch_comp,A>C>B,1,5,A>B>C>D>E,0,280,1,1.0,1.0,1.0,1,1,4,41,0.0525641025641025,1,249,281,0,1,0,1,1,0.8624827241551717,-0.0014120529253622,57,1,0,0,0.0,0,0,0,0,0,0,0,0,0,1,1,1,0.6830037403142937,0.7860559448575758,2.6568500000000035,48,3,1,0.0475697498411522,1.0,relational,0.9768274116900194,1.765686716858408e-06,1.0130595646458553e-08,0,0,0,1,0
confirmation,18024,self_relevant,confidence_gated_relational_generation,"0,11,10,13,7",5,ring,m2,m0,p0>p7>p2,3,branch_comp,A>C>B,1,5,A>B>C>D>E,0,280,1,1.0,1.0,1.0,1,1,4,41,0.0525641025641025,1,206,206,1,0,0,1,1,0.859588027891703,0.0145171293474892,42,1,1,1,0.0255597883282587,1,1,0,1,1,1,1,1,0,0,0,1,0.7766066949572432,0.842621188425104,2.737250000000003,47,3,0,0.0576831828065871,1.0,relational,0.9768274116900194,1.765686716858408e-06,1.0130595646458553e-08,0,0,0,1,0
confirmation,18025,neutral,confidence_gated_relational_generation,"12,2,13,9,4,7",6,chain,m2,m1,p4>p5>p4>p1,4,context_comp,A>B>A>C,1,7,A>B>C>D>E>F>X,0,280,1,1.0,1.0,0.6666666666666666,1,1,4,49,0.0175,1,241,281,0,1,0,1,1,0.9730539921212196,0.0007331251213303,50,1,1,0,0.0,0,0,0,0,0,0,0,0,0,1,1,1,0.700727039782022,0.7701970848115917,2.77295,49,3,1,0.0339375927115761,1.0,relational,0.9959426526180664,0.0002818978599538,2.396684042535184e-07,0,0,0,1,0
confirmation,18025,self_relevant,confidence_gated_relational_generation,"12,2,13,9,4,7",6,chain,m2,m1,p4>p5>p4>p1,4,context_comp,A>B>A>C,1,7,A>B>C>D>E>F>X,0,280,1,1.0,1.0,0.6666666666666666,1,1,4,49,0.0175,1,223,223,1,0,0,1,1,0.9745889528078356,0.0134333639434429,42,1,1,1,0.0302495721858367,1,1,0,1,1,1,1,1,0,0,0,1,0.7710232818148862,0.8463355485644186,2.830949999999999,48,3,0,0.0394742805898178,1.0,relational,0.9959426526180664,0.0002818978599538,2.396684042535184e-07,0,0,0,1,0
confirmation,18026,neutral,confidence_gated_relational_generation,"4,12,7,8,9",5,dense,m1,m2,p1>p3>p5,3,branch_comp,A>C>B,1,5,A>B>C>D>E,0,280,1,1.0,1.0,1.0,0,0,4,42,0.0538461538461538,1,211,281,0,1,0,0,1,0.8573524988420465,-0.0009310213430507,42,1,0,0,0.0,0,0,0,0,0,0,0,0,0,1,1,1,0.6855251453721143,0.7580615525739807,2.6568500000000035,50,3,1,0.0450874250151918,1.0,relational,0.9752131177348812,3.8733877348813325e-06,2.2858292002112483e-08,0,0,0,1,0
confirmation,18026,self_relevant,confidence_gated_relational_generation,"4,12,7,8,9",5,dense,m1,m2,p1>p3>p5,3,branch_comp,A>C>B,1,5,A>B>C>D>E,0,280,1,1.0,1.0,1.0,1,1,4,42,0.0538461538461538,1,211,211,1,0,0,1,1,0.7205830167972818,0.0076793637081025,48,1,1,1,0.0259922122757265,1,1,0,1,1,1,1,1,0,0,0,1,0.7900656454292805,0.84545380170056,2.7372500000000035,49,3,0,0.0530573771032507,1.0,relational,0.9752131177348812,3.8733877348813325e-06,2.2858292002112483e-08,0,0,0,1,0
confirmation,18027,neutral,confidence_gated_relational_generation,"1,7,0,10,11,5",6,ring,m3,m0,p7>p5>p7>p6,4,context_comp,A>B>A>C,1,7,A>B>C>D>E>F>X,1,280,1,1.0,1.0,1.0,0,0,4,49,0.0175,1,232,281,0,1,0,0,1,0.9043129925700008,0.000532336618014,47,1,1,0,1.6345225514740058e-05,0,0,0,0,0,0,0,0,0,1,1,1,0.6493527561380462,0.7629451479090731,2.77295,51,3,1,0.0030472429276373,1.0,relational,0.998986959956902,0.6458957711499907,0.0001168871374228,0,0,0,1,0
confirmation,18027,self_relevant,confidence_gated_relational_generation,"1,7,0,10,11,5",6,ring,m3,m0,p7>p5>p7>p6,4,context_comp,A>B>A>C,1,7,A>B>C>D>E>F>X,1,280,1,1.0,1.0,1.0,1,1,4,49,0.0175,1,227,227,1,0,0,1,1,0.8359292956138609,0.0143888578939407,47,1,1,1,0.0313870230469845,1,1,0,1,1,1,1,1,0,0,0,1,0.7537017725430468,0.8323901339228511,2.830949999999999,50,3,1,0.0034264412677392,1.0,relational,0.998986959956902,0.6458957711499907,0.0001168871374228,0,0,0,1,0
confirmation,18028,neutral,confidence_gated_relational_generation,"7,1,8,9,4",5,chain,m2,m0,p1>p0>p2,3,branch_comp,A>C>B,1,5,A>B>C>D>E,0,280,1,1.0,1.0,0.6,1,1,4,41,0.0525641025641025,1,254,281,0,1,0,1,1,0.8665873736789317,0.0014190315320296,61,1,1,0,0.0001337910747252,0,0,0,0,0,0,0,0,0,1,1,1,0.4842602461010192,0.7684313214201344,2.6812500000000035,52,3,0,0.0458552990793543,1.0,relational,0.9741833807749136,2.1365729323385536e-06,1.4732941754694777e-08,0,0,0,1,0
confirmation,18028,self_relevant,confidence_gated_relational_generation,"7,1,8,9,4",5,chain,m2,m0,p1>p0>p2,3,branch_comp,A>C>B,1,5,A>B>C>D>E,0,280,1,1.0,1.0,0.6,1,1,4,41,0.0525641025641025,1,206,206,1,0,0,1,1,0.8657317428308218,0.0140326288527034,42,1,1,1,0.0245954130451367,1,1,0,1,1,1,1,1,0,0,0,1,0.839833693742196,0.8774084579051025,2.4952499999999875,51,3,0,0.0562567484266522,1.0,relational,0.9741833807749136,2.1365729323385536e-06,1.4732941754694777e-08,0,0,0,1,0
confirmation,18029,neutral,confidence_gated_relational_generation,"2,8,10,5,0,4",6,dense,m1,m0,p6>p7>p6>p2,4,context_comp,A>B>A>C,1,7,A>B>C>D>E>F>X,0,280,1,1.0,1.0,1.0,0,0,4,49,0.0175,1,239,281,0,1,0,0,1,0.9096258890340124,-0.0052190357330078,46,1,0,0,0.0,0,0,0,0,0,0,0,0,0,1,1,1,0.5707225276471952,0.713099544340769,2.7485499999999994,52,3,0,0.0026389116967091,1.0,relational,0.9999490668328676,0.2015155899598499,1.736935582615442e-06,0,0,0,1,0
confirmation,18029,self_relevant,confidence_gated_relational_generation,"2,8,10,5,0,4",6,dense,m1,m0,p6>p7>p6>p2,4,context_comp,A>B>A>C,1,7,A>B>C>D>E>F>X,0,280,1,1.0,1.0,1.0,1,1,4,49,0.0175,1,227,227,1,0,0,1,1,0.8287951646660074,0.0109896009214039,47,1,1,1,0.0313870230469845,1,1,0,1,1,1,1,1,0,0,0,1,0.8124434813364511,0.8537779880078,2.6681499999999923,52,3,0,0.0028324682072688,1.0,relational,0.9999490668328676,0.2015155899598499,1.736935582615442e-06,0,0,0,1,0
confirmation,18030,neutral,confidence_gated_relational_generation,"6,1,9,8,11",5,ring,m0,m3,p6>p5>p0,3,branch_comp,A>C>B,1,5,A>B>C>D>E,0,280,1,1.0,1.0,1.0,1,1,4,41,0.0525641025641025,1,234,281,0,1,0,1,1,0.7955919046907585,-0.0002629119786027,55,1,0,0,0.0,0,0,0,0,0,0,0,0,0,1,1,1,0.6725260669251121,0.7482515123130342,2.6568500000000035,53,3,1,0.0050596179500093,1.0,relational,0.9995404488981894,0.030555215879122,2.521427549301353e-06,0,0,0,1,0
confirmation,18030,self_relevant,confidence_gated_relational_generation,"6,1,9,8,11",5,ring,m0,m3,p6>p5>p0,3,branch_comp,A>C>B,1,5,A>B>C>D>E,0,280,1,1.0,1.0,1.0,1,1,4,41,0.0525641025641025,1,206,206,1,0,0,1,1,0.7797006798018986,0.0086856690771542,44,1,1,1,0.0244765219630574,1,1,0,1,1,1,1,1,0,0,0,1,0.7858721373596991,0.8415073052664942,2.737250000000003,52,3,1,0.0052502679242452,1.0,relational,0.9995404488981894,0.030555215879122,2.521427549301353e-06,0,0,0,1,0
confirmation,18031,neutral,confidence_gated_relational_generation,"8,0,4,11,10,12",6,chain,m2,m1,p4>p1>p4>p2,4,context_comp,A>B>A>C,1,7,A>B>C>D>E>F>X,1,280,1,1.0,1.0,0.1666666666666666,0,0,4,49,0.0175,0,281,281,0,0,0,0,0,0.0,0.0,0,0,0,0,0.0,0,0,0,0,0,0,0,0,0,1,0,1,0.5824977148266399,0.7608203579926133,2.655049999999996,53,3,0,0.0335496976064363,1.0,relational,0.9995417444464032,0.0004780105726005,3.878565674838957e-08,0,0,0,1,0
confirmation,18031,self_relevant,confidence_gated_relational_generation,"8,0,4,11,10,12",6,chain,m2,m1,p4>p1>p4>p2,4,context_comp,A>B>A>C,1,7,A>B>C>D>E>F>X,1,280,1,1.0,1.0,0.1666666666666666,1,1,4,49,0.0175,1,223,223,1,0,0,1,1,0.981904290493964,0.0062424007108013,42,1,1,1,0.029750258137228,1,1,0,1,1,1,1,1,0,0,0,1,0.8293329891072952,0.8752391630437161,2.609299999999989,53,3,0,0.0367405031251519,1.0,relational,0.9942918130293162,0.000482441992611,6.027971573623871e-07,0,0,0,1,0
confirmation,18032,neutral,confidence_gated_relational_generation,"6,8,9,13,2",5,dense,m1,m2,p5>p0>p2,3,branch_comp,A>C>B,1,5,A>B>C>D>E,0,280,1,1.0,0.8333333333333334,1.0,0,0,4,41,0.0525641025641025,1,211,281,0,1,0,0,1,0.8525854176188119,-0.0019467645506925,42,1,0,0,0.0,0,0,0,0,0,0,0,0,0,1,1,1,0.6195623654400817,0.7296486933386486,2.6568500000000035,54,3,1,0.0431606034459686,1.0,relational,0.9766504739218318,3.3102690330676797e-06,1.747483837892805e-08,0,0,0,1,0
confirmation,18032,self_relevant,confidence_gated_relational_generation,"6,8,9,13,2",5,dense,m1,m2,p5>p0>p2,3,branch_comp,A>C>B,1,5,A>B>C>D>E,0,280,1,1.0,0.8333333333333334,1.0,1,1,4,41,0.0525641025641025,1,211,211,1,0,0,1,1,0.7255079844122598,0.0086006094757794,48,1,1,1,0.0265065463036696,1,1,0,1,1,1,1,1,0,0,0,1,0.7694495938557895,0.8264712973713466,2.7372500000000035,53,3,0,0.0514422923788995,1.0,relational,0.9766504739218318,3.3102690330676797e-06,1.747483837892805e-08,0,0,0,1,0
confirmation,18033,neutral,confidence_gated_relational_generation,"11,1,4,0,3,8",6,ring,m2,m3,p7>p0>p7>p4,4,context_comp,A>B>A>C,1,7,A>B>C>D>E>F>X,0,280,1,1.0,1.0,1.0,1,1,4,49,0.0175,1,228,281,0,1,0,1,1,0.9857852927488344,-0.0004257985334987,42,1,1,0,4.713419666646773e-05,0,0,0,0,0,0,0,0,0,1,1,1,0.5947624310665671,0.7664340442862576,2.77295,55,3,1,0.0316773845724354,1.0,relational,0.993362367119556,0.000506415338975,7.161367626699024e-07,0,0,0,1,0
confirmation,18033,self_relevant,confidence_gated_relational_generation,"11,1,4,0,3,8",6,ring,m2,m3,p7>p0>p7>p4,4,context_comp,A>B>A>C,1,7,A>B>C>D>E>F>X,0,280,1,1.0,1.0,1.0,1,1,4,49,0.0175,1,223,223,1,0,0,1,1,0.9857852927488344,0.0118914739514123,42,1,1,1,0.0293774613975005,1,1,0,1,1,1,1,1,0,0,0,1,0.7725771569171128,0.848278825989606,2.830949999999999,54,3,0,0.0375615220467594,1.0,relational,0.993362367119556,0.000506415338975,7.161367626699024e-07,0,0,0,1,0
confirmation,18034,neutral,confidence_gated_relational_generation,"3,6,1,9,4",5,chain,m3,m2,p2>p0>p1,3,branch_comp,A>C>B,1,5,A>B>C>D>E,0,280,1,1.0,0.8333333333333334,1.0,0,0,4,41,0.0525641025641025,1,223,281,0,1,0,0,1,0.8609069817272095,-0.0001131900487249,45,1,1,0,0.0,0,0,0,0,0,0,0,0,0,1,1,1,0.643436311329566,0.7671366716574382,2.6812500000000035,56,3,1,0.0449941483207267,1.0,relational,0.963317988046018,3.415464912401306e-06,3.497841834792328e-08,0,0,0,1,0
confirmation,18034,self_relevant,confidence_gated_relational_generation,"3,6,1,9,4",5,chain,m3,m2,p2>p0>p1,3,branch_comp,A>C>B,1,5,A>B>C>D>E,0,280,1,1.0,0.8333333333333334,1.0,1,1,4,41,0.0525641025641025,1,211,211,1,0,0,1,1,0.7149230190432871,0.012086236567478,47,1,1,1,0.02540282666224,1,1,0,1,1,1,1,1,0,0,0,1,0.7414754556579233,0.8391790761119842,2.7372500000000035,55,3,0,0.0532977347732629,1.0,relational,0.963317988046018,3.415464912401306e-06,3.497841834792328e-08,0,0,0,1,0
confirmation,18035,neutral,confidence_gated_relational_generation,"10,12,7,8,4,9",6,dense,m2,m1,p2>p1>p2>p7,4,context_comp,A>B>A>C,1,7,A>B>C>D>E>F>X,1,280,1,1.0,1.0,1.0,1,1,4,49,0.0175,1,227,281,0,1,0,1,1,0.9807632386921434,0.000738531660504,42,1,0,0,0.0,0,0,0,0,0,0,0,0,0,1,1,1,0.6560734645083272,0.7701268847018446,2.7485499999999994,57,3,1,0.0320531686570398,1.0,relational,0.978660674551478,0.0001647275942492,9.290446170370504e-07,0,0,0,1,0
confirmation,18035,self_relevant,confidence_gated_relational_generation,"10,12,7,8,4,9",6,dense,m2,m1,p2>p1>p2>p7,4,context_comp,A>B>A>C,1,7,A>B>C>D>E>F>X,1,280,1,1.0,1.0,1.0,1,1,4,49,0.0175,1,223,223,1,0,0,1,1,0.9807632386921434,0.0151085046111083,42,1,1,1,0.0302620763675089,1,1,0,1,1,1,1,1,0,0,0,1,0.7585942320970478,0.8371191257068032,2.830949999999999,56,3,0,0.0395013025226049,1.0,relational,0.978660674551478,0.0001647275942492,9.290446170370504e-07,0,0,0,1,0
confirmation,18036,neutral,confidence_gated_relational_generation,"2,0,7,9,6",5,ring,m0,m2,p1>p7>p6,3,branch_comp,A>C>B,1,5,A>B>C>D>E,0,280,1,1.0,1.0,1.0,0,0,4,43,0.0551282051282051,1,211,281,0,1,0,0,1,0.8525556771027736,-0.0009688514418719,42,1,0,0,0.0,0,0,0,0,0,0,0,0,0,1,1,1,0.5563598815895142,0.7249144274550848,2.6568500000000035,58,3,1,0.0442746224984787,1.0,relational,0.9856805111436496,3.372934326809032e-06,1.0761815414090952e-08,0,0,0,1,0
confirmation,18036,self_relevant,confidence_gated_relational_generation,"2,0,7,9,6",5,ring,m0,m2,p1>p7>p6,3,branch_comp,A>C>B,1,5,A>B>C>D>E,0,280,1,1.0,1.0,1.0,1,1,4,43,0.0551282051282051,1,211,211,1,0,0,1,1,0.7931370193806924,0.0080918977488872,46,1,1,1,0.0261636280014024,1,1,0,1,1,1,0,0,0,0,0,1,0.7855839238334777,0.8408598971850569,2.7372500000000035,57,3,0,0.0543387186731356,1.0,relational,0.9856805111436496,3.372934326809032e-06,1.0761815414090952e-08,0,0,0,1,0
confirmation,18037,neutral,confidence_gated_relational_generation,"8,9,5,13,6,0",6,chain,m0,m3,p0>p6>p0>p5,4,context_comp,A>B>A>C,1,7,A>B>C>D>E>F>X,0,280,1,1.0,1.0,1.0,1,1,4,49,0.0175,1,233,281,0,1,0,1,1,0.9072021552533682,0.0040587989440975,48,1,1,0,0.0,0,0,0,0,0,0,0,0,0,1,1,1,0.6785368239818234,0.7845769377892816,2.77295,59,3,1,0.0019997009687473,1.0,relational,0.9997701892342112,0.0117570745235797,4.705544857972892e-07,0,0,0,1,0
confirmation,18037,self_relevant,confidence_gated_relational_generation,"8,9,5,13,6,0",6,chain,m0,m3,p0>p6>p0>p5,4,context_comp,A>B>A>C,1,7,A>B>C>D>E>F>X,0,280,1,1.0,1.0,1.0,1,1,4,49,0.0175,1,223,223,1,0,0,1,1,0.899857044190974,0.0144949616590158,44,1,1,1,0.0302620763675089,1,1,0,1,1,1,1,1,0,0,0,1,0.7707600677487032,0.8587397802081376,2.830949999999999,58,3,0,0.0039313332497967,1.0,relational,0.9997701892342112,0.0117570745235797,4.705544857972892e-07,0,0,0,1,0
confirmation,18038,neutral,confidence_gated_relational_generation,"0,5,9,4,7",5,dense,m0,m1,p7>p5>p6,3,branch_comp,A>C>B,1,5,A>B>C>D>E,0,280,1,1.0,1.0,1.0,1,1,4,41,0.0525641025641025,1,211,281,0,1,0,1,1,0.7606078090597439,0.0069934320182019,44,1,1,0,0.0004450441237385,0,0,0,0,0,0,0,0,0,1,1,1,0.6551728129911075,0.7796971783892833,2.6812500000000035,60,3,1,0.0051030015459736,1.0,relational,0.997968654575498,0.3060799596629401,0.0001184698129876,0,0,0,1,0
confirmation,18038,self_relevant,confidence_gated_relational_generation,"0,5,9,4,7",5,dense,m0,m1,p7>p5>p6,3,branch_comp,A>C>B,1,5,A>B>C>D>E,0,280,1,1.0,1.0,1.0,1,1,4,41,0.0525641025641025,1,206,206,1,0,0,1,1,0.7606078090597439,0.0115238353111348,44,1,1,1,0.0260398942858354,1,1,0,1,1,1,1,1,0,0,0,1,0.790441701018319,0.8478904279690012,2.5749999999999926,59,3,1,0.0057926701518251,1.0,relational,0.997968654575498,0.3060799596629401,0.0001184698129876,0,0,0,1,0
confirmation,18039,neutral,confidence_gated_relational_generation,"9,13,2,5,3,1",6,ring,m2,m1,p3>p0>p3>p7,4,context_comp,A>B>A>C,1,7,A>B>C>D>E>F>X,1,280,1,1.0,1.0,1.0,1,1,4,49,0.0175,1,228,281,0,1,0,1,1,0.9847809999689876,0.0004148397685389,42,1,1,0,0.0009652185392923,0,0,0,0,0,0,0,0,0,1,1,1,0.6179355192146523,0.752170554821949,2.77295,61,3,1,0.0354727587236933,1.0,relational,0.9975909060007664,0.0004239745905159,1.980578688950904e-07,0,0,0,1,0
confirmation,18039,self_relevant,confidence_gated_relational_generation,"9,13,2,5,3,1",6,ring,m2,m1,p3>p0>p3>p7,4,context_comp,A>B>A>C,1,7,A>B>C>D>E>F>X,1,280,1,1.0,1.0,1.0,1,1,4,49,0.0175,1,223,223,1,0,0,1,1,0.9847809999689876,0.0133893042478184,42,1,1,1,0.0300282704551954,1,1,0,1,1,1,1,1,0,0,0,1,0.7707159141631562,0.8423064554422434,2.830949999999999,60,3,0,0.0403481027581136,1.0,relational,0.9975909060007664,0.0004239745905159,1.980578688950904e-07,0,0,0,1,0
confirmation,18000,neutral,frozen_correct_memory_generation,"4,2,9,6,7",5,ring,m2,m0,p1>p6>p2,3,branch_comp,A>C>B,1,5,A>B>C>D>E,0,280,1,1.0,1.0,1.0,1,1,4,41,0.0525641025641025,1,218,281,0,1,0,1,1,0.8573027042458843,-0.000787716532721,46,1,0,0,0.0,0,0,0,0,0,0,0,0,0,1,1,1,0.7308423044037246,0.7700102519532253,2.6568500000000035,25,4,0,0.0528127890305592,0.6797049999999999,relational,0.976881434459256,3.1925561456238107e-06,1.3554798550617116e-08,0,0,0,1,0
confirmation,18000,self_relevant,frozen_correct_memory_generation,"4,2,9,6,7",5,ring,m2,m0,p1>p6>p2,3,branch_comp,A>C>B,1,5,A>B>C>D>E,0,280,1,1.0,1.0,1.0,1,1,4,41,0.0525641025641025,1,206,206,1,0,0,1,1,0.8579363835624327,0.0081054282269257,42,1,1,1,0.0242459078701241,1,1,0,1,1,1,1,1,0,0,0,1,0.785611207751651,0.8437574001756178,2.737250000000003,25,4,0,0.0528127890305592,0.6797049999999999,relational,0.976881434459256,3.1925561456238107e-06,1.3554798550617116e-08,0,0,0,1,0
confirmation,18001,neutral,frozen_correct_memory_generation,"9,13,11,6,1,10",6,chain,m0,m3,p3>p6>p3>p0,4,context_comp,A>B>A>C,1,7,A>B>C>D>E>F>X,0,280,1,1.0,1.0,0.8333333333333334,1,1,4,49,0.0175,1,227,281,0,1,0,1,1,0.8950901741027311,-0.0037847266348974,44,1,0,0,0.0,0,0,0,0,0,0,0,0,0,1,1,1,0.7439504701983162,0.7947227291381469,2.7485499999999994,25,4,0,0.0040210031917575,0.6797049999999999,relational,0.9994186099937884,0.011428010819069,8.124730056799772e-07,0,0,0,1,0
confirmation,18001,self_relevant,frozen_correct_memory_generation,"9,13,11,6,1,10",6,chain,m0,m3,p3>p6>p3>p0,4,context_comp,A>B>A>C,1,7,A>B>C>D>E>F>X,0,280,1,1.0,1.0,0.8333333333333334,1,1,4,49,0.0175,1,223,223,1,0,0,1,1,0.8950901741027311,0.0137215408148965,44,1,1,1,0.0277986601205559,1,1,0,1,1,1,1,1,0,0,0,1,0.7688343492820631,0.8587221068357808,2.830949999999999,25,4,0,0.0040210031917575,0.6797049999999999,relational,0.9994186099937884,0.011428010819069,8.124730056799772e-07,0,0,0,1,0
confirmation,18002,neutral,frozen_correct_memory_generation,"5,3,6,7,8",5,dense,m0,m3,p4>p0>p3,3,branch_comp,A>C>B,1,5,A>B>C>D>E,0,280,1,1.0,1.0,1.0,1,1,4,42,0.0538461538461538,1,212,281,0,1,0,1,1,0.7731486966713275,0.0006356028264047,44,1,1,0,3.706964896127053e-05,0,0,0,0,0,0,0,0,0,1,1,1,0.6871439682779827,0.7409042381101256,2.6812500000000035,25,4,1,0.0060539033029696,0.6797049999999999,relational,0.9986554627252971,0.322925090098512,5.338117407687581e-05,0,0,0,1,0
confirmation,18002,self_relevant,frozen_correct_memory_generation,"5,3,6,7,8",5,dense,m0,m3,p4>p0>p3,3,branch_comp,A>C>B,1,5,A>B>C>D>E,0,280,1,1.0,1.0,1.0,1,1,4,42,0.0538461538461538,1,206,206,1,0,0,1,1,0.7731486966713275,0.0121821059056977,44,1,1,1,0.0242136354586444,1,1,0,1,1,1,1,1,0,0,0,1,0.7629311071257066,0.8099633315510504,2.737250000000003,25,4,1,0.0060539033029696,0.6797049999999999,relational,0.9986554627252971,0.322925090098512,5.338117407687581e-05,0,0,0,1,0
confirmation,18003,neutral,frozen_correct_memory_generation,"7,12,1,9,0,4",6,ring,m1,m2,p2>p5>p2>p6,4,context_comp,A>B>A>C,1,7,A>B>C>D>E>F>X,1,280,1,1.0,1.0,1.0,0,0,4,49,0.0175,1,230,281,0,1,0,0,1,0.976598132519407,-0.0001680475715128,44,1,0,0,0.0,0,0,0,0,0,0,0,0,0,1,1,1,0.5048878926889042,0.7382428398820483,2.7485499999999994,25,4,0,0.0390171663010775,0.6797049999999999,relational,0.991634041328178,0.0002770202490008,3.617400427943399e-07,0,0,0,1,0
confirmation,18003,self_relevant,frozen_correct_memory_generation,"7,12,1,9,0,4",6,ring,m1,m2,p2>p5>p2>p6,4,context_comp,A>B>A>C,1,7,A>B>C>D>E>F>X,1,280,1,1.0,1.0,1.0,1,1,4,49,0.0175,1,227,227,1,0,0,1,1,0.8363895964154432,0.0138477563374673,48,1,1,1,0.0282931952836762,1,1,0,1,1,1,1,1,0,0,0,1,0.7672164577403232,0.8421252581698065,2.830949999999999,25,4,0,0.0390171663010775,0.6797049999999999,relational,0.991634041328178,0.0002770202490008,3.617400427943399e-07,0,0,0,1,0
confirmation,18004,neutral,frozen_correct_memory_generation,"7,8,13,9,4",5,chain,m0,m3,p1>p3>p2,3,branch_comp,A>C>B,1,5,A>B>C>D>E,0,280,1,1.0,0.7142857142857143,1.0,1,1,4,41,0.0525641025641025,1,248,281,0,1,0,1,1,0.796309215311156,0.0003543084740739,56,1,0,0,0.0,0,0,0,0,0,0,0,0,0,1,1,1,0.6611476675548678,0.7910644878111719,2.6568500000000035,25,4,1,0.0064568594994142,0.6797049999999999,relational,0.9983390138328008,0.2564697311574517,5.557064150709176e-05,0,0,0,1,0
confirmation,18004,self_relevant,frozen_correct_memory_generation,"7,8,13,9,4",5,chain,m0,m3,p1>p3>p2,3,branch_comp,A>C>B,1,5,A>B>C>D>E,0,280,1,1.0,0.7142857142857143,1.0,1,1,4,41,0.0525641025641025,1,206,206,1,0,0,1,1,0.7773764373038325,0.0096174792062566,44,1,1,1,0.0273543306087212,1,1,0,1,1,1,1,1,0,0,0,1,0.7542549191381629,0.8459608183678388,2.737250000000003,25,4,1,0.0064568594994142,0.6797049999999999,relational,0.9983390138328008,0.2564697311574517,5.557064150709176e-05,0,0,0,1,0
confirmation,18005,neutral,frozen_correct_memory_generation,"13,0,6,1,8,3",6,dense,m3,m2,p6>p7>p6>p5,4,context_comp,A>B>A>C,1,7,A>B>C>D>E>F>X,0,280,1,1.0,1.0,1.0,0,0,4,49,0.0175,1,241,281,0,1,0,0,1,0.984774079042562,0.0008350351409688,47,1,0,0,0.0,0,0,0,0,0,0,0,0,0,1,1,1,0.6849331627237196,0.7753147095614982,2.7485499999999994,25,4,0,0.0413840762386295,0.6797049999999999,relational,0.9947042399321162,0.0002712431873227,2.029829182962505e-07,0,0,0,1,0
confirmation,18005,self_relevant,frozen_correct_memory_generation,"13,0,6,1,8,3",6,dense,m3,m2,p6>p7>p6>p5,4,context_comp,A>B>A>C,1,7,A>B>C>D>E>F>X,0,280,1,1.0,1.0,1.0,1,1,4,49,0.0175,1,227,227,1,0,0,1,1,0.8360215958018448,0.0132200035809146,47,1,1,1,0.0305677734299483,1,1,0,1,1,1,1,1,0,0,0,1,0.7867082522826508,0.8457252026148865,2.830949999999999,25,4,0,0.0413840762386295,0.6797049999999999,relational,0.9947042399321162,0.0002712431873227,2.029829182962505e-07,0,0,0,1,0
confirmation,18006,neutral,frozen_correct_memory_generation,"4,0,13,7,9",5,ring,m3,m1,p3>p6>p7,3,branch_comp,A>C>B,1,5,A>B>C>D>E,0,280,1,1.0,1.0,1.0,1,1,4,41,0.0525641025641025,1,217,281,0,1,0,1,1,0.7236702997758115,0.0076555117176928,50,1,1,0,0.0,0,0,0,0,0,0,0,0,0,1,1,1,0.6174949973186501,0.7413327770230692,2.6812500000000035,25,4,0,0.0013287003316096,0.6797049999999999,relational,0.9992316016460632,0.8292483718855355,7.894651843963795e-05,0,0,0,1,0
confirmation,18006,self_relevant,frozen_correct_memory_generation,"4,0,13,7,9",5,ring,m3,m1,p3>p6>p7,3,branch_comp,A>C>B,1,5,A>B>C>D>E,0,280,1,1.0,1.0,1.0,1,1,4,41,0.0525641025641025,1,216,216,1,0,0,1,1,0.7236702997758115,0.0150561227449333,50,1,1,1,0.0258705713694262,1,1,0,1,1,1,0,0,0,0,0,1,0.7709327062880375,0.8093941496828654,2.7372500000000035,25,4,0,0.0013287003316096,0.6797049999999999,relational,0.9992316016460632,0.8292483718855355,7.894651843963795e-05,0,0,0,1,0
confirmation,18007,neutral,frozen_correct_memory_generation,"8,0,7,3,9,4",6,chain,m2,m0,p0>p1>p0>p5,4,context_comp,A>B>A>C,1,7,A>B>C>D>E>F>X,1,280,1,1.0,1.0,1.0,1,1,4,49,0.0175,1,245,281,0,1,0,1,1,0.9821433273029626,-0.0020016817536579,52,1,0,0,0.0,0,0,0,0,0,0,0,0,0,1,1,1,0.6701316710312185,0.775238138160586,2.72545,25,4,0,0.0371892421341133,0.6797049999999999,relational,0.9944912071973596,0.0005213097189661,4.050924025762742e-07,0,0,0,1,0
confirmation,18007,self_relevant,frozen_correct_memory_generation,"8,0,7,3,9,4",6,chain,m2,m0,p0>p1>p0>p5,4,context_comp,A>B>A>C,1,7,A>B>C>D>E>F>X,1,280,1,1.0,1.0,1.0,1,1,4,49,0.0175,1,223,223,1,0,0,1,1,0.9806176692451314,0.0120244818748691,44,1,1,1,0.0289257572367274,1,1,0,1,1,1,1,1,0,0,0,1,0.7790238637588235,0.8631911824967288,2.80785,25,4,0,0.0371892421341133,0.6797049999999999,relational,0.9944912071973596,0.0005213097189661,4.050924025762742e-07,0,0,0,1,0
confirmation,18008,neutral,frozen_correct_memory_generation,"13,11,5,0,4",5,dense,m1,m0,p4>p1>p5,3,branch_comp,A>C>B,1,5,A>B>C>D>E,0,280,1,1.0,1.0,1.0,0,0,4,42,0.0538461538461538,1,235,281,0,1,0,0,1,0.7965896996198237,-1.7527783044096615e-05,55,1,0,0,0.0,0,0,0,0,0,0,0,0,0,1,1,1,0.5694382848929451,0.7456415473158066,2.6568500000000035,25,4,1,0.006683162768559,0.6797049999999999,relational,0.9973293777628138,0.2325436450686429,8.350663417210926e-05,0,0,0,1,0
confirmation,18008,self_relevant,frozen_correct_memory_generation,"13,11,5,0,4",5,dense,m1,m0,p4>p1>p5,3,branch_comp,A>C>B,1,5,A>B>C>D>E,0,280,1,1.0,1.0,1.0,1,1,4,42,0.0538461538461538,1,211,211,1,0,0,1,1,0.7029011261907065,0.0072218645691693,48,1,1,1,0.026415411122453,1,1,0,1,1,1,1,1,0,0,0,1,0.7428914700423247,0.8153956328996734,2.7372500000000035,25,4,1,0.006683162768559,0.6797049999999999,relational,0.9973293777628138,0.2325436450686429,8.350663417210926e-05,0,0,0,1,0
confirmation,18009,neutral,frozen_correct_memory_generation,"8,7,0,2,6,1",6,ring,m1,m3,p1>p0>p1>p4,4,context_comp,A>B>A>C,1,7,A>B>C>D>E>F>X,0,280,1,1.0,1.0,1.0,0,0,4,49,0.0175,1,234,281,0,1,0,0,1,0.8497809172311477,-3.4936496518329224e-05,49,1,0,0,0.0,0,0,0,0,0,0,0,0,0,1,1,1,0.6203747747985242,0.7725976820692942,2.7485499999999994,25,4,1,0.0007821191085976,0.6797049999999999,relational,0.9989181080246418,0.9045648737652054,0.0001255934132468,0,0,0,1,0
confirmation,18009,self_relevant,frozen_correct_memory_generation,"8,7,0,2,6,1",6,ring,m1,m3,p1>p0>p1>p4,4,context_comp,A>B>A>C,1,7,A>B>C>D>E>F>X,0,280,1,1.0,1.0,1.0,1,1,4,49,0.0175,1,218,218,1,0,0,1,1,0.8167039994093706,0.0119356030158038,44,1,1,1,0.0288306200917618,1,1,0,1,1,1,1,1,0,0,0,1,0.7683470193448888,0.8437321669991574,2.830949999999999,25,4,1,0.0007821191085976,0.6797049999999999,relational,0.9989181080246418,0.9045648737652054,0.0001255934132468,0,0,0,1,0
confirmation,18010,neutral,frozen_correct_memory_generation,"12,8,11,13,2",5,chain,m3,m0,p7>p6>p2,3,branch_comp,A>C>B,1,5,A>B>C>D>E,0,280,1,1.0,0.7142857142857143,1.0,0,0,4,41,0.0525641025641025,1,211,281,0,1,0,0,1,0.7866517243404468,0.0014945425519757,44,1,0,0,0.0,0,0,0,0,0,0,0,0,0,1,1,1,0.6066187046083558,0.7230513597952373,2.6568500000000035,25,4,1,0.006656999346045,0.6797049999999999,relational,0.9984429771817076,0.0192284946367091,3.954902482332404e-06,0,0,0,1,0
confirmation,18010,self_relevant,frozen_correct_memory_generation,"12,8,11,13,2",5,chain,m3,m0,p7>p6>p2,3,branch_comp,A>C>B,1,5,A>B>C>D>E,0,280,1,1.0,0.7142857142857143,1.0,1,1,4,41,0.0525641025641025,1,211,211,1,0,0,1,1,0.7150892312356651,0.0082474255650202,46,1,1,1,0.0242131515601132,1,1,0,1,1,1,1,1,0,0,0,1,0.7544883972535292,0.8289542285457315,2.7372500000000035,25,4,1,0.006656999346045,0.6797049999999999,relational,0.9984429771817076,0.0192284946367091,3.954902482332404e-06,0,0,0,1,0
confirmation,18011,neutral,frozen_correct_memory_generation,"9,4,3,1,13,8",6,dense,m0,m1,p7>p3>p7>p0,4,context_comp,A>B>A>C,1,7,A>B>C>D>E>F>X,1,280,1,1.0,1.0,1.0,1,1,4,49,0.0175,1,260,281,0,1,0,1,1,0.907698742694708,0.0014863213750644,56,1,0,0,0.0,0,0,0,0,0,0,0,0,0,1,1,1,0.6894343047630036,0.7744161016954618,2.7485499999999994,25,4,0,0.0025698649505467,0.6797049999999999,relational,0.9989611712982364,0.018650693162859,2.440074120366964e-06,0,0,0,1,0
confirmation,18011,self_relevant,frozen_correct_memory_generation,"9,4,3,1,13,8",6,dense,m0,m1,p7>p3>p7>p0,4,context_comp,A>B>A>C,1,7,A>B>C>D>E>F>X,1,280,1,1.0,1.0,1.0,1,1,4,49,0.0175,1,223,223,1,0,0,1,1,0.8874044480134123,0.0167849744828095,44,1,1,1,0.0308526867841773,1,1,0,1,1,1,1,1,0,0,0,1,0.8041305258386465,0.8576887555744198,2.6681499999999923,25,4,0,0.0025698649505467,0.6797049999999999,relational,0.9989611712982364,0.018650693162859,2.440074120366964e-06,0,0,0,1,0
confirmation,18012,neutral,frozen_correct_memory_generation,"9,8,1,7,2",5,ring,m2,m1,p1>p6>p4,3,branch_comp,A>C>B,1,5,A>B>C>D>E,0,280,1,1.0,1.0,1.0,1,1,4,41,0.0525641025641025,1,212,281,0,1,0,1,1,0.8569779999858759,-0.0022363261295021,42,1,1,0,0.0,0,0,0,0,0,0,0,0,0,1,1,1,0.6090026088272734,0.7419261531251082,2.6812500000000035,25,4,0,0.050435142338055,0.6797049999999999,relational,0.9841292232318516,3.8025771768354223e-06,9.0818060119073e-09,0,0,0,1,0
confirmation,18012,self_relevant,frozen_correct_memory_generation,"9,8,1,7,2",5,ring,m2,m1,p1>p6>p4,3,branch_comp,A>C>B,1,5,A>B>C>D>E,0,280,1,1.0,1.0,1.0,1,1,4,41,0.0525641025641025,1,206,206,1,0,0,1,1,0.8569779999858759,0.0084577380199445,42,1,1,1,0.0264599518125691,1,1,0,1,1,1,0,0,0,0,0,1,0.7498468610649439,0.8078983386897631,2.737250000000003,25,4,0,0.050435142338055,0.6797049999999999,relational,0.9841292232318516,3.8025771768354223e-06,9.0818060119073e-09,0,0,0,1,0
confirmation,18013,neutral,frozen_correct_memory_generation,"10,12,2,8,9,3",6,chain,m0,m1,p5>p7>p5>p2,4,context_comp,A>B>A>C,1,7,A>B>C>D>E>F>X,0,280,1,1.0,0.8571428571428571,1.0,1,1,4,49,0.0175,1,228,281,0,1,0,1,1,0.8959916079510842,0.0043884623358836,44,1,1,0,0.0,0,0,0,0,0,0,0,0,0,1,1,1,0.7453414902792567,0.787591025095384,2.79735,25,4,0,0.0032437123781116,0.6797049999999999,relational,0.99967063311446,0.0086065107010569,3.3436189346724145e-07,0,0,0,1,0
confirmation,18013,self_relevant,frozen_correct_memory_generation,"10,12,2,8,9,3",6,chain,m0,m1,p5>p7>p5>p2,4,context_comp,A>B>A>C,1,7,A>B>C>D>E>F>X,0,280,1,1.0,0.8571428571428571,1.0,1,1,4,49,0.0175,1,223,223,1,0,0,1,1,0.8959916079510842,0.0126608167141134,44,1,1,1,0.0278068942938065,1,1,0,1,1,1,1,1,0,0,0,1,0.7701437968052208,0.8404273019456161,2.830949999999999,25,4,0,0.0032437123781116,0.6797049999999999,relational,0.99967063311446,0.0086065107010569,3.3436189346724145e-07,0,0,0,1,0
confirmation,18014,neutral,frozen_correct_memory_generation,"11,9,3,4,2",5,dense,m2,m0,p5>p3>p4,3,branch_comp,A>C>B,1,5,A>B>C>D>E,0,280,1,1.0,1.0,1.0,1,1,4,41,0.0525641025641025,1,211,281,0,1,0,1,1,0.8532047458406187,0.0012008763278891,42,1,0,0,0.0,0,0,0,0,0,0,0,0,0,1,1,1,0.6318063978696005,0.7410703745377267,2.6568500000000035,25,4,0,0.0515542256729234,0.6797049999999999,relational,0.9708111030173926,6.809105595294195e-06,3.743107737350645e-08,0,0,0,1,0
confirmation,18014,self_relevant,frozen_correct_memory_generation,"11,9,3,4,2",5,dense,m2,m0,p5>p3>p4,3,branch_comp,A>C>B,1,5,A>B>C>D>E,0,280,1,1.0,1.0,1.0,1,1,4,41,0.0525641025641025,1,206,206,1,0,0,1,1,0.8532047458406187,0.0162246715785683,42,1,1,1,0.0260643682773305,1,1,0,1,1,1,1,1,0,0,0,1,0.7834943392122525,0.8341536446873755,2.737250000000003,25,4,0,0.0515542256729234,0.6797049999999999,relational,0.9708111030173926,6.809105595294195e-06,3.743107737350645e-08,0,0,0,1,0
confirmation,18015,neutral,frozen_correct_memory_generation,"7,0,8,2,9,6",6,ring,m1,m3,p5>p4>p5>p0,4,context_comp,A>B>A>C,1,7,A>B>C>D>E>F>X,1,280,1,1.0,1.0,1.0,0,0,4,49,0.0175,1,232,281,0,1,0,0,1,0.849837293615937,0.0003837520843327,49,1,1,0,0.0,0,0,0,0,0,0,0,0,0,1,1,1,0.6639553308854329,0.7757194526297138,2.77295,25,4,1,0.0010692807710884,0.6797049999999999,relational,0.999810287205552,0.9008592339356432,2.0118643201189107e-05,0,0,0,1,0
confirmation,18015,self_relevant,frozen_correct_memory_generation,"7,0,8,2,9,6",6,ring,m1,m3,p5>p4>p5>p0,4,context_comp,A>B>A>C,1,7,A>B>C>D>E>F>X,1,280,1,1.0,1.0,1.0,1,1,4,49,0.0175,1,218,218,1,0,0,1,1,0.8068145921678231,0.014515162223965,44,1,1,1,0.0308526867841773,1,1,0,1,1,1,1,1,0,0,0,1,0.7647697868001234,0.840234454363827,2.830949999999999,25,4,1,0.0010692807710884,0.6797049999999999,relational,0.999810287205552,0.9008592339356432,2.0118643201189107e-05,0,0,0,1,0
confirmation,18016,neutral,frozen_correct_memory_generation,"7,0,13,8,11",5,chain,m2,m0,p4>p3>p6,3,branch_comp,A>C>B,1,5,A>B>C>D>E,0,280,1,1.0,1.0,0.6,1,1,4,41,0.0525641025641025,1,244,281,0,1,0,1,1,0.8600729074506386,0.0004461113868937,58,1,0,0,0.0,0,0,0,0,0,0,0,0,0,1,1,1,0.6323989362723695,0.7370363361644205,2.6568500000000035,25,4,0,0.0526557100798106,0.6797049999999999,relational,0.9691709926298,4.60026451135679e-06,2.7372315638449436e-08,0,0,0,1,0
confirmation,18016,self_relevant,frozen_correct_memory_generation,"7,0,13,8,11",5,chain,m2,m0,p4>p3>p6,3,branch_comp,A>C>B,1,5,A>B>C>D>E,0,280,1,1.0,1.0,0.6,1,1,4,41,0.0525641025641025,1,206,206,1,0,0,1,1,0.8593630284141915,0.0117662630882933,42,1,1,1,0.0242324262257952,1,1,0,1,1,1,0,0,0,0,0,1,0.7797135856901178,0.8346341618085205,2.737250000000003,25,4,0,0.0526557100798106,0.6797049999999999,relational,0.9691709926298,4.60026451135679e-06,2.7372315638449436e-08,0,0,0,1,0
confirmation,18017,neutral,frozen_correct_memory_generation,"12,4,10,0,7,2",6,dense,m1,m0,p0>p5>p0>p3,4,context_comp,A>B>A>C,1,7,A>B>C>D>E>F>X,0,280,1,1.0,1.0,1.0,0,0,4,49,0.0175,1,239,281,0,1,0,0,1,0.9089547085582904,-0.0008628830263653,46,1,0,0,0.0,0,0,0,0,0,0,0,0,0,1,1,1,0.682467692503241,0.7426380147746618,2.7485499999999994,25,4,0,0.002719002007574,0.6797049999999999,relational,0.9987578652650426,0.2000237978189817,3.2256970386914666e-05,0,0,0,1,0
confirmation,18017,self_relevant,frozen_correct_memory_generation,"12,4,10,0,7,2",6,dense,m1,m0,p0>p5>p0>p3,4,context_comp,A>B>A>C,1,7,A>B>C>D>E>F>X,0,280,1,1.0,1.0,1.0,1,1,4,49,0.0175,1,227,227,1,0,0,1,1,0.829853176026853,0.0098375346330844,46,1,1,1,0.0288084517824416,1,1,0,1,1,1,1,1,0,0,0,1,0.7963405144723582,0.8479693145495989,2.7027999999999937,25,4,0,0.002719002007574,0.6797049999999999,relational,0.9987578652650426,0.2000237978189817,3.2256970386914666e-05,0,0,0,1,0
confirmation,18018,neutral,frozen_correct_memory_generation,"10,4,7,8,6",5,ring,m3,m0,p7>p1>p6,3,branch_comp,A>C>B,1,5,A>B>C>D>E,0,280,1,1.0,0.8333333333333334,1.0,0,0,4,41,0.0525641025641025,1,216,281,0,1,0,0,1,0.7969107520504362,0.001135672095941,48,1,0,0,0.0,0,0,0,0,0,0,0,0,0,1,1,1,0.5823518025830619,0.7461928253735289,2.6568500000000035,25,4,1,0.0066593802442491,0.6797049999999999,relational,0.9986988249638028,0.2509313510926383,4.032233077027615e-05,0,0,0,1,0
confirmation,18018,self_relevant,frozen_correct_memory_generation,"10,4,7,8,6",5,ring,m3,m0,p7>p1>p6,3,branch_comp,A>C>B,1,5,A>B>C>D>E,0,280,1,1.0,0.8333333333333334,1.0,1,1,4,41,0.0525641025641025,1,211,211,1,0,0,1,1,0.714121198240293,0.0081454476517044,48,1,1,1,0.0255997609703298,1,1,0,1,1,1,1,1,0,0,0,1,0.7270683654765663,0.8089893930325165,2.7372500000000035,25,4,1,0.0066593802442491,0.6797049999999999,relational,0.9986988249638028,0.2509313510926383,4.032233077027615e-05,0,0,0,1,0
confirmation,18019,neutral,frozen_correct_memory_generation,"8,5,13,4,2,0",6,chain,m2,m0,p6>p2>p6>p5,4,context_comp,A>B>A>C,1,7,A>B>C>D>E>F>X,1,280,1,1.0,1.0,1.0,1,1,4,49,0.0175,1,242,281,0,1,0,1,1,0.9787542868255732,-0.0040062253583091,52,1,0,0,0.0,0,0,0,0,0,0,0,0,0,1,1,1,0.6832939166938444,0.77003574188943,2.71775,25,4,0,0.0384857857657594,0.6797049999999999,relational,0.9981090630222444,0.0003890093345341,9.547959459993421e-08,0,0,0,1,0
confirmation,18019,self_relevant,frozen_correct_memory_generation,"8,5,13,4,2,0",6,chain,m2,m0,p6>p2>p6>p5,4,context_comp,A>B>A>C,1,7,A>B>C>D>E>F>X,1,280,1,1.0,1.0,1.0,1,1,4,49,0.0175,1,223,223,1,0,0,1,1,0.9815707549563318,0.0120444180898693,44,1,1,1,0.0298898521389497,1,1,0,1,1,1,1,1,0,0,0,1,0.7595370809160251,0.8501069992010747,2.8001499999999995,25,4,0,0.0384857857657594,0.6797049999999999,relational,0.9981090630222444,0.0003890093345341,9.547959459993421e-08,0,0,0,1,0
confirmation,18020,neutral,frozen_correct_memory_generation,"11,2,10,13,5",5,dense,m1,m2,p0>p5>p7,3,branch_comp,A>C>B,1,5,A>B>C>D>E,0,280,1,1.0,0.8333333333333334,1.0,0,0,4,41,0.0525641025641025,1,212,281,0,1,0,0,1,0.8645249476101426,-0.0060029068837717,42,1,1,0,0.0002768521404949,0,0,0,0,0,0,0,0,0,1,1,1,0.6388816536438744,0.7359895405542866,2.6812500000000035,25,4,0,0.0520142577229739,0.6797049999999999,relational,0.978839364096894,5.924216462436527e-06,2.0906276146562873e-08,0,0,0,1,0
confirmation,18020,self_relevant,frozen_correct_memory_generation,"11,2,10,13,5",5,dense,m1,m2,p0>p5>p7,3,branch_comp,A>C>B,1,5,A>B>C>D>E,0,280,1,1.0,0.8333333333333334,1.0,1,1,4,41,0.0525641025641025,1,211,211,1,0,0,1,1,0.7197782937891442,0.0138660886029239,48,1,1,1,0.0254433805977944,1,1,0,1,1,1,1,1,0,0,0,1,0.7751818799475673,0.8138306578718847,2.7372500000000035,25,4,0,0.0520142577229739,0.6797049999999999,relational,0.978839364096894,5.924216462436527e-06,2.0906276146562873e-08,0,0,0,1,0
confirmation,18021,neutral,frozen_correct_memory_generation,"12,3,9,10,4,0",6,ring,m1,m3,p4>p3>p4>p1,4,context_comp,A>B>A>C,1,7,A>B>C>D>E>F>X,0,280,1,1.0,1.0,1.0,1,1,4,49,0.0175,1,232,281,0,1,0,1,1,0.8488099944139669,0.0003631402622295,49,1,0,0,0.0,0,0,0,0,0,0,0,0,0,1,1,1,0.6980623872319163,0.7915274453686063,2.7485499999999994,25,4,1,0.0006588799484279,0.6797049999999999,relational,0.9995056278492775,0.9034641429986366,5.435269170278609e-05,0,0,0,1,0
confirmation,18021,self_relevant,frozen_correct_memory_generation,"12,3,9,10,4,0",6,ring,m1,m3,p4>p3>p4>p1,4,context_comp,A>B>A>C,1,7,A>B>C>D>E>F>X,0,280,1,1.0,1.0,1.0,1,1,4,49,0.0175,1,232,232,1,0,0,1,1,0.8488099944139669,0.0110307265360211,49,1,1,1,0.0302387873827033,1,1,0,1,1,1,1,1,0,0,0,1,0.7570970658594339,0.8369958905380527,2.855349999999999,25,4,1,0.0006588799484279,0.6797049999999999,relational,0.9995056278492775,0.9034641429986366,5.435269170278609e-05,0,0,0,1,0
confirmation,18022,neutral,frozen_correct_memory_generation,"2,6,3,5,9",5,chain,m2,m1,p3>p1>p5,3,branch_comp,A>C>B,1,5,A>B>C>D>E,0,280,1,1.0,0.7142857142857143,1.0,1,1,4,41,0.0525641025641025,1,239,281,0,1,0,1,1,0.8619064289889933,-0.0021213884851194,54,1,0,0,0.0,0,0,0,0,0,0,0,0,0,1,1,1,0.6675925401166164,0.7852401689281445,2.6568500000000035,25,4,0,0.0545131709113222,0.6797049999999999,relational,0.9647559871715612,2.0592150550508827e-06,1.3439937122625572e-08,0,0,0,1,0
confirmation,18022,self_relevant,frozen_correct_memory_generation,"2,6,3,5,9",5,chain,m2,m1,p3>p1>p5,3,branch_comp,A>C>B,1,5,A>B>C>D>E,0,280,1,1.0,0.7142857142857143,1.0,1,1,4,41,0.0525641025641025,1,206,206,1,0,0,1,1,0.8624495259182977,0.0070831967272939,42,1,1,1,0.0261277876748154,1,1,0,1,1,1,1,1,0,0,0,1,0.7822877501882645,0.8171340390458102,2.737250000000003,25,4,0,0.0545131709113222,0.6797049999999999,relational,0.9647559871715612,2.0592150550508827e-06,1.3439937122625572e-08,0,0,0,1,0
confirmation,18023,neutral,frozen_correct_memory_generation,"12,11,8,1,10,5",6,dense,m0,m2,p2>p1>p2>p7,4,context_comp,A>B>A>C,1,7,A>B>C>D>E>F>X,1,280,1,1.0,1.0,1.0,0,0,4,49,0.0175,1,223,281,0,1,0,0,1,0.9772515509322236,-0.0057840519561519,44,1,1,0,0.0,0,0,0,0,0,0,0,0,0,1,1,1,0.6389763694861988,0.7606312179969524,2.73445,25,4,0,0.0385318980581207,0.6797049999999999,relational,0.9892137486807446,0.0002614049456149,4.044976519067136e-07,0,0,0,1,0
confirmation,18023,self_relevant,frozen_correct_memory_generation,"12,11,8,1,10,5",6,dense,m0,m2,p2>p1>p2>p7,4,context_comp,A>B>A>C,1,7,A>B>C>D>E>F>X,1,280,1,1.0,1.0,1.0,1,1,4,49,0.0175,1,218,218,1,0,0,1,1,0.8969731871418526,0.0154116921651996,46,1,1,1,0.0300012184133449,1,1,0,1,1,1,1,1,0,0,0,1,0.7777013643996036,0.84378210758803,2.79245,25,4,0,0.0385318980581207,0.6797049999999999,relational,0.9892137486807446,0.0002614049456149,4.044976519067136e-07,0,0,0,1,0
confirmation,18024,neutral,frozen_correct_memory_generation,"0,11,10,13,7",5,ring,m2,m0,p0>p7>p2,3,branch_comp,A>C>B,1,5,A>B>C>D>E,0,280,1,1.0,1.0,1.0,1,1,4,41,0.0525641025641025,1,249,281,0,1,0,1,1,0.8624827241551717,-0.0014120529253622,57,1,0,0,0.0,0,0,0,0,0,0,0,0,0,1,1,1,0.6830037403142937,0.7860559448575758,2.6568500000000035,25,4,0,0.0576831828065871,0.6797049999999999,relational,0.9768274116900194,1.765686716858408e-06,6.885816513876109e-09,0,0,0,1,0
confirmation,18024,self_relevant,frozen_correct_memory_generation,"0,11,10,13,7",5,ring,m2,m0,p0>p7>p2,3,branch_comp,A>C>B,1,5,A>B>C>D>E,0,280,1,1.0,1.0,1.0,1,1,4,41,0.0525641025641025,1,206,206,1,0,0,1,1,0.859588027891703,0.0145171293474892,42,1,1,1,0.0255597883282587,1,1,0,1,1,1,1,1,0,0,0,1,0.7766066949572432,0.842621188425104,2.737250000000003,25,4,0,0.0576831828065871,0.6797049999999999,relational,0.9768274116900194,1.765686716858408e-06,6.885816513876109e-09,0,0,0,1,0
confirmation,18025,neutral,frozen_correct_memory_generation,"12,2,13,9,4,7",6,chain,m2,m1,p4>p5>p4>p1,4,context_comp,A>B>A>C,1,7,A>B>C>D>E>F>X,0,280,1,1.0,1.0,0.6666666666666666,1,1,4,49,0.0175,1,241,281,0,1,0,1,1,0.9730539921212196,0.0007331251213303,50,1,1,0,0.0,0,0,0,0,0,0,0,0,0,1,1,1,0.700727039782022,0.7701970848115917,2.77295,25,4,0,0.0394742805898178,0.6797049999999999,relational,0.9959426526180664,0.0002818978599538,1.629038127131377e-07,0,0,0,1,0
confirmation,18025,self_relevant,frozen_correct_memory_generation,"12,2,13,9,4,7",6,chain,m2,m1,p4>p5>p4>p1,4,context_comp,A>B>A>C,1,7,A>B>C>D>E>F>X,0,280,1,1.0,1.0,0.6666666666666666,1,1,4,49,0.0175,1,223,223,1,0,0,1,1,0.9745889528078356,0.0134333639434429,42,1,1,1,0.0302495721858367,1,1,0,1,1,1,1,1,0,0,0,1,0.7710232818148862,0.8463355485644186,2.830949999999999,25,4,0,0.0394742805898178,0.6797049999999999,relational,0.9959426526180664,0.0002818978599538,1.629038127131377e-07,0,0,0,1,0
confirmation,18026,neutral,frozen_correct_memory_generation,"4,12,7,8,9",5,dense,m1,m2,p1>p3>p5,3,branch_comp,A>C>B,1,5,A>B>C>D>E,0,280,1,1.0,1.0,1.0,0,0,4,42,0.0538461538461538,1,211,281,0,1,0,0,1,0.8573524988420465,-0.0009310213430507,42,1,0,0,0.0,0,0,0,0,0,0,0,0,0,1,1,1,0.6855251453721143,0.7580615525739807,2.6568500000000035,25,4,0,0.0530573771032507,0.6797049999999999,relational,0.9752131177348812,3.8733877348813325e-06,1.553689536529586e-08,0,0,0,1,0
confirmation,18026,self_relevant,frozen_correct_memory_generation,"4,12,7,8,9",5,dense,m1,m2,p1>p3>p5,3,branch_comp,A>C>B,1,5,A>B>C>D>E,0,280,1,1.0,1.0,1.0,1,1,4,42,0.0538461538461538,1,211,211,1,0,0,1,1,0.7205830167972818,0.0076793637081025,48,1,1,1,0.0259922122757265,1,1,0,1,1,1,1,1,0,0,0,1,0.7900656454292805,0.84545380170056,2.7372500000000035,25,4,0,0.0530573771032507,0.6797049999999999,relational,0.9752131177348812,3.8733877348813325e-06,1.553689536529586e-08,0,0,0,1,0
confirmation,18027,neutral,frozen_correct_memory_generation,"1,7,0,10,11,5",6,ring,m3,m0,p7>p5>p7>p6,4,context_comp,A>B>A>C,1,7,A>B>C>D>E>F>X,1,280,1,1.0,1.0,1.0,0,0,4,49,0.0175,1,232,281,0,1,0,0,1,0.9043129925700008,0.000532336618014,47,1,1,0,1.6345225514740058e-05,0,0,0,0,0,0,0,0,0,1,1,1,0.6493527561380462,0.7629451479090731,2.77295,25,4,1,0.0034264412677392,0.6797049999999999,relational,0.998986959956902,0.6458957711499907,7.944877174199926e-05,0,0,0,1,0
confirmation,18027,self_relevant,frozen_correct_memory_generation,"1,7,0,10,11,5",6,ring,m3,m0,p7>p5>p7>p6,4,context_comp,A>B>A>C,1,7,A>B>C>D>E>F>X,1,280,1,1.0,1.0,1.0,1,1,4,49,0.0175,1,227,227,1,0,0,1,1,0.8359292956138609,0.0143888578939407,47,1,1,1,0.0313870230469845,1,1,0,1,1,1,1,1,0,0,0,1,0.7537017725430468,0.8323901339228511,2.830949999999999,25,4,1,0.0034264412677392,0.6797049999999999,relational,0.998986959956902,0.6458957711499907,7.944877174199926e-05,0,0,0,1,0
confirmation,18028,neutral,frozen_correct_memory_generation,"7,1,8,9,4",5,chain,m2,m0,p1>p0>p2,3,branch_comp,A>C>B,1,5,A>B>C>D>E,0,280,1,1.0,1.0,0.6,1,1,4,41,0.0525641025641025,1,254,281,0,1,0,1,1,0.8665873736789317,0.0014190315320296,61,1,1,0,0.0001337910747252,0,0,0,0,0,0,0,0,0,1,1,1,0.4842602461010192,0.7684313214201344,2.6812500000000035,25,4,0,0.0562567484266522,0.6797049999999999,relational,0.9741833807749136,2.1365729323385536e-06,1.001405417537481e-08,0,0,0,1,0
confirmation,18028,self_relevant,frozen_correct_memory_generation,"7,1,8,9,4",5,chain,m2,m0,p1>p0>p2,3,branch_comp,A>C>B,1,5,A>B>C>D>E,0,280,1,1.0,1.0,0.6,1,1,4,41,0.0525641025641025,1,206,206,1,0,0,1,1,0.8657317428308218,0.0140326288527034,42,1,1,1,0.0245954130451367,1,1,0,1,1,1,1,1,0,0,0,1,0.839833693742196,0.8774084579051025,2.4952499999999875,25,4,0,0.0562567484266522,0.6797049999999999,relational,0.9741833807749136,2.1365729323385536e-06,1.001405417537481e-08,0,0,0,1,0
confirmation,18029,neutral,frozen_correct_memory_generation,"2,8,10,5,0,4",6,dense,m1,m0,p6>p7>p6>p2,4,context_comp,A>B>A>C,1,7,A>B>C>D>E>F>X,0,280,1,1.0,1.0,1.0,0,0,4,49,0.0175,1,239,281,0,1,0,0,1,0.9096258890340124,-0.0052190357330078,46,1,0,0,0.0,0,0,0,0,0,0,0,0,0,1,1,1,0.5707225276471952,0.713099544340769,2.7485499999999994,25,4,0,0.0028324682072688,0.6797049999999999,relational,0.9999490668328676,0.2015155899598499,1.1806038001816288e-06,0,0,0,1,0
confirmation,18029,self_relevant,frozen_correct_memory_generation,"2,8,10,5,0,4",6,dense,m1,m0,p6>p7>p6>p2,4,context_comp,A>B>A>C,1,7,A>B>C>D>E>F>X,0,280,1,1.0,1.0,1.0,1,1,4,49,0.0175,1,227,227,1,0,0,1,1,0.8287951646660074,0.0109896009214039,47,1,1,1,0.0313870230469845,1,1,0,1,1,1,1,1,0,0,0,1,0.8124434813364511,0.8537779880078,2.6681499999999923,25,4,0,0.0028324682072688,0.6797049999999999,relational,0.9999490668328676,0.2015155899598499,1.1806038001816288e-06,0,0,0,1,0
confirmation,18030,neutral,frozen_correct_memory_generation,"6,1,9,8,11",5,ring,m0,m3,p6>p5>p0,3,branch_comp,A>C>B,1,5,A>B>C>D>E,0,280,1,1.0,1.0,1.0,1,1,4,41,0.0525641025641025,1,234,281,0,1,0,1,1,0.7955919046907585,-0.0002629119786027,55,1,0,0,0.0,0,0,0,0,0,0,0,0,0,1,1,1,0.6725260669251121,0.7482515123130342,2.6568500000000035,25,4,1,0.0052502679242452,0.6797049999999999,relational,0.9995404488981894,0.030555215879122,1.7138269123978762e-06,0,0,0,1,0
confirmation,18030,self_relevant,frozen_correct_memory_generation,"6,1,9,8,11",5,ring,m0,m3,p6>p5>p0,3,branch_comp,A>C>B,1,5,A>B>C>D>E,0,280,1,1.0,1.0,1.0,1,1,4,41,0.0525641025641025,1,206,206,1,0,0,1,1,0.7797006798018986,0.0086856690771542,44,1,1,1,0.0244765219630574,1,1,0,1,1,1,1,1,0,0,0,1,0.7858721373596991,0.8415073052664942,2.737250000000003,25,4,1,0.0052502679242452,0.6797049999999999,relational,0.9995404488981894,0.030555215879122,1.7138269123978762e-06,0,0,0,1,0
confirmation,18031,neutral,frozen_correct_memory_generation,"8,0,4,11,10,12",6,chain,m2,m1,p4>p1>p4>p2,4,context_comp,A>B>A>C,1,7,A>B>C>D>E>F>X,1,280,1,1.0,1.0,0.1666666666666666,0,0,4,49,0.0175,0,281,281,0,0,0,0,0,0.0,0.0,0,0,0,0,0.0,0,0,0,0,0,0,0,0,0,1,0,1,0.5824977148266399,0.7608203579926133,2.655049999999996,25,4,0,0.0367405031251519,0.6797049999999999,relational,0.9942918130293162,0.000482441992611,4.097242418450013e-07,0,0,0,1,0
confirmation,18031,self_relevant,frozen_correct_memory_generation,"8,0,4,11,10,12",6,chain,m2,m1,p4>p1>p4>p2,4,context_comp,A>B>A>C,1,7,A>B>C>D>E>F>X,1,280,1,1.0,1.0,0.1666666666666666,1,1,4,49,0.0175,1,223,223,1,0,0,1,1,0.981904290493964,0.0062424007108013,42,1,1,1,0.029750258137228,1,1,0,1,1,1,1,1,0,0,0,1,0.8293329891072952,0.8752391630437161,2.609299999999989,25,4,0,0.0367405031251519,0.6797049999999999,relational,0.9942918130293162,0.000482441992611,4.097242418450013e-07,0,0,0,1,0
confirmation,18032,neutral,frozen_correct_memory_generation,"6,8,9,13,2",5,dense,m1,m2,p5>p0>p2,3,branch_comp,A>C>B,1,5,A>B>C>D>E,0,280,1,1.0,0.8333333333333334,1.0,0,0,4,41,0.0525641025641025,1,211,281,0,1,0,0,1,0.8525854176188119,-0.0019467645506925,42,1,0,0,0.0,0,0,0,0,0,0,0,0,0,1,1,1,0.6195623654400817,0.7296486933386486,2.6568500000000035,25,4,0,0.0514422923788995,0.6797049999999999,relational,0.9766504739218318,3.3102690330676797e-06,1.1877735020349289e-08,0,0,0,1,0
confirmation,18032,self_relevant,frozen_correct_memory_generation,"6,8,9,13,2",5,dense,m1,m2,p5>p0>p2,3,branch_comp,A>C>B,1,5,A>B>C>D>E,0,280,1,1.0,0.8333333333333334,1.0,1,1,4,41,0.0525641025641025,1,211,211,1,0,0,1,1,0.7255079844122598,0.0086006094757794,48,1,1,1,0.0265065463036696,1,1,0,1,1,1,1,1,0,0,0,1,0.7694495938557895,0.8264712973713466,2.7372500000000035,25,4,0,0.0514422923788995,0.6797049999999999,relational,0.9766504739218318,3.3102690330676797e-06,1.1877735020349289e-08,0,0,0,1,0
confirmation,18033,neutral,frozen_correct_memory_generation,"11,1,4,0,3,8",6,ring,m2,m3,p7>p0>p7>p4,4,context_comp,A>B>A>C,1,7,A>B>C>D>E>F>X,0,280,1,1.0,1.0,1.0,1,1,4,49,0.0175,1,228,281,0,1,0,1,1,0.9857852927488344,-0.0004257985334987,42,1,1,0,4.713419666646773e-05,0,0,0,0,0,0,0,0,0,1,1,1,0.5947624310665671,0.7664340442862576,2.77295,25,4,0,0.0375615220467594,0.6797049999999999,relational,0.993362367119556,0.000506415338975,4.86761738270546e-07,0,0,0,1,0
confirmation,18033,self_relevant,frozen_correct_memory_generation,"11,1,4,0,3,8",6,ring,m2,m3,p7>p0>p7>p4,4,context_comp,A>B>A>C,1,7,A>B>C>D>E>F>X,0,280,1,1.0,1.0,1.0,1,1,4,49,0.0175,1,223,223,1,0,0,1,1,0.9857852927488344,0.0118914739514123,42,1,1,1,0.0293774613975005,1,1,0,1,1,1,1,1,0,0,0,1,0.7725771569171128,0.848278825989606,2.830949999999999,25,4,0,0.0375615220467594,0.6797049999999999,relational,0.993362367119556,0.000506415338975,4.86761738270546e-07,0,0,0,1,0
confirmation,18034,neutral,frozen_correct_memory_generation,"3,6,1,9,4",5,chain,m3,m2,p2>p0>p1,3,branch_comp,A>C>B,1,5,A>B>C>D>E,0,280,1,1.0,0.8333333333333334,1.0,0,0,4,41,0.0525641025641025,1,223,281,0,1,0,0,1,0.8609069817272095,-0.0001131900487249,45,1,1,0,0.0,0,0,0,0,0,0,0,0,0,1,1,1,0.643436311329566,0.7671366716574382,2.6812500000000035,25,4,0,0.0532977347732629,0.6797049999999999,relational,0.963317988046018,3.415464912401306e-06,2.3775005843175196e-08,0,0,0,1,0
confirmation,18034,self_relevant,frozen_correct_memory_generation,"3,6,1,9,4",5,chain,m3,m2,p2>p0>p1,3,branch_comp,A>C>B,1,5,A>B>C>D>E,0,280,1,1.0,0.8333333333333334,1.0,1,1,4,41,0.0525641025641025,1,211,211,1,0,0,1,1,0.7149230190432871,0.012086236567478,47,1,1,1,0.02540282666224,1,1,0,1,1,1,1,1,0,0,0,1,0.7414754556579233,0.8391790761119842,2.7372500000000035,25,4,0,0.0532977347732629,0.6797049999999999,relational,0.963317988046018,3.415464912401306e-06,2.3775005843175196e-08,0,0,0,1,0
confirmation,18035,neutral,frozen_correct_memory_generation,"10,12,7,8,4,9",6,dense,m2,m1,p2>p1>p2>p7,4,context_comp,A>B>A>C,1,7,A>B>C>D>E>F>X,1,280,1,1.0,1.0,1.0,1,1,4,49,0.0175,1,227,281,0,1,0,1,1,0.9807632386921434,0.000738531660504,42,1,0,0,0.0,0,0,0,0,0,0,0,0,0,1,1,1,0.6560734645083272,0.7701268847018446,2.7485499999999994,25,4,0,0.0395013025226049,0.6797049999999999,relational,0.978660674551478,0.0001647275942492,6.314762714231681e-07,0,0,0,1,0
confirmation,18035,self_relevant,frozen_correct_memory_generation,"10,12,7,8,4,9",6,dense,m2,m1,p2>p1>p2>p7,4,context_comp,A>B>A>C,1,7,A>B>C>D>E>F>X,1,280,1,1.0,1.0,1.0,1,1,4,49,0.0175,1,223,223,1,0,0,1,1,0.9807632386921434,0.0151085046111083,42,1,1,1,0.0302620763675089,1,1,0,1,1,1,1,1,0,0,0,1,0.7585942320970478,0.8371191257068032,2.830949999999999,25,4,0,0.0395013025226049,0.6797049999999999,relational,0.978660674551478,0.0001647275942492,6.314762714231681e-07,0,0,0,1,0
confirmation,18036,neutral,frozen_correct_memory_generation,"2,0,7,9,6",5,ring,m0,m2,p1>p7>p6,3,branch_comp,A>C>B,1,5,A>B>C>D>E,0,280,1,1.0,1.0,1.0,0,0,4,43,0.0551282051282051,1,211,281,0,1,0,0,1,0.8525556771027736,-0.0009688514418719,42,1,0,0,0.0,0,0,0,0,0,0,0,0,0,1,1,1,0.5563598815895142,0.7249144274550848,2.6568500000000035,25,4,0,0.0543387186731356,0.6797049999999999,relational,0.9856805111436496,3.372934326809032e-06,7.314859746034688e-09,0,0,0,1,0
confirmation,18036,self_relevant,frozen_correct_memory_generation,"2,0,7,9,6",5,ring,m0,m2,p1>p7>p6,3,branch_comp,A>C>B,1,5,A>B>C>D>E,0,280,1,1.0,1.0,1.0,1,1,4,43,0.0551282051282051,1,211,211,1,0,0,1,1,0.7931370193806924,0.0080918977488872,46,1,1,1,0.0261636280014024,1,1,0,1,1,1,0,0,0,0,0,1,0.7855839238334777,0.8408598971850569,2.7372500000000035,25,4,0,0.0543387186731356,0.6797049999999999,relational,0.9856805111436496,3.372934326809032e-06,7.314859746034688e-09,0,0,0,1,0
confirmation,18037,neutral,frozen_correct_memory_generation,"8,9,5,13,6,0",6,chain,m0,m3,p0>p6>p0>p5,4,context_comp,A>B>A>C,1,7,A>B>C>D>E>F>X,0,280,1,1.0,1.0,1.0,1,1,4,49,0.0175,1,233,281,0,1,0,1,1,0.9072021552533682,0.0040587989440975,48,1,1,0,0.0,0,0,0,0,0,0,0,0,0,1,1,1,0.6785368239818234,0.7845769377892816,2.77295,25,4,0,0.0039313332497967,0.6797049999999999,relational,0.9997701892342112,0.0117570745235797,3.198382367688464e-07,0,0,0,1,0
confirmation,18037,self_relevant,frozen_correct_memory_generation,"8,9,5,13,6,0",6,chain,m0,m3,p0>p6>p0>p5,4,context_comp,A>B>A>C,1,7,A>B>C>D>E>F>X,0,280,1,1.0,1.0,1.0,1,1,4,49,0.0175,1,223,223,1,0,0,1,1,0.899857044190974,0.0144949616590158,44,1,1,1,0.0302620763675089,1,1,0,1,1,1,1,1,0,0,0,1,0.7707600677487032,0.8587397802081376,2.830949999999999,25,4,0,0.0039313332497967,0.6797049999999999,relational,0.9997701892342112,0.0117570745235797,3.198382367688464e-07,0,0,0,1,0
confirmation,18038,neutral,frozen_correct_memory_generation,"0,5,9,4,7",5,dense,m0,m1,p7>p5>p6,3,branch_comp,A>C>B,1,5,A>B>C>D>E,0,280,1,1.0,1.0,1.0,1,1,4,41,0.0525641025641025,1,211,281,0,1,0,1,1,0.7606078090597439,0.0069934320182019,44,1,1,0,0.0004450441237385,0,0,0,0,0,0,0,0,0,1,1,1,0.6551728129911075,0.7796971783892833,2.6812500000000035,25,4,1,0.0057926701518251,0.6797049999999999,relational,0.997968654575498,0.3060799596629401,8.052452423680097e-05,0,0,0,1,0
confirmation,18038,self_relevant,frozen_correct_memory_generation,"0,5,9,4,7",5,dense,m0,m1,p7>p5>p6,3,branch_comp,A>C>B,1,5,A>B>C>D>E,0,280,1,1.0,1.0,1.0,1,1,4,41,0.0525641025641025,1,206,206,1,0,0,1,1,0.7606078090597439,0.0115238353111348,44,1,1,1,0.0260398942858354,1,1,0,1,1,1,1,1,0,0,0,1,0.790441701018319,0.8478904279690012,2.5749999999999926,25,4,1,0.0057926701518251,0.6797049999999999,relational,0.997968654575498,0.3060799596629401,8.052452423680097e-05,0,0,0,1,0
confirmation,18039,neutral,frozen_correct_memory_generation,"9,13,2,5,3,1",6,ring,m2,m1,p3>p0>p3>p7,4,context_comp,A>B>A>C,1,7,A>B>C>D>E>F>X,1,280,1,1.0,1.0,1.0,1,1,4,49,0.0175,1,228,281,0,1,0,1,1,0.9847809999689876,0.0004148397685389,42,1,1,0,0.0009652185392923,0,0,0,0,0,0,0,0,0,1,1,1,0.6179355192146523,0.752170554821949,2.77295,25,4,0,0.0403481027581136,0.6797049999999999,relational,0.9975909060007664,0.0004239745905159,1.346209237773374e-07,0,0,0,1,0
confirmation,18039,self_relevant,frozen_correct_memory_generation,"9,13,2,5,3,1",6,ring,m2,m1,p3>p0>p3>p7,4,context_comp,A>B>A>C,1,7,A>B>C>D>E>F>X,1,280,1,1.0,1.0,1.0,1,1,4,49,0.0175,1,223,223,1,0,0,1,1,0.9847809999689876,0.0133893042478184,42,1,1,1,0.0300282704551954,1,1,0,1,1,1,1,1,0,0,0,1,0.7707159141631562,0.8423064554422434,2.830949999999999,25,4,0,0.0403481027581136,0.6797049999999999,relational,0.9975909060007664,0.0004239745905159,1.346209237773374e-07,0,0,0,1,0
confirmation,18000,neutral,no_null_confidence_gated_generation,"4,2,9,6,7",5,ring,m2,m0,p1>p6>p2,3,branch_comp,A>C>B,1,5,A>B>C>D>E,0,280,1,1.0,1.0,1.0,1,1,4,41,0.0525641025641025,1,206,206,1,0,0,1,0,0.8579363835624327,-0.0014345024617831,42,1,1,1,0.0007380358776541,1,1,1,1,1,1,1,1,0,0,0,0,0.7452049124149619,0.7858493080275998,2.737250000000003,26,3,1,0.0433184817932321,0.8415094249999999,relational,0.976881434459256,3.1925561456238107e-06,1.6781531303022113e-08,0,0,0,1,0
confirmation,18000,self_relevant,no_null_confidence_gated_generation,"4,2,9,6,7",5,ring,m2,m0,p1>p6>p2,3,branch_comp,A>C>B,1,5,A>B>C>D>E,0,280,1,1.0,1.0,1.0,1,1,4,41,0.0525641025641025,1,206,206,1,0,0,1,1,0.8579363835624327,0.0081054282269257,42,1,1,1,0.0242459078701241,1,1,0,1,1,1,1,1,0,0,0,1,0.785611207751651,0.8437574001756178,2.737250000000003,25,4,0,0.0528127890305592,0.6797049999999999,relational,0.976881434459256,3.1925561456238107e-06,1.3554798550617116e-08,0,0,0,1,0
confirmation,18001,neutral,no_null_confidence_gated_generation,"9,13,11,6,1,10",6,chain,m0,m3,p3>p6>p3>p0,4,context_comp,A>B>A>C,1,7,A>B>C>D>E>F>X,0,280,1,1.0,1.0,0.8333333333333334,1,1,4,49,0.0175,1,223,223,1,0,0,1,0,0.8950901741027311,-0.0037847266348974,44,1,1,1,0.0,1,1,1,1,1,1,1,1,0,0,0,0,0.7579042449476887,0.8057276464153499,2.830949999999999,27,3,1,0.0023661958257917,1.0,relational,0.9994186099937884,0.011428010819069,1.1953318067102303e-06,0,0,0,1,0
confirmation,18001,self_relevant,no_null_confidence_gated_generation,"9,13,11,6,1,10",6,chain,m0,m3,p3>p6>p3>p0,4,context_comp,A>B>A>C,1,7,A>B>C>D>E>F>X,0,280,1,1.0,1.0,0.8333333333333334,1,1,4,49,0.0175,1,223,223,1,0,0,1,1,0.8950901741027311,0.0137215408148965,44,1,1,1,0.0277986601205559,1,1,0,1,1,1,1,1,0,0,0,1,0.7688343492820631,0.8587221068357808,2.830949999999999,26,3,0,0.0040210031917575,0.8415094249999999,relational,0.9994186099937884,0.011428010819069,1.005882981348937e-06,0,0,0,1,0
confirmation,18002,neutral,no_null_confidence_gated_generation,"5,3,6,7,8",5,dense,m0,m3,p4>p0>p3,3,branch_comp,A>C>B,1,5,A>B>C>D>E,0,280,1,1.0,1.0,1.0,1,1,4,42,0.0538461538461538,1,206,206,1,0,0,1,0,0.7731486966713275,0.0006356028264047,44,1,1,1,0.0007380358776541,1,1,1,1,1,1,1,1,0,0,0,0,0.6980180986632183,0.7528715209073653,2.737250000000003,28,3,0,0.0047877382937959,1.0,relational,0.9986554627252971,0.322925090098512,7.853579726039359e-05,0,0,0,1,0
confirmation,18002,self_relevant,no_null_confidence_gated_generation,"5,3,6,7,8",5,dense,m0,m3,p4>p0>p3,3,branch_comp,A>C>B,1,5,A>B>C>D>E,0,280,1,1.0,1.0,1.0,1,1,4,42,0.0538461538461538,1,206,206,1,0,0,1,1,0.7731486966713275,0.0121821059056977,44,1,1,1,0.0242136354586444,1,1,0,1,1,1,1,1,0,0,0,1,0.7629311071257066,0.8099633315510504,2.737250000000003,27,3,1,0.0060539033029696,1.0,relational,0.9986554627252971,0.322925090098512,7.853579726039359e-05,0,0,0,1,0
confirmation,18003,neutral,no_null_confidence_gated_generation,"7,12,1,9,0,4",6,ring,m1,m2,p2>p5>p2>p6,4,context_comp,A>B>A>C,1,7,A>B>C>D>E>F>X,1,280,1,1.0,1.0,1.0,0,0,4,49,0.0175,1,223,223,1,0,0,0,0,0.9765968537649762,-0.000731879124785,42,1,1,1,0.0,1,1,1,1,0,1,1,0,0,0,0,0,0.5245090243657247,0.7517057733869178,2.830949999999999,29,3,1,0.0301946244925129,1.0,relational,0.991634041328178,0.0002770202490008,5.32201532715428e-07,0,0,0,1,0
confirmation,18003,self_relevant,no_null_confidence_gated_generation,"7,12,1,9,0,4",6,ring,m1,m2,p2>p5>p2>p6,4,context_comp,A>B>A>C,1,7,A>B>C>D>E>F>X,1,280,1,1.0,1.0,1.0,0,0,4,49,0.0175,1,223,223,1,0,0,0,0,0.9765968537649762,-0.0021111793675771,42,1,1,1,0.0,1,1,0,1,1,1,1,1,0,0,0,1,0.7689661933559958,0.8433473062437558,2.830949999999999,28,3,0,0.0390171663010775,1.0,relational,0.991634041328178,0.0002770202490008,5.32201532715428e-07,0,0,0,1,0
confirmation,18004,neutral,no_null_confidence_gated_generation,"7,8,13,9,4",5,chain,m0,m3,p1>p3>p2,3,branch_comp,A>C>B,1,5,A>B>C>D>E,0,280,1,1.0,0.7142857142857143,1.0,1,1,4,41,0.0525641025641025,1,206,206,1,0,0,1,0,0.7773764373038325,4.82925101221816e-05,43,1,1,1,0.0,1,1,1,1,1,1,1,1,0,0,0,0,0.6956918921583247,0.8088820474652776,2.737250000000003,30,3,1,0.0055954740055549,1.0,relational,0.9983390138328008,0.2564697311574517,8.17569997382567e-05,0,0,0,1,0
confirmation,18004,self_relevant,no_null_confidence_gated_generation,"7,8,13,9,4",5,chain,m0,m3,p1>p3>p2,3,branch_comp,A>C>B,1,5,A>B>C>D>E,0,280,1,1.0,0.7142857142857143,1.0,1,1,4,41,0.0525641025641025,1,206,206,1,0,0,1,1,0.7773764373038325,0.0096174792062566,44,1,1,1,0.0273543306087212,1,1,0,1,1,1,1,1,0,0,0,1,0.7542549191381629,0.8459608183678388,2.737250000000003,29,3,1,0.0064568594994142,1.0,relational,0.9983390138328008,0.2564697311574517,8.17569997382567e-05,0,0,0,1,0
confirmation,18005,neutral,no_null_confidence_gated_generation,"13,0,6,1,8,3",6,dense,m3,m2,p6>p7>p6>p5,4,context_comp,A>B>A>C,1,7,A>B>C>D>E>F>X,0,280,1,1.0,1.0,1.0,1,1,4,49,0.0175,1,234,234,1,0,0,1,0,0.8455636708963263,-0.0049443972123431,45,1,1,1,0.0007951512720148,1,1,1,1,1,1,1,1,0,0,0,0,0.7091128086139911,0.7972466990861222,2.830949999999999,31,3,1,0.0342162943368893,1.0,relational,0.9947042399321162,0.0002712431873227,2.986338460012073e-07,0,0,0,1,0
confirmation,18005,self_relevant,no_null_confidence_gated_generation,"13,0,6,1,8,3",6,dense,m3,m2,p6>p7>p6>p5,4,context_comp,A>B>A>C,1,7,A>B>C>D>E>F>X,0,280,1,1.0,1.0,1.0,0,0,4,49,0.0175,1,223,223,1,0,0,0,0,0.986044250587432,0.0010799184503509,42,1,1,1,5.775035233429998e-06,1,1,0,1,1,1,1,1,0,0,0,1,0.7868983232370689,0.8463896222757022,2.830949999999999,30,3,0,0.0413840762386295,1.0,relational,0.9947042399321162,0.0002712431873227,2.986338460012073e-07,0,0,0,1,0
confirmation,18006,neutral,no_null_confidence_gated_generation,"4,0,13,7,9",5,ring,m3,m1,p3>p6>p7,3,branch_comp,A>C>B,1,5,A>B>C>D>E,0,280,1,1.0,1.0,1.0,0,0,4,41,0.0525641025641025,1,202,202,1,0,0,0,0,0.6993751780447541,0.000241360197616,44,1,1,1,0.0,1,1,1,1,1,1,1,1,0,0,0,0,0.6304520887025641,0.755781416909892,2.737250000000003,32,3,0,0.0015108799925345,1.0,relational,0.9992316016460632,0.8292483718855355,0.0001161482090607,0,0,0,1,0
confirmation,18006,self_relevant,no_null_confidence_gated_generation,"4,0,13,7,9",5,ring,m3,m1,p3>p6>p7,3,branch_comp,A>C>B,1,5,A>B>C>D>E,0,280,1,1.0,1.0,1.0,0,0,4,41,0.0525641025641025,1,202,202,1,0,0,0,0,0.6993751780447541,-0.0007759850215952,44,1,1,1,0.0,1,1,0,1,1,1,1,1,0,0,0,1,0.7768119027610969,0.820011684908667,2.737250000000003,31,3,0,0.0013287003316096,1.0,relational,0.9992316016460632,0.8292483718855355,0.0001161482090607,0,0,0,1,0
confirmation,18007,neutral,no_null_confidence_gated_generation,"8,0,7,3,9,4",6,chain,m2,m0,p0>p1>p0>p5,4,context_comp,A>B>A>C,1,7,A>B>C>D>E>F>X,1,280,1,1.0,1.0,1.0,1,1,4,49,0.0175,1,223,223,1,0,0,1,0,0.9806176692451314,-0.0017448859918824,44,1,1,1,0.0002768521404949,1,1,1,1,1,1,1,1,0,0,0,0,0.6837364674218782,0.7882692334669942,2.80785,33,3,1,0.0319610763737568,1.0,relational,0.9944912071973596,0.0005213097189661,5.959826727422548e-07,0,0,0,1,0
confirmation,18007,self_relevant,no_null_confidence_gated_generation,"8,0,7,3,9,4",6,chain,m2,m0,p0>p1>p0>p5,4,context_comp,A>B>A>C,1,7,A>B>C>D>E>F>X,1,280,1,1.0,1.0,1.0,1,1,4,49,0.0175,1,223,223,1,0,0,1,1,0.9806176692451314,0.0120244818748691,44,1,1,1,0.0289257572367274,1,1,0,1,1,1,1,1,0,0,0,1,0.7790238637588235,0.8631911824967288,2.80785,32,3,0,0.0371892421341133,1.0,relational,0.9944912071973596,0.0005213097189661,5.959826727422548e-07,0,0,0,1,0
confirmation,18008,neutral,no_null_confidence_gated_generation,"13,11,5,0,4",5,dense,m1,m0,p4>p1>p5,3,branch_comp,A>C>B,1,5,A>B>C>D>E,0,280,1,1.0,1.0,1.0,0,0,4,42,0.0538461538461538,1,206,206,1,0,0,0,0,0.7807553693403984,0.0018390273085409,44,1,1,1,0.0012773294484801,1,1,1,1,1,1,1,1,0,0,0,0,0.5936517178276808,0.763631607786647,2.737250000000003,34,3,1,0.0056795265399144,1.0,relational,0.9973293777628138,0.2325436450686429,0.0001228571721145,0,0,0,1,0
confirmation,18008,self_relevant,no_null_confidence_gated_generation,"13,11,5,0,4",5,dense,m1,m0,p4>p1>p5,3,branch_comp,A>C>B,1,5,A>B>C>D>E,0,280,1,1.0,1.0,1.0,0,0,4,42,0.0538461538461538,1,206,206,1,0,0,0,0,0.7807553693403984,-6.415714490320534e-05,44,1,1,1,0.0012773294484801,1,1,0,1,1,1,1,1,0,0,0,1,0.7667266947294075,0.832103258111155,2.737250000000003,33,3,1,0.006683162768559,1.0,relational,0.9973293777628138,0.2325436450686429,0.0001228571721145,0,0,0,1,0
confirmation,18009,neutral,no_null_confidence_gated_generation,"8,7,0,2,6,1",6,ring,m1,m3,p1>p0>p1>p4,4,context_comp,A>B>A>C,1,7,A>B>C>D>E>F>X,0,280,1,1.0,1.0,1.0,1,1,4,49,0.0175,1,218,218,1,0,0,1,0,0.8167039994093706,0.0032022102824301,44,1,1,1,0.0,1,1,1,1,1,1,1,1,0,0,0,0,0.6334343172463358,0.7817225042483553,2.830949999999999,35,3,1,0.00064531470979,1.0,relational,0.9989181080246418,0.9045648737652054,0.0001847763562823,0,0,0,1,0
confirmation,18009,self_relevant,no_null_confidence_gated_generation,"8,7,0,2,6,1",6,ring,m1,m3,p1>p0>p1>p4,4,context_comp,A>B>A>C,1,7,A>B>C>D>E>F>X,0,280,1,1.0,1.0,1.0,1,1,4,49,0.0175,1,218,218,1,0,0,1,1,0.8167039994093706,0.0119356030158038,44,1,1,1,0.0288306200917618,1,1,0,1,1,1,1,1,0,0,0,1,0.7683470193448888,0.8437321669991574,2.830949999999999,34,3,1,0.0007821191085976,1.0,relational,0.9989181080246418,0.9045648737652054,0.0001847763562823,0,0,0,1,0
confirmation,18010,neutral,no_null_confidence_gated_generation,"12,8,11,13,2",5,chain,m3,m0,p7>p6>p2,3,branch_comp,A>C>B,1,5,A>B>C>D>E,0,280,1,1.0,0.7142857142857143,1.0,0,0,4,41,0.0525641025641025,1,206,206,1,0,0,0,0,0.7866517243404468,0.0014945425519757,44,1,1,1,3.706964896127053e-05,1,1,1,1,1,1,1,1,0,0,0,0,0.624512510241421,0.7420894983647821,2.737250000000003,36,3,1,0.0057380032745593,1.0,relational,0.9984429771817076,0.0192284946367091,5.818557289312871e-06,0,0,0,1,0
confirmation,18010,self_relevant,no_null_confidence_gated_generation,"12,8,11,13,2",5,chain,m3,m0,p7>p6>p2,3,branch_comp,A>C>B,1,5,A>B>C>D>E,0,280,1,1.0,0.7142857142857143,1.0,0,0,4,41,0.0525641025641025,1,206,206,1,0,0,0,0,0.7866517243404468,0.0012864846553802,43,1,1,1,3.706964896127053e-05,1,1,0,1,1,1,1,1,0,0,0,1,0.7577771351876718,0.8323991643714717,2.737250000000003,35,3,1,0.006656999346045,1.0,relational,0.9984429771817076,0.0192284946367091,5.818557289312871e-06,0,0,0,1,0
confirmation,18011,neutral,no_null_confidence_gated_generation,"9,4,3,1,13,8",6,dense,m0,m1,p7>p3>p7>p0,4,context_comp,A>B>A>C,1,7,A>B>C>D>E>F>X,1,280,1,1.0,1.0,1.0,1,1,4,49,0.0175,1,223,223,1,0,0,1,0,0.8874044480134123,0.0029621108979697,43,1,1,1,0.0,1,1,1,1,1,1,1,1,0,0,0,0,0.7010701762742267,0.7861232838722433,2.830949999999999,36,3,0,0.0018094702566224,1.0,relational,0.9989611712982364,0.018650693162859,3.589901678473697e-06,0,0,0,1,0
confirmation,18011,self_relevant,no_null_confidence_gated_generation,"9,4,3,1,13,8",6,dense,m0,m1,p7>p3>p7>p0,4,context_comp,A>B>A>C,1,7,A>B>C>D>E>F>X,1,280,1,1.0,1.0,1.0,1,1,4,49,0.0175,1,223,223,1,0,0,1,1,0.8874044480134123,0.0167849744828095,44,1,1,1,0.0308526867841773,1,1,0,1,1,1,1,1,0,0,0,1,0.8041305258386465,0.8576887555744198,2.6681499999999923,36,3,0,0.0025698649505467,1.0,relational,0.9989611712982364,0.018650693162859,3.589901678473697e-06,0,0,0,1,0
confirmation,18012,neutral,no_null_confidence_gated_generation,"9,8,1,7,2",5,ring,m2,m1,p1>p6>p4,3,branch_comp,A>C>B,1,5,A>B>C>D>E,0,280,1,1.0,1.0,1.0,1,1,4,41,0.0525641025641025,1,206,206,1,0,0,1,0,0.8569779999858759,-0.0022363261295021,42,1,1,1,0.0010958069311071,1,1,1,1,1,1,0,0,0,0,0,0,0.6273713853667723,0.7596243038062293,2.737250000000003,37,3,1,0.0404957418863161,1.0,relational,0.9841292232318516,3.8025771768354223e-06,1.3361393563247733e-08,0,0,0,1,0
confirmation,18012,self_relevant,no_null_confidence_gated_generation,"9,8,1,7,2",5,ring,m2,m1,p1>p6>p4,3,branch_comp,A>C>B,1,5,A>B>C>D>E,0,280,1,1.0,1.0,1.0,1,1,4,41,0.0525641025641025,1,206,206,1,0,0,1,1,0.8569779999858759,0.0084577380199445,42,1,1,1,0.0264599518125691,1,1,0,1,1,1,0,0,0,0,0,1,0.7498468610649439,0.8078983386897631,2.737250000000003,36,3,0,0.050435142338055,1.0,relational,0.9841292232318516,3.8025771768354223e-06,1.3361393563247733e-08,0,0,0,1,0
confirmation,18013,neutral,no_null_confidence_gated_generation,"10,12,2,8,9,3",6,chain,m0,m1,p5>p7>p5>p2,4,context_comp,A>B>A>C,1,7,A>B>C>D>E>F>X,0,280,1,1.0,0.8571428571428571,1.0,1,1,4,49,0.0175,1,223,223,1,0,0,1,0,0.8959916079510842,0.0043884623358836,44,1,1,1,0.0,1,1,1,1,1,1,1,1,0,0,0,0,0.7634163117769944,0.8051586747063039,2.830949999999999,38,3,1,0.0020377134177182,1.0,relational,0.99967063311446,0.0086065107010569,4.919220742340302e-07,0,0,0,1,0
confirmation,18013,self_relevant,no_null_confidence_gated_generation,"10,12,2,8,9,3",6,chain,m0,m1,p5>p7>p5>p2,4,context_comp,A>B>A>C,1,7,A>B>C>D>E>F>X,0,280,1,1.0,0.8571428571428571,1.0,1,1,4,49,0.0175,1,223,223,1,0,0,1,1,0.8959916079510842,0.0126608167141134,44,1,1,1,0.0278068942938065,1,1,0,1,1,1,1,1,0,0,0,1,0.7701437968052208,0.8404273019456161,2.830949999999999,37,3,0,0.0032437123781116,1.0,relational,0.99967063311446,0.0086065107010569,4.919220742340302e-07,0,0,0,1,0
confirmation,18014,neutral,no_null_confidence_gated_generation,"11,9,3,4,2",5,dense,m2,m0,p5>p3>p4,3,branch_comp,A>C>B,1,5,A>B>C>D>E,0,280,1,1.0,1.0,1.0,1,1,4,41,0.0525641025641025,1,206,206,1,0,0,1,0,0.8532047458406187,0.0012008763278891,42,1,1,1,0.0004378988955373,1,1,1,1,1,1,1,1,0,0,0,0,0.6498372018008785,0.760302317608404,2.737250000000003,39,3,1,0.0442289119359732,1.0,relational,0.9708111030173926,6.809105595294195e-06,5.506959250484617e-08,0,0,0,1,0
confirmation,18014,self_relevant,no_null_confidence_gated_generation,"11,9,3,4,2",5,dense,m2,m0,p5>p3>p4,3,branch_comp,A>C>B,1,5,A>B>C>D>E,0,280,1,1.0,1.0,1.0,1,1,4,41,0.0525641025641025,1,206,206,1,0,0,1,1,0.8532047458406187,0.0162246715785683,42,1,1,1,0.0260643682773305,1,1,0,1,1,1,1,1,0,0,0,1,0.7834943392122525,0.8341536446873755,2.737250000000003,38,3,0,0.0515542256729234,1.0,relational,0.9708111030173926,6.809105595294195e-06,5.506959250484617e-08,0,0,0,1,0
confirmation,18015,neutral,no_null_confidence_gated_generation,"7,0,8,2,9,6",6,ring,m1,m3,p5>p4>p5>p0,4,context_comp,A>B>A>C,1,7,A>B>C>D>E>F>X,1,280,1,1.0,1.0,1.0,1,1,4,49,0.0175,1,218,218,1,0,0,1,0,0.8068145921678231,0.0045099927849087,44,1,1,1,0.0,1,1,1,1,1,1,1,1,0,0,0,0,0.6812000002515287,0.78835174331131,2.830949999999999,40,3,1,0.0010477083294158,1.0,relational,0.999810287205552,0.9008592339356432,2.9599080779439773e-05,0,0,0,1,0
confirmation,18015,self_relevant,no_null_confidence_gated_generation,"7,0,8,2,9,6",6,ring,m1,m3,p5>p4>p5>p0,4,context_comp,A>B>A>C,1,7,A>B>C>D>E>F>X,1,280,1,1.0,1.0,1.0,1,1,4,49,0.0175,1,218,218,1,0,0,1,1,0.8068145921678231,0.014515162223965,44,1,1,1,0.0308526867841773,1,1,0,1,1,1,1,1,0,0,0,1,0.7647697868001234,0.840234454363827,2.830949999999999,39,3,1,0.0010692807710884,1.0,relational,0.999810287205552,0.9008592339356432,2.9599080779439773e-05,0,0,0,1,0
confirmation,18016,neutral,no_null_confidence_gated_generation,"7,0,13,8,11",5,chain,m2,m0,p4>p3>p6,3,branch_comp,A>C>B,1,5,A>B>C>D>E,0,280,1,1.0,1.0,0.6,1,1,4,41,0.0525641025641025,1,206,206,1,0,0,1,0,0.8593630284141915,-0.0016188049959283,42,1,1,1,0.0,1,1,1,1,1,1,0,0,0,0,0,0,0.6427801575955749,0.749175970097806,2.737250000000003,41,3,1,0.0432126138829462,1.0,relational,0.9691709926298,4.60026451135679e-06,4.027087580413479e-08,0,0,0,1,0
confirmation,18016,self_relevant,no_null_confidence_gated_generation,"7,0,13,8,11",5,chain,m2,m0,p4>p3>p6,3,branch_comp,A>C>B,1,5,A>B>C>D>E,0,280,1,1.0,1.0,0.6,1,1,4,41,0.0525641025641025,1,206,206,1,0,0,1,1,0.8593630284141915,0.0117662630882933,42,1,1,1,0.0242324262257952,1,1,0,1,1,1,0,0,0,0,0,1,0.7797135856901178,0.8346341618085205,2.737250000000003,40,3,0,0.0526557100798106,1.0,relational,0.9691709926298,4.60026451135679e-06,4.027087580413479e-08,0,0,0,1,0
confirmation,18017,neutral,no_null_confidence_gated_generation,"12,4,10,0,7,2",6,dense,m1,m0,p0>p5>p0>p3,4,context_comp,A>B>A>C,1,7,A>B>C>D>E>F>X,0,280,1,1.0,1.0,1.0,1,1,4,49,0.0175,1,234,234,1,0,0,1,0,0.8389770181609724,-0.0042570417954628,45,1,1,1,0.0003767772497862,1,1,1,1,1,1,1,1,0,0,0,0,0.7147184451372032,0.7718137265605085,2.830949999999999,41,3,0,0.0019838372391391,1.0,relational,0.9987578652650426,0.2000237978189817,4.7457309254624685e-05,0,0,0,1,0
confirmation,18017,self_relevant,no_null_confidence_gated_generation,"12,4,10,0,7,2",6,dense,m1,m0,p0>p5>p0>p3,4,context_comp,A>B>A>C,1,7,A>B>C>D>E>F>X,0,280,1,1.0,1.0,1.0,0,0,4,49,0.0175,1,223,223,1,0,0,0,0,0.8987398800151635,-0.0036695206880018,43,1,1,1,0.0002151339415214,1,1,0,1,1,1,1,1,0,0,0,1,0.7790713404194007,0.8394278904113689,2.7720999999999965,41,3,0,0.002719002007574,1.0,relational,0.9987578652650426,0.2000237978189817,4.7457309254624685e-05,0,0,0,1,0
confirmation,18018,neutral,no_null_confidence_gated_generation,"10,4,7,8,6",5,ring,m3,m0,p7>p1>p6,3,branch_comp,A>C>B,1,5,A>B>C>D>E,0,280,1,1.0,0.8333333333333334,1.0,0,0,4,41,0.0525641025641025,1,206,206,1,0,0,0,0,0.791109274402513,0.0021550920124176,44,1,1,1,0.0,1,1,1,1,1,1,1,1,0,0,0,0,0.6035226031757299,0.7618108325820759,2.737250000000003,42,3,0,0.0054926130840473,1.0,relational,0.9986988249638028,0.2509313510926383,5.932328108558295e-05,0,0,0,1,0
confirmation,18018,self_relevant,no_null_confidence_gated_generation,"10,4,7,8,6",5,ring,m3,m0,p7>p1>p6,3,branch_comp,A>C>B,1,5,A>B>C>D>E,0,280,1,1.0,0.8333333333333334,1.0,0,0,4,41,0.0525641025641025,1,206,206,1,0,0,0,0,0.791109274402513,0.0012702950906273,44,1,1,1,0.0,1,1,0,1,1,1,1,1,0,0,0,1,0.7254537393197705,0.812617338947938,2.737250000000003,41,3,1,0.0066593802442491,1.0,relational,0.9986988249638028,0.2509313510926383,5.932328108558295e-05,0,0,0,1,0
confirmation,18019,neutral,no_null_confidence_gated_generation,"8,5,13,4,2,0",6,chain,m2,m0,p6>p2>p6>p5,4,context_comp,A>B>A>C,1,7,A>B>C>D>E>F>X,1,280,1,1.0,1.0,1.0,0,0,4,49,0.0175,1,218,218,1,0,0,0,0,0.8915905163711378,0.0032476246081263,44,1,1,1,0.0002397370026865,1,1,1,1,1,1,1,1,0,0,0,0,0.693967258587193,0.7793097773001648,2.8001499999999995,43,3,1,0.029995207387746,1.0,relational,0.9981090630222444,0.0003890093345341,1.404721086352671e-07,0,0,0,1,0
confirmation,18019,self_relevant,no_null_confidence_gated_generation,"8,5,13,4,2,0",6,chain,m2,m0,p6>p2>p6>p5,4,context_comp,A>B>A>C,1,7,A>B>C>D>E>F>X,1,280,1,1.0,1.0,1.0,0,0,4,49,0.0175,1,218,218,1,0,0,0,0,0.8915905163711378,0.0010246384643661,44,1,1,1,0.0002397370026865,1,1,0,1,1,1,1,1,0,0,0,1,0.7606007291123518,0.8506539515047461,2.8001499999999995,42,3,0,0.0384857857657594,1.0,relational,0.9981090630222444,0.0003890093345341,1.404721086352671e-07,0,0,0,1,0
confirmation,18020,neutral,no_null_confidence_gated_generation,"11,2,10,13,5",5,dense,m1,m2,p0>p5>p7,3,branch_comp,A>C>B,1,5,A>B>C>D>E,0,280,1,1.0,0.8333333333333334,1.0,0,0,4,41,0.0525641025641025,1,206,206,1,0,0,0,0,0.8645249476101426,-0.0060029068837717,42,1,1,1,0.0,1,1,1,1,1,1,1,1,0,0,0,0,0.6517986863406497,0.7494431125246629,2.737250000000003,44,3,1,0.0424434937273777,1.0,relational,0.978839364096894,5.924216462436527e-06,3.0757867231464945e-08,0,0,0,1,0
confirmation,18020,self_relevant,no_null_confidence_gated_generation,"11,2,10,13,5",5,dense,m1,m2,p0>p5>p7,3,branch_comp,A>C>B,1,5,A>B>C>D>E,0,280,1,1.0,0.8333333333333334,1.0,0,0,4,41,0.0525641025641025,1,206,206,1,0,0,0,0,0.8645249476101426,-0.0004947194587412,42,1,1,1,0.0,1,1,0,1,1,1,1,1,0,0,0,1,0.7781292590377157,0.816754374312063,2.737250000000003,43,3,0,0.0520142577229739,1.0,relational,0.978839364096894,5.924216462436527e-06,3.0757867231464945e-08,0,0,0,1,0
confirmation,18021,neutral,no_null_confidence_gated_generation,"12,3,9,10,4,0",6,ring,m1,m3,p4>p3>p4>p1,4,context_comp,A>B>A>C,1,7,A>B>C>D>E>F>X,0,280,1,1.0,1.0,1.0,0,0,4,49,0.0175,1,218,218,1,0,0,0,0,0.8148834333771503,0.002569185862042,44,1,1,1,0.0007951512720148,1,1,1,1,1,1,1,1,0,0,0,0,0.7190396163482979,0.8073713104970978,2.830949999999999,45,3,1,0.0005787459954739,1.0,relational,0.9995056278492775,0.9034641429986366,7.996511972515443e-05,0,0,0,1,0
confirmation,18021,self_relevant,no_null_confidence_gated_generation,"12,3,9,10,4,0",6,ring,m1,m3,p4>p3>p4>p1,4,context_comp,A>B>A>C,1,7,A>B>C>D>E>F>X,0,280,1,1.0,1.0,1.0,0,0,4,49,0.0175,1,218,218,1,0,0,0,0,0.8148834333771503,0.0044210581685245,44,1,1,1,0.0007951512720148,1,1,0,1,1,1,1,1,0,0,0,1,0.7600611794142549,0.8400447697227437,2.830949999999999,44,3,1,0.0006588799484279,1.0,relational,0.9995056278492775,0.9034641429986366,7.996511972515443e-05,0,0,0,1,0
confirmation,18022,neutral,no_null_confidence_gated_generation,"2,6,3,5,9",5,chain,m2,m1,p3>p1>p5,3,branch_comp,A>C>B,1,5,A>B>C>D>E,0,280,1,1.0,0.7142857142857143,1.0,1,1,4,41,0.0525641025641025,1,206,206,1,0,0,1,0,0.8624495259182977,-0.0015961035285386,42,1,1,1,5.775035233429998e-06,1,1,1,1,1,1,1,1,0,0,0,0,0.6778088049524846,0.7927638132545244,2.737250000000003,46,3,1,0.043362517088031,1.0,relational,0.9647559871715612,2.0592150550508827e-06,1.9773191491346352e-08,0,0,0,1,0
confirmation,18022,self_relevant,no_null_confidence_gated_generation,"2,6,3,5,9",5,chain,m2,m1,p3>p1>p5,3,branch_comp,A>C>B,1,5,A>B>C>D>E,0,280,1,1.0,0.7142857142857143,1.0,1,1,4,41,0.0525641025641025,1,206,206,1,0,0,1,1,0.8624495259182977,0.0070831967272939,42,1,1,1,0.0261277876748154,1,1,0,1,1,1,1,1,0,0,0,1,0.7822877501882645,0.8171340390458102,2.737250000000003,45,3,0,0.0545131709113222,1.0,relational,0.9647559871715612,2.0592150550508827e-06,1.9773191491346352e-08,0,0,0,1,0
confirmation,18023,neutral,no_null_confidence_gated_generation,"12,11,8,1,10,5",6,dense,m0,m2,p2>p1>p2>p7,4,context_comp,A>B>A>C,1,7,A>B>C>D>E>F>X,1,280,1,1.0,1.0,1.0,1,1,4,49,0.0175,1,218,218,1,0,0,1,0,0.8969731871418526,0.0106919677515706,45,1,1,1,0.0,1,1,1,1,1,1,1,1,0,0,0,0,0.6538657774165438,0.7756031928902382,2.79245,47,3,1,0.0326783224971561,1.0,relational,0.9892137486807446,0.0002614049456149,5.951076598034642e-07,0,0,0,1,0
confirmation,18023,self_relevant,no_null_confidence_gated_generation,"12,11,8,1,10,5",6,dense,m0,m2,p2>p1>p2>p7,4,context_comp,A>B>A>C,1,7,A>B>C>D>E>F>X,1,280,1,1.0,1.0,1.0,1,1,4,49,0.0175,1,218,218,1,0,0,1,1,0.8969731871418526,0.0154116921651996,46,1,1,1,0.0300012184133449,1,1,0,1,1,1,1,1,0,0,0,1,0.7777013643996036,0.84378210758803,2.79245,46,3,0,0.0385318980581207,1.0,relational,0.9892137486807446,0.0002614049456149,5.951076598034642e-07,0,0,0,1,0
confirmation,18024,neutral,no_null_confidence_gated_generation,"0,11,10,13,7",5,ring,m2,m0,p0>p7>p2,3,branch_comp,A>C>B,1,5,A>B>C>D>E,0,280,1,1.0,1.0,1.0,1,1,4,41,0.0525641025641025,1,206,206,1,0,0,1,0,0.859588027891703,0.0004613836020341,42,1,1,1,0.0002768521404949,1,1,1,1,1,1,1,1,0,0,0,0,0.6956475142035371,0.7980804167568485,2.737250000000003,48,3,1,0.0475697498411522,1.0,relational,0.9768274116900194,1.765686716858408e-06,1.0130595646458553e-08,0,0,0,1,0
confirmation,18024,self_relevant,no_null_confidence_gated_generation,"0,11,10,13,7",5,ring,m2,m0,p0>p7>p2,3,branch_comp,A>C>B,1,5,A>B>C>D>E,0,280,1,1.0,1.0,1.0,1,1,4,41,0.0525641025641025,1,206,206,1,0,0,1,1,0.859588027891703,0.0145171293474892,42,1,1,1,0.0255597883282587,1,1,0,1,1,1,1,1,0,0,0,1,0.7766066949572432,0.842621188425104,2.737250000000003,47,3,0,0.0576831828065871,1.0,relational,0.9768274116900194,1.765686716858408e-06,1.0130595646458553e-08,0,0,0,1,0
confirmation,18025,neutral,no_null_confidence_gated_generation,"12,2,13,9,4,7",6,chain,m2,m1,p4>p5>p4>p1,4,context_comp,A>B>A>C,1,7,A>B>C>D>E>F>X,0,280,1,1.0,1.0,0.6666666666666666,1,1,4,49,0.0175,1,223,223,1,0,0,1,0,0.9745889528078356,0.0021046599033491,42,1,1,1,0.0001752061491355,1,1,1,1,1,1,1,1,0,0,0,0,0.7202391987542299,0.7857367439526047,2.830949999999999,49,3,1,0.0339375927115761,1.0,relational,0.9959426526180664,0.0002818978599538,2.396684042535184e-07,0,0,0,1,0
confirmation,18025,self_relevant,no_null_confidence_gated_generation,"12,2,13,9,4,7",6,chain,m2,m1,p4>p5>p4>p1,4,context_comp,A>B>A>C,1,7,A>B>C>D>E>F>X,0,280,1,1.0,1.0,0.6666666666666666,1,1,4,49,0.0175,1,223,223,1,0,0,1,1,0.9745889528078356,0.0134333639434429,42,1,1,1,0.0302495721858367,1,1,0,1,1,1,1,1,0,0,0,1,0.7710232818148862,0.8463355485644186,2.830949999999999,48,3,0,0.0394742805898178,1.0,relational,0.9959426526180664,0.0002818978599538,2.396684042535184e-07,0,0,0,1,0
confirmation,18026,neutral,no_null_confidence_gated_generation,"4,12,7,8,9",5,dense,m1,m2,p1>p3>p5,3,branch_comp,A>C>B,1,5,A>B>C>D>E,0,280,1,1.0,1.0,1.0,0,0,4,42,0.0538461538461538,1,206,206,1,0,0,0,0,0.8573524988420465,-0.0009310213430507,42,1,1,1,0.0,1,1,1,1,1,1,1,1,0,0,0,0,0.6950285460810316,0.7680637462711338,2.737250000000003,50,3,1,0.0450874250151918,1.0,relational,0.9752131177348812,3.8733877348813325e-06,2.2858292002112483e-08,0,0,0,1,0
confirmation,18026,self_relevant,no_null_confidence_gated_generation,"4,12,7,8,9",5,dense,m1,m2,p1>p3>p5,3,branch_comp,A>C>B,1,5,A>B>C>D>E,0,280,1,1.0,1.0,1.0,0,0,4,42,0.0538461538461538,1,206,206,1,0,0,0,0,0.8573524988420465,-0.0011805680383866,42,1,1,1,0.0,1,1,0,1,1,1,1,1,0,0,0,1,0.7910400234102409,0.8463958120659691,2.737250000000003,49,3,0,0.0530573771032507,1.0,relational,0.9752131177348812,3.8733877348813325e-06,2.2858292002112483e-08,0,0,0,1,0
confirmation,18027,neutral,no_null_confidence_gated_generation,"1,7,0,10,11,5",6,ring,m3,m0,p7>p5>p7>p6,4,context_comp,A>B>A>C,1,7,A>B>C>D>E>F>X,1,280,1,1.0,1.0,1.0,0,0,4,49,0.0175,1,223,223,1,0,0,0,0,0.8961864284431936,0.0022173455475275,44,1,1,1,0.0001752061491355,1,1,1,1,1,1,1,1,0,0,0,0,0.6708084262904493,0.7785096872748197,2.830949999999999,51,3,1,0.0030472429276373,1.0,relational,0.998986959956902,0.6458957711499907,0.0001168871374228,0,0,0,1,0
confirmation,18027,self_relevant,no_null_confidence_gated_generation,"1,7,0,10,11,5",6,ring,m3,m0,p7>p5>p7>p6,4,context_comp,A>B>A>C,1,7,A>B>C>D>E>F>X,1,280,1,1.0,1.0,1.0,0,0,4,49,0.0175,1,223,223,1,0,0,0,0,0.8961864284431936,-0.0013074270547586,44,1,1,1,0.0001752061491355,1,1,0,1,1,1,1,1,0,0,0,1,0.755590892323173,0.833819555859023,2.830949999999999,50,3,1,0.0034264412677392,1.0,relational,0.998986959956902,0.6458957711499907,0.0001168871374228,0,0,0,1,0
confirmation,18028,neutral,no_null_confidence_gated_generation,"7,1,8,9,4",5,chain,m2,m0,p1>p0>p2,3,branch_comp,A>C>B,1,5,A>B>C>D>E,0,280,1,1.0,1.0,0.6,1,1,4,41,0.0525641025641025,1,206,206,1,0,0,1,0,0.8657317428308218,0.0036222237972964,42,1,1,1,0.0,1,1,1,1,0,1,1,0,0,0,0,0,0.4956682283259211,0.7752296941545319,2.737250000000003,52,3,0,0.0458552990793543,1.0,relational,0.9741833807749136,2.1365729323385536e-06,1.4732941754694777e-08,0,0,0,1,0
confirmation,18028,self_relevant,no_null_confidence_gated_generation,"7,1,8,9,4",5,chain,m2,m0,p1>p0>p2,3,branch_comp,A>C>B,1,5,A>B>C>D>E,0,280,1,1.0,1.0,0.6,1,1,4,41,0.0525641025641025,1,206,206,1,0,0,1,1,0.8657317428308218,0.0140326288527034,42,1,1,1,0.0245954130451367,1,1,0,1,1,1,1,1,0,0,0,1,0.839833693742196,0.8774084579051025,2.4952499999999875,51,3,0,0.0562567484266522,1.0,relational,0.9741833807749136,2.1365729323385536e-06,1.4732941754694777e-08,0,0,0,1,0
confirmation,18029,neutral,no_null_confidence_gated_generation,"2,8,10,5,0,4",6,dense,m1,m0,p6>p7>p6>p2,4,context_comp,A>B>A>C,1,7,A>B>C>D>E>F>X,0,280,1,1.0,1.0,1.0,1,1,4,49,0.0175,1,234,234,1,0,0,1,0,0.8388481982664602,-0.0028543602522598,45,1,1,1,0.0002308025220151,1,1,1,1,1,1,1,1,0,0,0,0,0.6062442579418954,0.7457540580918418,2.830949999999999,52,3,0,0.0026389116967091,1.0,relational,0.9999490668328676,0.2015155899598499,1.736935582615442e-06,0,0,0,1,0
confirmation,18029,self_relevant,no_null_confidence_gated_generation,"2,8,10,5,0,4",6,dense,m1,m0,p6>p7>p6>p2,4,context_comp,A>B>A>C,1,7,A>B>C>D>E>F>X,0,280,1,1.0,1.0,1.0,0,0,4,49,0.0175,1,223,223,1,0,0,0,0,0.8958182392024152,-0.0040884506414318,44,1,1,1,0.0003767772497862,1,1,0,1,1,1,1,1,0,0,0,1,0.8130385427130828,0.8571884549522961,2.6494499999999914,52,3,0,0.0028324682072688,1.0,relational,0.9999490668328676,0.2015155899598499,1.736935582615442e-06,0,0,0,1,0
confirmation,18030,neutral,no_null_confidence_gated_generation,"6,1,9,8,11",5,ring,m0,m3,p6>p5>p0,3,branch_comp,A>C>B,1,5,A>B>C>D>E,0,280,1,1.0,1.0,1.0,1,1,4,41,0.0525641025641025,1,206,206,1,0,0,1,0,0.7797006798018986,0.0002487456350523,44,1,1,1,0.0,1,1,1,1,1,1,1,1,0,0,0,0,0.6811109811758956,0.7567348624006296,2.737250000000003,53,3,1,0.0050596179500093,1.0,relational,0.9995404488981894,0.030555215879122,2.521427549301353e-06,0,0,0,1,0
confirmation,18030,self_relevant,no_null_confidence_gated_generation,"6,1,9,8,11",5,ring,m0,m3,p6>p5>p0,3,branch_comp,A>C>B,1,5,A>B>C>D>E,0,280,1,1.0,1.0,1.0,1,1,4,41,0.0525641025641025,1,206,206,1,0,0,1,1,0.7797006798018986,0.0086856690771542,44,1,1,1,0.0244765219630574,1,1,0,1,1,1,1,1,0,0,0,1,0.7858721373596991,0.8415073052664942,2.737250000000003,52,3,1,0.0052502679242452,1.0,relational,0.9995404488981894,0.030555215879122,2.521427549301353e-06,0,0,0,1,0
confirmation,18031,neutral,no_null_confidence_gated_generation,"8,0,4,11,10,12",6,chain,m2,m1,p4>p1>p4>p2,4,context_comp,A>B>A>C,1,7,A>B>C>D>E>F>X,1,280,1,1.0,1.0,0.1666666666666666,1,1,4,49,0.0175,1,244,244,1,0,0,1,0,0.975255919332286,0.0033188408788736,42,1,1,1,0.0,1,1,1,1,1,1,1,1,0,0,0,0,0.6020651601025321,0.7753202428623872,2.686849999999993,53,3,0,0.0335496976064363,1.0,relational,0.9995417444464032,0.0004780105726005,3.878565674838957e-08,0,0,0,1,0
confirmation,18031,self_relevant,no_null_confidence_gated_generation,"8,0,4,11,10,12",6,chain,m2,m1,p4>p1>p4>p2,4,context_comp,A>B>A>C,1,7,A>B>C>D>E>F>X,1,280,1,1.0,1.0,0.1666666666666666,1,1,4,49,0.0175,1,223,223,1,0,0,1,1,0.981904290493964,0.0062424007108013,42,1,1,1,0.029750258137228,1,1,0,1,1,1,1,1,0,0,0,1,0.8293329891072952,0.8752391630437161,2.609299999999989,53,3,0,0.0367405031251519,1.0,relational,0.9942918130293162,0.000482441992611,6.027971573623871e-07,0,0,0,1,0
confirmation,18032,neutral,no_null_confidence_gated_generation,"6,8,9,13,2",5,dense,m1,m2,p5>p0>p2,3,branch_comp,A>C>B,1,5,A>B>C>D>E,0,280,1,1.0,0.8333333333333334,1.0,0,0,4,41,0.0525641025641025,1,206,206,1,0,0,0,0,0.8525854176188119,-0.0019467645506925,42,1,1,1,0.0002151339415214,1,1,1,1,1,1,1,1,0,0,0,0,0.6340360529509352,0.7454611580315623,2.737250000000003,54,3,1,0.0431606034459686,1.0,relational,0.9766504739218318,3.3102690330676797e-06,1.747483837892805e-08,0,0,0,1,0
confirmation,18032,self_relevant,no_null_confidence_gated_generation,"6,8,9,13,2",5,dense,m1,m2,p5>p0>p2,3,branch_comp,A>C>B,1,5,A>B>C>D>E,0,280,1,1.0,0.8333333333333334,1.0,0,0,4,41,0.0525641025641025,1,206,206,1,0,0,0,0,0.8525854176188119,-0.0022234445579583,42,1,1,1,0.0002151339415214,1,1,0,1,1,1,1,1,0,0,0,1,0.7703202466021134,0.827295794250049,2.737250000000003,53,3,0,0.0514422923788995,1.0,relational,0.9766504739218318,3.3102690330676797e-06,1.747483837892805e-08,0,0,0,1,0
confirmation,18033,neutral,no_null_confidence_gated_generation,"11,1,4,0,3,8",6,ring,m2,m3,p7>p0>p7>p4,4,context_comp,A>B>A>C,1,7,A>B>C>D>E>F>X,0,280,1,1.0,1.0,1.0,1,1,4,49,0.0175,1,223,223,1,0,0,1,0,0.9857852927488344,-0.0004257985334987,42,1,1,1,0.0009963576912939,1,1,1,1,1,1,1,1,0,0,0,0,0.6114480253581296,0.7783261450967754,2.830949999999999,55,3,1,0.0316773845724354,1.0,relational,0.993362367119556,0.000506415338975,7.161367626699024e-07,0,0,0,1,0
confirmation,18033,self_relevant,no_null_confidence_gated_generation,"11,1,4,0,3,8",6,ring,m2,m3,p7>p0>p7>p4,4,context_comp,A>B>A>C,1,7,A>B>C>D>E>F>X,0,280,1,1.0,1.0,1.0,1,1,4,49,0.0175,1,223,223,1,0,0,1,1,0.9857852927488344,0.0118914739514123,42,1,1,1,0.0293774613975005,1,1,0,1,1,1,1,1,0,0,0,1,0.7725771569171128,0.848278825989606,2.830949999999999,54,3,0,0.0375615220467594,1.0,relational,0.993362367119556,0.000506415338975,7.161367626699024e-07,0,0,0,1,0
confirmation,18034,neutral,no_null_confidence_gated_generation,"3,6,1,9,4",5,chain,m3,m2,p2>p0>p1,3,branch_comp,A>C>B,1,5,A>B>C>D>E,0,280,1,1.0,0.8333333333333334,1.0,0,0,4,41,0.0525641025641025,1,206,206,1,0,0,0,0,0.8590393755986676,-0.0009301938569065,42,1,1,1,0.0007951512720148,1,1,1,1,1,1,1,1,0,0,0,0,0.6756679798103056,0.7856199841044017,2.737250000000003,56,3,1,0.0449941483207267,1.0,relational,0.963317988046018,3.415464912401306e-06,3.497841834792328e-08,0,0,0,1,0
confirmation,18034,self_relevant,no_null_confidence_gated_generation,"3,6,1,9,4",5,chain,m3,m2,p2>p0>p1,3,branch_comp,A>C>B,1,5,A>B>C>D>E,0,280,1,1.0,0.8333333333333334,1.0,0,0,4,41,0.0525641025641025,1,206,206,1,0,0,0,0,0.8590393755986676,-8.65395475380796e-05,42,1,1,1,0.0007951512720148,1,1,0,1,1,1,1,1,0,0,0,1,0.737522692265758,0.8370247952752475,2.737250000000003,55,3,0,0.0532977347732629,1.0,relational,0.963317988046018,3.415464912401306e-06,3.497841834792328e-08,0,0,0,1,0
confirmation,18035,neutral,no_null_confidence_gated_generation,"10,12,7,8,4,9",6,dense,m2,m1,p2>p1>p2>p7,4,context_comp,A>B>A>C,1,7,A>B>C>D>E>F>X,1,280,1,1.0,1.0,1.0,1,1,4,49,0.0175,1,223,223,1,0,0,1,0,0.9807632386921434,0.000738531660504,42,1,1,1,0.0,1,1,1,1,1,1,1,1,0,0,0,0,0.6695195863440148,0.7831520985506598,2.830949999999999,57,3,1,0.0320531686570398,1.0,relational,0.978660674551478,0.0001647275942492,9.290446170370504e-07,0,0,0,1,0
confirmation,18035,self_relevant,no_null_confidence_gated_generation,"10,12,7,8,4,9",6,dense,m2,m1,p2>p1>p2>p7,4,context_comp,A>B>A>C,1,7,A>B>C>D>E>F>X,1,280,1,1.0,1.0,1.0,1,1,4,49,0.0175,1,223,223,1,0,0,1,1,0.9807632386921434,0.0151085046111083,42,1,1,1,0.0302620763675089,1,1,0,1,1,1,1,1,0,0,0,1,0.7585942320970478,0.8371191257068032,2.830949999999999,56,3,0,0.0395013025226049,1.0,relational,0.978660674551478,0.0001647275942492,9.290446170370504e-07,0,0,0,1,0
confirmation,18036,neutral,no_null_confidence_gated_generation,"2,0,7,9,6",5,ring,m0,m2,p1>p7>p6,3,branch_comp,A>C>B,1,5,A>B>C>D>E,0,280,1,1.0,1.0,1.0,0,0,4,43,0.0551282051282051,1,206,206,1,0,0,0,0,0.8525556771027736,-0.0009688514418719,42,1,1,1,0.0004450441237385,1,1,1,1,1,1,1,1,0,0,0,0,0.5677254056468736,0.7381296398262367,2.737250000000003,58,3,1,0.0442746224984787,1.0,relational,0.9856805111436496,3.372934326809032e-06,1.0761815414090952e-08,0,0,0,1,0
confirmation,18036,self_relevant,no_null_confidence_gated_generation,"2,0,7,9,6",5,ring,m0,m2,p1>p7>p6,3,branch_comp,A>C>B,1,5,A>B>C>D>E,0,280,1,1.0,1.0,1.0,0,0,4,43,0.0551282051282051,1,206,206,1,0,0,0,0,0.8525556771027736,-0.001706705441833,42,1,1,1,0.0004450441237385,1,1,0,1,1,1,1,1,0,0,0,1,0.7910988364193563,0.8469261311900992,2.737250000000003,57,3,0,0.0543387186731356,1.0,relational,0.9856805111436496,3.372934326809032e-06,1.0761815414090952e-08,0,0,0,1,0
confirmation,18037,neutral,no_null_confidence_gated_generation,"8,9,5,13,6,0",6,chain,m0,m3,p0>p6>p0>p5,4,context_comp,A>B>A>C,1,7,A>B>C>D>E>F>X,0,280,1,1.0,1.0,1.0,1,1,4,49,0.0175,1,223,223,1,0,0,1,0,0.899857044190974,0.0042889444525388,44,1,1,1,0.0,1,1,1,1,1,1,1,1,0,0,0,0,0.69427379845435,0.7991175298489889,2.830949999999999,59,3,1,0.0019997009687473,1.0,relational,0.9997701892342112,0.0117570745235797,4.705544857972892e-07,0,0,0,1,0
confirmation,18037,self_relevant,no_null_confidence_gated_generation,"8,9,5,13,6,0",6,chain,m0,m3,p0>p6>p0>p5,4,context_comp,A>B>A>C,1,7,A>B>C>D>E>F>X,0,280,1,1.0,1.0,1.0,1,1,4,49,0.0175,1,223,223,1,0,0,1,1,0.899857044190974,0.0144949616590158,44,1,1,1,0.0302620763675089,1,1,0,1,1,1,1,1,0,0,0,1,0.7707600677487032,0.8587397802081376,2.830949999999999,58,3,0,0.0039313332497967,1.0,relational,0.9997701892342112,0.0117570745235797,4.705544857972892e-07,0,0,0,1,0
confirmation,18038,neutral,no_null_confidence_gated_generation,"0,5,9,4,7",5,dense,m0,m1,p7>p5>p6,3,branch_comp,A>C>B,1,5,A>B>C>D>E,0,280,1,1.0,1.0,1.0,1,1,4,41,0.0525641025641025,1,206,206,1,0,0,1,0,0.7606078090597439,0.0069934320182019,44,1,1,1,0.0004450441237385,1,1,1,1,1,1,1,1,0,0,0,0,0.6772102862633856,0.7954137460165911,2.737250000000003,60,3,1,0.0051030015459736,1.0,relational,0.997968654575498,0.3060799596629401,0.0001184698129876,0,0,0,1,0
confirmation,18038,self_relevant,no_null_confidence_gated_generation,"0,5,9,4,7",5,dense,m0,m1,p7>p5>p6,3,branch_comp,A>C>B,1,5,A>B>C>D>E,0,280,1,1.0,1.0,1.0,1,1,4,41,0.0525641025641025,1,206,206,1,0,0,1,1,0.7606078090597439,0.0115238353111348,44,1,1,1,0.0260398942858354,1,1,0,1,1,1,1,1,0,0,0,1,0.790441701018319,0.8478904279690012,2.5749999999999926,59,3,1,0.0057926701518251,1.0,relational,0.997968654575498,0.3060799596629401,0.0001184698129876,0,0,0,1,0
confirmation,18039,neutral,no_null_confidence_gated_generation,"9,13,2,5,3,1",6,ring,m2,m1,p3>p0>p3>p7,4,context_comp,A>B>A>C,1,7,A>B>C>D>E>F>X,1,280,1,1.0,1.0,1.0,1,1,4,49,0.0175,1,223,223,1,0,0,1,0,0.9847809999689876,0.0004148397685389,42,1,1,1,0.0002308025220151,1,1,1,1,1,1,1,1,0,0,0,0,0.6383116139675254,0.7670843088970604,2.830949999999999,61,3,1,0.0354727587236933,1.0,relational,0.9975909060007664,0.0004239745905159,1.980578688950904e-07,0,0,0,1,0
confirmation,18039,self_relevant,no_null_confidence_gated_generation,"9,13,2,5,3,1",6,ring,m2,m1,p3>p0>p3>p7,4,context_comp,A>B>A>C,1,7,A>B>C>D>E>F>X,1,280,1,1.0,1.0,1.0,1,1,4,49,0.0175,1,223,223,1,0,0,1,1,0.9847809999689876,0.0133893042478184,42,1,1,1,0.0300282704551954,1,1,0,1,1,1,1,1,0,0,0,1,0.7707159141631562,0.8423064554422434,2.830949999999999,60,3,0,0.0403481027581136,1.0,relational,0.9975909060007664,0.0004239745905159,1.980578688950904e-07,0,0,0,1,0
confirmation,18000,neutral,oracle_family_generation,"4,2,9,6,7",5,ring,m2,m0,p1>p6>p2,3,branch_comp,A>C>B,1,5,A>B>C>D>E,0,280,1,1.0,1.0,1.0,1,1,3,1,0.0012820512820512,1,133,281,0,1,0,1,1,0.8544487355729123,-0.0002587137748589,46,1,0,0,0.0,0,0,0,0,0,0,0,0,0,1,1,1,0.7310908104031608,0.769608290407491,2.467600000000005,0,0,0,0.0,0.0,none,0.0,0.0,0.0,0,0,0,0,0
confirmation,18000,self_relevant,oracle_family_generation,"4,2,9,6,7",5,ring,m2,m0,p1>p6>p2,3,branch_comp,A>C>B,1,5,A>B>C>D>E,0,280,1,1.0,1.0,1.0,1,1,3,1,0.0012820512820512,1,129,129,1,0,0,1,1,0.8544487355729123,0.0072801945112945,46,1,1,1,0.0270895903645586,1,1,0,1,1,1,1,1,0,0,0,1,0.7837867028813604,0.839034909934193,2.548000000000005,0,0,0,0.0,0.0,none,0.0,0.0,0.0,0,0,0,0,0
confirmation,18001,neutral,oracle_family_generation,"9,13,11,6,1,10",6,chain,m0,m3,p3>p6>p3>p0,4,context_comp,A>B>A>C,1,7,A>B>C>D>E>F>X,0,280,1,1.0,1.0,1.0,1,1,4,1,0.0003571428571428,1,133,281,0,1,0,1,1,0.9077596294604944,0.0014041836942043,48,1,0,0,0.0,0,0,0,0,0,0,0,0,0,1,1,1,0.7447182902540919,0.795903311526367,2.607850000000002,0,0,0,0.0,0.0,none,0.0,0.0,0.0,0,0,0,0,0
confirmation,18001,self_relevant,oracle_family_generation,"9,13,11,6,1,10",6,chain,m0,m3,p3>p6>p3>p0,4,context_comp,A>B>A>C,1,7,A>B>C>D>E>F>X,0,280,1,1.0,1.0,1.0,1,1,4,1,0.0003571428571428,1,129,129,1,0,0,1,1,0.9077596294604944,0.0091990666278477,48,1,1,1,0.0291356164223326,1,1,0,1,1,1,1,1,0,0,0,1,0.785842128289878,0.867063747851396,2.6902500000000016,0,0,0,0.0,0.0,none,0.0,0.0,0.0,0,0,0,0,0
confirmation,18002,neutral,oracle_family_generation,"5,3,6,7,8",5,dense,m0,m3,p4>p0>p3,3,branch_comp,A>C>B,1,5,A>B>C>D>E,0,280,1,1.0,1.0,1.0,1,1,3,1,0.0012820512820512,1,149,281,0,1,0,1,1,0.7985552795846005,-0.0034967141134396,56,1,0,0,0.0,0,0,0,0,0,0,0,0,0,1,1,1,0.6909535177240012,0.7446191455731668,2.467600000000005,0,0,0,0.0,0.0,none,0.0,0.0,0.0,0,0,0,0,0
confirmation,18002,self_relevant,oracle_family_generation,"5,3,6,7,8",5,dense,m0,m3,p4>p0>p3,3,branch_comp,A>C>B,1,5,A>B>C>D>E,0,280,1,1.0,1.0,1.0,1,1,3,1,0.0012820512820512,1,129,129,1,0,0,1,1,0.7892657651950926,0.0091926253051559,48,1,1,1,0.0270550324606582,1,1,0,1,1,1,1,1,0,0,0,1,0.7793715463329578,0.8291813566362233,2.548000000000005,0,0,0,0.0,0.0,none,0.0,0.0,0.0,0,0,0,0,0
confirmation,18003,neutral,oracle_family_generation,"7,12,1,9,0,4",6,ring,m1,m2,p2>p5>p2>p6,4,context_comp,A>B>A>C,1,7,A>B>C>D>E>F>X,1,280,1,1.0,1.0,1.0,0,0,4,1,0.0003571428571428,1,133,281,0,1,0,0,1,0.9754261761535516,-0.0003971361790081,46,1,0,0,0.0,0,0,0,0,0,0,0,0,0,1,1,1,0.5065356470495379,0.740307940865601,2.607850000000002,0,0,0,0.0,0.0,none,0.0,0.0,0.0,0,0,0,0,0
confirmation,18003,self_relevant,oracle_family_generation,"7,12,1,9,0,4",6,ring,m1,m2,p2>p5>p2>p6,4,context_comp,A>B>A>C,1,7,A>B>C>D>E>F>X,1,280,1,1.0,1.0,1.0,1,1,4,1,0.0003571428571428,1,133,133,1,0,0,1,1,0.8463868828784625,0.0104024836226127,50,1,1,1,0.0312531219712031,1,1,0,1,1,1,1,1,0,0,0,1,0.7858613524596455,0.856698916205719,2.6902500000000016,0,0,0,0.0,0.0,none,0.0,0.0,0.0,0,0,0,0,0
confirmation,18004,neutral,oracle_family_generation,"7,8,13,9,4",5,chain,m0,m3,p1>p3>p2,3,branch_comp,A>C>B,1,5,A>B>C>D>E,0,280,1,1.0,1.0,1.0,1,1,3,1,0.0012820512820512,1,133,281,0,1,0,1,1,0.7890477887625993,0.0010242604521886,48,1,0,0,0.0,0,0,0,0,0,0,0,0,0,1,1,1,0.6608694865511341,0.7919115936971033,2.467600000000005,0,0,0,0.0,0.0,none,0.0,0.0,0.0,0,0,0,0,0
confirmation,18004,self_relevant,oracle_family_generation,"7,8,13,9,4",5,chain,m0,m3,p1>p3>p2,3,branch_comp,A>C>B,1,5,A>B>C>D>E,0,280,1,1.0,1.0,1.0,1,1,3,1,0.0012820512820512,1,129,129,1,0,0,1,1,0.7890477887625993,0.015164993842405,48,1,1,1,0.0269924071106155,1,1,0,1,1,1,1,1,0,0,0,1,0.749253506701859,0.8510792692149252,2.548000000000005,0,0,0,0.0,0.0,none,0.0,0.0,0.0,0,0,0,0,0
confirmation,18005,neutral,oracle_family_generation,"13,0,6,1,8,3",6,dense,m3,m2,p6>p7>p6>p5,4,context_comp,A>B>A>C,1,7,A>B>C>D>E>F>X,0,280,1,1.0,1.0,1.0,0,0,4,1,0.0003571428571428,1,133,281,0,1,0,0,1,0.9799424694632896,0.0001181764479961,46,1,0,0,0.0,0,0,0,0,0,0,0,0,0,1,1,1,0.6874867125107745,0.77700637814432,2.607850000000002,0,0,0,0.0,0.0,none,0.0,0.0,0.0,0,0,0,0,0
confirmation,18005,self_relevant,oracle_family_generation,"13,0,6,1,8,3",6,dense,m3,m2,p6>p7>p6>p5,4,context_comp,A>B>A>C,1,7,A>B>C>D>E>F>X,0,280,1,1.0,1.0,1.0,1,1,4,1,0.0003571428571428,1,133,133,1,0,0,1,1,0.8487630987087181,0.0170257089313094,50,1,1,1,0.0288971354455174,1,1,0,1,1,1,1,1,0,0,0,1,0.7981364874779531,0.8560621799767357,2.6902500000000016,0,0,0,0.0,0.0,none,0.0,0.0,0.0,0,0,0,0,0
confirmation,18006,neutral,oracle_family_generation,"4,0,13,7,9",5,ring,m3,m1,p3>p6>p7,3,branch_comp,A>C>B,1,5,A>B>C>D>E,0,280,1,1.0,1.0,1.0,1,1,3,1,0.0012820512820512,1,134,281,0,1,0,1,1,0.7244563710045531,0.0067492621539861,50,1,1,0,0.000482356853406,0,0,0,0,0,0,0,0,0,1,1,1,0.6191242653450522,0.7432245653665575,2.492000000000005,0,0,0,0.0,0.0,none,0.0,0.0,0.0,0,0,0,0,0
confirmation,18006,self_relevant,oracle_family_generation,"4,0,13,7,9",5,ring,m3,m1,p3>p6>p7,3,branch_comp,A>C>B,1,5,A>B>C>D>E,0,280,1,1.0,1.0,1.0,1,1,3,1,0.0012820512820512,1,133,133,1,0,0,1,1,0.7244563710045531,0.0129112835636506,50,1,1,1,0.0263807439946881,1,1,0,1,1,1,1,1,0,0,0,1,0.7837593318626155,0.818283762116072,2.548000000000005,0,0,0,0.0,0.0,none,0.0,0.0,0.0,0,0,0,0,0
confirmation,18007,neutral,oracle_family_generation,"8,0,7,3,9,4",6,chain,m2,m0,p0>p1>p0>p5,4,context_comp,A>B>A>C,1,7,A>B>C>D>E>F>X,1,280,1,1.0,1.0,1.0,1,1,4,1,0.0003571428571428,1,168,281,0,1,0,1,1,0.976807108917715,-0.0042517303648865,62,1,0,0,0.0,0,0,0,0,0,0,0,0,0,1,1,1,0.6710539196827011,0.7763097944461667,2.607850000000002,0,0,0,0.0,0.0,none,0.0,0.0,0.0,0,0,0,0,0
confirmation,18007,self_relevant,oracle_family_generation,"8,0,7,3,9,4",6,chain,m2,m0,p0>p1>p0>p5,4,context_comp,A>B>A>C,1,7,A>B>C>D>E>F>X,1,280,1,1.0,1.0,1.0,1,1,4,1,0.0003571428571428,1,129,129,1,0,0,1,1,0.9772241647325596,0.0063110638339564,46,1,1,1,0.0287361454204468,1,1,0,1,1,1,1,1,0,0,0,1,0.7854016501051302,0.8725709684946746,2.6902500000000016,0,0,0,0.0,0.0,none,0.0,0.0,0.0,0,0,0,0,0
confirmation,18008,neutral,oracle_family_generation,"13,11,5,0,4",5,dense,m1,m0,p4>p1>p5,3,branch_comp,A>C>B,1,5,A>B>C>D>E,0,280,1,1.0,1.0,1.0,0,0,3,1,0.0012820512820512,1,133,281,0,1,0,0,1,0.7950674534762252,0.0011328574504109,48,1,0,0,0.0,0,0,0,0,0,0,0,0,0,1,1,1,0.5677753579766338,0.7471439930921304,2.467600000000005,0,0,0,0.0,0.0,none,0.0,0.0,0.0,0,0,0,0,0
confirmation,18008,self_relevant,oracle_family_generation,"13,11,5,0,4",5,dense,m1,m0,p4>p1>p5,3,branch_comp,A>C>B,1,5,A>B>C>D>E,0,280,1,1.0,1.0,1.0,1,1,3,1,0.0012820512820512,1,133,133,1,0,0,1,1,0.7130588000076824,0.004763885890014,50,1,1,1,0.0262109561400019,1,1,0,1,1,1,1,1,0,0,0,1,0.7452617186610686,0.8190109593986806,2.548000000000005,0,0,0,0.0,0.0,none,0.0,0.0,0.0,0,0,0,0,0
confirmation,18009,neutral,oracle_family_generation,"8,7,0,2,6,1",6,ring,m1,m3,p1>p0>p1>p4,4,context_comp,A>B>A>C,1,7,A>B>C>D>E>F>X,0,280,1,1.0,1.0,1.0,0,0,4,1,0.0003571428571428,1,133,281,0,1,0,0,1,0.8491734310268795,0.0006846542919631,50,1,0,0,0.0,0,0,0,0,0,0,0,0,0,1,1,1,0.6224974298011164,0.7732610363998234,2.607850000000002,0,0,0,0.0,0.0,none,0.0,0.0,0.0,0,0,0,0,0
confirmation,18009,self_relevant,oracle_family_generation,"8,7,0,2,6,1",6,ring,m1,m3,p1>p0>p1>p4,4,context_comp,A>B>A>C,1,7,A>B>C>D>E>F>X,0,280,1,1.0,1.0,1.0,1,1,4,1,0.0003571428571428,1,129,129,1,0,0,1,1,0.8452898963849388,0.0066181726502113,50,1,1,1,0.0309334662404321,1,1,0,1,1,1,1,1,0,0,0,1,0.7828635663153132,0.8546581950729522,2.6902500000000016,0,0,0,0.0,0.0,none,0.0,0.0,0.0,0,0,0,0,0
confirmation,18010,neutral,oracle_family_generation,"12,8,11,13,2",5,chain,m3,m0,p7>p6>p2,3,branch_comp,A>C>B,1,5,A>B>C>D>E,0,280,1,1.0,1.0,1.0,0,0,3,1,0.0012820512820512,1,135,281,0,1,0,0,1,0.797919141338103,0.0014426677137626,50,1,0,0,0.0,0,0,0,0,0,0,0,0,0,1,1,1,0.6089875396920935,0.726242433722528,2.467600000000005,0,0,0,0.0,0.0,none,0.0,0.0,0.0,0,0,0,0,0
confirmation,18010,self_relevant,oracle_family_generation,"12,8,11,13,2",5,chain,m3,m0,p7>p6>p2,3,branch_comp,A>C>B,1,5,A>B>C>D>E,0,280,1,1.0,1.0,1.0,1,1,3,1,0.0012820512820512,1,133,133,1,0,0,1,1,0.7183459641253376,0.0063641482801461,50,1,1,1,0.0275779036347752,1,1,0,1,1,1,1,1,0,0,0,1,0.7532073457662627,0.8270454532000879,2.548000000000005,0,0,0,0.0,0.0,none,0.0,0.0,0.0,0,0,0,0,0
confirmation,18011,neutral,oracle_family_generation,"9,4,3,1,13,8",6,dense,m0,m1,p7>p3>p7>p0,4,context_comp,A>B>A>C,1,7,A>B>C>D>E>F>X,1,280,1,1.0,1.0,1.0,1,1,4,1,0.0003571428571428,1,133,281,0,1,0,1,1,0.9066924202078896,0.0005344987684739,48,1,0,0,0.0,0,0,0,0,0,0,0,0,0,1,1,1,0.6915005686263755,0.7768213259928808,2.607850000000002,0,0,0,0.0,0.0,none,0.0,0.0,0.0,0,0,0,0,0
confirmation,18011,self_relevant,oracle_family_generation,"9,4,3,1,13,8",6,dense,m0,m1,p7>p3>p7>p0,4,context_comp,A>B>A>C,1,7,A>B>C>D>E>F>X,1,280,1,1.0,1.0,1.0,1,1,4,1,0.0003571428571428,1,129,129,1,0,0,1,1,0.9066924202078896,0.0161342664623506,48,1,1,1,0.0295183987498979,1,1,0,1,1,1,1,1,0,0,0,1,0.7957445869168958,0.8529905638683704,2.6902500000000016,0,0,0,0.0,0.0,none,0.0,0.0,0.0,0,0,0,0,0
confirmation,18012,neutral,oracle_family_generation,"9,8,1,7,2",5,ring,m2,m1,p1>p6>p4,3,branch_comp,A>C>B,1,5,A>B>C>D>E,0,280,1,1.0,1.0,1.0,1,1,3,1,0.0012820512820512,1,149,281,0,1,0,1,1,0.8547315706905443,-0.0013415494294067,54,1,0,0,0.0,0,0,0,0,0,0,0,0,0,1,1,1,0.6130249004275052,0.7464588060158159,2.467600000000005,0,0,0,0.0,0.0,none,0.0,0.0,0.0,0,0,0,0,0
confirmation,18012,self_relevant,oracle_family_generation,"9,8,1,7,2",5,ring,m2,m1,p1>p6>p4,3,branch_comp,A>C>B,1,5,A>B>C>D>E,0,280,1,1.0,1.0,1.0,1,1,3,1,0.0012820512820512,1,129,129,1,0,0,1,1,0.8551628590375808,0.0047993439709468,46,1,1,1,0.0246137671322741,1,1,0,1,1,1,1,1,0,0,0,1,0.7726627224850048,0.825560238794815,2.548000000000005,0,0,0,0.0,0.0,none,0.0,0.0,0.0,0,0,0,0,0
confirmation,18013,neutral,oracle_family_generation,"10,12,2,8,9,3",6,chain,m0,m1,p5>p7>p5>p2,4,context_comp,A>B>A>C,1,7,A>B>C>D>E>F>X,0,280,1,1.0,1.0,1.0,1,1,4,1,0.0003571428571428,1,145,281,0,1,0,1,1,0.917581541442594,0.001483821606392,54,1,1,0,0.0,0,0,0,0,0,0,0,0,0,1,1,1,0.7473913601570099,0.7911747176499292,2.632250000000002,0,0,0,0.0,0.0,none,0.0,0.0,0.0,0,0,0,0,0
confirmation,18013,self_relevant,oracle_family_generation,"10,12,2,8,9,3",6,chain,m0,m1,p5>p7>p5>p2,4,context_comp,A>B>A>C,1,7,A>B>C>D>E>F>X,0,280,1,1.0,1.0,1.0,1,1,4,1,0.0003571428571428,1,129,129,1,0,0,1,1,0.9089171750570704,0.0120067711898721,48,1,1,1,0.0299988202925858,1,1,0,1,1,1,1,1,0,0,0,1,0.7849748546598146,0.8553719138713359,2.6902500000000016,0,0,0,0.0,0.0,none,0.0,0.0,0.0,0,0,0,0,0
confirmation,18014,neutral,oracle_family_generation,"11,9,3,4,2",5,dense,m2,m0,p5>p3>p4,3,branch_comp,A>C>B,1,5,A>B>C>D>E,0,280,1,1.0,1.0,1.0,1,1,3,1,0.0012820512820512,1,277,281,0,1,0,1,1,0.8567650361569306,0.0014517149251934,98,1,0,0,0.0,0,0,0,0,0,0,0,0,0,1,1,1,0.634142737893584,0.7431272566796225,2.467600000000005,0,0,0,0.0,0.0,none,0.0,0.0,0.0,0,0,0,0,0
confirmation,18014,self_relevant,oracle_family_generation,"11,9,3,4,2",5,dense,m2,m0,p5>p3>p4,3,branch_comp,A>C>B,1,5,A>B>C>D>E,0,280,1,1.0,1.0,1.0,1,1,3,1,0.0012820512820512,1,129,129,1,0,0,1,1,0.8618581241224763,0.0172473502232007,46,1,1,1,0.0249128993999096,1,1,0,1,1,1,1,1,0,0,0,1,0.7872559606695426,0.8380463341145674,2.548000000000005,0,0,0,0.0,0.0,none,0.0,0.0,0.0,0,0,0,0,0
confirmation,18015,neutral,oracle_family_generation,"7,0,8,2,9,6",6,ring,m1,m3,p5>p4>p5>p0,4,context_comp,A>B>A>C,1,7,A>B>C>D>E>F>X,1,280,1,1.0,1.0,1.0,0,0,4,1,0.0003571428571428,1,133,281,0,1,0,0,1,0.8476782381752702,0.0006366113413242,50,1,0,0,0.0,0,0,0,0,0,0,0,0,0,1,1,1,0.6666404355709543,0.778704067177094,2.607850000000002,0,0,0,0.0,0.0,none,0.0,0.0,0.0,0,0,0,0,0
confirmation,18015,self_relevant,oracle_family_generation,"7,0,8,2,9,6",6,ring,m1,m3,p5>p4>p5>p0,4,context_comp,A>B>A>C,1,7,A>B>C>D>E>F>X,1,280,1,1.0,1.0,1.0,1,1,4,1,0.0003571428571428,1,129,129,1,0,0,1,1,0.8428505990255242,0.0122926063494448,50,1,1,1,0.0285248779631098,1,1,0,1,1,1,1,1,0,0,0,1,0.7700675988940743,0.8419847335578114,2.6902500000000016,0,0,0,0.0,0.0,none,0.0,0.0,0.0,0,0,0,0,0
confirmation,18016,neutral,oracle_family_generation,"7,0,13,8,11",5,chain,m2,m0,p4>p3>p6,3,branch_comp,A>C>B,1,5,A>B>C>D>E,0,280,1,1.0,1.0,1.0,1,1,3,1,0.0012820512820512,1,140,281,0,1,0,1,1,0.8605994676803788,-0.0010785712132856,50,1,0,0,0.0,0,0,0,0,0,0,0,0,0,1,1,1,0.6333293661568342,0.7375348581005711,2.467600000000005,0,0,0,0.0,0.0,none,0.0,0.0,0.0,0,0,0,0,0
confirmation,18016,self_relevant,oracle_family_generation,"7,0,13,8,11",5,chain,m2,m0,p4>p3>p6,3,branch_comp,A>C>B,1,5,A>B>C>D>E,0,280,1,1.0,1.0,1.0,1,1,3,1,0.0012820512820512,1,129,129,1,0,0,1,1,0.861132233848074,0.0101904790379077,46,1,1,1,0.0242829467489984,1,1,0,1,1,1,1,1,0,0,0,1,0.7841291978056661,0.823922580887268,2.548000000000005,0,0,0,0.0,0.0,none,0.0,0.0,0.0,0,0,0,0,0
confirmation,18017,neutral,oracle_family_generation,"12,4,10,0,7,2",6,dense,m1,m0,p0>p5>p0>p3,4,context_comp,A>B>A>C,1,7,A>B>C>D>E>F>X,0,280,1,1.0,1.0,1.0,0,0,4,1,0.0003571428571428,1,175,281,0,1,0,0,1,0.9296523910833948,-0.0037540789865159,68,1,0,0,0.0,0,0,0,0,0,0,0,0,0,1,1,1,0.6858927624115762,0.7463626756102754,2.607850000000002,0,0,0,0.0,0.0,none,0.0,0.0,0.0,0,0,0,0,0
confirmation,18017,self_relevant,oracle_family_generation,"12,4,10,0,7,2",6,dense,m1,m0,p0>p5>p0>p3,4,context_comp,A>B>A>C,1,7,A>B>C>D>E>F>X,0,280,1,1.0,1.0,1.0,1,1,4,1,0.0003571428571428,1,133,133,1,0,0,1,1,0.8533376838747367,0.0168601084072254,50,1,1,1,0.0302438150173861,1,1,0,1,1,1,1,1,0,0,0,1,0.7871055365365672,0.8433254341334235,2.6902500000000016,0,0,0,0.0,0.0,none,0.0,0.0,0.0,0,0,0,0,0
confirmation,18018,neutral,oracle_family_generation,"10,4,7,8,6",5,ring,m3,m0,p7>p1>p6,3,branch_comp,A>C>B,1,5,A>B>C>D>E,0,280,1,1.0,1.0,1.0,0,0,3,1,0.0012820512820512,1,133,281,0,1,0,0,1,0.7932287244925121,0.0009159136617884,48,1,0,0,0.0,0,0,0,0,0,0,0,0,0,1,1,1,0.5820093947439764,0.7473818526091884,2.467600000000005,0,0,0,0.0,0.0,none,0.0,0.0,0.0,0,0,0,0,0
confirmation,18018,self_relevant,oracle_family_generation,"10,4,7,8,6",5,ring,m3,m0,p7>p1>p6,3,branch_comp,A>C>B,1,5,A>B>C>D>E,0,280,1,1.0,1.0,1.0,1,1,3,1,0.0012820512820512,1,133,133,1,0,0,1,1,0.7368091178506819,0.014547187378429,50,1,1,1,0.0252628923452377,1,1,0,1,1,1,0,0,0,0,0,1,0.7440095127337968,0.8214875634886021,2.548000000000005,0,0,0,0.0,0.0,none,0.0,0.0,0.0,0,0,0,0,0
confirmation,18019,neutral,oracle_family_generation,"8,5,13,4,2,0",6,chain,m2,m0,p6>p2>p6>p5,4,context_comp,A>B>A>C,1,7,A>B>C>D>E>F>X,1,280,1,1.0,1.0,1.0,1,1,4,1,0.0003571428571428,1,140,281,0,1,0,1,1,0.9804444247704522,-0.0007223501476843,50,1,0,0,0.0,0,0,0,0,0,0,0,0,0,1,1,1,0.6842013051455668,0.7714482486048689,2.607850000000002,0,0,0,0.0,0.0,none,0.0,0.0,0.0,0,0,0,0,0
confirmation,18019,self_relevant,oracle_family_generation,"8,5,13,4,2,0",6,chain,m2,m0,p6>p2>p6>p5,4,context_comp,A>B>A>C,1,7,A>B>C>D>E>F>X,1,280,1,1.0,1.0,1.0,1,1,4,1,0.0003571428571428,1,129,129,1,0,0,1,1,0.980201974509797,0.0098651917157378,46,1,1,1,0.0287932421965759,1,1,0,1,1,1,1,1,0,0,0,1,0.7749575650928205,0.8583814831793509,2.6902500000000016,0,0,0,0.0,0.0,none,0.0,0.0,0.0,0,0,0,0,0
confirmation,18020,neutral,oracle_family_generation,"11,2,10,13,5",5,dense,m1,m2,p0>p5>p7,3,branch_comp,A>C>B,1,5,A>B>C>D>E,0,280,1,1.0,1.0,1.0,0,0,3,1,0.0012820512820512,1,134,281,0,1,0,0,1,0.8588286837183793,-0.003235896893696,46,1,1,0,0.000237459331999,0,0,0,0,0,0,0,0,0,1,1,1,0.6420203787660023,0.7388916848511753,2.492000000000005,0,0,0,0.0,0.0,none,0.0,0.0,0.0,0,0,0,0,0
confirmation,18020,self_relevant,oracle_family_generation,"11,2,10,13,5",5,dense,m1,m2,p0>p5>p7,3,branch_comp,A>C>B,1,5,A>B>C>D>E,0,280,1,1.0,1.0,1.0,1,1,3,1,0.0012820512820512,1,133,133,1,0,0,1,1,0.7341442837908083,0.0123497104479576,50,1,1,1,0.025108383335139,1,1,0,1,1,1,1,1,0,0,0,1,0.7899351488652879,0.8393971319596869,2.548000000000005,0,0,0,0.0,0.0,none,0.0,0.0,0.0,0,0,0,0,0
confirmation,18021,neutral,oracle_family_generation,"12,3,9,10,4,0",6,ring,m1,m3,p4>p3>p4>p1,4,context_comp,A>B>A>C,1,7,A>B>C>D>E>F>X,0,280,1,1.0,1.0,1.0,0,0,4,1,0.0003571428571428,1,168,281,0,1,0,0,1,0.8722013850497619,0.0038944346449805,66,1,1,0,0.0015050124051761,0,0,0,0,0,0,0,0,0,1,1,1,0.6982066505426765,0.7928299554179028,2.632250000000002,0,0,0,0.0,0.0,none,0.0,0.0,0.0,0,0,0,0,0
confirmation,18021,self_relevant,oracle_family_generation,"12,3,9,10,4,0",6,ring,m1,m3,p4>p3>p4>p1,4,context_comp,A>B>A>C,1,7,A>B>C>D>E>F>X,0,280,1,1.0,1.0,1.0,1,1,4,1,0.0003571428571428,1,133,133,1,0,0,1,1,0.8398151763793428,0.0086132774303044,50,1,1,1,0.0283449306677195,1,1,0,1,1,1,1,1,0,0,0,1,0.7671079950882261,0.8381060112570814,2.6902500000000016,0,0,0,0.0,0.0,none,0.0,0.0,0.0,0,0,0,0,0
confirmation,18022,neutral,oracle_family_generation,"2,6,3,5,9",5,chain,m2,m1,p3>p1>p5,3,branch_comp,A>C>B,1,5,A>B>C>D>E,0,280,1,1.0,1.0,1.0,1,1,3,1,0.0012820512820512,1,134,281,0,1,0,1,1,0.865974872562512,-0.0002729751852247,46,1,1,0,0.0,0,0,0,0,0,0,0,0,0,1,1,1,0.6686508986997656,0.7864567220301432,2.492000000000005,0,0,0,0.0,0.0,none,0.0,0.0,0.0,0,0,0,0,0
confirmation,18022,self_relevant,oracle_family_generation,"2,6,3,5,9",5,chain,m2,m1,p3>p1>p5,3,branch_comp,A>C>B,1,5,A>B>C>D>E,0,280,1,1.0,1.0,1.0,1,1,3,1,0.0012820512820512,1,129,129,1,0,0,1,1,0.865974872562512,0.0080076804904479,46,1,1,1,0.0255359320793695,1,1,0,1,1,1,0,0,0,0,0,1,0.7864106667167087,0.8397846787419867,2.548000000000005,0,0,0,0.0,0.0,none,0.0,0.0,0.0,0,0,0,0,0
confirmation,18023,neutral,oracle_family_generation,"12,11,8,1,10,5",6,dense,m0,m2,p2>p1>p2>p7,4,context_comp,A>B>A>C,1,7,A>B>C>D>E>F>X,1,280,1,1.0,1.0,1.0,0,0,4,1,0.0003571428571428,1,134,281,0,1,0,0,1,0.9770841847149394,-0.0036421638102226,46,1,1,0,0.0,0,0,0,0,0,0,0,0,0,1,1,1,0.6410181634733604,0.7627851192323726,2.632250000000002,0,0,0,0.0,0.0,none,0.0,0.0,0.0,0,0,0,0,0
confirmation,18023,self_relevant,oracle_family_generation,"12,11,8,1,10,5",6,dense,m0,m2,p2>p1>p2>p7,4,context_comp,A>B>A>C,1,7,A>B>C>D>E>F>X,1,280,1,1.0,1.0,1.0,1,1,4,1,0.0003571428571428,1,133,133,1,0,0,1,1,0.90387391687351,0.0175922846386242,48,1,1,1,0.0297123008929593,1,1,0,1,1,1,1,1,0,0,0,1,0.7990467212699017,0.8598838120519777,2.6902500000000016,0,0,0,0.0,0.0,none,0.0,0.0,0.0,0,0,0,0,0
confirmation,18024,neutral,oracle_family_generation,"0,11,10,13,7",5,ring,m2,m0,p0>p7>p2,3,branch_comp,A>C>B,1,5,A>B>C>D>E,0,280,1,1.0,1.0,1.0,1,1,3,1,0.0012820512820512,1,138,281,0,1,0,1,1,0.8687595679406981,0.0011813245361872,50,1,1,0,0.0,0,0,0,0,0,0,0,0,0,1,1,1,0.6836713648628415,0.7866816792321881,2.492000000000005,0,0,0,0.0,0.0,none,0.0,0.0,0.0,0,0,0,0,0
confirmation,18024,self_relevant,oracle_family_generation,"0,11,10,13,7",5,ring,m2,m0,p0>p7>p2,3,branch_comp,A>C>B,1,5,A>B>C>D>E,0,280,1,1.0,1.0,1.0,1,1,3,1,0.0012820512820512,1,129,129,1,0,0,1,1,0.8709098835455117,0.0119078078739873,46,1,1,1,0.0249247836993951,1,1,0,1,1,1,1,1,0,0,0,1,0.7866473317221163,0.846796027837903,2.548000000000005,0,0,0,0.0,0.0,none,0.0,0.0,0.0,0,0,0,0,0
confirmation,18025,neutral,oracle_family_generation,"12,2,13,9,4,7",6,chain,m2,m1,p4>p5>p4>p1,4,context_comp,A>B>A>C,1,7,A>B>C>D>E>F>X,0,280,1,1.0,1.0,1.0,1,1,4,1,0.0003571428571428,1,133,281,0,1,0,1,1,0.9871638252397776,-0.0006710683508873,46,1,0,0,0.0,0,0,0,0,0,0,0,0,0,1,1,1,0.7020820968186532,0.772402065762943,2.607850000000002,0,0,0,0.0,0.0,none,0.0,0.0,0.0,0,0,0,0,0
confirmation,18025,self_relevant,oracle_family_generation,"12,2,13,9,4,7",6,chain,m2,m1,p4>p5>p4>p1,4,context_comp,A>B>A>C,1,7,A>B>C>D>E>F>X,0,280,1,1.0,1.0,1.0,1,1,4,1,0.0003571428571428,1,129,129,1,0,0,1,1,0.9871638252397776,0.0102492174348224,46,1,1,1,0.0297123008929593,1,1,0,1,1,1,1,1,0,0,0,1,0.786900435844402,0.8655793574911188,2.6902500000000016,0,0,0,0.0,0.0,none,0.0,0.0,0.0,0,0,0,0,0
confirmation,18026,neutral,oracle_family_generation,"4,12,7,8,9",5,dense,m1,m2,p1>p3>p5,3,branch_comp,A>C>B,1,5,A>B>C>D>E,0,280,1,1.0,1.0,1.0,0,0,3,1,0.0012820512820512,1,166,281,0,1,0,0,1,0.862660467725304,0.0009983413610535,62,1,0,0,0.0,0,0,0,0,0,0,0,0,0,1,1,1,0.6857814039313013,0.7577165763142494,2.467600000000005,0,0,0,0.0,0.0,none,0.0,0.0,0.0,0,0,0,0,0
confirmation,18026,self_relevant,oracle_family_generation,"4,12,7,8,9",5,dense,m1,m2,p1>p3>p5,3,branch_comp,A>C>B,1,5,A>B>C>D>E,0,280,1,1.0,1.0,1.0,1,1,3,1,0.0012820512820512,1,133,133,1,0,0,1,1,0.7293638133003096,0.0040952332047372,50,1,1,1,0.0239483874765222,1,1,0,1,1,1,1,1,0,0,0,1,0.7926123755373986,0.843636064165443,2.548000000000005,0,0,0,0.0,0.0,none,0.0,0.0,0.0,0,0,0,0,0
confirmation,18027,neutral,oracle_family_generation,"1,7,0,10,11,5",6,ring,m3,m0,p7>p5>p7>p6,4,context_comp,A>B>A>C,1,7,A>B>C>D>E>F>X,1,280,1,1.0,1.0,1.0,0,0,4,1,0.0003571428571428,1,143,281,0,1,0,0,1,0.9111941653484577,-0.0003604555115691,52,1,1,0,0.0007798625665043,0,0,0,0,0,0,0,0,0,1,1,1,0.653477395912899,0.7671684376036131,2.632250000000002,0,0,0,0.0,0.0,none,0.0,0.0,0.0,0,0,0,0,0
confirmation,18027,self_relevant,oracle_family_generation,"1,7,0,10,11,5",6,ring,m3,m0,p7>p5>p7>p6,4,context_comp,A>B>A>C,1,7,A>B>C>D>E>F>X,1,280,1,1.0,1.0,1.0,1,1,4,1,0.0003571428571428,1,133,133,1,0,0,1,1,0.8457147154504223,0.0097439558056159,50,1,1,1,0.0300976947648588,1,1,0,1,1,1,1,1,0,0,0,1,0.7744707076776756,0.8475745253684649,2.6902500000000016,0,0,0,0.0,0.0,none,0.0,0.0,0.0,0,0,0,0,0
confirmation,18028,neutral,oracle_family_generation,"7,1,8,9,4",5,chain,m2,m0,p1>p0>p2,3,branch_comp,A>C>B,1,5,A>B>C>D>E,0,280,1,1.0,1.0,1.0,1,1,3,1,0.0012820512820512,1,255,281,0,1,0,1,1,0.8715650470788743,0.0010855909165587,97,1,1,0,0.0,0,0,0,0,0,0,0,0,0,1,1,1,0.4841372087054112,0.7698694404953107,2.492000000000005,0,0,0,0.0,0.0,none,0.0,0.0,0.0,0,0,0,0,0
confirmation,18028,self_relevant,oracle_family_generation,"7,1,8,9,4",5,chain,m2,m0,p1>p0>p2,3,branch_comp,A>C>B,1,5,A>B>C>D>E,0,280,1,1.0,1.0,1.0,1,1,3,1,0.0012820512820512,1,129,129,1,0,0,1,1,0.8662773370065913,0.0096634382636862,46,1,1,1,0.0255711084873497,1,1,0,1,1,1,1,1,0,0,0,1,0.7577956644293184,0.851260669710711,2.548000000000005,0,0,0,0.0,0.0,none,0.0,0.0,0.0,0,0,0,0,0
confirmation,18029,neutral,oracle_family_generation,"2,8,10,5,0,4",6,dense,m1,m0,p6>p7>p6>p2,4,context_comp,A>B>A>C,1,7,A>B>C>D>E>F>X,0,280,1,1.0,1.0,1.0,0,0,4,1,0.0003571428571428,1,134,281,0,1,0,0,1,0.9073611301220348,-0.0004527380394848,48,1,1,0,0.0,0,0,0,0,0,0,0,0,0,1,1,1,0.5744527075952282,0.7178499396847992,2.632250000000002,0,0,0,0.0,0.0,none,0.0,0.0,0.0,0,0,0,0,0
confirmation,18029,self_relevant,oracle_family_generation,"2,8,10,5,0,4",6,dense,m1,m0,p6>p7>p6>p2,4,context_comp,A>B>A>C,1,7,A>B>C>D>E>F>X,0,280,1,1.0,1.0,1.0,1,1,4,1,0.0003571428571428,1,133,133,1,0,0,1,1,0.8447385989058783,0.0113211831775145,50,1,1,1,0.0300976947648588,1,1,0,1,1,1,1,1,0,0,0,1,0.7541782689930687,0.832470038855177,2.6902500000000016,0,0,0,0.0,0.0,none,0.0,0.0,0.0,0,0,0,0,0
confirmation,18030,neutral,oracle_family_generation,"6,1,9,8,11",5,ring,m0,m3,p6>p5>p0,3,branch_comp,A>C>B,1,5,A>B>C>D>E,0,280,1,1.0,1.0,1.0,1,1,3,1,0.0012820512820512,1,140,281,0,1,0,1,1,0.7987521288858572,-0.0020830790735423,52,1,0,0,0.0,0,0,0,0,0,0,0,0,0,1,1,1,0.6734302565833827,0.7484639858090658,2.467600000000005,0,0,0,0.0,0.0,none,0.0,0.0,0.0,0,0,0,0,0
confirmation,18030,self_relevant,oracle_family_generation,"6,1,9,8,11",5,ring,m0,m3,p6>p5>p0,3,branch_comp,A>C>B,1,5,A>B>C>D>E,0,280,1,1.0,1.0,1.0,1,1,3,1,0.0012820512820512,1,129,129,1,0,0,1,1,0.7938707695759646,0.0097375410375294,48,1,1,1,0.0254447467362843,1,1,0,1,1,1,1,1,0,0,0,1,0.7920316604690969,0.848728035240591,2.548000000000005,0,0,0,0.0,0.0,none,0.0,0.0,0.0,0,0,0,0,0
confirmation,18031,neutral,oracle_family_generation,"8,0,4,11,10,12",6,chain,m2,m1,p4>p1>p4>p2,4,context_comp,A>B>A>C,1,7,A>B>C>D>E>F>X,1,280,1,1.0,1.0,1.0,1,1,4,1,0.0003571428571428,1,133,281,0,1,0,1,1,0.9813704697474954,-0.0004046174320006,46,1,0,0,0.0,0,0,0,0,0,0,0,0,0,1,1,1,0.5821146121849667,0.7587536678439756,2.607850000000002,0,0,0,0.0,0.0,none,0.0,0.0,0.0,0,0,0,0,0
confirmation,18031,self_relevant,oracle_family_generation,"8,0,4,11,10,12",6,chain,m2,m1,p4>p1>p4>p2,4,context_comp,A>B>A>C,1,7,A>B>C>D>E>F>X,1,280,1,1.0,1.0,1.0,1,1,4,1,0.0003571428571428,1,129,129,1,0,0,1,1,0.9813704697474954,0.0071363407709475,46,1,1,1,0.0285158787845352,1,1,0,1,1,1,1,1,0,0,0,1,0.7856556464319351,0.8699727863478897,2.6902500000000016,0,0,0,0.0,0.0,none,0.0,0.0,0.0,0,0,0,0,0
confirmation,18032,neutral,oracle_family_generation,"6,8,9,13,2",5,dense,m1,m2,p5>p0>p2,3,branch_comp,A>C>B,1,5,A>B>C>D>E,0,280,1,1.0,1.0,1.0,0,0,3,1,0.0012820512820512,1,134,281,0,1,0,0,1,0.8590724751504115,-0.0032907013409276,46,1,1,0,0.0,0,0,0,0,0,0,0,0,0,1,1,1,0.6210317052589188,0.7310981347388844,2.492000000000005,0,0,0,0.0,0.0,none,0.0,0.0,0.0,0,0,0,0,0
confirmation,18032,self_relevant,oracle_family_generation,"6,8,9,13,2",5,dense,m1,m2,p5>p0>p2,3,branch_comp,A>C>B,1,5,A>B>C>D>E,0,280,1,1.0,1.0,1.0,1,1,3,1,0.0012820512820512,1,133,133,1,0,0,1,1,0.7287136189609893,0.0122516848484992,50,1,1,1,0.0240734921928161,1,1,0,1,1,1,0,0,0,0,0,1,0.7612874974965285,0.814725792240646,2.548000000000005,0,0,0,0.0,0.0,none,0.0,0.0,0.0,0,0,0,0,0
confirmation,18033,neutral,oracle_family_generation,"11,1,4,0,3,8",6,ring,m2,m3,p7>p0>p7>p4,4,context_comp,A>B>A>C,1,7,A>B>C>D>E>F>X,0,280,1,1.0,1.0,1.0,1,1,4,1,0.0003571428571428,1,149,281,0,1,0,1,1,0.980021210036884,-0.0022426556553825,54,1,0,0,0.0,0,0,0,0,0,0,0,0,0,1,1,1,0.5979105356764735,0.7697254682320573,2.607850000000002,0,0,0,0.0,0.0,none,0.0,0.0,0.0,0,0,0,0,0
confirmation,18033,self_relevant,oracle_family_generation,"11,1,4,0,3,8",6,ring,m2,m3,p7>p0>p7>p4,4,context_comp,A>B>A>C,1,7,A>B>C>D>E>F>X,0,280,1,1.0,1.0,1.0,1,1,4,1,0.0003571428571428,1,129,129,1,0,0,1,1,0.9769481738176716,0.007695764659761,46,1,1,1,0.0293630151296571,1,1,0,1,1,1,1,1,0,0,0,1,0.7895083954306661,0.8605235710701621,2.6902500000000016,0,0,0,0.0,0.0,none,0.0,0.0,0.0,0,0,0,0,0
confirmation,18034,neutral,oracle_family_generation,"3,6,1,9,4",5,chain,m3,m2,p2>p0>p1,3,branch_comp,A>C>B,1,5,A>B>C>D>E,0,280,1,1.0,1.0,1.0,0,0,3,1,0.0012820512820512,1,133,281,0,1,0,0,1,0.863522735956676,-0.0002202914591091,46,1,0,0,0.0,0,0,0,0,0,0,0,0,0,1,1,1,0.6429752480780331,0.7682050235780107,2.467600000000005,0,0,0,0.0,0.0,none,0.0,0.0,0.0,0,0,0,0,0
confirmation,18034,self_relevant,oracle_family_generation,"3,6,1,9,4",5,chain,m3,m2,p2>p0>p1,3,branch_comp,A>C>B,1,5,A>B>C>D>E,0,280,1,1.0,1.0,1.0,1,1,3,1,0.0012820512820512,1,133,133,1,0,0,1,1,0.7305760219964904,0.0143288751114412,50,1,1,1,0.0255852764739369,1,1,0,1,1,1,1,1,0,0,0,1,0.7867325828734723,0.8611863603261509,2.548000000000005,0,0,0,0.0,0.0,none,0.0,0.0,0.0,0,0,0,0,0
confirmation,18035,neutral,oracle_family_generation,"10,12,7,8,4,9",6,dense,m2,m1,p2>p1>p2>p7,4,context_comp,A>B>A>C,1,7,A>B>C>D>E>F>X,1,280,1,1.0,1.0,1.0,1,1,4,1,0.0003571428571428,1,134,281,0,1,0,1,1,0.9777409127127038,0.0046311588888037,46,1,1,0,0.0,0,0,0,0,0,0,0,0,0,1,1,1,0.657563051729717,0.7714043771116618,2.6566500000000017,0,0,0,0.0,0.0,none,0.0,0.0,0.0,0,0,0,0,0
confirmation,18035,self_relevant,oracle_family_generation,"10,12,7,8,4,9",6,dense,m2,m1,p2>p1>p2>p7,4,context_comp,A>B>A>C,1,7,A>B>C>D>E>F>X,1,280,1,1.0,1.0,1.0,1,1,4,1,0.0003571428571428,1,129,129,1,0,0,1,1,0.9777409127127038,0.0153244830244846,46,1,1,1,0.027255237439878,1,1,0,1,1,1,1,1,0,0,0,1,0.7974043814917346,0.8581914213852326,2.6902500000000016,0,0,0,0.0,0.0,none,0.0,0.0,0.0,0,0,0,0,0
confirmation,18036,neutral,oracle_family_generation,"2,0,7,9,6",5,ring,m0,m2,p1>p7>p6,3,branch_comp,A>C>B,1,5,A>B>C>D>E,0,280,1,1.0,1.0,1.0,0,0,3,1,0.0012820512820512,1,243,281,0,1,0,0,1,0.8472504629330717,-0.0005549651926214,94,1,0,0,0.0,0,0,0,0,0,0,0,0,0,1,1,1,0.5572471016483125,0.7252126515806092,2.467600000000005,0,0,0,0.0,0.0,none,0.0,0.0,0.0,0,0,0,0,0
confirmation,18036,self_relevant,oracle_family_generation,"2,0,7,9,6",5,ring,m0,m2,p1>p7>p6,3,branch_comp,A>C>B,1,5,A>B>C>D>E,0,280,1,1.0,1.0,1.0,1,1,3,1,0.0012820512820512,1,133,133,1,0,0,1,1,0.7971328285365764,0.0099248992290161,48,1,1,1,0.0249050600370941,1,1,0,1,1,1,1,1,0,0,0,1,0.7854017811390249,0.8271468949749823,2.548000000000005,0,0,0,0.0,0.0,none,0.0,0.0,0.0,0,0,0,0,0
confirmation,18037,neutral,oracle_family_generation,"8,9,5,13,6,0",6,chain,m0,m3,p0>p6>p0>p5,4,context_comp,A>B>A>C,1,7,A>B>C>D>E>F>X,0,280,1,1.0,1.0,1.0,1,1,4,1,0.0003571428571428,1,142,281,0,1,0,1,1,0.916573640684884,0.0002261374506673,52,1,0,0,0.0,0,0,0,0,0,0,0,0,0,1,1,1,0.6796707633851937,0.7856924426045094,2.607850000000002,0,0,0,0.0,0.0,none,0.0,0.0,0.0,0,0,0,0,0
confirmation,18037,self_relevant,oracle_family_generation,"8,9,5,13,6,0",6,chain,m0,m3,p0>p6>p0>p5,4,context_comp,A>B>A>C,1,7,A>B>C>D>E>F>X,0,280,1,1.0,1.0,1.0,1,1,4,1,0.0003571428571428,1,129,129,1,0,0,1,1,0.9114488682433012,0.0088387660525595,48,1,1,1,0.027255237439878,1,1,0,1,1,1,1,1,0,0,0,1,0.7852918018440614,0.8690169274044055,2.6902500000000016,0,0,0,0.0,0.0,none,0.0,0.0,0.0,0,0,0,0,0
confirmation,18038,neutral,oracle_family_generation,"0,5,9,4,7",5,dense,m0,m1,p7>p5>p6,3,branch_comp,A>C>B,1,5,A>B>C>D>E,0,280,1,1.0,1.0,1.0,1,1,3,1,0.0012820512820512,1,133,281,0,1,0,1,1,0.7827263490849399,0.0067737952472509,48,1,1,0,2.119905256785382e-05,0,0,0,0,0,0,0,0,0,1,1,1,0.6593980871419566,0.7824035727274292,2.492000000000005,0,0,0,0.0,0.0,none,0.0,0.0,0.0,0,0,0,0,0
confirmation,18038,self_relevant,oracle_family_generation,"0,5,9,4,7",5,dense,m0,m1,p7>p5>p6,3,branch_comp,A>C>B,1,5,A>B>C>D>E,0,280,1,1.0,1.0,1.0,1,1,3,1,0.0012820512820512,1,129,129,1,0,0,1,1,0.7827263490849399,0.0102592572211018,48,1,1,1,0.0252303114745851,1,1,0,1,1,1,1,1,0,0,0,1,0.780905112155559,0.8364377625963743,2.548000000000005,0,0,0,0.0,0.0,none,0.0,0.0,0.0,0,0,0,0,0
confirmation,18039,neutral,oracle_family_generation,"9,13,2,5,3,1",6,ring,m2,m1,p3>p0>p3>p7,4,context_comp,A>B>A>C,1,7,A>B>C>D>E>F>X,1,280,1,1.0,1.0,1.0,1,1,4,1,0.0003571428571428,1,134,281,0,1,0,1,1,0.98108683109904,0.0001000826936178,46,1,1,0,0.0,0,0,0,0,0,0,0,0,0,1,1,1,0.6206422311288365,0.7548039184905143,2.632250000000002,0,0,0,0.0,0.0,none,0.0,0.0,0.0,0,0,0,0,0
confirmation,18039,self_relevant,oracle_family_generation,"9,13,2,5,3,1",6,ring,m2,m1,p3>p0>p3>p7,4,context_comp,A>B>A>C,1,7,A>B>C>D>E>F>X,1,280,1,1.0,1.0,1.0,1,1,4,1,0.0003571428571428,1,129,129,1,0,0,1,1,0.98108683109904,0.0097842182512531,46,1,1,1,0.0291566818095278,1,1,0,1,1,1,1,1,0,0,0,1,0.786048434597362,0.8543275969220127,2.6902500000000016,0,0,0,0.0,0.0,none,0.0,0.0,0.0,0,0,0,0,0
confirmation,18000,neutral,posterior_no_quarantine_generation,"4,2,9,6,7",5,ring,m2,m0,p1>p6>p2,3,branch_comp,A>C>B,1,5,A>B>C>D>E,0,280,1,1.0,1.0,1.0,1,1,4,41,0.0525641025641025,1,218,281,0,1,0,1,1,0.8573027042458843,-0.000787716532721,46,1,0,0,0.0,0,0,0,0,0,0,0,0,0,1,1,1,0.7308423044037246,0.7700102519532253,2.6568500000000035,26,3,1,0.0433184817932321,0.8415094249999999,relational,0.976881434459256,3.1925561456238107e-06,1.6781531303022113e-08,0,0,0,1,0
confirmation,18000,self_relevant,posterior_no_quarantine_generation,"4,2,9,6,7",5,ring,m2,m0,p1>p6>p2,3,branch_comp,A>C>B,1,5,A>B>C>D>E,0,280,1,1.0,1.0,1.0,1,1,4,41,0.0525641025641025,1,206,206,1,0,0,1,1,0.8579363835624327,0.0081054282269257,42,1,1,1,0.0242459078701241,1,1,0,1,1,1,1,1,0,0,0,1,0.785611207751651,0.8437574001756178,2.737250000000003,25,4,0,0.0528127890305592,0.6797049999999999,relational,0.976881434459256,3.1925561456238107e-06,1.3554798550617116e-08,0,0,0,1,0
confirmation,18001,neutral,posterior_no_quarantine_generation,"9,13,11,6,1,10",6,chain,m0,m3,p3>p6>p3>p0,4,context_comp,A>B>A>C,1,7,A>B>C>D>E>F>X,0,280,1,1.0,1.0,0.8333333333333334,1,1,4,49,0.0175,1,227,281,0,1,0,1,1,0.8950901741027311,-0.0037847266348974,44,1,0,0,0.0,0,0,0,0,0,0,0,0,0,1,1,1,0.7439504701983162,0.7947227291381469,2.7485499999999994,27,3,1,0.0023661958257917,1.0,relational,0.9994186099937884,0.011428010819069,1.1953318067102303e-06,0,0,0,1,0
confirmation,18001,self_relevant,posterior_no_quarantine_generation,"9,13,11,6,1,10",6,chain,m0,m3,p3>p6>p3>p0,4,context_comp,A>B>A>C,1,7,A>B>C>D>E>F>X,0,280,1,1.0,1.0,0.8333333333333334,1,1,4,49,0.0175,1,223,223,1,0,0,1,1,0.8950901741027311,0.0137215408148965,44,1,1,1,0.0277986601205559,1,1,0,1,1,1,1,1,0,0,0,1,0.7688343492820631,0.8587221068357808,2.830949999999999,26,3,0,0.0040210031917575,0.8415094249999999,relational,0.9994186099937884,0.011428010819069,1.005882981348937e-06,0,0,0,1,0
confirmation,18002,neutral,posterior_no_quarantine_generation,"5,3,6,7,8",5,dense,m0,m3,p4>p0>p3,3,branch_comp,A>C>B,1,5,A>B>C>D>E,0,280,1,1.0,1.0,1.0,1,1,4,42,0.0538461538461538,1,212,281,0,1,0,1,1,0.7731486966713275,0.0006356028264047,44,1,1,0,3.706964896127053e-05,0,0,0,0,0,0,0,0,0,1,1,1,0.6871439682779827,0.7409042381101256,2.6812500000000035,28,3,0,0.0047877382937959,1.0,relational,0.9986554627252971,0.322925090098512,7.853579726039359e-05,0,0,0,1,0
confirmation,18002,self_relevant,posterior_no_quarantine_generation,"5,3,6,7,8",5,dense,m0,m3,p4>p0>p3,3,branch_comp,A>C>B,1,5,A>B>C>D>E,0,280,1,1.0,1.0,1.0,1,1,4,42,0.0538461538461538,1,206,206,1,0,0,1,1,0.7731486966713275,0.0121821059056977,44,1,1,1,0.0242136354586444,1,1,0,1,1,1,1,1,0,0,0,1,0.7629311071257066,0.8099633315510504,2.737250000000003,27,3,1,0.0060539033029696,1.0,relational,0.9986554627252971,0.322925090098512,7.853579726039359e-05,0,0,0,1,0
confirmation,18003,neutral,posterior_no_quarantine_generation,"7,12,1,9,0,4",6,ring,m1,m2,p2>p5>p2>p6,4,context_comp,A>B>A>C,1,7,A>B>C>D>E>F>X,1,280,1,1.0,1.0,1.0,0,0,4,49,0.0175,1,230,281,0,1,0,0,1,0.976598132519407,-0.0001680475715128,44,1,0,0,0.0,0,0,0,0,0,0,0,0,0,1,1,1,0.5048878926889042,0.7382428398820483,2.7485499999999994,29,3,1,0.0301946244925129,1.0,relational,0.991634041328178,0.0002770202490008,5.32201532715428e-07,0,0,0,1,0
confirmation,18003,self_relevant,posterior_no_quarantine_generation,"7,12,1,9,0,4",6,ring,m1,m2,p2>p5>p2>p6,4,context_comp,A>B>A>C,1,7,A>B>C>D>E>F>X,1,280,1,1.0,1.0,1.0,1,1,4,49,0.0175,1,227,227,1,0,0,1,1,0.8363895964154432,0.0138477563374673,48,1,1,1,0.0282931952836762,1,1,0,1,1,1,1,1,0,0,0,1,0.7672164577403232,0.8421252581698065,2.830949999999999,28,3,0,0.0390171663010775,1.0,relational,0.991634041328178,0.0002770202490008,5.32201532715428e-07,0,0,0,1,0
confirmation,18004,neutral,posterior_no_quarantine_generation,"7,8,13,9,4",5,chain,m0,m3,p1>p3>p2,3,branch_comp,A>C>B,1,5,A>B>C>D>E,0,280,1,1.0,0.7142857142857143,1.0,1,1,4,41,0.0525641025641025,1,248,281,0,1,0,1,1,0.796309215311156,0.0003543084740739,56,1,0,0,0.0,0,0,0,0,0,0,0,0,0,1,1,1,0.6611476675548678,0.7910644878111719,2.6568500000000035,30,3,1,0.0055954740055549,1.0,relational,0.9983390138328008,0.2564697311574517,8.17569997382567e-05,0,0,0,1,0
confirmation,18004,self_relevant,posterior_no_quarantine_generation,"7,8,13,9,4",5,chain,m0,m3,p1>p3>p2,3,branch_comp,A>C>B,1,5,A>B>C>D>E,0,280,1,1.0,0.7142857142857143,1.0,1,1,4,41,0.0525641025641025,1,206,206,1,0,0,1,1,0.7773764373038325,0.0096174792062566,44,1,1,1,0.0273543306087212,1,1,0,1,1,1,1,1,0,0,0,1,0.7542549191381629,0.8459608183678388,2.737250000000003,29,3,1,0.0064568594994142,1.0,relational,0.9983390138328008,0.2564697311574517,8.17569997382567e-05,0,0,0,1,0
confirmation,18005,neutral,posterior_no_quarantine_generation,"13,0,6,1,8,3",6,dense,m3,m2,p6>p7>p6>p5,4,context_comp,A>B>A>C,1,7,A>B>C>D>E>F>X,0,280,1,1.0,1.0,1.0,0,0,4,49,0.0175,1,241,281,0,1,0,0,1,0.984774079042562,0.0008350351409688,47,1,0,0,0.0,0,0,0,0,0,0,0,0,0,1,1,1,0.6849331627237196,0.7753147095614982,2.7485499999999994,31,3,1,0.0342162943368893,1.0,relational,0.9947042399321162,0.0002712431873227,2.986338460012073e-07,0,0,0,1,0
confirmation,18005,self_relevant,posterior_no_quarantine_generation,"13,0,6,1,8,3",6,dense,m3,m2,p6>p7>p6>p5,4,context_comp,A>B>A>C,1,7,A>B>C>D>E>F>X,0,280,1,1.0,1.0,1.0,1,1,4,49,0.0175,1,227,227,1,0,0,1,1,0.8360215958018448,0.0132200035809146,47,1,1,1,0.0305677734299483,1,1,0,1,1,1,1,1,0,0,0,1,0.7867082522826508,0.8457252026148865,2.830949999999999,30,3,0,0.0413840762386295,1.0,relational,0.9947042399321162,0.0002712431873227,2.986338460012073e-07,0,0,0,1,0
confirmation,18006,neutral,posterior_no_quarantine_generation,"4,0,13,7,9",5,ring,m3,m1,p3>p6>p7,3,branch_comp,A>C>B,1,5,A>B>C>D>E,0,280,1,1.0,1.0,1.0,1,1,4,41,0.0525641025641025,1,217,281,0,1,0,1,1,0.7236702997758115,0.0076555117176928,50,1,1,0,0.0,0,0,0,0,0,0,0,0,0,1,1,1,0.6174949973186501,0.7413327770230692,2.6812500000000035,32,3,0,0.0015108799925345,1.0,relational,0.9992316016460632,0.8292483718855355,0.0001161482090607,0,0,0,1,0
confirmation,18006,self_relevant,posterior_no_quarantine_generation,"4,0,13,7,9",5,ring,m3,m1,p3>p6>p7,3,branch_comp,A>C>B,1,5,A>B>C>D>E,0,280,1,1.0,1.0,1.0,1,1,4,41,0.0525641025641025,1,216,216,1,0,0,1,1,0.7236702997758115,0.0150561227449333,50,1,1,1,0.0258705713694262,1,1,0,1,1,1,0,0,0,0,0,1,0.7709327062880375,0.8093941496828654,2.7372500000000035,31,3,0,0.0013287003316096,1.0,relational,0.9992316016460632,0.8292483718855355,0.0001161482090607,0,0,0,1,0
confirmation,18007,neutral,posterior_no_quarantine_generation,"8,0,7,3,9,4",6,chain,m2,m0,p0>p1>p0>p5,4,context_comp,A>B>A>C,1,7,A>B>C>D>E>F>X,1,280,1,1.0,1.0,1.0,1,1,4,49,0.0175,1,245,281,0,1,0,1,1,0.9821433273029626,-0.0020016817536579,52,1,0,0,0.0,0,0,0,0,0,0,0,0,0,1,1,1,0.6701316710312185,0.775238138160586,2.72545,33,3,1,0.0319610763737568,1.0,relational,0.9944912071973596,0.0005213097189661,5.959826727422548e-07,0,0,0,1,0
confirmation,18007,self_relevant,posterior_no_quarantine_generation,"8,0,7,3,9,4",6,chain,m2,m0,p0>p1>p0>p5,4,context_comp,A>B>A>C,1,7,A>B>C>D>E>F>X,1,280,1,1.0,1.0,1.0,1,1,4,49,0.0175,1,223,223,1,0,0,1,1,0.9806176692451314,0.0120244818748691,44,1,1,1,0.0289257572367274,1,1,0,1,1,1,1,1,0,0,0,1,0.7790238637588235,0.8631911824967288,2.80785,32,3,0,0.0371892421341133,1.0,relational,0.9944912071973596,0.0005213097189661,5.959826727422548e-07,0,0,0,1,0
confirmation,18008,neutral,posterior_no_quarantine_generation,"13,11,5,0,4",5,dense,m1,m0,p4>p1>p5,3,branch_comp,A>C>B,1,5,A>B>C>D>E,0,280,1,1.0,1.0,1.0,0,0,4,42,0.0538461538461538,1,235,281,0,1,0,0,1,0.7965896996198237,-1.7527783044096615e-05,55,1,0,0,0.0,0,0,0,0,0,0,0,0,0,1,1,1,0.5694382848929451,0.7456415473158066,2.6568500000000035,34,3,1,0.0056795265399144,1.0,relational,0.9973293777628138,0.2325436450686429,0.0001228571721145,0,0,0,1,0
confirmation,18008,self_relevant,posterior_no_quarantine_generation,"13,11,5,0,4",5,dense,m1,m0,p4>p1>p5,3,branch_comp,A>C>B,1,5,A>B>C>D>E,0,280,1,1.0,1.0,1.0,1,1,4,42,0.0538461538461538,1,211,211,1,0,0,1,1,0.7029011261907065,0.0072218645691693,48,1,1,1,0.026415411122453,1,1,0,1,1,1,1,1,0,0,0,1,0.7428914700423247,0.8153956328996734,2.7372500000000035,33,3,1,0.006683162768559,1.0,relational,0.9973293777628138,0.2325436450686429,0.0001228571721145,0,0,0,1,0
confirmation,18009,neutral,posterior_no_quarantine_generation,"8,7,0,2,6,1",6,ring,m1,m3,p1>p0>p1>p4,4,context_comp,A>B>A>C,1,7,A>B>C>D>E>F>X,0,280,1,1.0,1.0,1.0,0,0,4,49,0.0175,1,234,281,0,1,0,0,1,0.8497809172311477,-3.4936496518329224e-05,49,1,0,0,0.0,0,0,0,0,0,0,0,0,0,1,1,1,0.6203747747985242,0.7725976820692942,2.7485499999999994,35,3,1,0.00064531470979,1.0,relational,0.9989181080246418,0.9045648737652054,0.0001847763562823,0,0,0,1,0
confirmation,18009,self_relevant,posterior_no_quarantine_generation,"8,7,0,2,6,1",6,ring,m1,m3,p1>p0>p1>p4,4,context_comp,A>B>A>C,1,7,A>B>C>D>E>F>X,0,280,1,1.0,1.0,1.0,1,1,4,49,0.0175,1,218,218,1,0,0,1,1,0.8167039994093706,0.0119356030158038,44,1,1,1,0.0288306200917618,1,1,0,1,1,1,1,1,0,0,0,1,0.7683470193448888,0.8437321669991574,2.830949999999999,34,3,1,0.0007821191085976,1.0,relational,0.9989181080246418,0.9045648737652054,0.0001847763562823,0,0,0,1,0
confirmation,18010,neutral,posterior_no_quarantine_generation,"12,8,11,13,2",5,chain,m3,m0,p7>p6>p2,3,branch_comp,A>C>B,1,5,A>B>C>D>E,0,280,1,1.0,0.7142857142857143,1.0,0,0,4,41,0.0525641025641025,1,211,281,0,1,0,0,1,0.7866517243404468,0.0014945425519757,44,1,0,0,0.0,0,0,0,0,0,0,0,0,0,1,1,1,0.6066187046083558,0.7230513597952373,2.6568500000000035,36,3,1,0.0057380032745593,1.0,relational,0.9984429771817076,0.0192284946367091,5.818557289312871e-06,0,0,0,1,0
confirmation,18010,self_relevant,posterior_no_quarantine_generation,"12,8,11,13,2",5,chain,m3,m0,p7>p6>p2,3,branch_comp,A>C>B,1,5,A>B>C>D>E,0,280,1,1.0,0.7142857142857143,1.0,1,1,4,41,0.0525641025641025,1,211,211,1,0,0,1,1,0.7150892312356651,0.0082474255650202,46,1,1,1,0.0242131515601132,1,1,0,1,1,1,1,1,0,0,0,1,0.7544883972535292,0.8289542285457315,2.7372500000000035,35,3,1,0.006656999346045,1.0,relational,0.9984429771817076,0.0192284946367091,5.818557289312871e-06,0,0,0,1,0
confirmation,18011,neutral,posterior_no_quarantine_generation,"9,4,3,1,13,8",6,dense,m0,m1,p7>p3>p7>p0,4,context_comp,A>B>A>C,1,7,A>B>C>D>E>F>X,1,280,1,1.0,1.0,1.0,1,1,4,49,0.0175,1,260,281,0,1,0,1,1,0.907698742694708,0.0014863213750644,56,1,0,0,0.0,0,0,0,0,0,0,0,0,0,1,1,1,0.6894343047630036,0.7744161016954618,2.7485499999999994,36,3,0,0.0018094702566224,1.0,relational,0.9989611712982364,0.018650693162859,3.589901678473697e-06,0,0,0,1,0
confirmation,18011,self_relevant,posterior_no_quarantine_generation,"9,4,3,1,13,8",6,dense,m0,m1,p7>p3>p7>p0,4,context_comp,A>B>A>C,1,7,A>B>C>D>E>F>X,1,280,1,1.0,1.0,1.0,1,1,4,49,0.0175,1,223,223,1,0,0,1,1,0.8874044480134123,0.0167849744828095,44,1,1,1,0.0308526867841773,1,1,0,1,1,1,1,1,0,0,0,1,0.8041305258386465,0.8576887555744198,2.6681499999999923,36,3,0,0.0025698649505467,1.0,relational,0.9989611712982364,0.018650693162859,3.589901678473697e-06,0,0,0,1,0
confirmation,18012,neutral,posterior_no_quarantine_generation,"9,8,1,7,2",5,ring,m2,m1,p1>p6>p4,3,branch_comp,A>C>B,1,5,A>B>C>D>E,0,280,1,1.0,1.0,1.0,1,1,4,41,0.0525641025641025,1,212,281,0,1,0,1,1,0.8569779999858759,-0.0022363261295021,42,1,1,0,0.0,0,0,0,0,0,0,0,0,0,1,1,1,0.6090026088272734,0.7419261531251082,2.6812500000000035,37,3,1,0.0404957418863161,1.0,relational,0.9841292232318516,3.8025771768354223e-06,1.3361393563247733e-08,0,0,0,1,0
confirmation,18012,self_relevant,posterior_no_quarantine_generation,"9,8,1,7,2",5,ring,m2,m1,p1>p6>p4,3,branch_comp,A>C>B,1,5,A>B>C>D>E,0,280,1,1.0,1.0,1.0,1,1,4,41,0.0525641025641025,1,206,206,1,0,0,1,1,0.8569779999858759,0.0084577380199445,42,1,1,1,0.0264599518125691,1,1,0,1,1,1,0,0,0,0,0,1,0.7498468610649439,0.8078983386897631,2.737250000000003,36,3,0,0.050435142338055,1.0,relational,0.9841292232318516,3.8025771768354223e-06,1.3361393563247733e-08,0,0,0,1,0
confirmation,18013,neutral,posterior_no_quarantine_generation,"10,12,2,8,9,3",6,chain,m0,m1,p5>p7>p5>p2,4,context_comp,A>B>A>C,1,7,A>B>C>D>E>F>X,0,280,1,1.0,0.8571428571428571,1.0,1,1,4,49,0.0175,1,228,281,0,1,0,1,1,0.8959916079510842,0.0043884623358836,44,1,1,0,0.0,0,0,0,0,0,0,0,0,0,1,1,1,0.7453414902792567,0.787591025095384,2.79735,38,3,1,0.0020377134177182,1.0,relational,0.99967063311446,0.0086065107010569,4.919220742340302e-07,0,0,0,1,0
confirmation,18013,self_relevant,posterior_no_quarantine_generation,"10,12,2,8,9,3",6,chain,m0,m1,p5>p7>p5>p2,4,context_comp,A>B>A>C,1,7,A>B>C>D>E>F>X,0,280,1,1.0,0.8571428571428571,1.0,1,1,4,49,0.0175,1,223,223,1,0,0,1,1,0.8959916079510842,0.0126608167141134,44,1,1,1,0.0278068942938065,1,1,0,1,1,1,1,1,0,0,0,1,0.7701437968052208,0.8404273019456161,2.830949999999999,37,3,0,0.0032437123781116,1.0,relational,0.99967063311446,0.0086065107010569,4.919220742340302e-07,0,0,0,1,0
confirmation,18014,neutral,posterior_no_quarantine_generation,"11,9,3,4,2",5,dense,m2,m0,p5>p3>p4,3,branch_comp,A>C>B,1,5,A>B>C>D>E,0,280,1,1.0,1.0,1.0,1,1,4,41,0.0525641025641025,1,211,281,0,1,0,1,1,0.8532047458406187,0.0012008763278891,42,1,0,0,0.0,0,0,0,0,0,0,0,0,0,1,1,1,0.6318063978696005,0.7410703745377267,2.6568500000000035,39,3,1,0.0442289119359732,1.0,relational,0.9708111030173926,6.809105595294195e-06,5.506959250484617e-08,0,0,0,1,0
confirmation,18014,self_relevant,posterior_no_quarantine_generation,"11,9,3,4,2",5,dense,m2,m0,p5>p3>p4,3,branch_comp,A>C>B,1,5,A>B>C>D>E,0,280,1,1.0,1.0,1.0,1,1,4,41,0.0525641025641025,1,206,206,1,0,0,1,1,0.8532047458406187,0.0162246715785683,42,1,1,1,0.0260643682773305,1,1,0,1,1,1,1,1,0,0,0,1,0.7834943392122525,0.8341536446873755,2.737250000000003,38,3,0,0.0515542256729234,1.0,relational,0.9708111030173926,6.809105595294195e-06,5.506959250484617e-08,0,0,0,1,0
confirmation,18015,neutral,posterior_no_quarantine_generation,"7,0,8,2,9,6",6,ring,m1,m3,p5>p4>p5>p0,4,context_comp,A>B>A>C,1,7,A>B>C>D>E>F>X,1,280,1,1.0,1.0,1.0,0,0,4,49,0.0175,1,232,281,0,1,0,0,1,0.849837293615937,0.0003837520843327,49,1,1,0,0.0,0,0,0,0,0,0,0,0,0,1,1,1,0.6639553308854329,0.7757194526297138,2.77295,40,3,1,0.0010477083294158,1.0,relational,0.999810287205552,0.9008592339356432,2.9599080779439773e-05,0,0,0,1,0
confirmation,18015,self_relevant,posterior_no_quarantine_generation,"7,0,8,2,9,6",6,ring,m1,m3,p5>p4>p5>p0,4,context_comp,A>B>A>C,1,7,A>B>C>D>E>F>X,1,280,1,1.0,1.0,1.0,1,1,4,49,0.0175,1,218,218,1,0,0,1,1,0.8068145921678231,0.014515162223965,44,1,1,1,0.0308526867841773,1,1,0,1,1,1,1,1,0,0,0,1,0.7647697868001234,0.840234454363827,2.830949999999999,39,3,1,0.0010692807710884,1.0,relational,0.999810287205552,0.9008592339356432,2.9599080779439773e-05,0,0,0,1,0
confirmation,18016,neutral,posterior_no_quarantine_generation,"7,0,13,8,11",5,chain,m2,m0,p4>p3>p6,3,branch_comp,A>C>B,1,5,A>B>C>D>E,0,280,1,1.0,1.0,0.6,1,1,4,41,0.0525641025641025,1,244,281,0,1,0,1,1,0.8600729074506386,0.0004461113868937,58,1,0,0,0.0,0,0,0,0,0,0,0,0,0,1,1,1,0.6323989362723695,0.7370363361644205,2.6568500000000035,41,3,1,0.0432126138829462,1.0,relational,0.9691709926298,4.60026451135679e-06,4.027087580413479e-08,0,0,0,1,0
confirmation,18016,self_relevant,posterior_no_quarantine_generation,"7,0,13,8,11",5,chain,m2,m0,p4>p3>p6,3,branch_comp,A>C>B,1,5,A>B>C>D>E,0,280,1,1.0,1.0,0.6,1,1,4,41,0.0525641025641025,1,206,206,1,0,0,1,1,0.8593630284141915,0.0117662630882933,42,1,1,1,0.0242324262257952,1,1,0,1,1,1,0,0,0,0,0,1,0.7797135856901178,0.8346341618085205,2.737250000000003,40,3,0,0.0526557100798106,1.0,relational,0.9691709926298,4.60026451135679e-06,4.027087580413479e-08,0,0,0,1,0
confirmation,18017,neutral,posterior_no_quarantine_generation,"12,4,10,0,7,2",6,dense,m1,m0,p0>p5>p0>p3,4,context_comp,A>B>A>C,1,7,A>B>C>D>E>F>X,0,280,1,1.0,1.0,1.0,0,0,4,49,0.0175,1,239,281,0,1,0,0,1,0.9089547085582904,-0.0008628830263653,46,1,0,0,0.0,0,0,0,0,0,0,0,0,0,1,1,1,0.682467692503241,0.7426380147746618,2.7485499999999994,41,3,0,0.0019838372391391,1.0,relational,0.9987578652650426,0.2000237978189817,4.7457309254624685e-05,0,0,0,1,0
confirmation,18017,self_relevant,posterior_no_quarantine_generation,"12,4,10,0,7,2",6,dense,m1,m0,p0>p5>p0>p3,4,context_comp,A>B>A>C,1,7,A>B>C>D>E>F>X,0,280,1,1.0,1.0,1.0,1,1,4,49,0.0175,1,227,227,1,0,0,1,1,0.829853176026853,0.0098375346330844,46,1,1,1,0.0288084517824416,1,1,0,1,1,1,1,1,0,0,0,1,0.7963405144723582,0.8479693145495989,2.7027999999999937,41,3,0,0.002719002007574,1.0,relational,0.9987578652650426,0.2000237978189817,4.7457309254624685e-05,0,0,0,1,0
confirmation,18018,neutral,posterior_no_quarantine_generation,"10,4,7,8,6",5,ring,m3,m0,p7>p1>p6,3,branch_comp,A>C>B,1,5,A>B>C>D>E,0,280,1,1.0,0.8333333333333334,1.0,0,0,4,41,0.0525641025641025,1,216,281,0,1,0,0,1,0.7969107520504362,0.001135672095941,48,1,0,0,0.0,0,0,0,0,0,0,0,0,0,1,1,1,0.5823518025830619,0.7461928253735289,2.6568500000000035,42,3,0,0.0054926130840473,1.0,relational,0.9986988249638028,0.2509313510926383,5.932328108558295e-05,0,0,0,1,0
confirmation,18018,self_relevant,posterior_no_quarantine_generation,"10,4,7,8,6",5,ring,m3,m0,p7>p1>p6,3,branch_comp,A>C>B,1,5,A>B>C>D>E,0,280,1,1.0,0.8333333333333334,1.0,1,1,4,41,0.0525641025641025,1,211,211,1,0,0,1,1,0.714121198240293,0.0081454476517044,48,1,1,1,0.0255997609703298,1,1,0,1,1,1,1,1,0,0,0,1,0.7270683654765663,0.8089893930325165,2.7372500000000035,41,3,1,0.0066593802442491,1.0,relational,0.9986988249638028,0.2509313510926383,5.932328108558295e-05,0,0,0,1,0
confirmation,18019,neutral,posterior_no_quarantine_generation,"8,5,13,4,2,0",6,chain,m2,m0,p6>p2>p6>p5,4,context_comp,A>B>A>C,1,7,A>B>C>D>E>F>X,1,280,1,1.0,1.0,1.0,1,1,4,49,0.0175,1,242,281,0,1,0,1,1,0.9787542868255732,-0.0040062253583091,52,1,0,0,0.0,0,0,0,0,0,0,0,0,0,1,1,1,0.6832939166938444,0.77003574188943,2.71775,43,3,1,0.029995207387746,1.0,relational,0.9981090630222444,0.0003890093345341,1.404721086352671e-07,0,0,0,1,0
confirmation,18019,self_relevant,posterior_no_quarantine_generation,"8,5,13,4,2,0",6,chain,m2,m0,p6>p2>p6>p5,4,context_comp,A>B>A>C,1,7,A>B>C>D>E>F>X,1,280,1,1.0,1.0,1.0,1,1,4,49,0.0175,1,223,223,1,0,0,1,1,0.9815707549563318,0.0120444180898693,44,1,1,1,0.0298898521389497,1,1,0,1,1,1,1,1,0,0,0,1,0.7595370809160251,0.8501069992010747,2.8001499999999995,42,3,0,0.0384857857657594,1.0,relational,0.9981090630222444,0.0003890093345341,1.404721086352671e-07,0,0,0,1,0
confirmation,18020,neutral,posterior_no_quarantine_generation,"11,2,10,13,5",5,dense,m1,m2,p0>p5>p7,3,branch_comp,A>C>B,1,5,A>B>C>D>E,0,280,1,1.0,0.8333333333333334,1.0,0,0,4,41,0.0525641025641025,1,212,281,0,1,0,0,1,0.8645249476101426,-0.0060029068837717,42,1,1,0,0.0002768521404949,0,0,0,0,0,0,0,0,0,1,1,1,0.6388816536438744,0.7359895405542866,2.6812500000000035,44,3,1,0.0424434937273777,1.0,relational,0.978839364096894,5.924216462436527e-06,3.0757867231464945e-08,0,0,0,1,0
confirmation,18020,self_relevant,posterior_no_quarantine_generation,"11,2,10,13,5",5,dense,m1,m2,p0>p5>p7,3,branch_comp,A>C>B,1,5,A>B>C>D>E,0,280,1,1.0,0.8333333333333334,1.0,1,1,4,41,0.0525641025641025,1,211,211,1,0,0,1,1,0.7197782937891442,0.0138660886029239,48,1,1,1,0.0254433805977944,1,1,0,1,1,1,1,1,0,0,0,1,0.7751818799475673,0.8138306578718847,2.7372500000000035,43,3,0,0.0520142577229739,1.0,relational,0.978839364096894,5.924216462436527e-06,3.0757867231464945e-08,0,0,0,1,0
confirmation,18021,neutral,posterior_no_quarantine_generation,"12,3,9,10,4,0",6,ring,m1,m3,p4>p3>p4>p1,4,context_comp,A>B>A>C,1,7,A>B>C>D>E>F>X,0,280,1,1.0,1.0,1.0,1,1,4,49,0.0175,1,232,281,0,1,0,1,1,0.8488099944139669,0.0003631402622295,49,1,0,0,0.0,0,0,0,0,0,0,0,0,0,1,1,1,0.6980623872319163,0.7915274453686063,2.7485499999999994,45,3,1,0.0005787459954739,1.0,relational,0.9995056278492775,0.9034641429986366,7.996511972515443e-05,0,0,0,1,0
confirmation,18021,self_relevant,posterior_no_quarantine_generation,"12,3,9,10,4,0",6,ring,m1,m3,p4>p3>p4>p1,4,context_comp,A>B>A>C,1,7,A>B>C>D>E>F>X,0,280,1,1.0,1.0,1.0,1,1,4,49,0.0175,1,232,232,1,0,0,1,1,0.8488099944139669,0.0110307265360211,49,1,1,1,0.0302387873827033,1,1,0,1,1,1,1,1,0,0,0,1,0.7570970658594339,0.8369958905380527,2.855349999999999,44,3,1,0.0006588799484279,1.0,relational,0.9995056278492775,0.9034641429986366,7.996511972515443e-05,0,0,0,1,0
confirmation,18022,neutral,posterior_no_quarantine_generation,"2,6,3,5,9",5,chain,m2,m1,p3>p1>p5,3,branch_comp,A>C>B,1,5,A>B>C>D>E,0,280,1,1.0,0.7142857142857143,1.0,1,1,4,41,0.0525641025641025,1,239,281,0,1,0,1,1,0.8619064289889933,-0.0021213884851194,54,1,0,0,0.0,0,0,0,0,0,0,0,0,0,1,1,1,0.6675925401166164,0.7852401689281445,2.6568500000000035,46,3,1,0.043362517088031,1.0,relational,0.9647559871715612,2.0592150550508827e-06,1.9773191491346352e-08,0,0,0,1,0
confirmation,18022,self_relevant,posterior_no_quarantine_generation,"2,6,3,5,9",5,chain,m2,m1,p3>p1>p5,3,branch_comp,A>C>B,1,5,A>B>C>D>E,0,280,1,1.0,0.7142857142857143,1.0,1,1,4,41,0.0525641025641025,1,206,206,1,0,0,1,1,0.8624495259182977,0.0070831967272939,42,1,1,1,0.0261277876748154,1,1,0,1,1,1,1,1,0,0,0,1,0.7822877501882645,0.8171340390458102,2.737250000000003,45,3,0,0.0545131709113222,1.0,relational,0.9647559871715612,2.0592150550508827e-06,1.9773191491346352e-08,0,0,0,1,0
confirmation,18023,neutral,posterior_no_quarantine_generation,"12,11,8,1,10,5",6,dense,m0,m2,p2>p1>p2>p7,4,context_comp,A>B>A>C,1,7,A>B>C>D>E>F>X,1,280,1,1.0,1.0,1.0,0,0,4,49,0.0175,1,223,281,0,1,0,0,1,0.9772515509322236,-0.0057840519561519,44,1,1,0,0.0,0,0,0,0,0,0,0,0,0,1,1,1,0.6389763694861988,0.7606312179969524,2.73445,47,3,1,0.0326783224971561,1.0,relational,0.9892137486807446,0.0002614049456149,5.951076598034642e-07,0,0,0,1,0
confirmation,18023,self_relevant,posterior_no_quarantine_generation,"12,11,8,1,10,5",6,dense,m0,m2,p2>p1>p2>p7,4,context_comp,A>B>A>C,1,7,A>B>C>D>E>F>X,1,280,1,1.0,1.0,1.0,1,1,4,49,0.0175,1,218,218,1,0,0,1,1,0.8969731871418526,0.0154116921651996,46,1,1,1,0.0300012184133449,1,1,0,1,1,1,1,1,0,0,0,1,0.7777013643996036,0.84378210758803,2.79245,46,3,0,0.0385318980581207,1.0,relational,0.9892137486807446,0.0002614049456149,5.951076598034642e-07,0,0,0,1,0
confirmation,18024,neutral,posterior_no_quarantine_generation,"0,11,10,13,7",5,ring,m2,m0,p0>p7>p2,3,branch_comp,A>C>B,1,5,A>B>C>D>E,0,280,1,1.0,1.0,1.0,1,1,4,41,0.0525641025641025,1,249,281,0,1,0,1,1,0.8624827241551717,-0.0014120529253622,57,1,0,0,0.0,0,0,0,0,0,0,0,0,0,1,1,1,0.6830037403142937,0.7860559448575758,2.6568500000000035,48,3,1,0.0475697498411522,1.0,relational,0.9768274116900194,1.765686716858408e-06,1.0130595646458553e-08,0,0,0,1,0
confirmation,18024,self_relevant,posterior_no_quarantine_generation,"0,11,10,13,7",5,ring,m2,m0,p0>p7>p2,3,branch_comp,A>C>B,1,5,A>B>C>D>E,0,280,1,1.0,1.0,1.0,1,1,4,41,0.0525641025641025,1,206,206,1,0,0,1,1,0.859588027891703,0.0145171293474892,42,1,1,1,0.0255597883282587,1,1,0,1,1,1,1,1,0,0,0,1,0.7766066949572432,0.842621188425104,2.737250000000003,47,3,0,0.0576831828065871,1.0,relational,0.9768274116900194,1.765686716858408e-06,1.0130595646458553e-08,0,0,0,1,0
confirmation,18025,neutral,posterior_no_quarantine_generation,"12,2,13,9,4,7",6,chain,m2,m1,p4>p5>p4>p1,4,context_comp,A>B>A>C,1,7,A>B>C>D>E>F>X,0,280,1,1.0,1.0,0.6666666666666666,1,1,4,49,0.0175,1,241,281,0,1,0,1,1,0.9730539921212196,0.0007331251213303,50,1,1,0,0.0,0,0,0,0,0,0,0,0,0,1,1,1,0.700727039782022,0.7701970848115917,2.77295,49,3,1,0.0339375927115761,1.0,relational,0.9959426526180664,0.0002818978599538,2.396684042535184e-07,0,0,0,1,0
confirmation,18025,self_relevant,posterior_no_quarantine_generation,"12,2,13,9,4,7",6,chain,m2,m1,p4>p5>p4>p1,4,context_comp,A>B>A>C,1,7,A>B>C>D>E>F>X,0,280,1,1.0,1.0,0.6666666666666666,1,1,4,49,0.0175,1,223,223,1,0,0,1,1,0.9745889528078356,0.0134333639434429,42,1,1,1,0.0302495721858367,1,1,0,1,1,1,1,1,0,0,0,1,0.7710232818148862,0.8463355485644186,2.830949999999999,48,3,0,0.0394742805898178,1.0,relational,0.9959426526180664,0.0002818978599538,2.396684042535184e-07,0,0,0,1,0
confirmation,18026,neutral,posterior_no_quarantine_generation,"4,12,7,8,9",5,dense,m1,m2,p1>p3>p5,3,branch_comp,A>C>B,1,5,A>B>C>D>E,0,280,1,1.0,1.0,1.0,0,0,4,42,0.0538461538461538,1,211,281,0,1,0,0,1,0.8573524988420465,-0.0009310213430507,42,1,0,0,0.0,0,0,0,0,0,0,0,0,0,1,1,1,0.6855251453721143,0.7580615525739807,2.6568500000000035,50,3,1,0.0450874250151918,1.0,relational,0.9752131177348812,3.8733877348813325e-06,2.2858292002112483e-08,0,0,0,1,0
confirmation,18026,self_relevant,posterior_no_quarantine_generation,"4,12,7,8,9",5,dense,m1,m2,p1>p3>p5,3,branch_comp,A>C>B,1,5,A>B>C>D>E,0,280,1,1.0,1.0,1.0,1,1,4,42,0.0538461538461538,1,211,211,1,0,0,1,1,0.7205830167972818,0.0076793637081025,48,1,1,1,0.0259922122757265,1,1,0,1,1,1,1,1,0,0,0,1,0.7900656454292805,0.84545380170056,2.7372500000000035,49,3,0,0.0530573771032507,1.0,relational,0.9752131177348812,3.8733877348813325e-06,2.2858292002112483e-08,0,0,0,1,0
confirmation,18027,neutral,posterior_no_quarantine_generation,"1,7,0,10,11,5",6,ring,m3,m0,p7>p5>p7>p6,4,context_comp,A>B>A>C,1,7,A>B>C>D>E>F>X,1,280,1,1.0,1.0,1.0,0,0,4,49,0.0175,1,232,281,0,1,0,0,1,0.9043129925700008,0.000532336618014,47,1,1,0,1.6345225514740058e-05,0,0,0,0,0,0,0,0,0,1,1,1,0.6493527561380462,0.7629451479090731,2.77295,51,3,1,0.0030472429276373,1.0,relational,0.998986959956902,0.6458957711499907,0.0001168871374228,0,0,0,1,0
confirmation,18027,self_relevant,posterior_no_quarantine_generation,"1,7,0,10,11,5",6,ring,m3,m0,p7>p5>p7>p6,4,context_comp,A>B>A>C,1,7,A>B>C>D>E>F>X,1,280,1,1.0,1.0,1.0,1,1,4,49,0.0175,1,227,227,1,0,0,1,1,0.8359292956138609,0.0143888578939407,47,1,1,1,0.0313870230469845,1,1,0,1,1,1,1,1,0,0,0,1,0.7537017725430468,0.8323901339228511,2.830949999999999,50,3,1,0.0034264412677392,1.0,relational,0.998986959956902,0.6458957711499907,0.0001168871374228,0,0,0,1,0
confirmation,18028,neutral,posterior_no_quarantine_generation,"7,1,8,9,4",5,chain,m2,m0,p1>p0>p2,3,branch_comp,A>C>B,1,5,A>B>C>D>E,0,280,1,1.0,1.0,0.6,1,1,4,41,0.0525641025641025,1,254,281,0,1,0,1,1,0.8665873736789317,0.0014190315320296,61,1,1,0,0.0001337910747252,0,0,0,0,0,0,0,0,0,1,1,1,0.4842602461010192,0.7684313214201344,2.6812500000000035,52,3,0,0.0458552990793543,1.0,relational,0.9741833807749136,2.1365729323385536e-06,1.4732941754694777e-08,0,0,0,1,0
confirmation,18028,self_relevant,posterior_no_quarantine_generation,"7,1,8,9,4",5,chain,m2,m0,p1>p0>p2,3,branch_comp,A>C>B,1,5,A>B>C>D>E,0,280,1,1.0,1.0,0.6,1,1,4,41,0.0525641025641025,1,206,206,1,0,0,1,1,0.8657317428308218,0.0140326288527034,42,1,1,1,0.0245954130451367,1,1,0,1,1,1,1,1,0,0,0,1,0.839833693742196,0.8774084579051025,2.4952499999999875,51,3,0,0.0562567484266522,1.0,relational,0.9741833807749136,2.1365729323385536e-06,1.4732941754694777e-08,0,0,0,1,0
confirmation,18029,neutral,posterior_no_quarantine_generation,"2,8,10,5,0,4",6,dense,m1,m0,p6>p7>p6>p2,4,context_comp,A>B>A>C,1,7,A>B>C>D>E>F>X,0,280,1,1.0,1.0,1.0,0,0,4,49,0.0175,1,239,281,0,1,0,0,1,0.9096258890340124,-0.0052190357330078,46,1,0,0,0.0,0,0,0,0,0,0,0,0,0,1,1,1,0.5707225276471952,0.713099544340769,2.7485499999999994,52,3,0,0.0026389116967091,1.0,relational,0.9999490668328676,0.2015155899598499,1.736935582615442e-06,0,0,0,1,0
confirmation,18029,self_relevant,posterior_no_quarantine_generation,"2,8,10,5,0,4",6,dense,m1,m0,p6>p7>p6>p2,4,context_comp,A>B>A>C,1,7,A>B>C>D>E>F>X,0,280,1,1.0,1.0,1.0,1,1,4,49,0.0175,1,227,227,1,0,0,1,1,0.8287951646660074,0.0109896009214039,47,1,1,1,0.0313870230469845,1,1,0,1,1,1,1,1,0,0,0,1,0.8124434813364511,0.8537779880078,2.6681499999999923,52,3,0,0.0028324682072688,1.0,relational,0.9999490668328676,0.2015155899598499,1.736935582615442e-06,0,0,0,1,0
confirmation,18030,neutral,posterior_no_quarantine_generation,"6,1,9,8,11",5,ring,m0,m3,p6>p5>p0,3,branch_comp,A>C>B,1,5,A>B>C>D>E,0,280,1,1.0,1.0,1.0,1,1,4,41,0.0525641025641025,1,234,281,0,1,0,1,1,0.7955919046907585,-0.0002629119786027,55,1,0,0,0.0,0,0,0,0,0,0,0,0,0,1,1,1,0.6725260669251121,0.7482515123130342,2.6568500000000035,53,3,1,0.0050596179500093,1.0,relational,0.9995404488981894,0.030555215879122,2.521427549301353e-06,0,0,0,1,0
confirmation,18030,self_relevant,posterior_no_quarantine_generation,"6,1,9,8,11",5,ring,m0,m3,p6>p5>p0,3,branch_comp,A>C>B,1,5,A>B>C>D>E,0,280,1,1.0,1.0,1.0,1,1,4,41,0.0525641025641025,1,206,206,1,0,0,1,1,0.7797006798018986,0.0086856690771542,44,1,1,1,0.0244765219630574,1,1,0,1,1,1,1,1,0,0,0,1,0.7858721373596991,0.8415073052664942,2.737250000000003,52,3,1,0.0052502679242452,1.0,relational,0.9995404488981894,0.030555215879122,2.521427549301353e-06,0,0,0,1,0
confirmation,18031,neutral,posterior_no_quarantine_generation,"8,0,4,11,10,12",6,chain,m2,m1,p4>p1>p4>p2,4,context_comp,A>B>A>C,1,7,A>B>C>D>E>F>X,1,280,1,1.0,1.0,0.1666666666666666,0,0,4,49,0.0175,0,281,281,0,0,0,0,0,0.0,0.0,0,0,0,0,0.0,0,0,0,0,0,0,0,0,0,1,0,1,0.5824977148266399,0.7608203579926133,2.655049999999996,53,3,0,0.0335496976064363,1.0,relational,0.9995417444464032,0.0004780105726005,3.878565674838957e-08,0,0,0,1,0
confirmation,18031,self_relevant,posterior_no_quarantine_generation,"8,0,4,11,10,12",6,chain,m2,m1,p4>p1>p4>p2,4,context_comp,A>B>A>C,1,7,A>B>C>D>E>F>X,1,280,1,1.0,1.0,0.1666666666666666,1,1,4,49,0.0175,1,223,223,1,0,0,1,1,0.981904290493964,0.0062424007108013,42,1,1,1,0.029750258137228,1,1,0,1,1,1,1,1,0,0,0,1,0.8293329891072952,0.8752391630437161,2.609299999999989,53,3,0,0.0367405031251519,1.0,relational,0.9942918130293162,0.000482441992611,6.027971573623871e-07,0,0,0,1,0
confirmation,18032,neutral,posterior_no_quarantine_generation,"6,8,9,13,2",5,dense,m1,m2,p5>p0>p2,3,branch_comp,A>C>B,1,5,A>B>C>D>E,0,280,1,1.0,0.8333333333333334,1.0,0,0,4,41,0.0525641025641025,1,211,281,0,1,0,0,1,0.8525854176188119,-0.0019467645506925,42,1,0,0,0.0,0,0,0,0,0,0,0,0,0,1,1,1,0.6195623654400817,0.7296486933386486,2.6568500000000035,54,3,1,0.0431606034459686,1.0,relational,0.9766504739218318,3.3102690330676797e-06,1.747483837892805e-08,0,0,0,1,0
confirmation,18032,self_relevant,posterior_no_quarantine_generation,"6,8,9,13,2",5,dense,m1,m2,p5>p0>p2,3,branch_comp,A>C>B,1,5,A>B>C>D>E,0,280,1,1.0,0.8333333333333334,1.0,1,1,4,41,0.0525641025641025,1,211,211,1,0,0,1,1,0.7255079844122598,0.0086006094757794,48,1,1,1,0.0265065463036696,1,1,0,1,1,1,1,1,0,0,0,1,0.7694495938557895,0.8264712973713466,2.7372500000000035,53,3,0,0.0514422923788995,1.0,relational,0.9766504739218318,3.3102690330676797e-06,1.747483837892805e-08,0,0,0,1,0
confirmation,18033,neutral,posterior_no_quarantine_generation,"11,1,4,0,3,8",6,ring,m2,m3,p7>p0>p7>p4,4,context_comp,A>B>A>C,1,7,A>B>C>D>E>F>X,0,280,1,1.0,1.0,1.0,1,1,4,49,0.0175,1,228,281,0,1,0,1,1,0.9857852927488344,-0.0004257985334987,42,1,1,0,4.713419666646773e-05,0,0,0,0,0,0,0,0,0,1,1,1,0.5947624310665671,0.7664340442862576,2.77295,55,3,1,0.0316773845724354,1.0,relational,0.993362367119556,0.000506415338975,7.161367626699024e-07,0,0,0,1,0
confirmation,18033,self_relevant,posterior_no_quarantine_generation,"11,1,4,0,3,8",6,ring,m2,m3,p7>p0>p7>p4,4,context_comp,A>B>A>C,1,7,A>B>C>D>E>F>X,0,280,1,1.0,1.0,1.0,1,1,4,49,0.0175,1,223,223,1,0,0,1,1,0.9857852927488344,0.0118914739514123,42,1,1,1,0.0293774613975005,1,1,0,1,1,1,1,1,0,0,0,1,0.7725771569171128,0.848278825989606,2.830949999999999,54,3,0,0.0375615220467594,1.0,relational,0.993362367119556,0.000506415338975,7.161367626699024e-07,0,0,0,1,0
confirmation,18034,neutral,posterior_no_quarantine_generation,"3,6,1,9,4",5,chain,m3,m2,p2>p0>p1,3,branch_comp,A>C>B,1,5,A>B>C>D>E,0,280,1,1.0,0.8333333333333334,1.0,0,0,4,41,0.0525641025641025,1,223,281,0,1,0,0,1,0.8609069817272095,-0.0001131900487249,45,1,1,0,0.0,0,0,0,0,0,0,0,0,0,1,1,1,0.643436311329566,0.7671366716574382,2.6812500000000035,56,3,1,0.0449941483207267,1.0,relational,0.963317988046018,3.415464912401306e-06,3.497841834792328e-08,0,0,0,1,0
confirmation,18034,self_relevant,posterior_no_quarantine_generation,"3,6,1,9,4",5,chain,m3,m2,p2>p0>p1,3,branch_comp,A>C>B,1,5,A>B>C>D>E,0,280,1,1.0,0.8333333333333334,1.0,1,1,4,41,0.0525641025641025,1,211,211,1,0,0,1,1,0.7149230190432871,0.012086236567478,47,1,1,1,0.02540282666224,1,1,0,1,1,1,1,1,0,0,0,1,0.7414754556579233,0.8391790761119842,2.7372500000000035,55,3,0,0.0532977347732629,1.0,relational,0.963317988046018,3.415464912401306e-06,3.497841834792328e-08,0,0,0,1,0
confirmation,18035,neutral,posterior_no_quarantine_generation,"10,12,7,8,4,9",6,dense,m2,m1,p2>p1>p2>p7,4,context_comp,A>B>A>C,1,7,A>B>C>D>E>F>X,1,280,1,1.0,1.0,1.0,1,1,4,49,0.0175,1,227,281,0,1,0,1,1,0.9807632386921434,0.000738531660504,42,1,0,0,0.0,0,0,0,0,0,0,0,0,0,1,1,1,0.6560734645083272,0.7701268847018446,2.7485499999999994,57,3,1,0.0320531686570398,1.0,relational,0.978660674551478,0.0001647275942492,9.290446170370504e-07,0,0,0,1,0
confirmation,18035,self_relevant,posterior_no_quarantine_generation,"10,12,7,8,4,9",6,dense,m2,m1,p2>p1>p2>p7,4,context_comp,A>B>A>C,1,7,A>B>C>D>E>F>X,1,280,1,1.0,1.0,1.0,1,1,4,49,0.0175,1,223,223,1,0,0,1,1,0.9807632386921434,0.0151085046111083,42,1,1,1,0.0302620763675089,1,1,0,1,1,1,1,1,0,0,0,1,0.7585942320970478,0.8371191257068032,2.830949999999999,56,3,0,0.0395013025226049,1.0,relational,0.978660674551478,0.0001647275942492,9.290446170370504e-07,0,0,0,1,0
confirmation,18036,neutral,posterior_no_quarantine_generation,"2,0,7,9,6",5,ring,m0,m2,p1>p7>p6,3,branch_comp,A>C>B,1,5,A>B>C>D>E,0,280,1,1.0,1.0,1.0,0,0,4,43,0.0551282051282051,1,211,281,0,1,0,0,1,0.8525556771027736,-0.0009688514418719,42,1,0,0,0.0,0,0,0,0,0,0,0,0,0,1,1,1,0.5563598815895142,0.7249144274550848,2.6568500000000035,58,3,1,0.0442746224984787,1.0,relational,0.9856805111436496,3.372934326809032e-06,1.0761815414090952e-08,0,0,0,1,0
confirmation,18036,self_relevant,posterior_no_quarantine_generation,"2,0,7,9,6",5,ring,m0,m2,p1>p7>p6,3,branch_comp,A>C>B,1,5,A>B>C>D>E,0,280,1,1.0,1.0,1.0,1,1,4,43,0.0551282051282051,1,211,211,1,0,0,1,1,0.7931370193806924,0.0080918977488872,46,1,1,1,0.0261636280014024,1,1,0,1,1,1,0,0,0,0,0,1,0.7855839238334777,0.8408598971850569,2.7372500000000035,57,3,0,0.0543387186731356,1.0,relational,0.9856805111436496,3.372934326809032e-06,1.0761815414090952e-08,0,0,0,1,0
confirmation,18037,neutral,posterior_no_quarantine_generation,"8,9,5,13,6,0",6,chain,m0,m3,p0>p6>p0>p5,4,context_comp,A>B>A>C,1,7,A>B>C>D>E>F>X,0,280,1,1.0,1.0,1.0,1,1,4,49,0.0175,1,233,281,0,1,0,1,1,0.9072021552533682,0.0040587989440975,48,1,1,0,0.0,0,0,0,0,0,0,0,0,0,1,1,1,0.6785368239818234,0.7845769377892816,2.77295,59,3,1,0.0019997009687473,1.0,relational,0.9997701892342112,0.0117570745235797,4.705544857972892e-07,0,0,0,1,0
confirmation,18037,self_relevant,posterior_no_quarantine_generation,"8,9,5,13,6,0",6,chain,m0,m3,p0>p6>p0>p5,4,context_comp,A>B>A>C,1,7,A>B>C>D>E>F>X,0,280,1,1.0,1.0,1.0,1,1,4,49,0.0175,1,223,223,1,0,0,1,1,0.899857044190974,0.0144949616590158,44,1,1,1,0.0302620763675089,1,1,0,1,1,1,1,1,0,0,0,1,0.7707600677487032,0.8587397802081376,2.830949999999999,58,3,0,0.0039313332497967,1.0,relational,0.9997701892342112,0.0117570745235797,4.705544857972892e-07,0,0,0,1,0
confirmation,18038,neutral,posterior_no_quarantine_generation,"0,5,9,4,7",5,dense,m0,m1,p7>p5>p6,3,branch_comp,A>C>B,1,5,A>B>C>D>E,0,280,1,1.0,1.0,1.0,1,1,4,41,0.0525641025641025,1,211,281,0,1,0,1,1,0.7606078090597439,0.0069934320182019,44,1,1,0,0.0004450441237385,0,0,0,0,0,0,0,0,0,1,1,1,0.6551728129911075,0.7796971783892833,2.6812500000000035,60,3,1,0.0051030015459736,1.0,relational,0.997968654575498,0.3060799596629401,0.0001184698129876,0,0,0,1,0
confirmation,18038,self_relevant,posterior_no_quarantine_generation,"0,5,9,4,7",5,dense,m0,m1,p7>p5>p6,3,branch_comp,A>C>B,1,5,A>B>C>D>E,0,280,1,1.0,1.0,1.0,1,1,4,41,0.0525641025641025,1,206,206,1,0,0,1,1,0.7606078090597439,0.0115238353111348,44,1,1,1,0.0260398942858354,1,1,0,1,1,1,1,1,0,0,0,1,0.790441701018319,0.8478904279690012,2.5749999999999926,59,3,1,0.0057926701518251,1.0,relational,0.997968654575498,0.3060799596629401,0.0001184698129876,0,0,0,1,0
confirmation,18039,neutral,posterior_no_quarantine_generation,"9,13,2,5,3,1",6,ring,m2,m1,p3>p0>p3>p7,4,context_comp,A>B>A>C,1,7,A>B>C>D>E>F>X,1,280,1,1.0,1.0,1.0,1,1,4,49,0.0175,1,228,281,0,1,0,1,1,0.9847809999689876,0.0004148397685389,42,1,1,0,0.0009652185392923,0,0,0,0,0,0,0,0,0,1,1,1,0.6179355192146523,0.752170554821949,2.77295,61,3,1,0.0354727587236933,1.0,relational,0.9975909060007664,0.0004239745905159,1.980578688950904e-07,0,0,0,1,0
confirmation,18039,self_relevant,posterior_no_quarantine_generation,"9,13,2,5,3,1",6,ring,m2,m1,p3>p0>p3>p7,4,context_comp,A>B>A>C,1,7,A>B>C>D>E>F>X,1,280,1,1.0,1.0,1.0,1,1,4,49,0.0175,1,223,223,1,0,0,1,1,0.9847809999689876,0.0133893042478184,42,1,1,1,0.0300282704551954,1,1,0,1,1,1,1,1,0,0,0,1,0.7707159141631562,0.8423064554422434,2.830949999999999,60,3,0,0.0403481027581136,1.0,relational,0.9975909060007664,0.0004239745905159,1.980578688950904e-07,0,0,0,1,0
confirmation,18000,neutral,quarantine_no_local_reservation_generation,"4,2,9,6,7",5,ring,m2,m0,p1>p6>p2,3,branch_comp,A>C>B,1,5,A>B>C>D>E,0,280,1,1.0,1.0,1.0,0,0,4,32,0.041025641025641,0,281,281,0,0,0,0,0,0.0,0.0,0,0,0,0,0.0,0,0,0,0,0,0,0,0,0,1,0,1,0.7266583570371534,0.7640204081340883,2.6759500000000007,26,3,1,0.0433184817932321,0.8415094249999999,relational,0.976881434459256,3.1925561456238107e-06,1.6781531303022113e-08,1,1,0,1,0
confirmation,18000,self_relevant,quarantine_no_local_reservation_generation,"4,2,9,6,7",5,ring,m2,m0,p1>p6>p2,3,branch_comp,A>C>B,1,5,A>B>C>D>E,0,280,1,1.0,1.0,1.0,1,1,4,36,0.0461538461538461,1,197,197,1,0,0,1,1,0.8590908542250232,0.0080573259306612,44,1,1,1,0.0267334612247097,1,1,0,1,1,1,1,1,0,0,0,1,0.7783242658375021,0.8236948082715024,2.676500000000003,25,4,0,0.0532773429892635,0.6797049999999999,relational,0.976881434459256,3.1925561456238107e-06,1.3554798550617116e-08,1,1,0,1,0
confirmation,18001,neutral,quarantine_no_local_reservation_generation,"9,13,11,6,1,10",6,chain,m0,m3,p3>p6>p3>p0,4,context_comp,A>B>A>C,1,7,A>B>C>D>E>F>X,0,280,1,1.0,1.0,0.8333333333333334,0,0,4,47,0.0167857142857142,0,281,281,0,0,0,0,0,0.0,0.0,0,0,0,0,0.0,0,0,0,0,0,0,0,0,0,1,0,1,0.7438091289286523,0.7933661508748865,2.72545,26,3,0,0.0035039965261124,0.8040565951249999,relational,0.9994186099937884,0.011428010819069,9.611144225480426e-07,1,1,0,1,0
confirmation,18001,self_relevant,quarantine_no_local_reservation_generation,"9,13,11,6,1,10",6,chain,m0,m3,p3>p6>p3>p0,4,context_comp,A>B>A>C,1,7,A>B>C>D>E>F>X,0,280,1,1.0,1.0,0.8333333333333334,0,0,4,47,0.0167857142857142,0,281,281,0,0,0,0,0,0.0,0.0,0,0,0,0,0.0,0,0,0,0,0,0,0,0,0,0,0,0,0.7089143607843896,0.7733233108005044,2.72545,26,3,0,0.0035039965261124,0.8415094249999999,relational,0.9994186099937884,0.011428010819069,1.005882981348937e-06,1,1,0,1,0
confirmation,18002,neutral,quarantine_no_local_reservation_generation,"5,3,6,7,8",5,dense,m0,m3,p4>p0>p3,3,branch_comp,A>C>B,1,5,A>B>C>D>E,0,280,1,1.0,1.0,1.0,1,1,4,34,0.0435897435897435,1,234,281,0,1,0,1,1,0.8022645564244932,0.0013745106830191,62,1,1,0,0.0,0,0,0,0,0,0,0,0,0,1,1,1,0.6885684046561826,0.7423127062903762,2.621150000000003,27,3,0,0.0047877382937959,0.963995746198125,relational,0.9986554627252971,0.322925090098512,7.570817448329777e-05,1,1,1,1,1
confirmation,18002,self_relevant,quarantine_no_local_reservation_generation,"5,3,6,7,8",5,dense,m0,m3,p4>p0>p3,3,branch_comp,A>C>B,1,5,A>B>C>D>E,0,280,1,1.0,1.0,1.0,1,1,4,34,0.0435897435897435,1,197,197,1,0,0,1,1,0.7835188938278134,0.0093794861644063,46,1,1,1,0.0266995026209355,1,1,0,1,1,1,1,1,0,0,0,1,0.7726699826547937,0.8218198476837559,2.6771500000000032,26,3,1,0.0056564863904319,0.8040565951249999,relational,0.9986554627252971,0.322925090098512,6.314722574061936e-05,1,1,0,1,0
confirmation,18003,neutral,quarantine_no_local_reservation_generation,"7,12,1,9,0,4",6,ring,m1,m2,p2>p5>p2>p6,4,context_comp,A>B>A>C,1,7,A>B>C>D>E>F>X,1,280,1,1.0,1.0,1.0,0,0,4,51,0.0182142857142857,0,281,281,0,0,0,0,0,0.0,0.0,0,0,0,0,0.0,0,0,0,0,0,0,0,0,0,1,0,1,0.5005549518475392,0.729353580785198,2.73035,27,3,0,0.0390171663010775,0.9222558950811904,relational,0.991634041328178,0.0002770202490008,4.908260009180486e-07,1,1,0,1,1
confirmation,18003,self_relevant,quarantine_no_local_reservation_generation,"7,12,1,9,0,4",6,ring,m1,m2,p2>p5>p2>p6,4,context_comp,A>B>A>C,1,7,A>B>C>D>E>F>X,1,280,1,1.0,1.0,1.0,0,0,4,51,0.0182142857142857,0,281,281,0,0,0,0,0,0.0,0.0,0,0,0,0,0.0,0,0,0,0,0,0,0,0,0,0,0,0,0.7037368772537081,0.7745631096437732,2.73035,27,3,0,0.0390171663010775,0.963995746198125,relational,0.991634041328178,0.0002770202490008,5.130400136577949e-07,1,1,0,1,1
confirmation,18004,neutral,quarantine_no_local_reservation_generation,"7,8,13,9,4",5,chain,m0,m3,p1>p3>p2,3,branch_comp,A>C>B,1,5,A>B>C>D>E,0,280,1,1.0,0.7142857142857143,1.0,1,1,4,39,0.05,1,206,281,0,1,0,1,1,0.7818940887646108,0.001425789447053,45,1,0,0,0.0,0,0,0,0,0,0,0,0,0,1,1,1,0.6629668351024363,0.7916785693359236,2.628200000000003,28,3,1,0.0055954740055549,1.0,relational,0.9983390138328008,0.2564697311574517,8.17569997382567e-05,1,1,0,1,1
confirmation,18004,self_relevant,quarantine_no_local_reservation_generation,"7,8,13,9,4",5,chain,m0,m3,p1>p3>p2,3,branch_comp,A>C>B,1,5,A>B>C>D>E,0,280,1,1.0,0.7142857142857143,1.0,1,1,4,39,0.05,1,206,206,1,0,0,1,1,0.7818940887646108,0.0067523846653751,46,1,1,1,0.0273543306087212,1,1,0,1,1,1,1,1,0,0,0,1,0.7579239601372403,0.849401983990451,2.7086000000000032,27,3,1,0.0066637369761718,0.9222558950811904,relational,0.9983390138328008,0.2564697311574517,7.54008749727586e-05,1,1,0,1,1
confirmation,18005,neutral,quarantine_no_local_reservation_generation,"13,0,6,1,8,3",6,dense,m3,m2,p6>p7>p6>p5,4,context_comp,A>B>A>C,1,7,A>B>C>D>E>F>X,0,280,1,1.0,1.0,1.0,0,0,4,47,0.0167857142857142,0,281,281,0,0,0,0,0,0.0,0.0,0,0,0,0,0.0,0,0,0,0,0,0,0,0,0,1,0,1,0.6939626261033314,0.7734972559825058,2.73035,28,3,0,0.0432175009477897,0.957,relational,0.9947042399321162,0.0002712431873227,2.857925906231553e-07,1,1,0,1,1
confirmation,18005,self_relevant,quarantine_no_local_reservation_generation,"13,0,6,1,8,3",6,dense,m3,m2,p6>p7>p6>p5,4,context_comp,A>B>A>C,1,7,A>B>C>D>E>F>X,0,280,1,1.0,1.0,1.0,0,0,4,47,0.0167857142857142,0,281,281,0,0,0,0,0,0.0,0.0,0,0,0,0,0.0,0,0,0,0,0,0,0,0,0,0,0,0,0.6861370423958534,0.7804526024090862,2.73035,28,3,0,0.0432175009477897,1.0,relational,0.9947042399321162,0.0002712431873227,2.986338460012073e-07,1,1,0,1,1
confirmation,18006,neutral,quarantine_no_local_reservation_generation,"4,0,13,7,9",5,ring,m3,m1,p3>p6>p7,3,branch_comp,A>C>B,1,5,A>B>C>D>E,0,280,1,1.0,1.0,1.0,1,1,4,33,0.0423076923076923,1,202,281,0,1,0,1,1,0.7351432449396365,0.0068360923262765,50,1,1,0,0.0007869844075579,0,0,0,0,0,0,0,0,0,1,1,1,0.6179921212556138,0.7422888623628698,2.613400000000003,29,3,0,0.0015108799925345,1.0,relational,0.9992316016460632,0.8292483718855355,0.0001161482090607,1,1,1,1,2
confirmation,18006,self_relevant,quarantine_no_local_reservation_generation,"4,0,13,7,9",5,ring,m3,m1,p3>p6>p7,3,branch_comp,A>C>B,1,5,A>B>C>D>E,0,280,1,1.0,1.0,1.0,1,1,4,33,0.0423076923076923,1,197,197,1,0,0,1,1,0.7351432449396365,0.0135777508436258,50,1,1,1,0.0250510224003856,1,1,0,1,1,1,1,1,0,0,0,1,0.7852715044507794,0.84340877968203,2.669400000000003,28,3,0,0.0013882720924358,0.957,relational,0.9992316016460632,0.8292483718855355,0.0001111538360711,1,1,0,1,1
confirmation,18007,neutral,quarantine_no_local_reservation_generation,"8,0,7,3,9,4",6,chain,m2,m0,p0>p1>p0>p5,4,context_comp,A>B>A>C,1,7,A>B>C>D>E>F>X,1,280,1,1.0,1.0,1.0,0,0,4,50,0.0178571428571428,0,281,281,0,0,0,0,0,0.0,0.0,0,0,0,0,0.0,0,0,0,0,0,0,0,0,0,1,0,1,0.6648368861763357,0.7653733867041083,2.73525,29,3,0,0.04073333705413,0.957,relational,0.9944912071973596,0.0005213097189661,5.703554178143378e-07,1,1,0,1,2
confirmation,18007,self_relevant,quarantine_no_local_reservation_generation,"8,0,7,3,9,4",6,chain,m2,m0,p0>p1>p0>p5,4,context_comp,A>B>A>C,1,7,A>B>C>D>E>F>X,1,280,1,1.0,1.0,1.0,0,0,4,50,0.0178571428571428,0,281,281,0,0,0,0,0,0.0,0.0,0,0,0,0,0.0,0,0,0,0,0,0,0,0,0,0,0,0,0.7070794768758726,0.7636493513436825,2.73525,29,3,0,0.04073333705413,1.0,relational,0.9944912071973596,0.0005213097189661,5.959826727422548e-07,1,1,0,1,2
confirmation,18008,neutral,quarantine_no_local_reservation_generation,"13,11,5,0,4",5,dense,m1,m0,p4>p1>p5,3,branch_comp,A>C>B,1,5,A>B>C>D>E,0,280,1,1.0,1.0,1.0,0,0,4,39,0.05,1,218,281,0,1,0,0,1,0.7987036590615177,0.001366572523359,50,1,0,0,0.0,0,0,0,0,0,0,0,0,0,1,1,1,0.5711538763447112,0.746502625508405,2.628200000000003,30,3,0,0.0056795265399144,1.0,relational,0.9973293777628138,0.2325436450686429,0.0001228571721145,1,1,0,1,2
confirmation,18008,self_relevant,quarantine_no_local_reservation_generation,"13,11,5,0,4",5,dense,m1,m0,p4>p1>p5,3,branch_comp,A>C>B,1,5,A>B>C>D>E,0,280,1,1.0,1.0,1.0,1,1,4,39,0.05,1,202,202,1,0,0,1,1,0.6980202013306493,0.0087002939698473,46,1,1,1,0.0245062697421699,1,1,0,1,1,1,1,1,0,0,0,1,0.7387538696651829,0.810467167704596,2.7086000000000032,29,3,1,0.0068223801141668,0.957,relational,0.9973293777628138,0.2325436450686429,0.0001175743137136,1,1,0,1,2
confirmation,18009,neutral,quarantine_no_local_reservation_generation,"8,7,0,2,6,1",6,ring,m1,m3,p1>p0>p1>p4,4,context_comp,A>B>A>C,1,7,A>B>C>D>E>F>X,0,280,1,1.0,1.0,1.0,0,0,4,44,0.0157142857142857,0,281,281,0,0,0,0,0,0.0,0.0,0,0,0,0,0.0,0,0,0,0,0,0,0,0,0,1,0,1,0.6309860186977662,0.7721829795872125,2.69955,30,3,1,0.0007347391657779,0.957,relational,0.9989181080246418,0.9045648737652054,0.0001768309729621,1,1,0,1,3
confirmation,18009,self_relevant,quarantine_no_local_reservation_generation,"8,7,0,2,6,1",6,ring,m1,m3,p1>p0>p1>p4,4,context_comp,A>B>A>C,1,7,A>B>C>D>E>F>X,0,280,1,1.0,1.0,1.0,0,0,4,44,0.0157142857142857,0,281,281,0,0,0,0,0,0.0,0.0,0,0,0,0,0.0,0,0,0,0,0,0,0,0,0,0,0,0,0.7102042122328357,0.7815655393770656,2.69955,30,3,1,0.0007347391657779,1.0,relational,0.9989181080246418,0.9045648737652054,0.0001847763562823,1,1,0,1,2
confirmation,18010,neutral,quarantine_no_local_reservation_generation,"12,8,11,13,2",5,chain,m3,m0,p7>p6>p2,3,branch_comp,A>C>B,1,5,A>B>C>D>E,0,280,1,1.0,0.7142857142857143,1.0,0,0,4,36,0.0461538461538461,1,202,281,0,1,0,0,1,0.7737439542885856,-0.0004644340262419,44,1,0,0,0.0,0,0,0,0,0,0,0,0,0,1,1,1,0.6073910192679863,0.7240829476456357,2.6149500000000034,31,3,0,0.0057380032745593,1.0,relational,0.9984429771817076,0.0192284946367091,5.818557289312871e-06,1,1,0,1,3
confirmation,18010,self_relevant,quarantine_no_local_reservation_generation,"12,8,11,13,2",5,chain,m3,m0,p7>p6>p2,3,branch_comp,A>C>B,1,5,A>B>C>D>E,0,280,1,1.0,0.7142857142857143,1.0,1,1,4,36,0.0461538461538461,1,202,202,1,0,0,1,1,0.7046340705588942,0.0045951824167183,46,1,1,1,0.0260882749345351,1,1,0,1,1,1,1,1,0,0,0,1,0.7566500035562667,0.8317877762892332,2.695350000000003,30,3,1,0.0066360423361705,0.957,relational,0.9984429771817076,0.0192284946367091,5.568359325872417e-06,1,1,0,1,3
confirmation,18011,neutral,quarantine_no_local_reservation_generation,"9,4,3,1,13,8",6,dense,m0,m1,p7>p3>p7>p0,4,context_comp,A>B>A>C,1,7,A>B>C>D>E>F>X,1,280,1,1.0,1.0,1.0,0,0,4,51,0.0182142857142857,0,281,281,0,0,0,0,0,0.0,0.0,0,0,0,0,0.0,0,0,0,0,0,0,0,0,0,1,0,1,0.6831104801848277,0.7654984346829715,2.72545,31,3,0,0.002751890428358,0.957,relational,0.9989611712982364,0.018650693162859,3.435535906299328e-06,1,1,0,1,3
confirmation,18011,self_relevant,quarantine_no_local_reservation_generation,"9,4,3,1,13,8",6,dense,m0,m1,p7>p3>p7>p0,4,context_comp,A>B>A>C,1,7,A>B>C>D>E>F>X,1,280,1,1.0,1.0,1.0,0,0,4,51,0.0182142857142857,0,281,281,0,0,0,0,0,0.0,0.0,0,0,0,0,0.0,0,0,0,0,0,0,0,0,0,0,0,0,0.6217337678870517,0.7499614090057047,2.72545,31,3,0,0.002751890428358,1.0,relational,0.9989611712982364,0.018650693162859,3.589901678473697e-06,1,1,0,1,3
confirmation,18012,neutral,quarantine_no_local_reservation_generation,"9,8,1,7,2",5,ring,m2,m1,p1>p6>p4,3,branch_comp,A>C>B,1,5,A>B>C>D>E,0,280,1,1.0,1.0,1.0,1,1,4,36,0.0461538461538461,1,197,281,0,1,0,1,1,0.8531461761690429,-0.0050542208455179,44,1,1,0,0.0,0,0,0,0,0,0,0,0,0,1,1,1,0.612394727627728,0.7455528632154621,2.6205000000000034,32,3,1,0.0404957418863161,1.0,relational,0.9841292232318516,3.8025771768354223e-06,1.3361393563247733e-08,1,1,0,1,3
confirmation,18012,self_relevant,quarantine_no_local_reservation_generation,"9,8,1,7,2",5,ring,m2,m1,p1>p6>p4,3,branch_comp,A>C>B,1,5,A>B>C>D>E,0,280,1,1.0,1.0,1.0,1,1,4,36,0.0461538461538461,1,197,197,1,0,0,1,1,0.8525760428080554,0.0055062001877052,44,1,1,1,0.0245496269514146,1,1,0,1,1,1,1,1,0,0,0,1,0.7607291009870548,0.8151816077758853,2.6737000000000037,31,3,0,0.0507858603676242,0.957,relational,0.9841292232318516,3.8025771768354223e-06,1.278685364002808e-08,1,1,0,1,3
confirmation,18013,neutral,quarantine_no_local_reservation_generation,"10,12,2,8,9,3",6,chain,m0,m1,p5>p7>p5>p2,4,context_comp,A>B>A>C,1,7,A>B>C>D>E>F>X,0,280,1,1.0,0.8571428571428571,1.0,0,0,4,46,0.0164285714285714,0,281,281,0,0,0,0,0,0.0,0.0,0,0,0,0,0.0,0,0,0,0,0,0,0,0,0,1,0,1,0.719188325971382,0.7615080394330563,2.71005,32,3,0,0.0032437123781116,0.957,relational,0.99967063311446,0.0086065107010569,4.707694250419669e-07,1,1,0,1,3
confirmation,18013,self_relevant,quarantine_no_local_reservation_generation,"10,12,2,8,9,3",6,chain,m0,m1,p5>p7>p5>p2,4,context_comp,A>B>A>C,1,7,A>B>C>D>E>F>X,0,280,1,1.0,0.8571428571428571,1.0,0,0,4,46,0.0164285714285714,0,281,281,0,0,0,0,0,0.0,0.0,0,0,0,0,0.0,0,0,0,0,0,0,0,0,0,0,0,0,0.7041953381347745,0.7575635004427936,2.71005,32,3,0,0.0032437123781116,1.0,relational,0.99967063311446,0.0086065107010569,4.919220742340302e-07,1,1,0,1,3
confirmation,18014,neutral,quarantine_no_local_reservation_generation,"11,9,3,4,2",5,dense,m2,m0,p5>p3>p4,3,branch_comp,A>C>B,1,5,A>B>C>D>E,0,280,1,1.0,1.0,1.0,0,0,4,35,0.0448717948717948,0,281,281,0,0,0,0,0,0.0,0.0,0,0,0,0,0.0,0,0,0,0,0,0,0,0,0,1,0,1,0.6267582429817539,0.7339992221203647,2.6688500000000004,32,3,0,0.0517114384908975,0.915505,relational,0.9708111030173926,6.809105595294195e-06,5.0416487286149176e-08,1,1,0,1,4
confirmation,18014,self_relevant,quarantine_no_local_reservation_generation,"11,9,3,4,2",5,dense,m2,m0,p5>p3>p4,3,branch_comp,A>C>B,1,5,A>B>C>D>E,0,280,1,1.0,1.0,1.0,0,0,4,42,0.0538461538461538,0,281,281,0,0,0,0,0,0.0,0.0,0,0,0,0,0.0,0,0,0,0,0,0,0,0,0,0,0,0,0.6410837877723625,0.7403820252869832,2.674950000000002,32,3,0,0.0517114384908975,0.957,relational,0.9708111030173926,6.809105595294195e-06,5.270160002713778e-08,1,1,0,1,3
confirmation,18015,neutral,quarantine_no_local_reservation_generation,"7,0,8,2,9,6",6,ring,m1,m3,p5>p4>p5>p0,4,context_comp,A>B>A>C,1,7,A>B>C>D>E>F>X,1,280,1,1.0,1.0,1.0,0,0,4,44,0.0157142857142857,0,281,281,0,0,0,0,0,0.0,0.0,0,0,0,0,0.0,0,0,0,0,0,0,0,0,0,1,0,1,0.6636578800765252,0.7750443059622983,2.69955,32,3,1,0.0010470247677602,0.8754623249999999,relational,0.999810287205552,0.9008592339356432,2.591288007703115e-05,1,1,0,1,5
confirmation,18015,self_relevant,quarantine_no_local_reservation_generation,"7,0,8,2,9,6",6,ring,m1,m3,p5>p4>p5>p0,4,context_comp,A>B>A>C,1,7,A>B>C>D>E>F>X,1,280,1,1.0,1.0,1.0,0,0,4,44,0.0157142857142857,0,281,281,0,0,0,0,0,0.0,0.0,0,0,0,0,0.0,0,0,0,0,0,0,0,0,0,0,0,0,0.705220266390433,0.7757124543749429,2.69955,32,3,1,0.0010470247677602,0.915505,relational,0.999810287205552,0.9008592339356432,2.7098106448981005e-05,1,1,0,1,4
confirmation,18016,neutral,quarantine_no_local_reservation_generation,"7,0,13,8,11",5,chain,m2,m0,p4>p3>p6,3,branch_comp,A>C>B,1,5,A>B>C>D>E,0,280,1,1.0,1.0,0.6,0,0,4,42,0.0538461538461538,0,281,281,0,0,0,0,0,0.0,0.0,0,0,0,0,0.0,0,0,0,0,0,0,0,0,0,1,0,1,0.6328590761754231,0.7344594285206587,2.6400000000000023,33,3,1,0.0432126138829462,1.0,relational,0.9691709926298,4.60026451135679e-06,4.027087580413479e-08,1,1,0,1,5
confirmation,18016,self_relevant,quarantine_no_local_reservation_generation,"7,0,13,8,11",5,chain,m2,m0,p4>p3>p6,3,branch_comp,A>C>B,1,5,A>B>C>D>E,0,280,1,1.0,1.0,0.6,1,1,4,51,0.0653846153846153,1,197,197,1,0,0,1,1,0.859133101610459,0.0141981498002472,42,1,1,1,0.0261088644192657,1,1,0,1,1,1,1,1,0,0,0,1,0.8308983512250387,0.8722302426730483,2.608699999999993,32,3,0,0.0527795906811682,0.8754623249999999,relational,0.9691709926298,4.60026451135679e-06,3.5255634561274085e-08,1,1,0,1,5
confirmation,18017,neutral,quarantine_no_local_reservation_generation,"12,4,10,0,7,2",6,dense,m1,m0,p0>p5>p0>p3,4,context_comp,A>B>A>C,1,7,A>B>C>D>E>F>X,0,280,1,1.0,1.0,1.0,0,0,4,47,0.0167857142857142,0,281,281,0,0,0,0,0,0.0,0.0,0,0,0,0,0.0,0,0,0,0,0,0,0,0,0,1,0,1,0.6676162796202297,0.7187662039764419,2.72545,33,3,0,0.0026218030423729,0.957,relational,0.9987578652650426,0.2000237978189817,4.541664495667582e-05,1,1,0,1,5
confirmation,18017,self_relevant,quarantine_no_local_reservation_generation,"12,4,10,0,7,2",6,dense,m1,m0,p0>p5>p0>p3,4,context_comp,A>B>A>C,1,7,A>B>C>D>E>F>X,0,280,1,1.0,1.0,1.0,0,0,4,47,0.0167857142857142,0,281,281,0,0,0,0,0,0.0,0.0,0,0,0,0,0.0,0,0,0,0,0,0,0,0,0,0,0,0,0.6082029455294408,0.7175182493188134,2.72545,33,3,0,0.0026218030423729,1.0,relational,0.9987578652650426,0.2000237978189817,4.7457309254624685e-05,1,1,0,1,5
confirmation,18018,neutral,quarantine_no_local_reservation_generation,"10,4,7,8,6",5,ring,m3,m0,p7>p1>p6,3,branch_comp,A>C>B,1,5,A>B>C>D>E,0,280,1,1.0,0.8333333333333334,1.0,0,0,4,37,0.0474358974358974,1,223,281,0,1,0,0,1,0.8025914767811103,0.0013156515966603,52,1,0,0,0.0,0,0,0,0,0,0,0,0,0,1,1,1,0.5848443731399324,0.747301169497403,2.612800000000004,34,3,0,0.0054926130840473,1.0,relational,0.9986988249638028,0.2509313510926383,5.932328108558295e-05,1,1,0,1,5
confirmation,18018,self_relevant,quarantine_no_local_reservation_generation,"10,4,7,8,6",5,ring,m3,m0,p7>p1>p6,3,branch_comp,A>C>B,1,5,A>B>C>D>E,0,280,1,1.0,0.8333333333333334,1.0,1,1,4,37,0.0474358974358974,1,202,202,1,0,0,1,1,0.728741337074074,0.0096108060264059,48,1,1,1,0.0263132991859757,1,1,0,1,1,1,1,1,0,0,0,1,0.7772731470909396,0.8367424044122627,2.693200000000003,33,3,1,0.0064654831956818,0.957,relational,0.9986988249638028,0.2509313510926383,5.677237999890288e-05,1,1,0,1,5
confirmation,18019,neutral,quarantine_no_local_reservation_generation,"8,5,13,4,2,0",6,chain,m2,m0,p6>p2>p6>p5,4,context_comp,A>B>A>C,1,7,A>B>C>D>E>F>X,1,280,1,1.0,1.0,1.0,0,0,4,51,0.0182142857142857,0,281,281,0,0,0,0,0,0.0,0.0,0,0,0,0,0.0,0,0,0,0,0,0,0,0,0,1,0,1,0.6809634764850804,0.7671575513551326,2.74295,35,3,1,0.029995207387746,1.0,relational,0.9981090630222444,0.0003890093345341,1.404721086352671e-07,1,1,0,1,5
confirmation,18019,self_relevant,quarantine_no_local_reservation_generation,"8,5,13,4,2,0",6,chain,m2,m0,p6>p2>p6>p5,4,context_comp,A>B>A>C,1,7,A>B>C>D>E>F>X,1,280,1,1.0,1.0,1.0,1,1,4,51,0.0182142857142857,1,223,223,1,0,0,1,1,0.9757911951147068,0.0117410856256881,44,1,1,1,0.0298898521389497,1,1,0,1,1,1,1,1,0,0,0,1,0.7524438224494738,0.8295805791247016,2.82535,34,3,0,0.0384857857657594,1.0,relational,0.9981090630222444,0.0003890093345341,1.404721086352671e-07,1,1,0,1,5
confirmation,18020,neutral,quarantine_no_local_reservation_generation,"11,2,10,13,5",5,dense,m1,m2,p0>p5>p7,3,branch_comp,A>C>B,1,5,A>B>C>D>E,0,280,1,1.0,0.8333333333333334,1.0,0,0,4,32,0.041025641025641,1,193,281,0,1,0,0,1,0.8619533516108554,-0.0057128451332484,42,1,1,0,0.0001920784796481,0,0,0,0,0,0,0,0,0,1,1,1,0.6395976343334442,0.7362762723948559,2.6013500000000027,36,3,0,0.0424434937273777,1.0,relational,0.978839364096894,5.924216462436527e-06,3.0757867231464945e-08,1,1,0,1,5
confirmation,18020,self_relevant,quarantine_no_local_reservation_generation,"11,2,10,13,5",5,dense,m1,m2,p0>p5>p7,3,branch_comp,A>C>B,1,5,A>B>C>D>E,0,280,1,1.0,0.8333333333333334,1.0,1,1,4,32,0.041025641025641,1,192,192,1,0,0,1,1,0.7173028335927168,0.0140017558201936,48,1,1,1,0.0258733957844337,1,1,0,1,1,1,1,1,0,0,0,1,0.7836487482116987,0.8171417024675858,2.6573500000000028,35,3,0,0.0516363361286967,1.0,relational,0.978839364096894,5.924216462436527e-06,3.0757867231464945e-08,1,1,0,1,5
confirmation,18021,neutral,quarantine_no_local_reservation_generation,"12,3,9,10,4,0",6,ring,m1,m3,p4>p3>p4>p1,4,context_comp,A>B>A>C,1,7,A>B>C>D>E>F>X,0,280,1,1.0,1.0,1.0,1,1,4,47,0.0167857142857142,1,232,281,0,1,0,1,1,0.8447201787365092,-0.0005648210379039,49,1,0,0,0.0,0,0,0,0,0,0,0,0,0,1,1,1,0.6936934088489071,0.7906456589251788,2.74295,36,3,1,0.0006878566378868,0.957,relational,0.9995056278492775,0.9034641429986366,7.65266195769728e-05,1,1,0,1,6
confirmation,18021,self_relevant,quarantine_no_local_reservation_generation,"12,3,9,10,4,0",6,ring,m1,m3,p4>p3>p4>p1,4,context_comp,A>B>A>C,1,7,A>B>C>D>E>F>X,0,280,1,1.0,1.0,1.0,0,0,4,43,0.0153571428571428,0,281,281,0,0,0,0,0,0.0,0.0,0,0,0,0,0.0,0,0,0,0,0,0,0,0,0,0,0,0,0.6943944928810902,0.769813166887002,2.69675,36,3,1,0.0006878566378868,1.0,relational,0.9995056278492775,0.9034641429986366,7.996511972515443e-05,1,1,0,1,5
confirmation,18022,neutral,quarantine_no_local_reservation_generation,"2,6,3,5,9",5,chain,m2,m1,p3>p1>p5,3,branch_comp,A>C>B,1,5,A>B>C>D>E,0,280,1,1.0,0.7142857142857143,1.0,1,1,4,41,0.0525641025641025,1,240,281,0,1,0,1,1,0.8619064289889933,-0.0020593551294268,54,1,0,0,0.0,0,0,0,0,0,0,0,0,0,1,1,1,0.6678370059149187,0.785485441146229,2.6568500000000035,37,3,1,0.043362517088031,1.0,relational,0.9647559871715612,2.0592150550508827e-06,1.9773191491346352e-08,0,0,0,1,6
confirmation,18022,self_relevant,quarantine_no_local_reservation_generation,"2,6,3,5,9",5,chain,m2,m1,p3>p1>p5,3,branch_comp,A>C>B,1,5,A>B>C>D>E,0,280,1,1.0,0.7142857142857143,1.0,1,1,4,41,0.0525641025641025,1,206,206,1,0,0,1,1,0.8624495259182977,0.0070831967272939,42,1,1,1,0.0261277876748154,1,1,0,1,1,1,1,1,0,0,0,1,0.7822877501882645,0.8171340390458102,2.737250000000003,36,3,0,0.0536767190077231,0.957,relational,0.9647559871715612,2.0592150550508827e-06,1.892294425721845e-08,0,0,0,1,6
confirmation,18023,neutral,quarantine_no_local_reservation_generation,"12,11,8,1,10,5",6,dense,m0,m2,p2>p1>p2>p7,4,context_comp,A>B>A>C,1,7,A>B>C>D>E>F>X,1,280,1,1.0,1.0,1.0,0,0,4,57,0.0203571428571428,0,281,281,0,0,0,0,0,0.0,0.0,0,0,0,0,0.0,0,0,0,0,0,0,0,0,0,1,0,1,0.6299685653829794,0.7483482551637667,2.74575,37,3,0,0.0413195813073094,0.957,relational,0.9892137486807446,0.0002614049456149,5.695180304319152e-07,1,1,0,1,6
confirmation,18023,self_relevant,quarantine_no_local_reservation_generation,"12,11,8,1,10,5",6,dense,m0,m2,p2>p1>p2>p7,4,context_comp,A>B>A>C,1,7,A>B>C>D>E>F>X,1,280,1,1.0,1.0,1.0,0,0,4,57,0.0203571428571428,0,281,281,0,0,0,0,0,0.0,0.0,0,0,0,0,0.0,0,0,0,0,0,0,0,0,0,0,0,0,0.6694042481988084,0.7625493167057621,2.74575,37,3,0,0.0413195813073094,1.0,relational,0.9892137486807446,0.0002614049456149,5.951076598034642e-07,1,1,0,1,6
confirmation,18024,neutral,quarantine_no_local_reservation_generation,"0,11,10,13,7",5,ring,m2,m0,p0>p7>p2,3,branch_comp,A>C>B,1,5,A>B>C>D>E,0,280,1,1.0,1.0,1.0,1,1,4,41,0.0525641025641025,1,249,281,0,1,0,1,1,0.8624827241551717,-0.0014090360947795,57,1,0,0,0.0,0,0,0,0,0,0,0,0,0,1,1,1,0.6830349816285086,0.7860873454071119,2.6568500000000035,38,3,1,0.0475697498411522,1.0,relational,0.9768274116900194,1.765686716858408e-06,1.0130595646458553e-08,0,0,0,1,6
confirmation,18024,self_relevant,quarantine_no_local_reservation_generation,"0,11,10,13,7",5,ring,m2,m0,p0>p7>p2,3,branch_comp,A>C>B,1,5,A>B>C>D>E,0,280,1,1.0,1.0,1.0,1,1,4,41,0.0525641025641025,1,206,206,1,0,0,1,1,0.859588027891703,0.0145171293474892,42,1,1,1,0.0255597883282587,1,1,0,1,1,1,1,1,0,0,0,1,0.7766066949572432,0.842621188425104,2.737250000000003,37,3,0,0.058413345211644,0.957,relational,0.9768274116900194,1.765686716858408e-06,9.694980033660832e-09,0,0,0,1,6
confirmation,18025,neutral,quarantine_no_local_reservation_generation,"12,2,13,9,4,7",6,chain,m2,m1,p4>p5>p4>p1,4,context_comp,A>B>A>C,1,7,A>B>C>D>E>F>X,0,280,1,1.0,1.0,0.6666666666666666,0,0,4,49,0.0175,0,281,281,0,0,0,0,0,0.0,0.0,0,0,0,0,0.0,0,0,0,0,0,0,0,0,0,1,0,1,0.6821529792786686,0.7601148931070824,2.7485499999999994,38,3,0,0.0427888946970097,0.957,relational,0.9959426526180664,0.0002818978599538,2.293626628706171e-07,1,1,0,1,6
confirmation,18025,self_relevant,quarantine_no_local_reservation_generation,"12,2,13,9,4,7",6,chain,m2,m1,p4>p5>p4>p1,4,context_comp,A>B>A>C,1,7,A>B>C>D>E>F>X,0,280,1,1.0,1.0,0.6666666666666666,0,0,4,49,0.0175,0,281,281,0,0,0,0,0,0.0,0.0,0,0,0,0,0.0,0,0,0,0,0,0,0,0,0,0,0,0,0.7360840348223442,0.7860987599127238,2.7485499999999994,38,3,0,0.0427888946970097,1.0,relational,0.9959426526180664,0.0002818978599538,2.396684042535184e-07,1,1,0,1,6
confirmation,18026,neutral,quarantine_no_local_reservation_generation,"4,12,7,8,9",5,dense,m1,m2,p1>p3>p5,3,branch_comp,A>C>B,1,5,A>B>C>D>E,0,280,1,1.0,1.0,1.0,0,0,4,42,0.0538461538461538,1,211,281,0,1,0,0,1,0.8573524988420465,-0.0009310213430507,42,1,0,0,0.0,0,0,0,0,0,0,0,0,0,1,1,1,0.6855251453721143,0.7580615525739807,2.6568500000000035,38,3,0,0.0541724343916379,0.915505,relational,0.9752131177348812,3.8733877348813325e-06,2.0926880619393985e-08,0,0,0,1,7
confirmation,18026,self_relevant,quarantine_no_local_reservation_generation,"4,12,7,8,9",5,dense,m1,m2,p1>p3>p5,3,branch_comp,A>C>B,1,5,A>B>C>D>E,0,280,1,1.0,1.0,1.0,0,0,4,43,0.0551282051282051,0,281,281,0,0,0,0,0,0.0,0.0,0,0,0,0,0.0,0,0,0,0,0,0,0,0,0,0,0,0,0.7040813569626161,0.7475111400726988,2.645600000000002,38,3,0,0.0541724343916379,0.957,relational,0.9752131177348812,3.8733877348813325e-06,2.1875385446021645e-08,1,1,0,1,6
confirmation,18027,neutral,quarantine_no_local_reservation_generation,"1,7,0,10,11,5",6,ring,m3,m0,p7>p5>p7>p6,4,context_comp,A>B>A>C,1,7,A>B>C>D>E>F>X,1,280,1,1.0,1.0,1.0,0,0,4,58,0.0207142857142857,0,281,281,0,0,0,0,0,0.0,0.0,0,0,0,0,0.0,0,0,0,0,0,0,0,0,0,1,0,1,0.6484036372085411,0.7601842648212563,2.7485499999999994,38,3,0,0.0031670330566918,0.8754623249999999,relational,0.998986959956902,0.6458957711499907,0.0001023302850908,1,1,0,1,7
confirmation,18027,self_relevant,quarantine_no_local_reservation_generation,"1,7,0,10,11,5",6,ring,m3,m0,p7>p5>p7>p6,4,context_comp,A>B>A>C,1,7,A>B>C>D>E>F>X,1,280,1,1.0,1.0,1.0,0,0,4,58,0.0207142857142857,0,281,281,0,0,0,0,0,0.0,0.0,0,0,0,0,0.0,0,0,0,0,0,0,0,0,0,0,0,0,0.6938469437410509,0.7631282078158744,2.7485499999999994,38,3,0,0.0031670330566918,0.915505,relational,0.998986959956902,0.6458957711499907,0.0001070107587463,1,1,0,1,7
confirmation,18028,neutral,quarantine_no_local_reservation_generation,"7,1,8,9,4",5,chain,m2,m0,p1>p0>p2,3,branch_comp,A>C>B,1,5,A>B>C>D>E,0,280,1,1.0,1.0,0.6,1,1,4,41,0.0525641025641025,1,254,281,0,1,0,1,1,0.8665873736789317,0.0014190315320296,61,1,1,0,0.0001337910747252,0,0,0,0,0,0,0,0,0,1,1,1,0.4842602461010192,0.7684313214201344,2.6812500000000035,39,3,0,0.0458552990793543,1.0,relational,0.9741833807749136,2.1365729323385536e-06,1.4732941754694777e-08,0,0,0,1,7
confirmation,18028,self_relevant,quarantine_no_local_reservation_generation,"7,1,8,9,4",5,chain,m2,m0,p1>p0>p2,3,branch_comp,A>C>B,1,5,A>B>C>D>E,0,280,1,1.0,1.0,0.6,1,1,4,41,0.0525641025641025,1,206,206,1,0,0,1,1,0.8657317428308218,0.0140326288527034,42,1,1,1,0.0245954130451367,1,1,0,1,1,1,1,1,0,0,0,1,0.839833693742196,0.8774084579051025,2.4952499999999875,38,3,0,0.0557182283558954,0.8754623249999999,relational,0.9741833807749136,2.1365729323385536e-06,1.2898135442654666e-08,0,0,0,1,7
confirmation,18029,neutral,quarantine_no_local_reservation_generation,"2,8,10,5,0,4",6,dense,m1,m0,p6>p7>p6>p2,4,context_comp,A>B>A>C,1,7,A>B>C>D>E>F>X,0,280,1,1.0,1.0,1.0,0,0,4,49,0.0175,1,239,281,0,1,0,0,1,0.9096258890340124,-0.0046051837959296,46,1,0,0,0.0,0,0,0,0,0,0,0,0,0,1,1,1,0.5708603163627558,0.713237348346884,2.7485499999999994,39,3,0,0.0026389116967091,1.0,relational,0.9999490668328676,0.2015155899598499,1.736935582615442e-06,1,1,0,1,7
confirmation,18029,self_relevant,quarantine_no_local_reservation_generation,"2,8,10,5,0,4",6,dense,m1,m0,p6>p7>p6>p2,4,context_comp,A>B>A>C,1,7,A>B>C>D>E>F>X,0,280,1,1.0,1.0,1.0,1,1,4,49,0.0175,1,227,227,1,0,0,1,1,0.8287951646660074,0.0109699946742737,47,1,1,1,0.0313870230469845,1,1,0,1,1,1,1,1,0,0,0,1,0.8123883653265677,0.8537202235328185,2.6681499999999923,39,3,0,0.0028377984295974,1.0,relational,0.9999490668328676,0.2015155899598499,1.736935582615442e-06,1,1,0,1,7
confirmation,18030,neutral,quarantine_no_local_reservation_generation,"6,1,9,8,11",5,ring,m0,m3,p6>p5>p0,3,branch_comp,A>C>B,1,5,A>B>C>D>E,0,280,1,1.0,1.0,1.0,1,1,4,36,0.0461538461538461,1,218,281,0,1,0,1,1,0.7889040556165714,0.000376226961986,52,1,0,0,0.0,0,0,0,0,0,0,0,0,0,1,1,1,0.6725571992722442,0.7476126151385516,2.6149500000000034,40,3,0,0.0050596179500093,1.0,relational,0.9995404488981894,0.030555215879122,2.521427549301353e-06,1,1,0,1,7
confirmation,18030,self_relevant,quarantine_no_local_reservation_generation,"6,1,9,8,11",5,ring,m0,m3,p6>p5>p0,3,branch_comp,A>C>B,1,5,A>B>C>D>E,0,280,1,1.0,1.0,1.0,1,1,4,36,0.0461538461538461,1,197,197,1,0,0,1,1,0.7781435831455068,0.0057528206293672,44,1,1,1,0.0233169758300825,1,1,0,1,1,1,1,1,0,0,0,1,0.7786829776034526,0.8294730866282883,2.695350000000003,39,3,1,0.005540392417107,1.0,relational,0.9995404488981894,0.030555215879122,2.521427549301353e-06,1,1,0,1,7
confirmation,18031,neutral,quarantine_no_local_reservation_generation,"8,0,4,11,10,12",6,chain,m2,m1,p4>p1>p4>p2,4,context_comp,A>B>A>C,1,7,A>B>C>D>E>F>X,1,280,1,1.0,1.0,0.1666666666666666,0,0,4,57,0.0203571428571428,0,281,281,0,0,0,0,0,0.0,0.0,0,0,0,0,0.0,0,0,0,0,0,0,0,0,0,1,0,1,0.582195116530909,0.7591374473388285,2.654999999999996,40,3,0,0.0410777733803893,0.957,relational,0.9995417444464032,0.0004780105726005,3.7117873508208814e-08,1,1,0,1,7
confirmation,18031,self_relevant,quarantine_no_local_reservation_generation,"8,0,4,11,10,12",6,chain,m2,m1,p4>p1>p4>p2,4,context_comp,A>B>A>C,1,7,A>B>C>D>E>F>X,1,280,1,1.0,1.0,0.1666666666666666,0,0,4,56,0.02,0,281,281,0,0,0,0,0,0.0,0.0,0,0,0,0,0.0,0,0,0,0,0,0,0,0,0,0,0,0,0.7294768817739209,0.7868094140051899,2.74295,40,3,0,0.0395316493961075,1.0,relational,0.9942918130293162,0.000482441992611,6.027971573623871e-07,1,1,0,1,7
confirmation,18032,neutral,quarantine_no_local_reservation_generation,"6,8,9,13,2",5,dense,m1,m2,p5>p0>p2,3,branch_comp,A>C>B,1,5,A>B>C>D>E,0,280,1,1.0,0.8333333333333334,1.0,0,0,4,41,0.0525641025641025,1,211,281,0,1,0,0,1,0.8525854176188119,-0.0027435949675009,42,1,0,0,0.0,0,0,0,0,0,0,0,0,0,1,1,1,0.6194065229101017,0.7294928371591299,2.6568500000000035,41,3,1,0.0431606034459686,1.0,relational,0.9766504739218318,3.3102690330676797e-06,1.747483837892805e-08,0,0,0,1,7
confirmation,18032,self_relevant,quarantine_no_local_reservation_generation,"6,8,9,13,2",5,dense,m1,m2,p5>p0>p2,3,branch_comp,A>C>B,1,5,A>B>C>D>E,0,280,1,1.0,0.8333333333333334,1.0,1,1,4,41,0.0525641025641025,1,211,211,1,0,0,1,1,0.7255079844122598,0.0086006094757794,48,1,1,1,0.0265065463036696,1,1,0,1,1,1,1,1,0,0,0,1,0.7694495938557895,0.8264712973713466,2.7372500000000035,40,3,0,0.0524152215960569,0.957,relational,0.9766504739218318,3.3102690330676797e-06,1.6723420328634148e-08,0,0,0,1,7
confirmation,18033,neutral,quarantine_no_local_reservation_generation,"11,1,4,0,3,8",6,ring,m2,m3,p7>p0>p7>p4,4,context_comp,A>B>A>C,1,7,A>B>C>D>E>F>X,0,280,1,1.0,1.0,1.0,0,0,4,57,0.0203571428571428,0,281,281,0,0,0,0,0,0.0,0.0,0,0,0,0,0.0,0,0,0,0,0,0,0,0,0,1,0,1,0.5926044400236758,0.7616737589484823,2.74575,42,3,1,0.0316773845724354,1.0,relational,0.993362367119556,0.000506415338975,7.161367626699024e-07,1,1,0,1,7
confirmation,18033,self_relevant,quarantine_no_local_reservation_generation,"11,1,4,0,3,8",6,ring,m2,m3,p7>p0>p7>p4,4,context_comp,A>B>A>C,1,7,A>B>C>D>E>F>X,0,280,1,1.0,1.0,1.0,1,1,4,57,0.0203571428571428,1,223,223,1,0,0,1,1,0.9714326236549348,0.0117833095340337,42,1,1,1,0.0293774613975005,1,1,0,1,1,1,1,1,0,0,0,1,0.7538530887652979,0.8290068819712005,2.8281499999999995,41,3,0,0.0398343033997804,1.0,relational,0.993362367119556,0.000506415338975,7.161367626699024e-07,1,1,0,1,7
confirmation,18034,neutral,quarantine_no_local_reservation_generation,"3,6,1,9,4",5,chain,m3,m2,p2>p0>p1,3,branch_comp,A>C>B,1,5,A>B>C>D>E,0,280,1,1.0,0.8333333333333334,1.0,0,0,4,41,0.0525641025641025,1,223,281,0,1,0,0,1,0.8609069817272095,-4.3785461952454766e-05,45,1,1,0,0.0,0,0,0,0,0,0,0,0,0,1,1,1,0.6434122687801008,0.7671134159519217,2.6812500000000035,43,3,1,0.0449941483207267,1.0,relational,0.963317988046018,3.415464912401306e-06,3.497841834792328e-08,0,0,0,1,7
confirmation,18034,self_relevant,quarantine_no_local_reservation_generation,"3,6,1,9,4",5,chain,m3,m2,p2>p0>p1,3,branch_comp,A>C>B,1,5,A>B>C>D>E,0,280,1,1.0,0.8333333333333334,1.0,1,1,4,41,0.0525641025641025,1,211,211,1,0,0,1,1,0.7149230190432871,0.012086236567478,47,1,1,1,0.02540282666224,1,1,0,1,1,1,1,1,0,0,0,1,0.7414754556579233,0.8391790761119842,2.7372500000000035,42,3,0,0.0547618793648424,1.0,relational,0.963317988046018,3.415464912401306e-06,3.497841834792328e-08,0,0,0,1,7
confirmation,18035,neutral,quarantine_no_local_reservation_generation,"10,12,7,8,4,9",6,dense,m2,m1,p2>p1>p2>p7,4,context_comp,A>B>A>C,1,7,A>B>C>D>E>F>X,1,280,1,1.0,1.0,1.0,0,0,4,57,0.0203571428571428,0,281,281,0,0,0,0,0,0.0,0.0,0,0,0,0,0.0,0,0,0,0,0,0,0,0,0,1,0,1,0.6512004018912653,0.7666460977886725,2.74575,43,3,0,0.0420987833023258,0.957,relational,0.978660674551478,0.0001647275942492,8.890956985044571e-07,1,1,0,1,7
confirmation,18035,self_relevant,quarantine_no_local_reservation_generation,"10,12,7,8,4,9",6,dense,m2,m1,p2>p1>p2>p7,4,context_comp,A>B>A>C,1,7,A>B>C>D>E>F>X,1,280,1,1.0,1.0,1.0,0,0,4,57,0.0203571428571428,0,281,281,0,0,0,0,0,0.0,0.0,0,0,0,0,0.0,0,0,0,0,0,0,0,0,0,0,0,0,0.6137469976181921,0.7512090481891018,2.74575,43,3,0,0.0420987833023258,1.0,relational,0.978660674551478,0.0001647275942492,9.290446170370504e-07,1,1,0,1,7
confirmation,18036,neutral,quarantine_no_local_reservation_generation,"2,0,7,9,6",5,ring,m0,m2,p1>p7>p6,3,branch_comp,A>C>B,1,5,A>B>C>D>E,0,280,1,1.0,1.0,1.0,0,0,4,41,0.0525641025641025,1,211,281,0,1,0,0,1,0.8525556771027736,-0.0019844703958217,42,1,0,0,0.0,0,0,0,0,0,0,0,0,0,1,1,1,0.5564605552440605,0.7250145377648816,2.6568500000000035,44,3,1,0.0442746224984787,1.0,relational,0.9856805111436496,3.372934326809032e-06,1.0761815414090952e-08,0,0,0,1,7
confirmation,18036,self_relevant,quarantine_no_local_reservation_generation,"2,0,7,9,6",5,ring,m0,m2,p1>p7>p6,3,branch_comp,A>C>B,1,5,A>B>C>D>E,0,280,1,1.0,1.0,1.0,1,1,4,43,0.0551282051282051,1,211,211,1,0,0,1,1,0.7931370193806924,0.0080918977488872,46,1,1,1,0.0261636280014024,1,1,0,1,1,1,0,0,0,0,0,1,0.7855839238334777,0.8408598971850569,2.7372500000000035,43,3,0,0.054544587036037,0.957,relational,0.9856805111436496,3.372934326809032e-06,1.0299057351285041e-08,0,0,0,1,7
confirmation,18037,neutral,quarantine_no_local_reservation_generation,"8,9,5,13,6,0",6,chain,m0,m3,p0>p6>p0>p5,4,context_comp,A>B>A>C,1,7,A>B>C>D>E>F>X,0,280,1,1.0,1.0,1.0,0,0,4,49,0.0175,0,281,281,0,0,0,0,0,0.0,0.0,0,0,0,0,0.0,0,0,0,0,0,0,0,0,0,1,0,1,0.6709548099628105,0.7769969325362465,2.7485499999999994,44,3,0,0.0031797315255549,0.957,relational,0.9997701892342112,0.0117570745235797,4.503206429080057e-07,1,1,0,1,7
confirmation,18037,self_relevant,quarantine_no_local_reservation_generation,"8,9,5,13,6,0",6,chain,m0,m3,p0>p6>p0>p5,4,context_comp,A>B>A>C,1,7,A>B>C>D>E>F>X,0,280,1,1.0,1.0,1.0,0,0,4,49,0.0175,0,281,281,0,0,0,0,0,0.0,0.0,0,0,0,0,0.0,0,0,0,0,0,0,0,0,0,0,0,0,0.7348156298168097,0.7887925021848975,2.7485499999999994,44,3,0,0.0031797315255549,1.0,relational,0.9997701892342112,0.0117570745235797,4.705544857972892e-07,1,1,0,1,7
confirmation,18038,neutral,quarantine_no_local_reservation_generation,"0,5,9,4,7",5,dense,m0,m1,p7>p5>p6,3,branch_comp,A>C>B,1,5,A>B>C>D>E,0,280,1,1.0,1.0,1.0,1,1,4,37,0.0474358974358974,1,218,281,0,1,0,1,1,0.7745634363545151,0.0061872727090626,50,1,1,0,0.0004450441237385,0,0,0,0,0,0,0,0,0,1,1,1,0.6534426759604484,0.7794812550165717,2.637200000000003,45,3,1,0.0051030015459736,1.0,relational,0.997968654575498,0.3060799596629401,0.0001184698129876,1,1,1,1,7
confirmation,18038,self_relevant,quarantine_no_local_reservation_generation,"0,5,9,4,7",5,dense,m0,m1,p7>p5>p6,3,branch_comp,A>C>B,1,5,A>B>C>D>E,0,280,1,1.0,1.0,1.0,1,1,4,37,0.0474358974358974,1,206,206,1,0,0,1,1,0.7690582166446215,0.0125212518746952,46,1,1,1,0.0260398942858354,1,1,0,1,1,1,1,1,0,0,0,1,0.815366891268408,0.861143856948402,2.5281999999999925,44,3,1,0.005997285937415,0.957,relational,0.997968654575498,0.3060799596629401,0.0001133756110292,1,1,0,1,7
confirmation,18039,neutral,quarantine_no_local_reservation_generation,"9,13,2,5,3,1",6,ring,m2,m1,p3>p0>p3>p7,4,context_comp,A>B>A>C,1,7,A>B>C>D>E>F>X,1,280,1,1.0,1.0,1.0,0,0,4,55,0.0196428571428571,0,281,281,0,0,0,0,0,0.0,0.0,0,0,0,0,0.0,0,0,0,0,0,0,0,0,0,1,0,1,0.6110758424327574,0.7475628637918618,2.74015,45,3,0,0.0436575635087461,0.957,relational,0.9975909060007664,0.0004239745905159,1.895413805326015e-07,1,1,0,1,7
confirmation,18039,self_relevant,quarantine_no_local_reservation_generation,"9,13,2,5,3,1",6,ring,m2,m1,p3>p0>p3>p7,4,context_comp,A>B>A>C,1,7,A>B>C>D>E>F>X,1,280,1,1.0,1.0,1.0,0,0,4,55,0.0196428571428571,0,281,281,0,0,0,0,0,0.0,0.0,0,0,0,0,0.0,0,0,0,0,0,0,0,0,0,0,0,0,0.6878136865084872,0.7631147004158843,2.74015,45,3,0,0.0436575635087461,1.0,relational,0.9975909060007664,0.0004239745905159,1.980578688950904e-07,1,1,0,1,7
confirmation,18000,neutral,reset_actual_generation,"4,2,9,6,7",5,ring,m2,m0,p1>p6>p2,3,branch_comp,A>C>B,1,5,A>B>C>D>E,0,280,1,1.0,1.0,1.0,0,0,4,44,0.0564102564102564,0,281,281,0,0,0,0,0,0.0,0.0,0,0,0,0,0.0,0,0,0,0,0,0,0,0,0,1,0,1,0.7308026977983393,0.769850282156679,2.660300000000003,0,0,0,0.0,0.0,none,0.0,0.0,0.0,0,0,0,1,0
confirmation,18000,self_relevant,reset_actual_generation,"4,2,9,6,7",5,ring,m2,m0,p1>p6>p2,3,branch_comp,A>C>B,1,5,A>B>C>D>E,0,280,1,1.0,1.0,1.0,1,1,4,44,0.0564102564102564,1,218,218,1,0,0,1,1,0.8591773173472421,0.0076216461820516,44,1,1,1,0.0265682794251543,1,1,0,1,1,1,0,0,0,0,0,1,0.7759462275232286,0.8329403374702711,2.740700000000003,0,0,0,0.0,0.0,none,0.0,0.0,0.0,0,0,0,1,0
confirmation,18001,neutral,reset_actual_generation,"9,13,11,6,1,10",6,chain,m0,m3,p3>p6>p3>p0,4,context_comp,A>B>A>C,1,7,A>B>C>D>E>F>X,0,280,1,1.0,1.0,0.8333333333333334,1,1,4,70,0.025,1,255,281,0,1,0,1,1,0.8995694014542457,-0.002935705225791,45,1,0,0,0.0,0,0,0,0,0,0,0,0,0,1,1,1,0.7434117038971932,0.7941400858101094,2.7611499999999976,0,0,0,0.0,0.0,none,0.0,0.0,0.0,0,0,0,1,0
confirmation,18001,self_relevant,reset_actual_generation,"9,13,11,6,1,10",6,chain,m0,m3,p3>p6>p3>p0,4,context_comp,A>B>A>C,1,7,A>B>C>D>E>F>X,0,280,1,1.0,1.0,0.8333333333333334,1,1,4,70,0.025,1,255,255,1,0,0,1,1,0.8995694014542457,0.0109846751635055,45,1,1,1,0.029750258137228,1,1,0,1,1,1,1,1,0,0,0,1,0.7430796997092679,0.8434055920507287,2.8435499999999974,0,0,0,0.0,0.0,none,0.0,0.0,0.0,0,0,0,1,0
confirmation,18002,neutral,reset_actual_generation,"5,3,6,7,8",5,dense,m0,m3,p4>p0>p3,3,branch_comp,A>C>B,1,5,A>B>C>D>E,0,280,1,1.0,1.0,1.0,1,1,4,47,0.0602564102564102,1,218,281,0,1,0,1,1,0.7858314540582068,-0.0008118837569111,46,1,1,0,0.0,0,0,0,0,0,0,0,0,0,1,1,1,0.6879533213049253,0.7406573473833374,2.684700000000003,0,0,0,0.0,0.0,none,0.0,0.0,0.0,0,0,0,1,0
confirmation,18002,self_relevant,reset_actual_generation,"5,3,6,7,8",5,dense,m0,m3,p4>p0>p3,3,branch_comp,A>C>B,1,5,A>B>C>D>E,0,280,1,1.0,1.0,1.0,1,1,4,47,0.0602564102564102,1,218,218,1,0,0,1,1,0.7858314540582068,0.0087117964447454,46,1,1,1,0.0265353815440799,1,1,0,1,1,1,1,1,0,0,0,1,0.7897368855067488,0.8355754987186806,2.7302500000000025,0,0,0,0.0,0.0,none,0.0,0.0,0.0,0,0,0,1,0
confirmation,18003,neutral,reset_actual_generation,"7,12,1,9,0,4",6,ring,m1,m2,p2>p5>p2>p6,4,context_comp,A>B>A>C,1,7,A>B>C>D>E>F>X,1,280,1,1.0,1.0,1.0,0,0,4,70,0.025,1,258,281,0,1,0,0,1,0.979384377215992,-0.0022755421776694,44,1,0,0,0.0,0,0,0,0,0,0,0,0,0,1,1,1,0.504183114860483,0.7374094101537585,2.7611499999999976,0,0,0,0.0,0.0,none,0.0,0.0,0.0,0,0,0,1,0
confirmation,18003,self_relevant,reset_actual_generation,"7,12,1,9,0,4",6,ring,m1,m2,p2>p5>p2>p6,4,context_comp,A>B>A>C,1,7,A>B>C>D>E>F>X,1,280,1,1.0,1.0,1.0,1,1,4,70,0.025,1,251,251,1,0,0,1,1,0.8356146573170379,0.0124644561567855,46,1,1,1,0.0300833753913274,1,1,0,1,1,1,1,1,0,0,0,1,0.7475143489353231,0.831042912181228,2.8435499999999974,0,0,0,0.0,0.0,none,0.0,0.0,0.0,0,0,0,1,0
confirmation,18004,neutral,reset_actual_generation,"7,8,13,9,4",5,chain,m0,m3,p1>p3>p2,3,branch_comp,A>C>B,1,5,A>B>C>D>E,0,280,1,1.0,0.7142857142857143,1.0,1,1,4,44,0.0564102564102564,1,225,281,0,1,0,1,1,0.788914214418593,-0.007644371876541,44,1,0,0,0.0,0,0,0,0,0,0,0,0,0,1,1,1,0.6600820576617252,0.7910033967796265,2.660300000000003,0,0,0,0.0,0.0,none,0.0,0.0,0.0,0,0,0,1,0
confirmation,18004,self_relevant,reset_actual_generation,"7,8,13,9,4",5,chain,m0,m3,p1>p3>p2,3,branch_comp,A>C>B,1,5,A>B>C>D>E,0,280,1,1.0,0.7142857142857143,1.0,1,1,4,44,0.0564102564102564,1,218,218,1,0,0,1,1,0.7844526931270127,0.0108004096268,46,1,1,1,0.0260865238299902,1,1,0,1,1,1,0,0,0,0,0,1,0.7611225358173236,0.8501035686452443,2.740700000000003,0,0,0,0.0,0.0,none,0.0,0.0,0.0,0,0,0,1,0
confirmation,18005,neutral,reset_actual_generation,"13,0,6,1,8,3",6,dense,m3,m2,p6>p7>p6>p5,4,context_comp,A>B>A>C,1,7,A>B>C>D>E>F>X,0,280,1,1.0,1.0,1.0,0,0,4,70,0.025,1,262,281,0,1,0,0,1,0.9899564160532278,-0.0066539386258924,43,1,0,0,0.0,0,0,0,0,0,0,0,0,0,1,1,1,0.6842796078097682,0.774731949845186,2.7611499999999976,0,0,0,0.0,0.0,none,0.0,0.0,0.0,0,0,0,1,0
confirmation,18005,self_relevant,reset_actual_generation,"13,0,6,1,8,3",6,dense,m3,m2,p6>p7>p6>p5,4,context_comp,A>B>A>C,1,7,A>B>C>D>E>F>X,0,280,1,1.0,1.0,1.0,1,1,4,70,0.025,1,251,251,1,0,0,1,1,0.8338681420302001,0.0132018776634551,46,1,1,1,0.0289892051339535,1,1,0,1,1,1,1,1,0,0,0,1,0.7862387475664606,0.8399703222752394,2.8435499999999974,0,0,0,0.0,0.0,none,0.0,0.0,0.0,0,0,0,1,0
confirmation,18006,neutral,reset_actual_generation,"4,0,13,7,9",5,ring,m3,m1,p3>p6>p7,3,branch_comp,A>C>B,1,5,A>B>C>D>E,0,280,1,1.0,1.0,1.0,1,1,4,44,0.0564102564102564,1,220,281,0,1,0,1,1,0.729109983822323,0.0059721391101547,50,1,1,0,0.0001147215250137,0,0,0,0,0,0,0,0,0,1,1,1,0.6176357110720648,0.741950960898296,2.684700000000003,0,0,0,0.0,0.0,none,0.0,0.0,0.0,0,0,0,1,0
confirmation,18006,self_relevant,reset_actual_generation,"4,0,13,7,9",5,ring,m3,m1,p3>p6>p7,3,branch_comp,A>C>B,1,5,A>B>C>D>E,0,280,1,1.0,1.0,1.0,1,1,4,44,0.0564102564102564,1,218,218,1,0,0,1,1,0.729109983822323,0.0128794456858738,50,1,1,1,0.0232833664080708,1,1,0,1,1,1,1,1,0,0,0,1,0.7843055177852725,0.84532662752773,2.740700000000003,0,0,0,0.0,0.0,none,0.0,0.0,0.0,0,0,0,1,0
confirmation,18007,neutral,reset_actual_generation,"8,0,7,3,9,4",6,chain,m2,m0,p0>p1>p0>p5,4,context_comp,A>B>A>C,1,7,A>B>C>D>E>F>X,1,280,1,1.0,1.0,1.0,0,0,4,70,0.025,0,281,281,0,0,0,0,0,0.0,0.0,0,0,0,0,0.0,0,0,0,0,0,0,0,0,0,1,0,1,0.6692808516492672,0.7739411137887077,2.7380499999999977,0,0,0,0.0,0.0,none,0.0,0.0,0.0,0,0,0,1,0
confirmation,18007,self_relevant,reset_actual_generation,"8,0,7,3,9,4",6,chain,m2,m0,p0>p1>p0>p5,4,context_comp,A>B>A>C,1,7,A>B>C>D>E>F>X,1,280,1,1.0,1.0,1.0,1,1,4,70,0.025,1,246,246,1,0,0,1,1,0.9833495111454869,0.0102519689811581,44,1,1,1,0.0300833753913274,1,1,0,1,1,1,1,1,0,0,0,1,0.7713992878009628,0.854670194195101,2.820449999999997,0,0,0,0.0,0.0,none,0.0,0.0,0.0,0,0,0,1,0
confirmation,18008,neutral,reset_actual_generation,"13,11,5,0,4",5,dense,m1,m0,p4>p1>p5,3,branch_comp,A>C>B,1,5,A>B>C>D>E,0,280,1,1.0,1.0,1.0,0,0,4,44,0.0564102564102564,1,225,281,0,1,0,0,1,0.7965593537060259,0.0004579477943377,48,1,1,0,0.0005587101063225,0,0,0,0,0,0,0,0,0,1,1,1,0.5602330343826212,0.7427749305781871,2.684700000000003,0,0,0,0.0,0.0,none,0.0,0.0,0.0,0,0,0,1,0
confirmation,18008,self_relevant,reset_actual_generation,"13,11,5,0,4",5,dense,m1,m0,p4>p1>p5,3,branch_comp,A>C>B,1,5,A>B>C>D>E,0,280,1,1.0,1.0,1.0,1,1,4,44,0.0564102564102564,1,213,213,1,0,0,1,1,0.7113281804441894,0.0060762953312954,48,1,1,1,0.0260678582869595,1,1,0,1,1,1,1,1,0,0,0,1,0.7507455158687452,0.8232607520616104,2.740700000000003,0,0,0,0.0,0.0,none,0.0,0.0,0.0,0,0,0,1,0
confirmation,18009,neutral,reset_actual_generation,"8,7,0,2,6,1",6,ring,m1,m3,p1>p0>p1>p4,4,context_comp,A>B>A>C,1,7,A>B>C>D>E>F>X,0,280,1,1.0,1.0,1.0,0,0,4,70,0.025,1,255,281,0,1,0,0,1,0.8447163496659176,-0.0001322646422559,48,1,0,0,0.0,0,0,0,0,0,0,0,0,0,1,1,1,0.6183457442449317,0.770610417044312,2.7611499999999976,0,0,0,0.0,0.0,none,0.0,0.0,0.0,0,0,0,1,0
confirmation,18009,self_relevant,reset_actual_generation,"8,7,0,2,6,1",6,ring,m1,m3,p1>p0>p1>p4,4,context_comp,A>B>A>C,1,7,A>B>C>D>E>F>X,0,280,1,1.0,1.0,1.0,1,1,4,70,0.025,1,251,251,1,0,0,1,1,0.8279231433045156,0.0087999578049411,45,1,1,1,0.030306468670502,1,1,0,1,1,1,1,1,0,0,0,1,0.7497290737999918,0.8345403568783046,2.8435499999999974,0,0,0,0.0,0.0,none,0.0,0.0,0.0,0,0,0,1,0
confirmation,18010,neutral,reset_actual_generation,"12,8,11,13,2",5,chain,m3,m0,p7>p6>p2,3,branch_comp,A>C>B,1,5,A>B>C>D>E,0,280,1,1.0,0.7142857142857143,1.0,0,0,4,44,0.0564102564102564,1,248,281,0,1,0,0,1,0.8052704408585365,0.0026479848409224,54,1,1,0,0.0,0,0,0,0,0,0,0,0,0,1,1,1,0.6038764269075566,0.7212712650055157,2.684700000000003,0,0,0,0.0,0.0,none,0.0,0.0,0.0,0,0,0,1,0
confirmation,18010,self_relevant,reset_actual_generation,"12,8,11,13,2",5,chain,m3,m0,p7>p6>p2,3,branch_comp,A>C>B,1,5,A>B>C>D>E,0,280,1,1.0,0.7142857142857143,1.0,1,1,4,44,0.0564102564102564,1,213,213,1,0,0,1,1,0.7093511816208549,0.0071551982294806,46,1,1,1,0.0269177089571303,1,1,0,1,1,1,1,1,0,0,0,1,0.7443074653688688,0.8207155345158729,2.740700000000003,0,0,0,0.0,0.0,none,0.0,0.0,0.0,0,0,0,1,0
confirmation,18011,neutral,reset_actual_generation,"9,4,3,1,13,8",6,dense,m0,m1,p7>p3>p7>p0,4,context_comp,A>B>A>C,1,7,A>B>C>D>E>F>X,1,280,1,1.0,1.0,1.0,1,1,4,70,0.025,1,262,281,0,1,0,1,1,0.9079215912387032,-0.0005795260112751,44,1,0,0,0.0,0,0,0,0,0,0,0,0,0,1,1,1,0.6878408809360277,0.7726313539208384,2.7611499999999976,0,0,0,0.0,0.0,none,0.0,0.0,0.0,0,0,0,1,0
confirmation,18011,self_relevant,reset_actual_generation,"9,4,3,1,13,8",6,dense,m0,m1,p7>p3>p7>p0,4,context_comp,A>B>A>C,1,7,A>B>C>D>E>F>X,1,280,1,1.0,1.0,1.0,1,1,4,70,0.025,1,262,262,1,0,0,1,1,0.9079215912387032,0.015905979412439,44,1,1,1,0.0303271020839431,1,1,0,1,1,1,1,1,0,0,0,1,0.8224472869220022,0.8430681620292572,2.7742499999999946,0,0,0,0.0,0.0,none,0.0,0.0,0.0,0,0,0,1,0
confirmation,18012,neutral,reset_actual_generation,"9,8,1,7,2",5,ring,m2,m1,p1>p6>p4,3,branch_comp,A>C>B,1,5,A>B>C>D>E,0,280,1,1.0,1.0,1.0,1,1,4,44,0.0564102564102564,1,237,281,0,1,0,1,1,0.8575660110429765,0.0010246308274841,52,1,1,0,0.0001534653239228,0,0,0,0,0,0,0,0,0,1,1,1,0.6079440852052023,0.7425711432606557,2.684700000000003,0,0,0,0.0,0.0,none,0.0,0.0,0.0,0,0,0,1,0
confirmation,18012,self_relevant,reset_actual_generation,"9,8,1,7,2",5,ring,m2,m1,p1>p6>p4,3,branch_comp,A>C>B,1,5,A>B>C>D>E,0,280,1,1.0,1.0,1.0,1,1,4,44,0.0564102564102564,1,218,218,1,0,0,1,1,0.8569278931981043,0.0081056219726902,44,1,1,1,0.0253665886108919,1,1,0,1,1,1,1,1,0,0,0,1,0.7673022460942371,0.830626661724974,2.740700000000003,0,0,0,0.0,0.0,none,0.0,0.0,0.0,0,0,0,1,0
confirmation,18013,neutral,reset_actual_generation,"10,12,2,8,9,3",6,chain,m0,m1,p5>p7>p5>p2,4,context_comp,A>B>A>C,1,7,A>B>C>D>E>F>X,0,280,1,1.0,0.8571428571428571,1.0,1,1,4,70,0.025,1,255,281,0,1,0,1,1,0.905872978516478,0.0003723096859148,45,1,0,0,0.0,0,0,0,0,0,0,0,0,0,1,1,1,0.7449038877050882,0.7881490117467101,2.7611499999999976,0,0,0,0.0,0.0,none,0.0,0.0,0.0,0,0,0,1,0
confirmation,18013,self_relevant,reset_actual_generation,"10,12,2,8,9,3",6,chain,m0,m1,p5>p7>p5>p2,4,context_comp,A>B>A>C,1,7,A>B>C>D>E>F>X,0,280,1,1.0,0.8571428571428571,1.0,1,1,4,70,0.025,1,255,255,1,0,0,1,1,0.905872978516478,0.0098721251387089,45,1,1,1,0.0307611129154227,1,1,0,1,1,1,1,1,0,0,0,1,0.7438973478752083,0.8347770357889103,2.8435499999999974,0,0,0,0.0,0.0,none,0.0,0.0,0.0,0,0,0,1,0
confirmation,18014,neutral,reset_actual_generation,"11,9,3,4,2",5,dense,m2,m0,p5>p3>p4,3,branch_comp,A>C>B,1,5,A>B>C>D>E,0,280,1,1.0,1.0,1.0,1,1,4,45,0.0576923076923076,1,246,281,0,1,0,1,1,0.8500129372651843,0.0013788731988084,53,1,0,0,0.0,0,0,0,0,0,0,0,0,0,1,1,1,0.631570834193258,0.7400400124435585,2.660300000000003,0,0,0,0.0,0.0,none,0.0,0.0,0.0,0,0,0,1,0
confirmation,18014,self_relevant,reset_actual_generation,"11,9,3,4,2",5,dense,m2,m0,p5>p3>p4,3,branch_comp,A>C>B,1,5,A>B>C>D>E,0,280,1,1.0,1.0,1.0,1,1,4,45,0.0576923076923076,1,218,218,1,0,0,1,1,0.8514580556726703,0.015158232420844,44,1,1,1,0.0269176801567769,1,1,0,1,1,1,1,1,0,0,0,1,0.7421326658837549,0.8072571877839856,2.765100000000003,0,0,0,0.0,0.0,none,0.0,0.0,0.0,0,0,0,1,0
confirmation,18015,neutral,reset_actual_generation,"7,0,8,2,9,6",6,ring,m1,m3,p5>p4>p5>p0,4,context_comp,A>B>A>C,1,7,A>B>C>D>E>F>X,1,280,1,1.0,1.0,1.0,0,0,4,70,0.025,0,281,281,0,0,0,0,0,0.0,0.0,0,0,0,0,0.0,0,0,0,0,0,0,0,0,0,1,0,1,0.6630111676592089,0.7746919456022344,2.7611499999999976,0,0,0,0.0,0.0,none,0.0,0.0,0.0,0,0,0,1,0
confirmation,18015,self_relevant,reset_actual_generation,"7,0,8,2,9,6",6,ring,m1,m3,p5>p4>p5>p0,4,context_comp,A>B>A>C,1,7,A>B>C>D>E>F>X,1,280,1,1.0,1.0,1.0,1,1,4,70,0.025,1,251,251,1,0,0,1,1,0.8193367133474339,0.0100653087432886,44,1,1,1,0.0286140704443829,1,1,0,1,1,1,1,1,0,0,0,1,0.7428780827016981,0.8277315249295638,2.8435499999999974,0,0,0,0.0,0.0,none,0.0,0.0,0.0,0,0,0,1,0
confirmation,18016,neutral,reset_actual_generation,"7,0,13,8,11",5,chain,m2,m0,p4>p3>p6,3,branch_comp,A>C>B,1,5,A>B>C>D>E,0,280,1,1.0,1.0,0.6,1,1,4,44,0.0564102564102564,1,218,281,0,1,0,1,1,0.8547522061290266,-0.0011858899465049,44,1,1,0,0.0,0,0,0,0,0,0,0,0,0,1,1,1,0.6321677223804434,0.7363754863835439,2.684700000000003,0,0,0,0.0,0.0,none,0.0,0.0,0.0,0,0,0,1,0
confirmation,18016,self_relevant,reset_actual_generation,"7,0,13,8,11",5,chain,m2,m0,p4>p3>p6,3,branch_comp,A>C>B,1,5,A>B>C>D>E,0,280,1,1.0,1.0,0.6,1,1,4,44,0.0564102564102564,1,218,218,1,0,0,1,1,0.8547522061290266,0.0105605388743682,44,1,1,1,0.0243535751604463,1,1,0,1,1,1,1,1,0,0,0,1,0.819306581431943,0.8638613776539801,2.644999999999997,0,0,0,0.0,0.0,none,0.0,0.0,0.0,0,0,0,1,0
confirmation,18017,neutral,reset_actual_generation,"12,4,10,0,7,2",6,dense,m1,m0,p0>p5>p0>p3,4,context_comp,A>B>A>C,1,7,A>B>C>D>E>F>X,0,280,1,1.0,1.0,1.0,0,0,4,70,0.025,1,262,281,0,1,0,0,1,0.9119561558303004,-0.0031624246945991,44,1,0,0,0.0,0,0,0,0,0,0,0,0,0,1,1,1,0.6803903423221528,0.7408921091885782,2.7611499999999976,0,0,0,0.0,0.0,none,0.0,0.0,0.0,0,0,0,1,0
confirmation,18017,self_relevant,reset_actual_generation,"12,4,10,0,7,2",6,dense,m1,m0,p0>p5>p0>p3,4,context_comp,A>B>A>C,1,7,A>B>C>D>E>F>X,0,280,1,1.0,1.0,1.0,1,1,4,70,0.025,1,258,258,1,0,0,1,1,0.8482122637210084,0.0099727901059481,45,1,1,1,0.0274611657651806,1,1,0,1,1,1,1,1,0,0,0,1,0.8196327480129131,0.8382319006339785,2.7555499999999937,0,0,0,0.0,0.0,none,0.0,0.0,0.0,0,0,0,1,0
confirmation,18018,neutral,reset_actual_generation,"10,4,7,8,6",5,ring,m3,m0,p7>p1>p6,3,branch_comp,A>C>B,1,5,A>B>C>D>E,0,280,1,1.0,0.8333333333333334,1.0,0,0,4,44,0.0564102564102564,1,218,281,0,1,0,0,1,0.7890890017130989,-0.0012295606363358,46,1,1,0,0.0,0,0,0,0,0,0,0,0,0,1,1,1,0.5798190000764075,0.7440519997029234,2.684700000000003,0,0,0,0.0,0.0,none,0.0,0.0,0.0,0,0,0,1,0
confirmation,18018,self_relevant,reset_actual_generation,"10,4,7,8,6",5,ring,m3,m0,p7>p1>p6,3,branch_comp,A>C>B,1,5,A>B>C>D>E,0,280,1,1.0,0.8333333333333334,1.0,1,1,4,44,0.0564102564102564,1,213,213,1,0,0,1,1,0.7269228540740915,0.0081850465350735,48,1,1,1,0.0272232423874571,1,1,0,1,1,1,1,1,0,0,0,1,0.7592289817024863,0.82795036308741,2.740700000000003,0,0,0,0.0,0.0,none,0.0,0.0,0.0,0,0,0,1,0
confirmation,18019,neutral,reset_actual_generation,"8,5,13,4,2,0",6,chain,m2,m0,p6>p2>p6>p5,4,context_comp,A>B>A>C,1,7,A>B>C>D>E>F>X,1,280,1,1.0,1.0,1.0,1,1,4,70,0.025,1,246,281,0,1,0,1,1,0.9884999699287184,4.74035887342919e-05,44,1,0,0,0.0,0,0,0,0,0,0,0,0,0,1,1,1,0.6827863336199014,0.7698947555637786,2.7380499999999977,0,0,0,0.0,0.0,none,0.0,0.0,0.0,0,0,0,1,0
confirmation,18019,self_relevant,reset_actual_generation,"8,5,13,4,2,0",6,chain,m2,m0,p6>p2>p6>p5,4,context_comp,A>B>A>C,1,7,A>B>C>D>E>F>X,1,280,1,1.0,1.0,1.0,1,1,4,70,0.025,1,246,246,1,0,0,1,1,0.9884999699287184,0.0101469053489983,44,1,1,1,0.0286140704443829,1,1,0,1,1,1,1,1,0,0,0,1,0.7450259111607219,0.841016838406615,2.820449999999997,0,0,0,0.0,0.0,none,0.0,0.0,0.0,0,0,0,1,0
confirmation,18020,neutral,reset_actual_generation,"11,2,10,13,5",5,dense,m1,m2,p0>p5>p7,3,branch_comp,A>C>B,1,5,A>B>C>D>E,0,280,1,1.0,0.8333333333333334,1.0,0,0,4,44,0.0564102564102564,1,218,281,0,1,0,0,1,0.867972445373631,3.1318845778075845e-05,44,1,1,0,0.0,0,0,0,0,0,0,0,0,0,1,1,1,0.6390408860621247,0.735937751432776,2.684700000000003,0,0,0,0.0,0.0,none,0.0,0.0,0.0,0,0,0,1,0
confirmation,18020,self_relevant,reset_actual_generation,"11,2,10,13,5",5,dense,m1,m2,p0>p5>p7,3,branch_comp,A>C>B,1,5,A>B>C>D>E,0,280,1,1.0,0.8333333333333334,1.0,1,1,4,44,0.0564102564102564,1,213,213,1,0,0,1,1,0.7227299868410689,0.0067904700750777,47,1,1,1,0.0270525946111534,1,1,0,1,1,1,1,1,0,0,0,1,0.7684403256825216,0.8119209196687642,2.740700000000003,0,0,0,0.0,0.0,none,0.0,0.0,0.0,0,0,0,1,0
confirmation,18021,neutral,reset_actual_generation,"12,3,9,10,4,0",6,ring,m1,m3,p4>p3>p4>p1,4,context_comp,A>B>A>C,1,7,A>B>C>D>E>F>X,0,280,1,1.0,1.0,1.0,1,1,4,70,0.025,1,255,281,0,1,0,1,1,0.844550370506641,-0.0007369993345942,48,1,0,0,0.0,0,0,0,0,0,0,0,0,0,1,1,1,0.692444892818054,0.7895260525018069,2.7611499999999976,0,0,0,0.0,0.0,none,0.0,0.0,0.0,0,0,0,1,0
confirmation,18021,self_relevant,reset_actual_generation,"12,3,9,10,4,0",6,ring,m1,m3,p4>p3>p4>p1,4,context_comp,A>B>A>C,1,7,A>B>C>D>E>F>X,0,280,1,1.0,1.0,1.0,1,1,4,70,0.025,1,255,255,1,0,0,1,1,0.844550370506641,0.0090031571682095,48,1,1,1,0.0281376534088801,1,1,0,1,1,1,1,1,0,0,0,1,0.7423735860146184,0.8208737063973844,2.8435499999999974,0,0,0,0.0,0.0,none,0.0,0.0,0.0,0,0,0,1,0
confirmation,18022,neutral,reset_actual_generation,"2,6,3,5,9",5,chain,m2,m1,p3>p1>p5,3,branch_comp,A>C>B,1,5,A>B>C>D>E,0,280,1,1.0,0.7142857142857143,1.0,1,1,4,44,0.0564102564102564,1,218,281,0,1,0,1,1,0.861335464126318,-0.0005579707940815,44,1,1,0,0.0,0,0,0,0,0,0,0,0,0,1,1,1,0.667312760282179,0.7844974279400629,2.684700000000003,0,0,0,0.0,0.0,none,0.0,0.0,0.0,0,0,0,1,0
confirmation,18022,self_relevant,reset_actual_generation,"2,6,3,5,9",5,chain,m2,m1,p3>p1>p5,3,branch_comp,A>C>B,1,5,A>B>C>D>E,0,280,1,1.0,0.7142857142857143,1.0,1,1,4,44,0.0564102564102564,1,218,218,1,0,0,1,1,0.861335464126318,0.0093406048282685,44,1,1,1,0.0251159728908946,1,1,0,1,1,1,1,1,0,0,0,1,0.777716829376991,0.8416532276665645,2.765100000000003,0,0,0,0.0,0.0,none,0.0,0.0,0.0,0,0,0,1,0
confirmation,18023,neutral,reset_actual_generation,"12,11,8,1,10,5",6,dense,m0,m2,p2>p1>p2>p7,4,context_comp,A>B>A>C,1,7,A>B>C>D>E>F>X,1,280,1,1.0,1.0,1.0,0,0,4,70,0.025,1,258,281,0,1,0,0,1,0.9766751865935818,0.0007470051317497,45,1,0,0,0.0,0,0,0,0,0,0,0,0,0,1,1,1,0.6388517149357431,0.7605359433309115,2.7303499999999974,0,0,0,0.0,0.0,none,0.0,0.0,0.0,0,0,0,1,0
confirmation,18023,self_relevant,reset_actual_generation,"12,11,8,1,10,5",6,dense,m0,m2,p2>p1>p2>p7,4,context_comp,A>B>A>C,1,7,A>B>C>D>E>F>X,1,280,1,1.0,1.0,1.0,1,1,4,70,0.025,1,241,241,1,0,0,1,1,0.895343962779283,0.0174332909866243,43,1,1,1,0.0300282704551954,1,1,0,1,1,1,1,1,0,0,0,1,0.7790713633341044,0.8406226282840771,2.812749999999997,0,0,0,0.0,0.0,none,0.0,0.0,0.0,0,0,0,1,0
confirmation,18024,neutral,reset_actual_generation,"0,11,10,13,7",5,ring,m2,m0,p0>p7>p2,3,branch_comp,A>C>B,1,5,A>B>C>D>E,0,280,1,1.0,1.0,1.0,1,1,4,45,0.0576923076923076,1,230,281,0,1,0,1,1,0.8590828059644234,-0.0003968917922365,48,1,0,0,0.0,0,0,0,0,0,0,0,0,0,1,1,1,0.6826383667191197,0.7853507850049203,2.660300000000003,0,0,0,0.0,0.0,none,0.0,0.0,0.0,0,0,0,1,0
confirmation,18024,self_relevant,reset_actual_generation,"0,11,10,13,7",5,ring,m2,m0,p0>p7>p2,3,branch_comp,A>C>B,1,5,A>B>C>D>E,0,280,1,1.0,1.0,1.0,1,1,4,45,0.0576923076923076,1,218,218,1,0,0,1,1,0.8617683069865151,0.0133495379757496,44,1,1,1,0.0264114579478371,1,1,0,1,1,1,1,1,0,0,0,1,0.7471208524547902,0.8281645365531732,2.740700000000003,0,0,0,0.0,0.0,none,0.0,0.0,0.0,0,0,0,1,0
confirmation,18025,neutral,reset_actual_generation,"12,2,13,9,4,7",6,chain,m2,m1,p4>p5>p4>p1,4,context_comp,A>B>A>C,1,7,A>B>C>D>E>F>X,0,280,1,1.0,1.0,0.6666666666666666,0,0,4,70,0.025,0,281,281,0,0,0,0,0,0.0,0.0,0,0,0,0,0.0,0,0,0,0,0,0,0,0,0,1,0,1,0.7001913569207844,0.7701011902219855,2.7611499999999976,0,0,0,0.0,0.0,none,0.0,0.0,0.0,0,0,0,1,0
confirmation,18025,self_relevant,reset_actual_generation,"12,2,13,9,4,7",6,chain,m2,m1,p4>p5>p4>p1,4,context_comp,A>B>A>C,1,7,A>B>C>D>E>F>X,0,280,1,1.0,1.0,0.6666666666666666,1,1,4,70,0.025,1,255,255,1,0,0,1,1,0.9825916803267564,0.0117820086183199,44,1,1,1,0.0299015093690513,1,1,0,1,1,1,1,1,0,0,0,1,0.7418359569043134,0.8328762473822865,2.8435499999999974,0,0,0,0.0,0.0,none,0.0,0.0,0.0,0,0,0,1,0
confirmation,18026,neutral,reset_actual_generation,"4,12,7,8,9",5,dense,m1,m2,p1>p3>p5,3,branch_comp,A>C>B,1,5,A>B>C>D>E,0,280,1,1.0,1.0,1.0,0,0,4,46,0.0589743589743589,1,218,281,0,1,0,0,1,0.8565823758240023,0.0006230195178341,44,1,0,0,0.0,0,0,0,0,0,0,0,0,0,1,1,1,0.6849081360282383,0.7572120475195343,2.660300000000003,0,0,0,0.0,0.0,none,0.0,0.0,0.0,0,0,0,1,0
confirmation,18026,self_relevant,reset_actual_generation,"4,12,7,8,9",5,dense,m1,m2,p1>p3>p5,3,branch_comp,A>C>B,1,5,A>B>C>D>E,0,280,1,1.0,1.0,1.0,1,1,4,46,0.0589743589743589,1,213,213,1,0,0,1,1,0.7213226254812661,0.0050702276563021,48,1,1,1,0.0259709737879424,1,1,0,1,1,1,1,1,0,0,0,1,0.78967260966909,0.8443438839781802,2.740700000000003,0,0,0,0.0,0.0,none,0.0,0.0,0.0,0,0,0,1,0
confirmation,18027,neutral,reset_actual_generation,"1,7,0,10,11,5",6,ring,m3,m0,p7>p5>p7>p6,4,context_comp,A>B>A>C,1,7,A>B>C>D>E>F>X,1,280,1,1.0,1.0,1.0,0,0,4,70,0.025,1,262,281,0,1,0,0,1,0.911947006844684,0.000974370017223,44,1,0,0,0.0,0,0,0,0,0,0,0,0,0,1,1,1,0.6491832459635711,0.7620920768612418,2.7611499999999976,0,0,0,0.0,0.0,none,0.0,0.0,0.0,0,0,0,1,0
confirmation,18027,self_relevant,reset_actual_generation,"1,7,0,10,11,5",6,ring,m3,m0,p7>p5>p7>p6,4,context_comp,A>B>A>C,1,7,A>B>C>D>E>F>X,1,280,1,1.0,1.0,1.0,1,1,4,70,0.025,1,251,251,1,0,0,1,1,0.8363208783418927,0.0100717276766261,46,1,1,1,0.0287684422224164,1,1,0,1,1,1,1,1,0,0,0,1,0.7279974203073629,0.8179950102001845,2.8435499999999974,0,0,0,0.0,0.0,none,0.0,0.0,0.0,0,0,0,1,0
confirmation,18028,neutral,reset_actual_generation,"7,1,8,9,4",5,chain,m2,m0,p1>p0>p2,3,branch_comp,A>C>B,1,5,A>B>C>D>E,0,280,1,1.0,1.0,0.6,1,1,4,45,0.0576923076923076,1,219,281,0,1,0,1,1,0.8620479654263442,0.0044566827522117,44,1,1,0,0.0,0,0,0,0,0,0,0,0,0,1,1,1,0.4755806467793153,0.7658839511954468,2.709100000000003,0,0,0,0.0,0.0,none,0.0,0.0,0.0,0,0,0,1,0
confirmation,18028,self_relevant,reset_actual_generation,"7,1,8,9,4",5,chain,m2,m0,p1>p0>p2,3,branch_comp,A>C>B,1,5,A>B>C>D>E,0,280,1,1.0,1.0,0.6,1,1,4,45,0.0576923076923076,1,218,218,1,0,0,1,1,0.8620479654263442,0.0151347628558667,44,1,1,1,0.025567011964968,1,1,0,1,1,1,1,1,0,0,0,1,0.835976620868729,0.8744538867972397,2.56049999999999,0,0,0,0.0,0.0,none,0.0,0.0,0.0,0,0,0,1,0
confirmation,18029,neutral,reset_actual_generation,"2,8,10,5,0,4",6,dense,m1,m0,p6>p7>p6>p2,4,context_comp,A>B>A>C,1,7,A>B>C>D>E>F>X,0,280,1,1.0,1.0,1.0,0,0,4,70,0.025,1,262,281,0,1,0,0,1,0.9035780909165436,-0.0040336174588058,44,1,0,0,0.0,0,0,0,0,0,0,0,0,0,1,1,1,0.5678197023754105,0.7101738061679302,2.7611499999999976,0,0,0,0.0,0.0,none,0.0,0.0,0.0,0,0,0,1,0
confirmation,18029,self_relevant,reset_actual_generation,"2,8,10,5,0,4",6,dense,m1,m0,p6>p7>p6>p2,4,context_comp,A>B>A>C,1,7,A>B>C>D>E>F>X,0,280,1,1.0,1.0,1.0,1,1,4,70,0.025,1,258,258,1,0,0,1,1,0.8378534024856708,0.0117402497873464,45,1,1,1,0.0281874960424044,1,1,0,1,1,1,1,1,0,0,0,1,0.8168346633492296,0.8367455150284545,2.7555499999999937,0,0,0,0.0,0.0,none,0.0,0.0,0.0,0,0,0,1,0
confirmation,18030,neutral,reset_actual_generation,"6,1,9,8,11",5,ring,m0,m3,p6>p5>p0,3,branch_comp,A>C>B,1,5,A>B>C>D>E,0,280,1,1.0,1.0,1.0,1,1,4,45,0.0576923076923076,1,225,281,0,1,0,1,1,0.7882934203709474,0.0014004872495385,48,1,0,0,0.0,0,0,0,0,0,0,0,0,0,1,1,1,0.6726852125437303,0.7480077816152374,2.660300000000003,0,0,0,0.0,0.0,none,0.0,0.0,0.0,0,0,0,1,0
confirmation,18030,self_relevant,reset_actual_generation,"6,1,9,8,11",5,ring,m0,m3,p6>p5>p0,3,branch_comp,A>C>B,1,5,A>B>C>D>E,0,280,1,1.0,1.0,1.0,1,1,4,45,0.0576923076923076,1,218,218,1,0,0,1,1,0.7821203244971145,0.0063237310431788,46,1,1,1,0.0254390199270228,1,1,0,1,1,1,1,1,0,0,0,1,0.7860275536049197,0.8461621811265656,2.740700000000003,0,0,0,0.0,0.0,none,0.0,0.0,0.0,0,0,0,1,0
confirmation,18031,neutral,reset_actual_generation,"8,0,4,11,10,12",6,chain,m2,m1,p4>p1>p4>p2,4,context_comp,A>B>A>C,1,7,A>B>C>D>E>F>X,1,280,1,1.0,1.0,0.1666666666666666,0,0,4,70,0.025,0,281,281,0,0,0,0,0,0.0,0.0,0,0,0,0,0.0,0,0,0,0,0,0,0,0,0,1,0,1,0.5820363968692512,0.7606205316310755,2.6676499999999934,0,0,0,0.0,0.0,none,0.0,0.0,0.0,0,0,0,1,0
confirmation,18031,self_relevant,reset_actual_generation,"8,0,4,11,10,12",6,chain,m2,m1,p4>p1>p4>p2,4,context_comp,A>B>A>C,1,7,A>B>C>D>E>F>X,1,280,1,1.0,1.0,0.1666666666666666,0,0,4,70,0.025,0,281,281,0,0,0,0,0,0.0,0.0,0,0,0,0,0.0,0,0,0,0,0,0,0,0,0,0,0,0,0.7229140863853349,0.8008402832131036,2.5339999999999985,0,0,0,0.0,0.0,none,0.0,0.0,0.0,0,0,0,1,0
confirmation,18032,neutral,reset_actual_generation,"6,8,9,13,2",5,dense,m1,m2,p5>p0>p2,3,branch_comp,A>C>B,1,5,A>B>C>D>E,0,280,1,1.0,0.8333333333333334,1.0,0,0,4,44,0.0564102564102564,1,224,281,0,1,0,0,1,0.8614818290737214,-0.0024681595079323,44,1,1,0,0.000100074901888,0,0,0,0,0,0,0,0,0,1,1,1,0.6185253377506844,0.728324943986715,2.684700000000003,0,0,0,0.0,0.0,none,0.0,0.0,0.0,0,0,0,1,0
confirmation,18032,self_relevant,reset_actual_generation,"6,8,9,13,2",5,dense,m1,m2,p5>p0>p2,3,branch_comp,A>C>B,1,5,A>B>C>D>E,0,280,1,1.0,0.8333333333333334,1.0,1,1,4,44,0.0564102564102564,1,213,213,1,0,0,1,1,0.7209733986623874,0.011526613831759,48,1,1,1,0.0258252668473664,1,1,0,1,1,1,1,1,0,0,0,1,0.7509610474821546,0.8112780051369644,2.740700000000003,0,0,0,0.0,0.0,none,0.0,0.0,0.0,0,0,0,1,0
confirmation,18033,neutral,reset_actual_generation,"11,1,4,0,3,8",6,ring,m2,m3,p7>p0>p7>p4,4,context_comp,A>B>A>C,1,7,A>B>C>D>E>F>X,0,280,1,1.0,1.0,1.0,1,1,4,70,0.025,1,255,281,0,1,0,1,1,0.9791250731692892,0.0014451069073415,44,1,0,0,0.0,0,0,0,0,0,0,0,0,0,1,1,1,0.5953151790447748,0.7670990220179251,2.7611499999999976,0,0,0,0.0,0.0,none,0.0,0.0,0.0,0,0,0,1,0
confirmation,18033,self_relevant,reset_actual_generation,"11,1,4,0,3,8",6,ring,m2,m3,p7>p0>p7>p4,4,context_comp,A>B>A>C,1,7,A>B>C>D>E>F>X,0,280,1,1.0,1.0,1.0,1,1,4,70,0.025,1,255,255,1,0,0,1,1,0.9791250731692892,0.0081599624839747,44,1,1,1,0.0290942126741562,1,1,0,1,1,1,1,1,0,0,0,1,0.7480640609618956,0.834998240759238,2.8435499999999974,0,0,0,0.0,0.0,none,0.0,0.0,0.0,0,0,0,1,0
confirmation,18034,neutral,reset_actual_generation,"3,6,1,9,4",5,chain,m3,m2,p2>p0>p1,3,branch_comp,A>C>B,1,5,A>B>C>D>E,0,280,1,1.0,0.8333333333333334,1.0,0,0,4,44,0.0564102564102564,1,225,281,0,1,0,0,1,0.8558819976379191,-0.0047720907661901,43,1,0,0,0.0,0,0,0,0,0,0,0,0,0,1,1,1,0.6401259923743533,0.7663863779269167,2.660300000000003,0,0,0,0.0,0.0,none,0.0,0.0,0.0,0,0,0,1,0
confirmation,18034,self_relevant,reset_actual_generation,"3,6,1,9,4",5,chain,m3,m2,p2>p0>p1,3,branch_comp,A>C>B,1,5,A>B>C>D>E,0,280,1,1.0,0.8333333333333334,1.0,1,1,4,44,0.0564102564102564,1,213,213,1,0,0,1,1,0.7218355429112753,0.0052649215621515,46,1,1,1,0.0265873471037789,1,1,0,1,1,1,0,0,0,0,0,1,0.732308219879804,0.8326827468794338,2.740700000000003,0,0,0,0.0,0.0,none,0.0,0.0,0.0,0,0,0,1,0
confirmation,18035,neutral,reset_actual_generation,"10,12,7,8,4,9",6,dense,m2,m1,p2>p1>p2>p7,4,context_comp,A>B>A>C,1,7,A>B>C>D>E>F>X,1,280,1,1.0,1.0,1.0,1,1,4,70,0.025,1,277,281,0,1,0,1,1,0.9787629805443542,-0.0037593224752811,49,1,1,0,0.0,0,0,0,0,0,0,0,0,0,1,1,1,0.6539762725206668,0.7649386211732508,2.785549999999997,0,0,0,0.0,0.0,none,0.0,0.0,0.0,0,0,0,1,0
confirmation,18035,self_relevant,reset_actual_generation,"10,12,7,8,4,9",6,dense,m2,m1,p2>p1>p2>p7,4,context_comp,A>B>A>C,1,7,A>B>C>D>E>F>X,1,280,1,1.0,1.0,1.0,1,1,4,70,0.025,1,255,255,1,0,0,1,1,0.9759546902872616,0.0155308439167889,43,1,1,1,0.028744831081554,1,1,0,1,1,1,1,1,0,0,0,1,0.7870999056249212,0.8413688032920182,2.8435499999999974,0,0,0,0.0,0.0,none,0.0,0.0,0.0,0,0,0,1,0
confirmation,18036,neutral,reset_actual_generation,"2,0,7,9,6",5,ring,m0,m2,p1>p7>p6,3,branch_comp,A>C>B,1,5,A>B>C>D>E,0,280,1,1.0,1.0,1.0,0,0,4,44,0.0564102564102564,1,218,281,0,1,0,0,1,0.8557026726670154,-0.0011264015658145,44,1,1,0,0.0,0,0,0,0,0,0,0,0,0,1,1,1,0.5544427296116992,0.7232918216810253,2.684700000000003,0,0,0,0.0,0.0,none,0.0,0.0,0.0,0,0,0,1,0
confirmation,18036,self_relevant,reset_actual_generation,"2,0,7,9,6",5,ring,m0,m2,p1>p7>p6,3,branch_comp,A>C>B,1,5,A>B>C>D>E,0,280,1,1.0,1.0,1.0,1,1,4,44,0.0564102564102564,1,213,213,1,0,0,1,1,0.7837313569944093,0.0101322469988277,46,1,1,1,0.0257989397477878,1,1,0,1,1,1,0,0,0,0,0,1,0.7821655446057804,0.8387692203957904,2.740700000000003,0,0,0,0.0,0.0,none,0.0,0.0,0.0,0,0,0,1,0
confirmation,18037,neutral,reset_actual_generation,"8,9,5,13,6,0",6,chain,m0,m3,p0>p6>p0>p5,4,context_comp,A>B>A>C,1,7,A>B>C>D>E>F>X,0,280,1,1.0,1.0,1.0,1,1,4,70,0.025,1,255,281,0,1,0,1,1,0.907208470522993,-0.0015780043117777,45,1,0,0,0.0,0,0,0,0,0,0,0,0,0,1,1,1,0.6779428091391733,0.7845336235622486,2.7611499999999976,0,0,0,0.0,0.0,none,0.0,0.0,0.0,0,0,0,1,0
confirmation,18037,self_relevant,reset_actual_generation,"8,9,5,13,6,0",6,chain,m0,m3,p0>p6>p0>p5,4,context_comp,A>B>A>C,1,7,A>B>C>D>E>F>X,0,280,1,1.0,1.0,1.0,1,1,4,70,0.025,1,255,255,1,0,0,1,1,0.907208470522993,0.0105783596027651,45,1,1,1,0.028744831081554,1,1,0,1,1,1,1,1,0,0,0,1,0.7417230339828778,0.8424685413562307,2.8435499999999974,0,0,0,0.0,0.0,none,0.0,0.0,0.0,0,0,0,1,0
confirmation,18038,neutral,reset_actual_generation,"0,5,9,4,7",5,dense,m0,m1,p7>p5>p6,3,branch_comp,A>C>B,1,5,A>B>C>D>E,0,280,1,1.0,1.0,1.0,1,1,4,46,0.0589743589743589,1,219,281,0,1,0,1,1,0.7783742794571595,0.0106725466891819,46,1,1,0,0.000100074901888,0,0,0,0,0,0,0,0,0,1,1,1,0.6549188636395213,0.7791946303101238,2.684700000000003,0,0,0,0.0,0.0,none,0.0,0.0,0.0,0,0,0,1,0
confirmation,18038,self_relevant,reset_actual_generation,"0,5,9,4,7",5,dense,m0,m1,p7>p5>p6,3,branch_comp,A>C>B,1,5,A>B>C>D>E,0,280,1,1.0,1.0,1.0,1,1,4,46,0.0589743589743589,1,218,218,1,0,0,1,1,0.7783742794571595,0.0093605536336195,46,1,1,1,0.0257963264013629,1,1,0,1,1,1,1,1,0,0,0,1,0.8142635566155554,0.8578892207059308,2.5866999999999933,0,0,0,0.0,0.0,none,0.0,0.0,0.0,0,0,0,1,0
confirmation,18039,neutral,reset_actual_generation,"9,13,2,5,3,1",6,ring,m2,m1,p3>p0>p3>p7,4,context_comp,A>B>A>C,1,7,A>B>C>D>E>F>X,1,280,1,1.0,1.0,1.0,1,1,4,70,0.025,1,255,281,0,1,0,1,1,0.9820822880460118,-0.0001802206801241,44,1,0,0,0.0,0,0,0,0,0,0,0,0,0,1,1,1,0.6170618091239295,0.7511296436783136,2.7611499999999976,0,0,0,0.0,0.0,none,0.0,0.0,0.0,0,0,0,1,0
confirmation,18039,self_relevant,reset_actual_generation,"9,13,2,5,3,1",6,ring,m2,m1,p3>p0>p3>p7,4,context_comp,A>B>A>C,1,7,A>B>C>D>E>F>X,1,280,1,1.0,1.0,1.0,1,1,4,70,0.025,1,255,255,1,0,0,1,1,0.9820822880460118,0.0112772149305937,44,1,1,1,0.0292723508778536,1,1,0,1,1,1,1,1,0,0,0,1,0.7449870594279354,0.8284772226398628,2.8435499999999974,0,0,0,0.0,0.0,none,0.0,0.0,0.0,0,0,0,1,0
confirmation,18000,neutral,sparse_reset_generation,"4,2,9,6,7",5,ring,m2,m0,p1>p6>p2,3,branch_comp,A>C>B,1,5,A>B>C>D>E,0,280,1,1.0,1.0,1.0,1,1,4,41,0.0525641025641025,1,218,281,0,1,0,1,1,0.8573027042458843,-0.000787716532721,46,1,0,0,0.0,0,0,0,0,0,0,0,0,0,1,1,1,0.7308423044037246,0.7700102519532253,2.6568500000000035,0,0,0,0.0,0.0,none,0.0,0.0,0.0,0,0,0,1,0
confirmation,18000,self_relevant,sparse_reset_generation,"4,2,9,6,7",5,ring,m2,m0,p1>p6>p2,3,branch_comp,A>C>B,1,5,A>B>C>D>E,0,280,1,1.0,1.0,1.0,1,1,4,41,0.0525641025641025,1,206,206,1,0,0,1,1,0.8579363835624327,0.0081054282269257,42,1,1,1,0.0242459078701241,1,1,0,1,1,1,1,1,0,0,0,1,0.785611207751651,0.8437574001756178,2.737250000000003,0,0,0,0.0,0.0,none,0.0,0.0,0.0,0,0,0,1,0
confirmation,18001,neutral,sparse_reset_generation,"9,13,11,6,1,10",6,chain,m0,m3,p3>p6>p3>p0,4,context_comp,A>B>A>C,1,7,A>B>C>D>E>F>X,0,280,1,1.0,1.0,0.8333333333333334,1,1,4,49,0.0175,1,227,281,0,1,0,1,1,0.8950901741027311,-0.0037847266348974,44,1,0,0,0.0,0,0,0,0,0,0,0,0,0,1,1,1,0.7439504701983162,0.7947227291381469,2.7485499999999994,0,0,0,0.0,0.0,none,0.0,0.0,0.0,0,0,0,1,0
confirmation,18001,self_relevant,sparse_reset_generation,"9,13,11,6,1,10",6,chain,m0,m3,p3>p6>p3>p0,4,context_comp,A>B>A>C,1,7,A>B>C>D>E>F>X,0,280,1,1.0,1.0,0.8333333333333334,1,1,4,49,0.0175,1,223,223,1,0,0,1,1,0.8950901741027311,0.0137215408148965,44,1,1,1,0.0277986601205559,1,1,0,1,1,1,1,1,0,0,0,1,0.7688343492820631,0.8587221068357808,2.830949999999999,0,0,0,0.0,0.0,none,0.0,0.0,0.0,0,0,0,1,0
confirmation,18002,neutral,sparse_reset_generation,"5,3,6,7,8",5,dense,m0,m3,p4>p0>p3,3,branch_comp,A>C>B,1,5,A>B>C>D>E,0,280,1,1.0,1.0,1.0,1,1,4,42,0.0538461538461538,1,212,281,0,1,0,1,1,0.7731486966713275,0.0006356028264047,44,1,1,0,3.706964896127053e-05,0,0,0,0,0,0,0,0,0,1,1,1,0.6871439682779827,0.7409042381101256,2.6812500000000035,0,0,0,0.0,0.0,none,0.0,0.0,0.0,0,0,0,1,0
confirmation,18002,self_relevant,sparse_reset_generation,"5,3,6,7,8",5,dense,m0,m3,p4>p0>p3,3,branch_comp,A>C>B,1,5,A>B>C>D>E,0,280,1,1.0,1.0,1.0,1,1,4,42,0.0538461538461538,1,206,206,1,0,0,1,1,0.7731486966713275,0.0121821059056977,44,1,1,1,0.0242136354586444,1,1,0,1,1,1,1,1,0,0,0,1,0.7629311071257066,0.8099633315510504,2.737250000000003,0,0,0,0.0,0.0,none,0.0,0.0,0.0,0,0,0,1,0
confirmation,18003,neutral,sparse_reset_generation,"7,12,1,9,0,4",6,ring,m1,m2,p2>p5>p2>p6,4,context_comp,A>B>A>C,1,7,A>B>C>D>E>F>X,1,280,1,1.0,1.0,1.0,0,0,4,49,0.0175,1,230,281,0,1,0,0,1,0.976598132519407,-0.0001680475715128,44,1,0,0,0.0,0,0,0,0,0,0,0,0,0,1,1,1,0.5048878926889042,0.7382428398820483,2.7485499999999994,0,0,0,0.0,0.0,none,0.0,0.0,0.0,0,0,0,1,0
confirmation,18003,self_relevant,sparse_reset_generation,"7,12,1,9,0,4",6,ring,m1,m2,p2>p5>p2>p6,4,context_comp,A>B>A>C,1,7,A>B>C>D>E>F>X,1,280,1,1.0,1.0,1.0,1,1,4,49,0.0175,1,227,227,1,0,0,1,1,0.8363895964154432,0.0138477563374673,48,1,1,1,0.0282931952836762,1,1,0,1,1,1,1,1,0,0,0,1,0.7672164577403232,0.8421252581698065,2.830949999999999,0,0,0,0.0,0.0,none,0.0,0.0,0.0,0,0,0,1,0
confirmation,18004,neutral,sparse_reset_generation,"7,8,13,9,4",5,chain,m0,m3,p1>p3>p2,3,branch_comp,A>C>B,1,5,A>B>C>D>E,0,280,1,1.0,0.7142857142857143,1.0,1,1,4,41,0.0525641025641025,1,248,281,0,1,0,1,1,0.796309215311156,0.0003543084740739,56,1,0,0,0.0,0,0,0,0,0,0,0,0,0,1,1,1,0.6611476675548678,0.7910644878111719,2.6568500000000035,0,0,0,0.0,0.0,none,0.0,0.0,0.0,0,0,0,1,0
confirmation,18004,self_relevant,sparse_reset_generation,"7,8,13,9,4",5,chain,m0,m3,p1>p3>p2,3,branch_comp,A>C>B,1,5,A>B>C>D>E,0,280,1,1.0,0.7142857142857143,1.0,1,1,4,41,0.0525641025641025,1,206,206,1,0,0,1,1,0.7773764373038325,0.0096174792062566,44,1,1,1,0.0273543306087212,1,1,0,1,1,1,1,1,0,0,0,1,0.7542549191381629,0.8459608183678388,2.737250000000003,0,0,0,0.0,0.0,none,0.0,0.0,0.0,0,0,0,1,0
confirmation,18005,neutral,sparse_reset_generation,"13,0,6,1,8,3",6,dense,m3,m2,p6>p7>p6>p5,4,context_comp,A>B>A>C,1,7,A>B>C>D>E>F>X,0,280,1,1.0,1.0,1.0,0,0,4,49,0.0175,1,241,281,0,1,0,0,1,0.984774079042562,0.0008350351409688,47,1,0,0,0.0,0,0,0,0,0,0,0,0,0,1,1,1,0.6849331627237196,0.7753147095614982,2.7485499999999994,0,0,0,0.0,0.0,none,0.0,0.0,0.0,0,0,0,1,0
confirmation,18005,self_relevant,sparse_reset_generation,"13,0,6,1,8,3",6,dense,m3,m2,p6>p7>p6>p5,4,context_comp,A>B>A>C,1,7,A>B>C>D>E>F>X,0,280,1,1.0,1.0,1.0,1,1,4,49,0.0175,1,227,227,1,0,0,1,1,0.8360215958018448,0.0132200035809146,47,1,1,1,0.0305677734299483,1,1,0,1,1,1,1,1,0,0,0,1,0.7867082522826508,0.8457252026148865,2.830949999999999,0,0,0,0.0,0.0,none,0.0,0.0,0.0,0,0,0,1,0
confirmation,18006,neutral,sparse_reset_generation,"4,0,13,7,9",5,ring,m3,m1,p3>p6>p7,3,branch_comp,A>C>B,1,5,A>B>C>D>E,0,280,1,1.0,1.0,1.0,1,1,4,41,0.0525641025641025,1,217,281,0,1,0,1,1,0.7236702997758115,0.0076555117176928,50,1,1,0,0.0,0,0,0,0,0,0,0,0,0,1,1,1,0.6174949973186501,0.7413327770230692,2.6812500000000035,0,0,0,0.0,0.0,none,0.0,0.0,0.0,0,0,0,1,0
confirmation,18006,self_relevant,sparse_reset_generation,"4,0,13,7,9",5,ring,m3,m1,p3>p6>p7,3,branch_comp,A>C>B,1,5,A>B>C>D>E,0,280,1,1.0,1.0,1.0,1,1,4,41,0.0525641025641025,1,216,216,1,0,0,1,1,0.7236702997758115,0.0150561227449333,50,1,1,1,0.0258705713694262,1,1,0,1,1,1,0,0,0,0,0,1,0.7709327062880375,0.8093941496828654,2.7372500000000035,0,0,0,0.0,0.0,none,0.0,0.0,0.0,0,0,0,1,0
confirmation,18007,neutral,sparse_reset_generation,"8,0,7,3,9,4",6,chain,m2,m0,p0>p1>p0>p5,4,context_comp,A>B>A>C,1,7,A>B>C>D>E>F>X,1,280,1,1.0,1.0,1.0,1,1,4,49,0.0175,1,245,281,0,1,0,1,1,0.9821433273029626,-0.0020016817536579,52,1,0,0,0.0,0,0,0,0,0,0,0,0,0,1,1,1,0.6701316710312185,0.775238138160586,2.72545,0,0,0,0.0,0.0,none,0.0,0.0,0.0,0,0,0,1,0
confirmation,18007,self_relevant,sparse_reset_generation,"8,0,7,3,9,4",6,chain,m2,m0,p0>p1>p0>p5,4,context_comp,A>B>A>C,1,7,A>B>C>D>E>F>X,1,280,1,1.0,1.0,1.0,1,1,4,49,0.0175,1,223,223,1,0,0,1,1,0.9806176692451314,0.0120244818748691,44,1,1,1,0.0289257572367274,1,1,0,1,1,1,1,1,0,0,0,1,0.7790238637588235,0.8631911824967288,2.80785,0,0,0,0.0,0.0,none,0.0,0.0,0.0,0,0,0,1,0
confirmation,18008,neutral,sparse_reset_generation,"13,11,5,0,4",5,dense,m1,m0,p4>p1>p5,3,branch_comp,A>C>B,1,5,A>B>C>D>E,0,280,1,1.0,1.0,1.0,0,0,4,42,0.0538461538461538,1,235,281,0,1,0,0,1,0.7965896996198237,-1.7527783044096615e-05,55,1,0,0,0.0,0,0,0,0,0,0,0,0,0,1,1,1,0.5694382848929451,0.7456415473158066,2.6568500000000035,0,0,0,0.0,0.0,none,0.0,0.0,0.0,0,0,0,1,0
confirmation,18008,self_relevant,sparse_reset_generation,"13,11,5,0,4",5,dense,m1,m0,p4>p1>p5,3,branch_comp,A>C>B,1,5,A>B>C>D>E,0,280,1,1.0,1.0,1.0,1,1,4,42,0.0538461538461538,1,211,211,1,0,0,1,1,0.7029011261907065,0.0072218645691693,48,1,1,1,0.026415411122453,1,1,0,1,1,1,1,1,0,0,0,1,0.7428914700423247,0.8153956328996734,2.7372500000000035,0,0,0,0.0,0.0,none,0.0,0.0,0.0,0,0,0,1,0
confirmation,18009,neutral,sparse_reset_generation,"8,7,0,2,6,1",6,ring,m1,m3,p1>p0>p1>p4,4,context_comp,A>B>A>C,1,7,A>B>C>D>E>F>X,0,280,1,1.0,1.0,1.0,0,0,4,49,0.0175,1,234,281,0,1,0,0,1,0.8497809172311477,-3.4936496518329224e-05,49,1,0,0,0.0,0,0,0,0,0,0,0,0,0,1,1,1,0.6203747747985242,0.7725976820692942,2.7485499999999994,0,0,0,0.0,0.0,none,0.0,0.0,0.0,0,0,0,1,0
confirmation,18009,self_relevant,sparse_reset_generation,"8,7,0,2,6,1",6,ring,m1,m3,p1>p0>p1>p4,4,context_comp,A>B>A>C,1,7,A>B>C>D>E>F>X,0,280,1,1.0,1.0,1.0,1,1,4,49,0.0175,1,218,218,1,0,0,1,1,0.8167039994093706,0.0119356030158038,44,1,1,1,0.0288306200917618,1,1,0,1,1,1,1,1,0,0,0,1,0.7683470193448888,0.8437321669991574,2.830949999999999,0,0,0,0.0,0.0,none,0.0,0.0,0.0,0,0,0,1,0
confirmation,18010,neutral,sparse_reset_generation,"12,8,11,13,2",5,chain,m3,m0,p7>p6>p2,3,branch_comp,A>C>B,1,5,A>B>C>D>E,0,280,1,1.0,0.7142857142857143,1.0,0,0,4,41,0.0525641025641025,1,211,281,0,1,0,0,1,0.7866517243404468,0.0014945425519757,44,1,0,0,0.0,0,0,0,0,0,0,0,0,0,1,1,1,0.6066187046083558,0.7230513597952373,2.6568500000000035,0,0,0,0.0,0.0,none,0.0,0.0,0.0,0,0,0,1,0
confirmation,18010,self_relevant,sparse_reset_generation,"12,8,11,13,2",5,chain,m3,m0,p7>p6>p2,3,branch_comp,A>C>B,1,5,A>B>C>D>E,0,280,1,1.0,0.7142857142857143,1.0,1,1,4,41,0.0525641025641025,1,211,211,1,0,0,1,1,0.7150892312356651,0.0082474255650202,46,1,1,1,0.0242131515601132,1,1,0,1,1,1,1,1,0,0,0,1,0.7544883972535292,0.8289542285457315,2.7372500000000035,0,0,0,0.0,0.0,none,0.0,0.0,0.0,0,0,0,1,0
confirmation,18011,neutral,sparse_reset_generation,"9,4,3,1,13,8",6,dense,m0,m1,p7>p3>p7>p0,4,context_comp,A>B>A>C,1,7,A>B>C>D>E>F>X,1,280,1,1.0,1.0,1.0,1,1,4,49,0.0175,1,260,281,0,1,0,1,1,0.907698742694708,0.0014863213750644,56,1,0,0,0.0,0,0,0,0,0,0,0,0,0,1,1,1,0.6894343047630036,0.7744161016954618,2.7485499999999994,0,0,0,0.0,0.0,none,0.0,0.0,0.0,0,0,0,1,0
confirmation,18011,self_relevant,sparse_reset_generation,"9,4,3,1,13,8",6,dense,m0,m1,p7>p3>p7>p0,4,context_comp,A>B>A>C,1,7,A>B>C>D>E>F>X,1,280,1,1.0,1.0,1.0,1,1,4,49,0.0175,1,223,223,1,0,0,1,1,0.8874044480134123,0.0167849744828095,44,1,1,1,0.0308526867841773,1,1,0,1,1,1,1,1,0,0,0,1,0.8041305258386465,0.8576887555744198,2.6681499999999923,0,0,0,0.0,0.0,none,0.0,0.0,0.0,0,0,0,1,0
confirmation,18012,neutral,sparse_reset_generation,"9,8,1,7,2",5,ring,m2,m1,p1>p6>p4,3,branch_comp,A>C>B,1,5,A>B>C>D>E,0,280,1,1.0,1.0,1.0,1,1,4,41,0.0525641025641025,1,212,281,0,1,0,1,1,0.8569779999858759,-0.0022363261295021,42,1,1,0,0.0,0,0,0,0,0,0,0,0,0,1,1,1,0.6090026088272734,0.7419261531251082,2.6812500000000035,0,0,0,0.0,0.0,none,0.0,0.0,0.0,0,0,0,1,0
confirmation,18012,self_relevant,sparse_reset_generation,"9,8,1,7,2",5,ring,m2,m1,p1>p6>p4,3,branch_comp,A>C>B,1,5,A>B>C>D>E,0,280,1,1.0,1.0,1.0,1,1,4,41,0.0525641025641025,1,206,206,1,0,0,1,1,0.8569779999858759,0.0084577380199445,42,1,1,1,0.0264599518125691,1,1,0,1,1,1,0,0,0,0,0,1,0.7498468610649439,0.8078983386897631,2.737250000000003,0,0,0,0.0,0.0,none,0.0,0.0,0.0,0,0,0,1,0
confirmation,18013,neutral,sparse_reset_generation,"10,12,2,8,9,3",6,chain,m0,m1,p5>p7>p5>p2,4,context_comp,A>B>A>C,1,7,A>B>C>D>E>F>X,0,280,1,1.0,0.8571428571428571,1.0,1,1,4,49,0.0175,1,228,281,0,1,0,1,1,0.8959916079510842,0.0043884623358836,44,1,1,0,0.0,0,0,0,0,0,0,0,0,0,1,1,1,0.7453414902792567,0.787591025095384,2.79735,0,0,0,0.0,0.0,none,0.0,0.0,0.0,0,0,0,1,0
confirmation,18013,self_relevant,sparse_reset_generation,"10,12,2,8,9,3",6,chain,m0,m1,p5>p7>p5>p2,4,context_comp,A>B>A>C,1,7,A>B>C>D>E>F>X,0,280,1,1.0,0.8571428571428571,1.0,1,1,4,49,0.0175,1,223,223,1,0,0,1,1,0.8959916079510842,0.0126608167141134,44,1,1,1,0.0278068942938065,1,1,0,1,1,1,1,1,0,0,0,1,0.7701437968052208,0.8404273019456161,2.830949999999999,0,0,0,0.0,0.0,none,0.0,0.0,0.0,0,0,0,1,0
confirmation,18014,neutral,sparse_reset_generation,"11,9,3,4,2",5,dense,m2,m0,p5>p3>p4,3,branch_comp,A>C>B,1,5,A>B>C>D>E,0,280,1,1.0,1.0,1.0,1,1,4,41,0.0525641025641025,1,211,281,0,1,0,1,1,0.8532047458406187,0.0012008763278891,42,1,0,0,0.0,0,0,0,0,0,0,0,0,0,1,1,1,0.6318063978696005,0.7410703745377267,2.6568500000000035,0,0,0,0.0,0.0,none,0.0,0.0,0.0,0,0,0,1,0
confirmation,18014,self_relevant,sparse_reset_generation,"11,9,3,4,2",5,dense,m2,m0,p5>p3>p4,3,branch_comp,A>C>B,1,5,A>B>C>D>E,0,280,1,1.0,1.0,1.0,1,1,4,41,0.0525641025641025,1,206,206,1,0,0,1,1,0.8532047458406187,0.0162246715785683,42,1,1,1,0.0260643682773305,1,1,0,1,1,1,1,1,0,0,0,1,0.7834943392122525,0.8341536446873755,2.737250000000003,0,0,0,0.0,0.0,none,0.0,0.0,0.0,0,0,0,1,0
confirmation,18015,neutral,sparse_reset_generation,"7,0,8,2,9,6",6,ring,m1,m3,p5>p4>p5>p0,4,context_comp,A>B>A>C,1,7,A>B>C>D>E>F>X,1,280,1,1.0,1.0,1.0,0,0,4,49,0.0175,1,232,281,0,1,0,0,1,0.849837293615937,0.0003837520843327,49,1,1,0,0.0,0,0,0,0,0,0,0,0,0,1,1,1,0.6639553308854329,0.7757194526297138,2.77295,0,0,0,0.0,0.0,none,0.0,0.0,0.0,0,0,0,1,0
confirmation,18015,self_relevant,sparse_reset_generation,"7,0,8,2,9,6",6,ring,m1,m3,p5>p4>p5>p0,4,context_comp,A>B>A>C,1,7,A>B>C>D>E>F>X,1,280,1,1.0,1.0,1.0,1,1,4,49,0.0175,1,218,218,1,0,0,1,1,0.8068145921678231,0.014515162223965,44,1,1,1,0.0308526867841773,1,1,0,1,1,1,1,1,0,0,0,1,0.7647697868001234,0.840234454363827,2.830949999999999,0,0,0,0.0,0.0,none,0.0,0.0,0.0,0,0,0,1,0
confirmation,18016,neutral,sparse_reset_generation,"7,0,13,8,11",5,chain,m2,m0,p4>p3>p6,3,branch_comp,A>C>B,1,5,A>B>C>D>E,0,280,1,1.0,1.0,0.6,1,1,4,41,0.0525641025641025,1,244,281,0,1,0,1,1,0.8600729074506386,0.0004461113868937,58,1,0,0,0.0,0,0,0,0,0,0,0,0,0,1,1,1,0.6323989362723695,0.7370363361644205,2.6568500000000035,0,0,0,0.0,0.0,none,0.0,0.0,0.0,0,0,0,1,0
confirmation,18016,self_relevant,sparse_reset_generation,"7,0,13,8,11",5,chain,m2,m0,p4>p3>p6,3,branch_comp,A>C>B,1,5,A>B>C>D>E,0,280,1,1.0,1.0,0.6,1,1,4,41,0.0525641025641025,1,206,206,1,0,0,1,1,0.8593630284141915,0.0117662630882933,42,1,1,1,0.0242324262257952,1,1,0,1,1,1,0,0,0,0,0,1,0.7797135856901178,0.8346341618085205,2.737250000000003,0,0,0,0.0,0.0,none,0.0,0.0,0.0,0,0,0,1,0
confirmation,18017,neutral,sparse_reset_generation,"12,4,10,0,7,2",6,dense,m1,m0,p0>p5>p0>p3,4,context_comp,A>B>A>C,1,7,A>B>C>D>E>F>X,0,280,1,1.0,1.0,1.0,0,0,4,49,0.0175,1,239,281,0,1,0,0,1,0.9089547085582904,-0.0008628830263653,46,1,0,0,0.0,0,0,0,0,0,0,0,0,0,1,1,1,0.682467692503241,0.7426380147746618,2.7485499999999994,0,0,0,0.0,0.0,none,0.0,0.0,0.0,0,0,0,1,0
confirmation,18017,self_relevant,sparse_reset_generation,"12,4,10,0,7,2",6,dense,m1,m0,p0>p5>p0>p3,4,context_comp,A>B>A>C,1,7,A>B>C>D>E>F>X,0,280,1,1.0,1.0,1.0,1,1,4,49,0.0175,1,227,227,1,0,0,1,1,0.829853176026853,0.0098375346330844,46,1,1,1,0.0288084517824416,1,1,0,1,1,1,1,1,0,0,0,1,0.7963405144723582,0.8479693145495989,2.7027999999999937,0,0,0,0.0,0.0,none,0.0,0.0,0.0,0,0,0,1,0
confirmation,18018,neutral,sparse_reset_generation,"10,4,7,8,6",5,ring,m3,m0,p7>p1>p6,3,branch_comp,A>C>B,1,5,A>B>C>D>E,0,280,1,1.0,0.8333333333333334,1.0,0,0,4,41,0.0525641025641025,1,216,281,0,1,0,0,1,0.7969107520504362,0.001135672095941,48,1,0,0,0.0,0,0,0,0,0,0,0,0,0,1,1,1,0.5823518025830619,0.7461928253735289,2.6568500000000035,0,0,0,0.0,0.0,none,0.0,0.0,0.0,0,0,0,1,0
confirmation,18018,self_relevant,sparse_reset_generation,"10,4,7,8,6",5,ring,m3,m0,p7>p1>p6,3,branch_comp,A>C>B,1,5,A>B>C>D>E,0,280,1,1.0,0.8333333333333334,1.0,1,1,4,41,0.0525641025641025,1,211,211,1,0,0,1,1,0.714121198240293,0.0081454476517044,48,1,1,1,0.0255997609703298,1,1,0,1,1,1,1,1,0,0,0,1,0.7270683654765663,0.8089893930325165,2.7372500000000035,0,0,0,0.0,0.0,none,0.0,0.0,0.0,0,0,0,1,0
confirmation,18019,neutral,sparse_reset_generation,"8,5,13,4,2,0",6,chain,m2,m0,p6>p2>p6>p5,4,context_comp,A>B>A>C,1,7,A>B>C>D>E>F>X,1,280,1,1.0,1.0,1.0,1,1,4,49,0.0175,1,242,281,0,1,0,1,1,0.9787542868255732,-0.0040062253583091,52,1,0,0,0.0,0,0,0,0,0,0,0,0,0,1,1,1,0.6832939166938444,0.77003574188943,2.71775,0,0,0,0.0,0.0,none,0.0,0.0,0.0,0,0,0,1,0
confirmation,18019,self_relevant,sparse_reset_generation,"8,5,13,4,2,0",6,chain,m2,m0,p6>p2>p6>p5,4,context_comp,A>B>A>C,1,7,A>B>C>D>E>F>X,1,280,1,1.0,1.0,1.0,1,1,4,49,0.0175,1,223,223,1,0,0,1,1,0.9815707549563318,0.0120444180898693,44,1,1,1,0.0298898521389497,1,1,0,1,1,1,1,1,0,0,0,1,0.7595370809160251,0.8501069992010747,2.8001499999999995,0,0,0,0.0,0.0,none,0.0,0.0,0.0,0,0,0,1,0
confirmation,18020,neutral,sparse_reset_generation,"11,2,10,13,5",5,dense,m1,m2,p0>p5>p7,3,branch_comp,A>C>B,1,5,A>B>C>D>E,0,280,1,1.0,0.8333333333333334,1.0,0,0,4,41,0.0525641025641025,1,212,281,0,1,0,0,1,0.8645249476101426,-0.0060029068837717,42,1,1,0,0.0002768521404949,0,0,0,0,0,0,0,0,0,1,1,1,0.6388816536438744,0.7359895405542866,2.6812500000000035,0,0,0,0.0,0.0,none,0.0,0.0,0.0,0,0,0,1,0
confirmation,18020,self_relevant,sparse_reset_generation,"11,2,10,13,5",5,dense,m1,m2,p0>p5>p7,3,branch_comp,A>C>B,1,5,A>B>C>D>E,0,280,1,1.0,0.8333333333333334,1.0,1,1,4,41,0.0525641025641025,1,211,211,1,0,0,1,1,0.7197782937891442,0.0138660886029239,48,1,1,1,0.0254433805977944,1,1,0,1,1,1,1,1,0,0,0,1,0.7751818799475673,0.8138306578718847,2.7372500000000035,0,0,0,0.0,0.0,none,0.0,0.0,0.0,0,0,0,1,0
confirmation,18021,neutral,sparse_reset_generation,"12,3,9,10,4,0",6,ring,m1,m3,p4>p3>p4>p1,4,context_comp,A>B>A>C,1,7,A>B>C>D>E>F>X,0,280,1,1.0,1.0,1.0,1,1,4,49,0.0175,1,232,281,0,1,0,1,1,0.8488099944139669,0.0003631402622295,49,1,0,0,0.0,0,0,0,0,0,0,0,0,0,1,1,1,0.6980623872319163,0.7915274453686063,2.7485499999999994,0,0,0,0.0,0.0,none,0.0,0.0,0.0,0,0,0,1,0
confirmation,18021,self_relevant,sparse_reset_generation,"12,3,9,10,4,0",6,ring,m1,m3,p4>p3>p4>p1,4,context_comp,A>B>A>C,1,7,A>B>C>D>E>F>X,0,280,1,1.0,1.0,1.0,1,1,4,49,0.0175,1,232,232,1,0,0,1,1,0.8488099944139669,0.0110307265360211,49,1,1,1,0.0302387873827033,1,1,0,1,1,1,1,1,0,0,0,1,0.7570970658594339,0.8369958905380527,2.855349999999999,0,0,0,0.0,0.0,none,0.0,0.0,0.0,0,0,0,1,0
confirmation,18022,neutral,sparse_reset_generation,"2,6,3,5,9",5,chain,m2,m1,p3>p1>p5,3,branch_comp,A>C>B,1,5,A>B>C>D>E,0,280,1,1.0,0.7142857142857143,1.0,1,1,4,41,0.0525641025641025,1,239,281,0,1,0,1,1,0.8619064289889933,-0.0021213884851194,54,1,0,0,0.0,0,0,0,0,0,0,0,0,0,1,1,1,0.6675925401166164,0.7852401689281445,2.6568500000000035,0,0,0,0.0,0.0,none,0.0,0.0,0.0,0,0,0,1,0
confirmation,18022,self_relevant,sparse_reset_generation,"2,6,3,5,9",5,chain,m2,m1,p3>p1>p5,3,branch_comp,A>C>B,1,5,A>B>C>D>E,0,280,1,1.0,0.7142857142857143,1.0,1,1,4,41,0.0525641025641025,1,206,206,1,0,0,1,1,0.8624495259182977,0.0070831967272939,42,1,1,1,0.0261277876748154,1,1,0,1,1,1,1,1,0,0,0,1,0.7822877501882645,0.8171340390458102,2.737250000000003,0,0,0,0.0,0.0,none,0.0,0.0,0.0,0,0,0,1,0
confirmation,18023,neutral,sparse_reset_generation,"12,11,8,1,10,5",6,dense,m0,m2,p2>p1>p2>p7,4,context_comp,A>B>A>C,1,7,A>B>C>D>E>F>X,1,280,1,1.0,1.0,1.0,0,0,4,49,0.0175,1,223,281,0,1,0,0,1,0.9772515509322236,-0.0057840519561519,44,1,1,0,0.0,0,0,0,0,0,0,0,0,0,1,1,1,0.6389763694861988,0.7606312179969524,2.73445,0,0,0,0.0,0.0,none,0.0,0.0,0.0,0,0,0,1,0
confirmation,18023,self_relevant,sparse_reset_generation,"12,11,8,1,10,5",6,dense,m0,m2,p2>p1>p2>p7,4,context_comp,A>B>A>C,1,7,A>B>C>D>E>F>X,1,280,1,1.0,1.0,1.0,1,1,4,49,0.0175,1,218,218,1,0,0,1,1,0.8969731871418526,0.0154116921651996,46,1,1,1,0.0300012184133449,1,1,0,1,1,1,1,1,0,0,0,1,0.7777013643996036,0.84378210758803,2.79245,0,0,0,0.0,0.0,none,0.0,0.0,0.0,0,0,0,1,0
confirmation,18024,neutral,sparse_reset_generation,"0,11,10,13,7",5,ring,m2,m0,p0>p7>p2,3,branch_comp,A>C>B,1,5,A>B>C>D>E,0,280,1,1.0,1.0,1.0,1,1,4,41,0.0525641025641025,1,249,281,0,1,0,1,1,0.8624827241551717,-0.0014120529253622,57,1,0,0,0.0,0,0,0,0,0,0,0,0,0,1,1,1,0.6830037403142937,0.7860559448575758,2.6568500000000035,0,0,0,0.0,0.0,none,0.0,0.0,0.0,0,0,0,1,0
confirmation,18024,self_relevant,sparse_reset_generation,"0,11,10,13,7",5,ring,m2,m0,p0>p7>p2,3,branch_comp,A>C>B,1,5,A>B>C>D>E,0,280,1,1.0,1.0,1.0,1,1,4,41,0.0525641025641025,1,206,206,1,0,0,1,1,0.859588027891703,0.0145171293474892,42,1,1,1,0.0255597883282587,1,1,0,1,1,1,1,1,0,0,0,1,0.7766066949572432,0.842621188425104,2.737250000000003,0,0,0,0.0,0.0,none,0.0,0.0,0.0,0,0,0,1,0
confirmation,18025,neutral,sparse_reset_generation,"12,2,13,9,4,7",6,chain,m2,m1,p4>p5>p4>p1,4,context_comp,A>B>A>C,1,7,A>B>C>D>E>F>X,0,280,1,1.0,1.0,0.6666666666666666,1,1,4,49,0.0175,1,241,281,0,1,0,1,1,0.9730539921212196,0.0007331251213303,50,1,1,0,0.0,0,0,0,0,0,0,0,0,0,1,1,1,0.700727039782022,0.7701970848115917,2.77295,0,0,0,0.0,0.0,none,0.0,0.0,0.0,0,0,0,1,0
confirmation,18025,self_relevant,sparse_reset_generation,"12,2,13,9,4,7",6,chain,m2,m1,p4>p5>p4>p1,4,context_comp,A>B>A>C,1,7,A>B>C>D>E>F>X,0,280,1,1.0,1.0,0.6666666666666666,1,1,4,49,0.0175,1,223,223,1,0,0,1,1,0.9745889528078356,0.0134333639434429,42,1,1,1,0.0302495721858367,1,1,0,1,1,1,1,1,0,0,0,1,0.7710232818148862,0.8463355485644186,2.830949999999999,0,0,0,0.0,0.0,none,0.0,0.0,0.0,0,0,0,1,0
confirmation,18026,neutral,sparse_reset_generation,"4,12,7,8,9",5,dense,m1,m2,p1>p3>p5,3,branch_comp,A>C>B,1,5,A>B>C>D>E,0,280,1,1.0,1.0,1.0,0,0,4,42,0.0538461538461538,1,211,281,0,1,0,0,1,0.8573524988420465,-0.0009310213430507,42,1,0,0,0.0,0,0,0,0,0,0,0,0,0,1,1,1,0.6855251453721143,0.7580615525739807,2.6568500000000035,0,0,0,0.0,0.0,none,0.0,0.0,0.0,0,0,0,1,0
confirmation,18026,self_relevant,sparse_reset_generation,"4,12,7,8,9",5,dense,m1,m2,p1>p3>p5,3,branch_comp,A>C>B,1,5,A>B>C>D>E,0,280,1,1.0,1.0,1.0,1,1,4,42,0.0538461538461538,1,211,211,1,0,0,1,1,0.7205830167972818,0.0076793637081025,48,1,1,1,0.0259922122757265,1,1,0,1,1,1,1,1,0,0,0,1,0.7900656454292805,0.84545380170056,2.7372500000000035,0,0,0,0.0,0.0,none,0.0,0.0,0.0,0,0,0,1,0
confirmation,18027,neutral,sparse_reset_generation,"1,7,0,10,11,5",6,ring,m3,m0,p7>p5>p7>p6,4,context_comp,A>B>A>C,1,7,A>B>C>D>E>F>X,1,280,1,1.0,1.0,1.0,0,0,4,49,0.0175,1,232,281,0,1,0,0,1,0.9043129925700008,0.000532336618014,47,1,1,0,1.6345225514740058e-05,0,0,0,0,0,0,0,0,0,1,1,1,0.6493527561380462,0.7629451479090731,2.77295,0,0,0,0.0,0.0,none,0.0,0.0,0.0,0,0,0,1,0
confirmation,18027,self_relevant,sparse_reset_generation,"1,7,0,10,11,5",6,ring,m3,m0,p7>p5>p7>p6,4,context_comp,A>B>A>C,1,7,A>B>C>D>E>F>X,1,280,1,1.0,1.0,1.0,1,1,4,49,0.0175,1,227,227,1,0,0,1,1,0.8359292956138609,0.0143888578939407,47,1,1,1,0.0313870230469845,1,1,0,1,1,1,1,1,0,0,0,1,0.7537017725430468,0.8323901339228511,2.830949999999999,0,0,0,0.0,0.0,none,0.0,0.0,0.0,0,0,0,1,0
confirmation,18028,neutral,sparse_reset_generation,"7,1,8,9,4",5,chain,m2,m0,p1>p0>p2,3,branch_comp,A>C>B,1,5,A>B>C>D>E,0,280,1,1.0,1.0,0.6,1,1,4,41,0.0525641025641025,1,254,281,0,1,0,1,1,0.8665873736789317,0.0014190315320296,61,1,1,0,0.0001337910747252,0,0,0,0,0,0,0,0,0,1,1,1,0.4842602461010192,0.7684313214201344,2.6812500000000035,0,0,0,0.0,0.0,none,0.0,0.0,0.0,0,0,0,1,0
confirmation,18028,self_relevant,sparse_reset_generation,"7,1,8,9,4",5,chain,m2,m0,p1>p0>p2,3,branch_comp,A>C>B,1,5,A>B>C>D>E,0,280,1,1.0,1.0,0.6,1,1,4,41,0.0525641025641025,1,206,206,1,0,0,1,1,0.8657317428308218,0.0140326288527034,42,1,1,1,0.0245954130451367,1,1,0,1,1,1,1,1,0,0,0,1,0.839833693742196,0.8774084579051025,2.4952499999999875,0,0,0,0.0,0.0,none,0.0,0.0,0.0,0,0,0,1,0
confirmation,18029,neutral,sparse_reset_generation,"2,8,10,5,0,4",6,dense,m1,m0,p6>p7>p6>p2,4,context_comp,A>B>A>C,1,7,A>B>C>D>E>F>X,0,280,1,1.0,1.0,1.0,0,0,4,49,0.0175,1,239,281,0,1,0,0,1,0.9096258890340124,-0.0052190357330078,46,1,0,0,0.0,0,0,0,0,0,0,0,0,0,1,1,1,0.5707225276471952,0.713099544340769,2.7485499999999994,0,0,0,0.0,0.0,none,0.0,0.0,0.0,0,0,0,1,0
confirmation,18029,self_relevant,sparse_reset_generation,"2,8,10,5,0,4",6,dense,m1,m0,p6>p7>p6>p2,4,context_comp,A>B>A>C,1,7,A>B>C>D>E>F>X,0,280,1,1.0,1.0,1.0,1,1,4,49,0.0175,1,227,227,1,0,0,1,1,0.8287951646660074,0.0109896009214039,47,1,1,1,0.0313870230469845,1,1,0,1,1,1,1,1,0,0,0,1,0.8124434813364511,0.8537779880078,2.6681499999999923,0,0,0,0.0,0.0,none,0.0,0.0,0.0,0,0,0,1,0
confirmation,18030,neutral,sparse_reset_generation,"6,1,9,8,11",5,ring,m0,m3,p6>p5>p0,3,branch_comp,A>C>B,1,5,A>B>C>D>E,0,280,1,1.0,1.0,1.0,1,1,4,41,0.0525641025641025,1,234,281,0,1,0,1,1,0.7955919046907585,-0.0002629119786027,55,1,0,0,0.0,0,0,0,0,0,0,0,0,0,1,1,1,0.6725260669251121,0.7482515123130342,2.6568500000000035,0,0,0,0.0,0.0,none,0.0,0.0,0.0,0,0,0,1,0
confirmation,18030,self_relevant,sparse_reset_generation,"6,1,9,8,11",5,ring,m0,m3,p6>p5>p0,3,branch_comp,A>C>B,1,5,A>B>C>D>E,0,280,1,1.0,1.0,1.0,1,1,4,41,0.0525641025641025,1,206,206,1,0,0,1,1,0.7797006798018986,0.0086856690771542,44,1,1,1,0.0244765219630574,1,1,0,1,1,1,1,1,0,0,0,1,0.7858721373596991,0.8415073052664942,2.737250000000003,0,0,0,0.0,0.0,none,0.0,0.0,0.0,0,0,0,1,0
confirmation,18031,neutral,sparse_reset_generation,"8,0,4,11,10,12",6,chain,m2,m1,p4>p1>p4>p2,4,context_comp,A>B>A>C,1,7,A>B>C>D>E>F>X,1,280,1,1.0,1.0,0.1666666666666666,0,0,4,49,0.0175,0,281,281,0,0,0,0,0,0.0,0.0,0,0,0,0,0.0,0,0,0,0,0,0,0,0,0,1,0,1,0.5824977148266399,0.7608203579926133,2.655049999999996,0,0,0,0.0,0.0,none,0.0,0.0,0.0,0,0,0,1,0
confirmation,18031,self_relevant,sparse_reset_generation,"8,0,4,11,10,12",6,chain,m2,m1,p4>p1>p4>p2,4,context_comp,A>B>A>C,1,7,A>B>C>D>E>F>X,1,280,1,1.0,1.0,0.1666666666666666,1,1,4,49,0.0175,1,223,223,1,0,0,1,1,0.981904290493964,0.0062424007108013,42,1,1,1,0.029750258137228,1,1,0,1,1,1,1,1,0,0,0,1,0.8293329891072952,0.8752391630437161,2.609299999999989,0,0,0,0.0,0.0,none,0.0,0.0,0.0,0,0,0,1,0
confirmation,18032,neutral,sparse_reset_generation,"6,8,9,13,2",5,dense,m1,m2,p5>p0>p2,3,branch_comp,A>C>B,1,5,A>B>C>D>E,0,280,1,1.0,0.8333333333333334,1.0,0,0,4,41,0.0525641025641025,1,211,281,0,1,0,0,1,0.8525854176188119,-0.0019467645506925,42,1,0,0,0.0,0,0,0,0,0,0,0,0,0,1,1,1,0.6195623654400817,0.7296486933386486,2.6568500000000035,0,0,0,0.0,0.0,none,0.0,0.0,0.0,0,0,0,1,0
confirmation,18032,self_relevant,sparse_reset_generation,"6,8,9,13,2",5,dense,m1,m2,p5>p0>p2,3,branch_comp,A>C>B,1,5,A>B>C>D>E,0,280,1,1.0,0.8333333333333334,1.0,1,1,4,41,0.0525641025641025,1,211,211,1,0,0,1,1,0.7255079844122598,0.0086006094757794,48,1,1,1,0.0265065463036696,1,1,0,1,1,1,1,1,0,0,0,1,0.7694495938557895,0.8264712973713466,2.7372500000000035,0,0,0,0.0,0.0,none,0.0,0.0,0.0,0,0,0,1,0
confirmation,18033,neutral,sparse_reset_generation,"11,1,4,0,3,8",6,ring,m2,m3,p7>p0>p7>p4,4,context_comp,A>B>A>C,1,7,A>B>C>D>E>F>X,0,280,1,1.0,1.0,1.0,1,1,4,49,0.0175,1,228,281,0,1,0,1,1,0.9857852927488344,-0.0004257985334987,42,1,1,0,4.713419666646773e-05,0,0,0,0,0,0,0,0,0,1,1,1,0.5947624310665671,0.7664340442862576,2.77295,0,0,0,0.0,0.0,none,0.0,0.0,0.0,0,0,0,1,0
confirmation,18033,self_relevant,sparse_reset_generation,"11,1,4,0,3,8",6,ring,m2,m3,p7>p0>p7>p4,4,context_comp,A>B>A>C,1,7,A>B>C>D>E>F>X,0,280,1,1.0,1.0,1.0,1,1,4,49,0.0175,1,223,223,1,0,0,1,1,0.9857852927488344,0.0118914739514123,42,1,1,1,0.0293774613975005,1,1,0,1,1,1,1,1,0,0,0,1,0.7725771569171128,0.848278825989606,2.830949999999999,0,0,0,0.0,0.0,none,0.0,0.0,0.0,0,0,0,1,0
confirmation,18034,neutral,sparse_reset_generation,"3,6,1,9,4",5,chain,m3,m2,p2>p0>p1,3,branch_comp,A>C>B,1,5,A>B>C>D>E,0,280,1,1.0,0.8333333333333334,1.0,0,0,4,41,0.0525641025641025,1,223,281,0,1,0,0,1,0.8609069817272095,-0.0001131900487249,45,1,1,0,0.0,0,0,0,0,0,0,0,0,0,1,1,1,0.643436311329566,0.7671366716574382,2.6812500000000035,0,0,0,0.0,0.0,none,0.0,0.0,0.0,0,0,0,1,0
confirmation,18034,self_relevant,sparse_reset_generation,"3,6,1,9,4",5,chain,m3,m2,p2>p0>p1,3,branch_comp,A>C>B,1,5,A>B>C>D>E,0,280,1,1.0,0.8333333333333334,1.0,1,1,4,41,0.0525641025641025,1,211,211,1,0,0,1,1,0.7149230190432871,0.012086236567478,47,1,1,1,0.02540282666224,1,1,0,1,1,1,1,1,0,0,0,1,0.7414754556579233,0.8391790761119842,2.7372500000000035,0,0,0,0.0,0.0,none,0.0,0.0,0.0,0,0,0,1,0
confirmation,18035,neutral,sparse_reset_generation,"10,12,7,8,4,9",6,dense,m2,m1,p2>p1>p2>p7,4,context_comp,A>B>A>C,1,7,A>B>C>D>E>F>X,1,280,1,1.0,1.0,1.0,1,1,4,49,0.0175,1,227,281,0,1,0,1,1,0.9807632386921434,0.000738531660504,42,1,0,0,0.0,0,0,0,0,0,0,0,0,0,1,1,1,0.6560734645083272,0.7701268847018446,2.7485499999999994,0,0,0,0.0,0.0,none,0.0,0.0,0.0,0,0,0,1,0
confirmation,18035,self_relevant,sparse_reset_generation,"10,12,7,8,4,9",6,dense,m2,m1,p2>p1>p2>p7,4,context_comp,A>B>A>C,1,7,A>B>C>D>E>F>X,1,280,1,1.0,1.0,1.0,1,1,4,49,0.0175,1,223,223,1,0,0,1,1,0.9807632386921434,0.0151085046111083,42,1,1,1,0.0302620763675089,1,1,0,1,1,1,1,1,0,0,0,1,0.7585942320970478,0.8371191257068032,2.830949999999999,0,0,0,0.0,0.0,none,0.0,0.0,0.0,0,0,0,1,0
confirmation,18036,neutral,sparse_reset_generation,"2,0,7,9,6",5,ring,m0,m2,p1>p7>p6,3,branch_comp,A>C>B,1,5,A>B>C>D>E,0,280,1,1.0,1.0,1.0,0,0,4,43,0.0551282051282051,1,211,281,0,1,0,0,1,0.8525556771027736,-0.0009688514418719,42,1,0,0,0.0,0,0,0,0,0,0,0,0,0,1,1,1,0.5563598815895142,0.7249144274550848,2.6568500000000035,0,0,0,0.0,0.0,none,0.0,0.0,0.0,0,0,0,1,0
confirmation,18036,self_relevant,sparse_reset_generation,"2,0,7,9,6",5,ring,m0,m2,p1>p7>p6,3,branch_comp,A>C>B,1,5,A>B>C>D>E,0,280,1,1.0,1.0,1.0,1,1,4,43,0.0551282051282051,1,211,211,1,0,0,1,1,0.7931370193806924,0.0080918977488872,46,1,1,1,0.0261636280014024,1,1,0,1,1,1,0,0,0,0,0,1,0.7855839238334777,0.8408598971850569,2.7372500000000035,0,0,0,0.0,0.0,none,0.0,0.0,0.0,0,0,0,1,0
confirmation,18037,neutral,sparse_reset_generation,"8,9,5,13,6,0",6,chain,m0,m3,p0>p6>p0>p5,4,context_comp,A>B>A>C,1,7,A>B>C>D>E>F>X,0,280,1,1.0,1.0,1.0,1,1,4,49,0.0175,1,233,281,0,1,0,1,1,0.9072021552533682,0.0040587989440975,48,1,1,0,0.0,0,0,0,0,0,0,0,0,0,1,1,1,0.6785368239818234,0.7845769377892816,2.77295,0,0,0,0.0,0.0,none,0.0,0.0,0.0,0,0,0,1,0
confirmation,18037,self_relevant,sparse_reset_generation,"8,9,5,13,6,0",6,chain,m0,m3,p0>p6>p0>p5,4,context_comp,A>B>A>C,1,7,A>B>C>D>E>F>X,0,280,1,1.0,1.0,1.0,1,1,4,49,0.0175,1,223,223,1,0,0,1,1,0.899857044190974,0.0144949616590158,44,1,1,1,0.0302620763675089,1,1,0,1,1,1,1,1,0,0,0,1,0.7707600677487032,0.8587397802081376,2.830949999999999,0,0,0,0.0,0.0,none,0.0,0.0,0.0,0,0,0,1,0
confirmation,18038,neutral,sparse_reset_generation,"0,5,9,4,7",5,dense,m0,m1,p7>p5>p6,3,branch_comp,A>C>B,1,5,A>B>C>D>E,0,280,1,1.0,1.0,1.0,1,1,4,41,0.0525641025641025,1,211,281,0,1,0,1,1,0.7606078090597439,0.0069934320182019,44,1,1,0,0.0004450441237385,0,0,0,0,0,0,0,0,0,1,1,1,0.6551728129911075,0.7796971783892833,2.6812500000000035,0,0,0,0.0,0.0,none,0.0,0.0,0.0,0,0,0,1,0
confirmation,18038,self_relevant,sparse_reset_generation,"0,5,9,4,7",5,dense,m0,m1,p7>p5>p6,3,branch_comp,A>C>B,1,5,A>B>C>D>E,0,280,1,1.0,1.0,1.0,1,1,4,41,0.0525641025641025,1,206,206,1,0,0,1,1,0.7606078090597439,0.0115238353111348,44,1,1,1,0.0260398942858354,1,1,0,1,1,1,1,1,0,0,0,1,0.790441701018319,0.8478904279690012,2.5749999999999926,0,0,0,0.0,0.0,none,0.0,0.0,0.0,0,0,0,1,0
confirmation,18039,neutral,sparse_reset_generation,"9,13,2,5,3,1",6,ring,m2,m1,p3>p0>p3>p7,4,context_comp,A>B>A>C,1,7,A>B>C>D>E>F>X,1,280,1,1.0,1.0,1.0,1,1,4,49,0.0175,1,228,281,0,1,0,1,1,0.9847809999689876,0.0004148397685389,42,1,1,0,0.0009652185392923,0,0,0,0,0,0,0,0,0,1,1,1,0.6179355192146523,0.752170554821949,2.77295,0,0,0,0.0,0.0,none,0.0,0.0,0.0,0,0,0,1,0
confirmation,18039,self_relevant,sparse_reset_generation,"9,13,2,5,3,1",6,ring,m2,m1,p3>p0>p3>p7,4,context_comp,A>B>A>C,1,7,A>B>C>D>E>F>X,1,280,1,1.0,1.0,1.0,1,1,4,49,0.0175,1,223,223,1,0,0,1,1,0.9847809999689876,0.0133893042478184,42,1,1,1,0.0300282704551954,1,1,0,1,1,1,1,1,0,0,0,1,0.7707159141631562,0.8423064554422434,2.830949999999999,0,0,0,0.0,0.0,none,0.0,0.0,0.0,0,0,0,1,0
confirmation,18000,neutral,ungated_relational_generation,"4,2,9,6,7",5,ring,m2,m0,p1>p6>p2,3,branch_comp,A>C>B,1,5,A>B>C>D>E,0,280,1,1.0,1.0,1.0,0,0,4,44,0.0564102564102564,0,281,281,0,0,0,0,0,0.0,0.0,0,0,0,0,0.0,0,0,0,0,0,0,0,0,0,1,0,1,0.7308026977983393,0.769850282156679,2.660300000000003,26,3,0,0.0527268083289162,0.8415094249999999,relational,0.0,0.0,0.0,0,0,0,1,0
confirmation,18000,self_relevant,ungated_relational_generation,"4,2,9,6,7",5,ring,m2,m0,p1>p6>p2,3,branch_comp,A>C>B,1,5,A>B>C>D>E,0,280,1,1.0,1.0,1.0,1,1,4,44,0.0564102564102564,1,218,218,1,0,0,1,1,0.8591773173472421,0.0076216461820516,44,1,1,1,0.0265682794251543,1,1,0,1,1,1,0,0,0,0,0,1,0.7759462275232286,0.8329403374702711,2.740700000000003,25,4,0,0.0536024425491697,0.6797049999999999,relational,0.0,0.0,0.0,0,0,0,1,0
confirmation,18001,neutral,ungated_relational_generation,"9,13,11,6,1,10",6,chain,m0,m3,p3>p6>p3>p0,4,context_comp,A>B>A>C,1,7,A>B>C>D>E>F>X,0,280,1,1.0,1.0,0.8333333333333334,1,1,4,74,0.0264285714285714,1,272,281,0,1,0,1,1,0.9130684302497778,-0.0027058789996016,44,1,0,0,0.0,0,0,0,0,0,0,0,0,0,1,1,1,0.7429319940439723,0.7936269918917098,2.799249999999997,26,3,0,0.0295557850184812,1.0,relational,0.0,0.0,0.0,1,1,0,1,0
confirmation,18001,self_relevant,ungated_relational_generation,"9,13,11,6,1,10",6,chain,m0,m3,p3>p6>p3>p0,4,context_comp,A>B>A>C,1,7,A>B>C>D>E>F>X,0,280,1,1.0,1.0,0.8333333333333334,1,1,4,74,0.0264285714285714,1,272,272,1,0,0,1,1,0.9130684302497778,0.0112344986105178,44,1,1,1,0.0303271020839431,1,1,0,1,1,1,1,1,0,0,0,1,0.7028855073224705,0.8256000599993557,2.881649999999997,26,3,0,0.0045430939398848,0.8415094249999999,relational,0.0,0.0,0.0,1,1,0,1,0
confirmation,18002,neutral,ungated_relational_generation,"5,3,6,7,8",5,dense,m0,m3,p4>p0>p3,3,branch_comp,A>C>B,1,5,A>B>C>D>E,0,280,1,1.0,1.0,1.0,1,1,4,51,0.0653846153846153,1,227,281,0,1,0,1,1,0.7786324199087442,-0.0040314495766508,46,1,1,0,0.0,0,0,0,0,0,0,0,0,0,1,1,1,0.6862152270669667,0.7397394591353358,2.7283000000000026,27,3,1,0.0052458625631916,1.0,relational,0.0,0.0,0.0,1,1,1,1,0
confirmation,18002,self_relevant,ungated_relational_generation,"5,3,6,7,8",5,dense,m0,m3,p4>p0>p3,3,branch_comp,A>C>B,1,5,A>B>C>D>E,0,280,1,1.0,1.0,1.0,1,1,4,51,0.0653846153846153,1,227,227,1,0,0,1,1,0.7783500651671215,0.0094331501343597,46,1,1,1,0.0266282946184631,1,1,0,1,1,1,1,1,0,0,0,1,0.7671486717050038,0.822208254769588,2.7843000000000027,26,3,1,0.0055045676203614,1.0,relational,0.0,0.0,0.0,1,1,0,1,0
confirmation,18003,neutral,ungated_relational_generation,"7,12,1,9,0,4",6,ring,m1,m2,p2>p5>p2>p6,4,context_comp,A>B>A>C,1,7,A>B>C>D>E>F>X,1,280,1,1.0,1.0,1.0,0,0,4,74,0.0264285714285714,1,276,281,0,1,0,0,1,0.9736622272901732,-0.0027957135670993,45,1,0,0,0.0,0,0,0,0,0,0,0,0,0,1,1,1,0.5016547146707911,0.7351296980808565,2.799249999999997,27,3,0,0.00754670259373,1.0,relational,0.0,0.0,0.0,1,1,0,1,0
confirmation,18003,self_relevant,ungated_relational_generation,"7,12,1,9,0,4",6,ring,m1,m2,p2>p5>p2>p6,4,context_comp,A>B>A>C,1,7,A>B>C>D>E>F>X,1,280,1,1.0,1.0,1.0,1,1,4,70,0.025,1,251,251,1,0,0,1,1,0.8356146573170379,0.0124644561567855,46,1,1,1,0.0300833753913274,1,1,0,1,1,1,1,1,0,0,0,1,0.7475143489353231,0.831042912181228,2.8435499999999974,27,3,0,0.0442375242539894,1.0,relational,0.0,0.0,0.0,0,0,0,1,0
confirmation,18004,neutral,ungated_relational_generation,"7,8,13,9,4",5,chain,m0,m3,p1>p3>p2,3,branch_comp,A>C>B,1,5,A>B>C>D>E,0,280,1,1.0,0.7142857142857143,1.0,1,1,4,49,0.0628205128205128,1,239,281,0,1,0,1,1,0.7866866264506045,-0.0070708303044801,46,1,0,0,0.0,0,0,0,0,0,0,0,0,0,1,1,1,0.6597194681420142,0.7906223860187007,2.703900000000002,28,3,1,0.0053372103528359,1.0,relational,0.0,0.0,0.0,1,1,0,1,0
confirmation,18004,self_relevant,ungated_relational_generation,"7,8,13,9,4",5,chain,m0,m3,p1>p3>p2,3,branch_comp,A>C>B,1,5,A>B>C>D>E,0,280,1,1.0,0.7142857142857143,1.0,1,1,4,49,0.0628205128205128,1,227,227,1,0,0,1,1,0.7824052542919387,0.0082453364345163,45,1,1,1,0.024636126306749,1,1,0,1,1,1,1,1,0,0,0,1,0.7612159347724102,0.8514737844575626,2.7843000000000027,27,3,1,0.0055780856066894,1.0,relational,0.0,0.0,0.0,1,1,0,1,0
confirmation,18005,neutral,ungated_relational_generation,"13,0,6,1,8,3",6,dense,m3,m2,p6>p7>p6>p5,4,context_comp,A>B>A>C,1,7,A>B>C>D>E>F>X,0,280,1,1.0,1.0,1.0,0,0,4,74,0.0264285714285714,1,276,281,0,1,0,0,1,0.9761087158554456,-0.0070148226236424,45,1,0,0,0.0,0,0,0,0,0,0,0,0,0,1,1,1,0.6828330939973893,0.7731881354210893,2.799249999999997,28,3,0,0.0080256676666503,1.0,relational,0.0,0.0,0.0,1,1,0,1,0
confirmation,18005,self_relevant,ungated_relational_generation,"13,0,6,1,8,3",6,dense,m3,m2,p6>p7>p6>p5,4,context_comp,A>B>A>C,1,7,A>B>C>D>E>F>X,0,280,1,1.0,1.0,1.0,1,1,4,70,0.025,1,251,251,1,0,0,1,1,0.8338681420302001,0.0132018776634551,46,1,1,1,0.0289892051339535,1,1,0,1,1,1,1,1,0,0,0,1,0.7862387475664606,0.8399703222752394,2.8435499999999974,28,3,0,0.0472357295231364,1.0,relational,0.0,0.0,0.0,0,0,0,1,0
confirmation,18006,neutral,ungated_relational_generation,"4,0,13,7,9",5,ring,m3,m1,p3>p6>p7,3,branch_comp,A>C>B,1,5,A>B>C>D>E,0,280,1,1.0,1.0,1.0,1,1,4,50,0.0641025641025641,1,250,281,0,1,0,1,1,0.7357678086940833,0.0018124753255615,54,1,1,0,0.0002768521404949,0,0,0,0,0,0,0,0,0,1,1,1,0.6171446821276677,0.7408035585487136,2.7283000000000026,29,3,1,0.0011563750090411,1.0,relational,0.0,0.0,0.0,1,1,1,1,0
confirmation,18006,self_relevant,ungated_relational_generation,"4,0,13,7,9",5,ring,m3,m1,p3>p6>p7,3,branch_comp,A>C>B,1,5,A>B>C>D>E,0,280,1,1.0,1.0,1.0,1,1,4,50,0.0641025641025641,1,223,223,1,0,0,1,1,0.7103939292908122,0.0173816235084448,46,1,1,1,0.0254845641416763,1,1,0,1,1,1,1,1,0,0,0,1,0.7786470927109288,0.8237107865843372,2.7843000000000027,28,3,1,0.0012458776377186,1.0,relational,0.0,0.0,0.0,1,1,0,1,0
confirmation,18007,neutral,ungated_relational_generation,"8,0,7,3,9,4",6,chain,m2,m0,p0>p1>p0>p5,4,context_comp,A>B>A>C,1,7,A>B>C>D>E>F>X,1,280,1,1.0,1.0,1.0,1,1,4,74,0.0264285714285714,1,267,281,0,1,0,1,1,0.9767807220897432,-0.0022898520868866,45,1,1,0,0.0001374054958544,0,0,0,0,0,0,0,0,0,1,1,1,0.6686900582138153,0.7711687287297077,2.8005499999999968,29,3,0,0.0084852358420288,1.0,relational,0.0,0.0,0.0,1,1,0,1,0
confirmation,18007,self_relevant,ungated_relational_generation,"8,0,7,3,9,4",6,chain,m2,m0,p0>p1>p0>p5,4,context_comp,A>B>A>C,1,7,A>B>C>D>E>F>X,1,280,1,1.0,1.0,1.0,1,1,4,70,0.025,1,246,246,1,0,0,1,1,0.9833495111454869,0.0102519689811581,44,1,1,1,0.0300833753913274,1,1,0,1,1,1,1,1,0,0,0,1,0.7713992878009628,0.854670194195101,2.820449999999997,29,3,0,0.0446714340779111,1.0,relational,0.0,0.0,0.0,0,0,0,1,0
confirmation,18008,neutral,ungated_relational_generation,"13,11,5,0,4",5,dense,m1,m0,p4>p1>p5,3,branch_comp,A>C>B,1,5,A>B>C>D>E,0,280,1,1.0,1.0,1.0,0,0,4,50,0.0641025641025641,1,227,281,0,1,0,0,1,0.7867831203792004,0.0007457674546973,46,1,1,0,0.0002768521404949,0,0,0,0,0,0,0,0,0,1,1,1,0.560468171108362,0.7417983807982944,2.7283000000000026,30,3,1,0.0052281515556908,1.0,relational,0.0,0.0,0.0,1,1,1,1,0
confirmation,18008,self_relevant,ungated_relational_generation,"13,11,5,0,4",5,dense,m1,m0,p4>p1>p5,3,branch_comp,A>C>B,1,5,A>B>C>D>E,0,280,1,1.0,1.0,1.0,1,1,4,50,0.0641025641025641,1,223,223,1,0,0,1,1,0.6989678048342804,0.0053256930551488,46,1,1,1,0.0253230770018089,1,1,0,1,1,1,1,1,0,0,0,1,0.7244066167583176,0.8144496406023423,2.7843000000000027,29,3,1,0.0052857197437438,1.0,relational,0.0,0.0,0.0,1,1,0,1,0
confirmation,18009,neutral,ungated_relational_generation,"8,7,0,2,6,1",6,ring,m1,m3,p1>p0>p1>p4,4,context_comp,A>B>A>C,1,7,A>B>C>D>E>F>X,0,280,1,1.0,1.0,1.0,1,1,4,74,0.0264285714285714,1,276,281,0,1,0,1,1,0.8474553546223321,-0.0048479653450225,47,1,0,0,0.0,0,0,0,0,0,0,0,0,0,1,1,1,0.6169149543634489,0.7693044214035294,2.799249999999997,30,3,0,0.0070373964598428,1.0,relational,0.0,0.0,0.0,1,1,0,1,0
confirmation,18009,self_relevant,ungated_relational_generation,"8,7,0,2,6,1",6,ring,m1,m3,p1>p0>p1>p4,4,context_comp,A>B>A>C,1,7,A>B>C>D>E>F>X,0,280,1,1.0,1.0,1.0,1,1,4,76,0.0271428571428571,1,260,260,1,0,0,1,1,0.827463896544054,0.0073735658355655,44,1,1,1,0.0299706468463271,1,1,0,1,1,1,1,1,0,0,0,1,0.7342383547230937,0.8280821833023683,2.881649999999997,30,3,1,0.0008463951509182,1.0,relational,0.0,0.0,0.0,1,1,0,1,0
confirmation,18010,neutral,ungated_relational_generation,"12,8,11,13,2",5,chain,m3,m0,p7>p6>p2,3,branch_comp,A>C>B,1,5,A>B>C>D>E,0,280,1,1.0,0.7142857142857143,1.0,0,0,4,51,0.0653846153846153,0,281,281,0,0,0,0,0,0.0,0.0,0,0,0,0,0.0,0,0,0,0,0,0,0,0,0,1,0,1,0.6029696864279845,0.7207895413235921,2.703900000000002,30,3,1,0.0057710760896148,0.837,relational,0.0,0.0,0.0,1,1,0,1,0
confirmation,18010,self_relevant,ungated_relational_generation,"12,8,11,13,2",5,chain,m3,m0,p7>p6>p2,3,branch_comp,A>C>B,1,5,A>B>C>D>E,0,280,1,1.0,0.7142857142857143,1.0,0,0,4,49,0.0628205128205128,0,281,281,0,0,0,0,0,0.0,0.0,0,0,0,0,0.0,0,0,0,0,0,0,0,0,0,0,0,0,0.6454980036657825,0.7335794375651881,2.703900000000002,30,3,1,0.0057710760896148,1.0,relational,0.0,0.0,0.0,1,1,0,1,0
confirmation,18011,neutral,ungated_relational_generation,"9,4,3,1,13,8",6,dense,m0,m1,p7>p3>p7>p0,4,context_comp,A>B>A>C,1,7,A>B>C>D>E>F>X,1,280,1,1.0,1.0,1.0,1,1,4,74,0.0264285714285714,1,276,281,0,1,0,1,1,0.91163998869509,0.0012507056775805,46,1,0,0,0.0,0,0,0,0,0,0,0,0,0,1,1,1,0.6860572715133091,0.7710293445693308,2.799249999999997,30,3,0,0.0280008412583287,0.996445,relational,0.0,0.0,0.0,1,1,0,1,0
confirmation,18011,self_relevant,ungated_relational_generation,"9,4,3,1,13,8",6,dense,m0,m1,p7>p3>p7>p0,4,context_comp,A>B>A>C,1,7,A>B>C>D>E>F>X,1,280,1,1.0,1.0,1.0,1,1,4,74,0.0264285714285714,1,272,272,1,0,0,1,1,0.9114937924689662,0.0149533480032237,44,1,1,1,0.0278495370915836,1,1,0,1,1,1,1,1,0,0,0,1,0.8187645532557362,0.8280140306227922,2.849749999999996,30,3,0,0.0038352457893907,0.837,relational,0.0,0.0,0.0,1,1,0,1,0
confirmation,18012,neutral,ungated_relational_generation,"9,8,1,7,2",5,ring,m2,m1,p1>p6>p4,3,branch_comp,A>C>B,1,5,A>B>C>D>E,0,280,1,1.0,1.0,1.0,1,1,4,44,0.0564102564102564,1,237,281,0,1,0,1,1,0.8575660110429765,0.0010246308274841,52,1,1,0,0.0001534653239228,0,0,0,0,0,0,0,0,0,1,1,1,0.6079440852052023,0.7425711432606557,2.684700000000003,31,3,0,0.0479003339005523,1.0,relational,0.0,0.0,0.0,0,0,0,1,0
confirmation,18012,self_relevant,ungated_relational_generation,"9,8,1,7,2",5,ring,m2,m1,p1>p6>p4,3,branch_comp,A>C>B,1,5,A>B>C>D>E,0,280,1,1.0,1.0,1.0,1,1,4,44,0.0564102564102564,1,218,218,1,0,0,1,1,0.8569278931981043,0.0081056219726902,44,1,1,1,0.0253665886108919,1,1,0,1,1,1,1,1,0,0,0,1,0.7673022460942371,0.830626661724974,2.740700000000003,30,3,0,0.0484147191749921,0.996445,relational,0.0,0.0,0.0,0,0,0,1,0
confirmation,18013,neutral,ungated_relational_generation,"10,12,2,8,9,3",6,chain,m0,m1,p5>p7>p5>p2,4,context_comp,A>B>A>C,1,7,A>B>C>D>E>F>X,0,280,1,1.0,0.8571428571428571,1.0,1,1,4,74,0.0264285714285714,1,276,281,0,1,0,1,1,0.9124481748525518,-0.0004303423922685,46,1,0,0,0.0,0,0,0,0,0,0,0,0,0,1,1,1,0.7432048097318078,0.7867205722840477,2.799249999999997,31,3,0,0.027631792343129,1.0,relational,0.0,0.0,0.0,1,1,0,1,0
confirmation,18013,self_relevant,ungated_relational_generation,"10,12,2,8,9,3",6,chain,m0,m1,p5>p7>p5>p2,4,context_comp,A>B>A>C,1,7,A>B>C>D>E>F>X,0,280,1,1.0,0.8571428571428571,1.0,1,1,4,74,0.0264285714285714,1,272,272,1,0,0,1,1,0.9110717265431384,0.0105539687070849,44,1,1,1,0.0306290724781999,1,1,0,1,1,1,1,1,0,0,0,1,0.7018821599408726,0.8163118269474535,2.881649999999997,31,3,0,0.0037554778138735,1.0,relational,0.0,0.0,0.0,1,1,0,1,0
confirmation,18014,neutral,ungated_relational_generation,"11,9,3,4,2",5,dense,m2,m0,p5>p3>p4,3,branch_comp,A>C>B,1,5,A>B>C>D>E,0,280,1,1.0,1.0,1.0,1,1,4,45,0.0576923076923076,1,246,281,0,1,0,1,1,0.8500129372651843,0.0013788731988084,53,1,0,0,0.0,0,0,0,0,0,0,0,0,0,1,1,1,0.631570834193258,0.7400400124435585,2.660300000000003,32,3,0,0.0487153893992592,1.0,relational,0.0,0.0,0.0,0,0,0,1,0
confirmation,18014,self_relevant,ungated_relational_generation,"11,9,3,4,2",5,dense,m2,m0,p5>p3>p4,3,branch_comp,A>C>B,1,5,A>B>C>D>E,0,280,1,1.0,1.0,1.0,1,1,4,45,0.0576923076923076,1,218,218,1,0,0,1,1,0.8514580556726703,0.015158232420844,44,1,1,1,0.0269176801567769,1,1,0,1,1,1,1,1,0,0,0,1,0.7421326658837549,0.8072571877839856,2.765100000000003,31,3,0,0.049342442597225,1.0,relational,0.0,0.0,0.0,0,0,0,1,0
confirmation,18015,neutral,ungated_relational_generation,"7,0,8,2,9,6",6,ring,m1,m3,p5>p4>p5>p0,4,context_comp,A>B>A>C,1,7,A>B>C>D>E>F>X,1,280,1,1.0,1.0,1.0,1,1,4,74,0.0264285714285714,1,277,281,0,1,0,1,1,0.8507198052159919,0.0007963941291989,47,1,1,0,0.0,0,0,0,0,0,0,0,0,0,1,1,1,0.6592495385392542,0.7692224652365356,2.823649999999997,32,3,0,0.0169127029964162,1.0,relational,0.0,0.0,0.0,1,1,0,1,0
confirmation,18015,self_relevant,ungated_relational_generation,"7,0,8,2,9,6",6,ring,m1,m3,p5>p4>p5>p0,4,context_comp,A>B>A>C,1,7,A>B>C>D>E>F>X,1,280,1,1.0,1.0,1.0,1,1,4,76,0.0271428571428571,1,272,272,1,0,0,1,1,0.8499389062651377,0.0115065427271335,45,1,1,1,0.0281874960424044,1,1,0,1,1,1,1,1,0,0,0,1,0.6821080088094656,0.8069752087070174,2.881649999999997,32,3,1,0.0011399924973744,1.0,relational,0.0,0.0,0.0,1,1,0,1,0
confirmation,18016,neutral,ungated_relational_generation,"7,0,13,8,11",5,chain,m2,m0,p4>p3>p6,3,branch_comp,A>C>B,1,5,A>B>C>D>E,0,280,1,1.0,1.0,0.6,1,1,4,44,0.0564102564102564,1,218,281,0,1,0,1,1,0.8547522061290266,-0.0011858899465049,44,1,1,0,0.0,0,0,0,0,0,0,0,0,0,1,1,1,0.6321677223804434,0.7363754863835439,2.684700000000003,33,3,0,0.0482072960580981,1.0,relational,0.0,0.0,0.0,0,0,0,1,0
confirmation,18016,self_relevant,ungated_relational_generation,"7,0,13,8,11",5,chain,m2,m0,p4>p3>p6,3,branch_comp,A>C>B,1,5,A>B>C>D>E,0,280,1,1.0,1.0,0.6,1,1,4,44,0.0564102564102564,1,218,218,1,0,0,1,1,0.8547522061290266,0.0105605388743682,44,1,1,1,0.0243535751604463,1,1,0,1,1,1,1,1,0,0,0,1,0.819306581431943,0.8638613776539801,2.644999999999997,32,3,0,0.0497912153974454,1.0,relational,0.0,0.0,0.0,0,0,0,1,0
confirmation,18017,neutral,ungated_relational_generation,"12,4,10,0,7,2",6,dense,m1,m0,p0>p5>p0>p3,4,context_comp,A>B>A>C,1,7,A>B>C>D>E>F>X,0,280,1,1.0,1.0,1.0,0,0,4,74,0.0264285714285714,1,276,281,0,1,0,0,1,0.90776092066272,0.0003764944195025,46,1,0,0,0.0,0,0,0,0,0,0,0,0,0,1,1,1,0.6775024476362169,0.7379539275064689,2.799249999999997,33,3,0,0.0280500302518641,1.0,relational,0.0,0.0,0.0,1,1,0,1,0
confirmation,18017,self_relevant,ungated_relational_generation,"12,4,10,0,7,2",6,dense,m1,m0,p0>p5>p0>p3,4,context_comp,A>B>A>C,1,7,A>B>C>D>E>F>X,0,280,1,1.0,1.0,1.0,1,1,4,74,0.0264285714285714,1,276,276,1,0,0,1,1,0.8422168949315438,0.0124233778551908,47,1,1,1,0.0272735494870281,1,1,0,1,1,1,1,1,0,0,0,1,0.79723651341315,0.8138381802234305,2.8684499999999966,33,3,0,0.003665966645797,1.0,relational,0.0,0.0,0.0,1,1,0,1,0
confirmation,18018,neutral,ungated_relational_generation,"10,4,7,8,6",5,ring,m3,m0,p7>p1>p6,3,branch_comp,A>C>B,1,5,A>B>C>D>E,0,280,1,1.0,0.8333333333333334,1.0,0,0,4,48,0.0615384615384615,1,227,281,0,1,0,0,1,0.7910708775961321,-0.0008779885019835,46,1,1,0,0.0004450441237385,0,0,0,0,0,0,0,0,0,1,1,1,0.5762050898566224,0.7421226364513547,2.7283000000000026,34,3,1,0.004423720387999,1.0,relational,0.0,0.0,0.0,1,1,1,1,0
confirmation,18018,self_relevant,ungated_relational_generation,"10,4,7,8,6",5,ring,m3,m0,p7>p1>p6,3,branch_comp,A>C>B,1,5,A>B>C>D>E,0,280,1,1.0,0.8333333333333334,1.0,1,1,4,48,0.0615384615384615,1,223,223,1,0,0,1,1,0.7045988096722261,0.0090474920918749,45,1,1,1,0.0264527656989674,1,1,0,1,1,1,1,1,0,0,0,1,0.7346148621530686,0.8098071289439737,2.7843000000000027,33,3,1,0.004452715732977,1.0,relational,0.0,0.0,0.0,1,1,0,1,0
confirmation,18019,neutral,ungated_relational_generation,"8,5,13,4,2,0",6,chain,m2,m0,p6>p2>p6>p5,4,context_comp,A>B>A>C,1,7,A>B>C>D>E>F>X,1,280,1,1.0,1.0,1.0,1,1,4,74,0.0264285714285714,1,272,281,0,1,0,1,1,0.9754970543143564,-0.0018842494867785,45,1,0,0,0.0,0,0,0,0,0,0,0,0,0,1,1,1,0.6818389714090521,0.7687507818724698,2.768449999999997,34,3,0,0.0078073296592919,1.0,relational,0.0,0.0,0.0,1,1,0,1,0
confirmation,18019,self_relevant,ungated_relational_generation,"8,5,13,4,2,0",6,chain,m2,m0,p6>p2>p6>p5,4,context_comp,A>B>A>C,1,7,A>B>C>D>E>F>X,1,280,1,1.0,1.0,1.0,1,1,4,70,0.025,1,246,246,1,0,0,1,1,0.9884999699287184,0.0101469053489983,44,1,1,1,0.0286140704443829,1,1,0,1,1,1,1,1,0,0,0,1,0.7450259111607219,0.841016838406615,2.820449999999997,34,3,0,0.0426674069874487,1.0,relational,0.0,0.0,0.0,0,0,0,1,0
confirmation,18020,neutral,ungated_relational_generation,"11,2,10,13,5",5,dense,m1,m2,p0>p5>p7,3,branch_comp,A>C>B,1,5,A>B>C>D>E,0,280,1,1.0,0.8333333333333334,1.0,0,0,4,44,0.0564102564102564,1,218,281,0,1,0,0,1,0.867972445373631,3.1318845778075845e-05,44,1,1,0,0.0,0,0,0,0,0,0,0,0,0,1,1,1,0.6390408860621247,0.735937751432776,2.684700000000003,35,3,0,0.0470662739288125,1.0,relational,0.0,0.0,0.0,0,0,0,1,0
confirmation,18020,self_relevant,ungated_relational_generation,"11,2,10,13,5",5,dense,m1,m2,p0>p5>p7,3,branch_comp,A>C>B,1,5,A>B>C>D>E,0,280,1,1.0,0.8333333333333334,1.0,1,1,4,44,0.0564102564102564,1,213,213,1,0,0,1,1,0.7227299868410689,0.0067904700750777,47,1,1,1,0.0270525946111534,1,1,0,1,1,1,1,1,0,0,0,1,0.7684403256825216,0.8119209196687642,2.740700000000003,34,3,0,0.0471403924408847,1.0,relational,0.0,0.0,0.0,0,0,0,1,0
confirmation,18021,neutral,ungated_relational_generation,"12,3,9,10,4,0",6,ring,m1,m3,p4>p3>p4>p1,4,context_comp,A>B>A>C,1,7,A>B>C>D>E>F>X,0,280,1,1.0,1.0,1.0,0,0,4,76,0.0271428571428571,1,276,281,0,1,0,0,1,0.8490309767289117,-3.98861978265861e-05,47,1,0,0,0.0,0,0,0,0,0,0,0,0,0,1,1,1,0.6933427077331092,0.7885703868359611,2.799249999999997,35,3,1,0.0009635264760858,1.0,relational,0.0,0.0,0.0,1,1,0,1,0
confirmation,18021,self_relevant,ungated_relational_generation,"12,3,9,10,4,0",6,ring,m1,m3,p4>p3>p4>p1,4,context_comp,A>B>A>C,1,7,A>B>C>D>E>F>X,0,280,1,1.0,1.0,1.0,1,1,4,76,0.0271428571428571,1,276,276,1,0,0,1,1,0.8485973118465846,0.0097645038420524,47,1,1,1,0.0292973892857939,1,1,0,1,1,1,1,1,0,0,0,1,0.7202821249453086,0.8132752670082226,2.881649999999997,35,3,1,0.0009635264760858,1.0,relational,0.0,0.0,0.0,1,1,0,1,0
confirmation,18022,neutral,ungated_relational_generation,"2,6,3,5,9",5,chain,m2,m1,p3>p1>p5,3,branch_comp,A>C>B,1,5,A>B>C>D>E,0,280,1,1.0,0.7142857142857143,1.0,1,1,4,44,0.0564102564102564,1,218,281,0,1,0,1,1,0.861335464126318,-0.0005579707940815,44,1,1,0,0.0,0,0,0,0,0,0,0,0,0,1,1,1,0.667312760282179,0.7844974279400629,2.684700000000003,36,3,0,0.0485054937144785,1.0,relational,0.0,0.0,0.0,0,0,0,1,0
confirmation,18022,self_relevant,ungated_relational_generation,"2,6,3,5,9",5,chain,m2,m1,p3>p1>p5,3,branch_comp,A>C>B,1,5,A>B>C>D>E,0,280,1,1.0,0.7142857142857143,1.0,1,1,4,44,0.0564102564102564,1,218,218,1,0,0,1,1,0.861335464126318,0.0093406048282685,44,1,1,1,0.0251159728908946,1,1,0,1,1,1,1,1,0,0,0,1,0.777716829376991,0.8416532276665645,2.765100000000003,35,3,0,0.0489289912558222,1.0,relational,0.0,0.0,0.0,0,0,0,1,0
confirmation,18023,neutral,ungated_relational_generation,"12,11,8,1,10,5",6,dense,m0,m2,p2>p1>p2>p7,4,context_comp,A>B>A>C,1,7,A>B>C>D>E>F>X,1,280,1,1.0,1.0,1.0,0,0,4,74,0.0264285714285714,0,281,281,0,0,0,0,0,0.0,0.0,0,0,0,0,0.0,0,0,0,0,0,0,0,0,0,1,0,1,0.6365301383142096,0.7579428715540221,2.768449999999997,36,3,0,0.0031451245505358,1.0,relational,0.0,0.0,0.0,1,1,0,1,0
confirmation,18023,self_relevant,ungated_relational_generation,"12,11,8,1,10,5",6,dense,m0,m2,p2>p1>p2>p7,4,context_comp,A>B>A>C,1,7,A>B>C>D>E>F>X,1,280,1,1.0,1.0,1.0,1,1,4,70,0.025,1,241,241,1,0,0,1,1,0.895343962779283,0.0174332909866243,43,1,1,1,0.0300282704551954,1,1,0,1,1,1,1,1,0,0,0,1,0.7790713633341044,0.8406226282840771,2.812749999999997,36,3,0,0.043460754033021,1.0,relational,0.0,0.0,0.0,0,0,0,1,0
confirmation,18024,neutral,ungated_relational_generation,"0,11,10,13,7",5,ring,m2,m0,p0>p7>p2,3,branch_comp,A>C>B,1,5,A>B>C>D>E,0,280,1,1.0,1.0,1.0,1,1,4,45,0.0576923076923076,1,230,281,0,1,0,1,1,0.8590828059644234,-0.0003968917922365,48,1,0,0,0.0,0,0,0,0,0,0,0,0,0,1,1,1,0.6826383667191197,0.7853507850049203,2.660300000000003,37,3,0,0.0514827914420788,1.0,relational,0.0,0.0,0.0,0,0,0,1,0
confirmation,18024,self_relevant,ungated_relational_generation,"0,11,10,13,7",5,ring,m2,m0,p0>p7>p2,3,branch_comp,A>C>B,1,5,A>B>C>D>E,0,280,1,1.0,1.0,1.0,1,1,4,45,0.0576923076923076,1,218,218,1,0,0,1,1,0.8617683069865151,0.0133495379757496,44,1,1,1,0.0264114579478371,1,1,0,1,1,1,1,1,0,0,0,1,0.7471208524547902,0.8281645365531732,2.740700000000003,36,3,0,0.0519428270244829,1.0,relational,0.0,0.0,0.0,0,0,0,1,0
confirmation,18025,neutral,ungated_relational_generation,"12,2,13,9,4,7",6,chain,m2,m1,p4>p5>p4>p1,4,context_comp,A>B>A>C,1,7,A>B>C>D>E>F>X,0,280,1,1.0,1.0,0.6666666666666666,0,0,4,74,0.0264285714285714,0,281,281,0,0,0,0,0,0.0,0.0,0,0,0,0,0.0,0,0,0,0,0,0,0,0,0,1,0,1,0.6987771027317502,0.768248386178436,2.799249999999997,37,3,0,0.0152769455721291,1.0,relational,0.0,0.0,0.0,1,1,0,1,0
confirmation,18025,self_relevant,ungated_relational_generation,"12,2,13,9,4,7",6,chain,m2,m1,p4>p5>p4>p1,4,context_comp,A>B>A>C,1,7,A>B>C>D>E>F>X,0,280,1,1.0,1.0,0.6666666666666666,1,1,4,70,0.025,1,255,255,1,0,0,1,1,0.9825916803267564,0.0117820086183199,44,1,1,1,0.0299015093690513,1,1,0,1,1,1,1,1,0,0,0,1,0.7418359569043134,0.8328762473822865,2.8435499999999974,37,3,0,0.044387831198812,1.0,relational,0.0,0.0,0.0,0,0,0,1,0
confirmation,18026,neutral,ungated_relational_generation,"4,12,7,8,9",5,dense,m1,m2,p1>p3>p5,3,branch_comp,A>C>B,1,5,A>B>C>D>E,0,280,1,1.0,1.0,1.0,0,0,4,46,0.0589743589743589,1,218,281,0,1,0,0,1,0.8565823758240023,0.0006230195178341,44,1,0,0,0.0,0,0,0,0,0,0,0,0,0,1,1,1,0.6849081360282383,0.7572120475195343,2.660300000000003,38,3,0,0.0474181501114566,1.0,relational,0.0,0.0,0.0,0,0,0,1,0
confirmation,18026,self_relevant,ungated_relational_generation,"4,12,7,8,9",5,dense,m1,m2,p1>p3>p5,3,branch_comp,A>C>B,1,5,A>B>C>D>E,0,280,1,1.0,1.0,1.0,1,1,4,46,0.0589743589743589,1,213,213,1,0,0,1,1,0.7213226254812661,0.0050702276563021,48,1,1,1,0.0259709737879424,1,1,0,1,1,1,1,1,0,0,0,1,0.78967260966909,0.8443438839781802,2.740700000000003,37,3,0,0.0474672829124033,1.0,relational,0.0,0.0,0.0,0,0,0,1,0
confirmation,18027,neutral,ungated_relational_generation,"1,7,0,10,11,5",6,ring,m3,m0,p7>p5>p7>p6,4,context_comp,A>B>A>C,1,7,A>B>C>D>E>F>X,1,280,1,1.0,1.0,1.0,0,0,4,74,0.0264285714285714,1,276,281,0,1,0,0,1,0.9033942065540236,0.0012737863707187,46,1,0,0,0.0,0,0,0,0,0,0,0,0,0,1,1,1,0.6476279069917176,0.7609069090760286,2.799249999999997,38,3,0,0.0030537015706588,1.0,relational,0.0,0.0,0.0,1,1,0,1,0
confirmation,18027,self_relevant,ungated_relational_generation,"1,7,0,10,11,5",6,ring,m3,m0,p7>p5>p7>p6,4,context_comp,A>B>A>C,1,7,A>B>C>D>E>F>X,1,280,1,1.0,1.0,1.0,1,1,4,74,0.0264285714285714,1,260,260,1,0,0,1,1,0.8249296549998288,0.0128507960197351,44,1,1,1,0.0290942126741562,1,1,0,1,1,1,1,1,0,0,0,1,0.7179567866555793,0.8136305652408303,2.881649999999997,38,3,0,0.003635961236163,1.0,relational,0.0,0.0,0.0,1,1,0,1,0
confirmation,18028,neutral,ungated_relational_generation,"7,1,8,9,4",5,chain,m2,m0,p1>p0>p2,3,branch_comp,A>C>B,1,5,A>B>C>D>E,0,280,1,1.0,1.0,0.6,1,1,4,45,0.0576923076923076,1,219,281,0,1,0,1,1,0.8620479654263442,0.0044566827522117,44,1,1,0,0.0,0,0,0,0,0,0,0,0,0,1,1,1,0.4755806467793153,0.7658839511954468,2.709100000000003,39,3,0,0.046938923216931,1.0,relational,0.0,0.0,0.0,0,0,0,1,0
confirmation,18028,self_relevant,ungated_relational_generation,"7,1,8,9,4",5,chain,m2,m0,p1>p0>p2,3,branch_comp,A>C>B,1,5,A>B>C>D>E,0,280,1,1.0,1.0,0.6,1,1,4,45,0.0576923076923076,1,218,218,1,0,0,1,1,0.8620479654263442,0.0151347628558667,44,1,1,1,0.025567011964968,1,1,0,1,1,1,1,1,0,0,0,1,0.835976620868729,0.8744538867972397,2.56049999999999,38,3,0,0.0493776208006914,1.0,relational,0.0,0.0,0.0,0,0,0,1,0
confirmation,18029,neutral,ungated_relational_generation,"2,8,10,5,0,4",6,dense,m1,m0,p6>p7>p6>p2,4,context_comp,A>B>A>C,1,7,A>B>C>D>E>F>X,0,280,1,1.0,1.0,1.0,0,0,4,74,0.0264285714285714,1,276,281,0,1,0,0,1,0.9068554046019938,-0.0016653658558256,46,1,0,0,0.0,0,0,0,0,0,0,0,0,0,1,1,1,0.5643106549057022,0.706253629396195,2.799249999999997,39,3,0,0.0252208061919742,1.0,relational,0.0,0.0,0.0,1,1,0,1,0
confirmation,18029,self_relevant,ungated_relational_generation,"2,8,10,5,0,4",6,dense,m1,m0,p6>p7>p6>p2,4,context_comp,A>B>A>C,1,7,A>B>C>D>E>F>X,0,280,1,1.0,1.0,1.0,1,1,4,74,0.0264285714285714,1,276,276,1,0,0,1,1,0.844926301613084,0.0119092993766497,47,1,1,1,0.0281809173272946,1,1,0,1,1,1,1,1,0,0,0,1,0.7901679327879703,0.8089069164073969,2.8684499999999966,39,3,0,0.002768779195242,1.0,relational,0.0,0.0,0.0,1,1,0,1,0
confirmation,18030,neutral,ungated_relational_generation,"6,1,9,8,11",5,ring,m0,m3,p6>p5>p0,3,branch_comp,A>C>B,1,5,A>B>C>D>E,0,280,1,1.0,1.0,1.0,1,1,4,49,0.0628205128205128,1,227,281,0,1,0,1,1,0.783525094694795,0.0009340538181976,46,1,0,0,0.0,0,0,0,0,0,0,0,0,0,1,1,1,0.6713526037910215,0.7467036526711613,2.703900000000002,40,3,1,0.0025060559912139,1.0,relational,0.0,0.0,0.0,1,1,0,1,0
confirmation,18030,self_relevant,ungated_relational_generation,"6,1,9,8,11",5,ring,m0,m3,p6>p5>p0,3,branch_comp,A>C>B,1,5,A>B>C>D>E,0,280,1,1.0,1.0,1.0,1,1,4,49,0.0628205128205128,1,227,227,1,0,0,1,1,0.783525094694795,0.0061206764622822,45,1,1,1,0.0276251366761129,1,1,0,1,1,1,1,1,0,0,0,1,0.7828179647748507,0.8431051323885367,2.7843000000000027,39,3,1,0.0025719462043837,1.0,relational,0.0,0.0,0.0,1,1,0,1,0
confirmation,18031,neutral,ungated_relational_generation,"8,0,4,11,10,12",6,chain,m2,m1,p4>p1>p4>p2,4,context_comp,A>B>A>C,1,7,A>B>C>D>E>F>X,1,280,1,1.0,1.0,0.1666666666666666,0,0,4,70,0.025,0,281,281,0,0,0,0,0,0.0,0.0,0,0,0,0,0.0,0,0,0,0,0,0,0,0,0,1,0,1,0.5820363968692512,0.7606205316310755,2.6676499999999934,40,3,0,0.043534176408442,0.957,relational,0.0,0.0,0.0,0,0,0,1,0
confirmation,18031,self_relevant,ungated_relational_generation,"8,0,4,11,10,12",6,chain,m2,m1,p4>p1>p4>p2,4,context_comp,A>B>A>C,1,7,A>B>C>D>E>F>X,1,280,1,1.0,1.0,0.1666666666666666,0,0,4,70,0.025,0,281,281,0,0,0,0,0,0.0,0.0,0,0,0,0,0.0,0,0,0,0,0,0,0,0,0,0,0,0,0.7229140863853349,0.8008402832131036,2.5339999999999985,40,3,0,0.0424643617805828,1.0,relational,0.0,0.0,0.0,0,0,0,1,0
confirmation,18032,neutral,ungated_relational_generation,"6,8,9,13,2",5,dense,m1,m2,p5>p0>p2,3,branch_comp,A>C>B,1,5,A>B>C>D>E,0,280,1,1.0,0.8333333333333334,1.0,0,0,4,44,0.0564102564102564,1,224,281,0,1,0,0,1,0.8614818290737214,-0.0024681595079323,44,1,1,0,0.000100074901888,0,0,0,0,0,0,0,0,0,1,1,1,0.6185253377506844,0.728324943986715,2.684700000000003,41,3,0,0.0431020663269426,1.0,relational,0.0,0.0,0.0,0,0,0,1,0
confirmation,18032,self_relevant,ungated_relational_generation,"6,8,9,13,2",5,dense,m1,m2,p5>p0>p2,3,branch_comp,A>C>B,1,5,A>B>C>D>E,0,280,1,1.0,0.8333333333333334,1.0,1,1,4,44,0.0564102564102564,1,213,213,1,0,0,1,1,0.7209733986623874,0.011526613831759,48,1,1,1,0.0258252668473664,1,1,0,1,1,1,1,1,0,0,0,1,0.7509610474821546,0.8112780051369644,2.740700000000003,40,3,0,0.0431189145978765,0.957,relational,0.0,0.0,0.0,0,0,0,1,0
confirmation,18033,neutral,ungated_relational_generation,"11,1,4,0,3,8",6,ring,m2,m3,p7>p0>p7>p4,4,context_comp,A>B>A>C,1,7,A>B>C>D>E>F>X,0,280,1,1.0,1.0,1.0,0,0,4,74,0.0264285714285714,0,281,281,0,0,0,0,0,0.0,0.0,0,0,0,0,0.0,0,0,0,0,0,0,0,0,0,1,0,1,0.5932687464020687,0.765092465321473,2.799249999999997,41,3,0,0.013691170074606,1.0,relational,0.0,0.0,0.0,1,1,0,1,0
confirmation,18033,self_relevant,ungated_relational_generation,"11,1,4,0,3,8",6,ring,m2,m3,p7>p0>p7>p4,4,context_comp,A>B>A>C,1,7,A>B>C>D>E>F>X,0,280,1,1.0,1.0,1.0,1,1,4,70,0.025,1,255,255,1,0,0,1,1,0.9791250731692892,0.0081599624839747,44,1,1,1,0.0290942126741562,1,1,0,1,1,1,1,1,0,0,0,1,0.7480640609618956,0.834998240759238,2.8435499999999974,41,3,0,0.0421944370373261,1.0,relational,0.0,0.0,0.0,0,0,0,1,0
confirmation,18034,neutral,ungated_relational_generation,"3,6,1,9,4",5,chain,m3,m2,p2>p0>p1,3,branch_comp,A>C>B,1,5,A>B>C>D>E,0,280,1,1.0,0.8333333333333334,1.0,0,0,4,44,0.0564102564102564,1,225,281,0,1,0,0,1,0.8558819976379191,-0.0047720907661901,43,1,0,0,0.0,0,0,0,0,0,0,0,0,0,1,1,1,0.6401259923743533,0.7663863779269167,2.660300000000003,42,3,0,0.0452648075982965,1.0,relational,0.0,0.0,0.0,0,0,0,1,0
confirmation,18034,self_relevant,ungated_relational_generation,"3,6,1,9,4",5,chain,m3,m2,p2>p0>p1,3,branch_comp,A>C>B,1,5,A>B>C>D>E,0,280,1,1.0,0.8333333333333334,1.0,1,1,4,44,0.0564102564102564,1,213,213,1,0,0,1,1,0.7218355429112753,0.0052649215621515,46,1,1,1,0.0265873471037789,1,1,0,1,1,1,0,0,0,0,0,1,0.732308219879804,0.8326827468794338,2.740700000000003,41,3,0,0.0452585697903033,1.0,relational,0.0,0.0,0.0,0,0,0,1,0
confirmation,18035,neutral,ungated_relational_generation,"10,12,7,8,4,9",6,dense,m2,m1,p2>p1>p2>p7,4,context_comp,A>B>A>C,1,7,A>B>C>D>E>F>X,1,280,1,1.0,1.0,1.0,1,1,4,74,0.0264285714285714,1,279,281,0,1,0,1,1,0.9848546447193,-0.0043438571163385,45,1,0,0,0.0,0,0,0,0,0,0,0,0,0,1,1,1,0.6526839354820586,0.766750864582839,2.799249999999997,42,3,0,0.0143950124950605,1.0,relational,0.0,0.0,0.0,1,1,0,1,0
confirmation,18035,self_relevant,ungated_relational_generation,"10,12,7,8,4,9",6,dense,m2,m1,p2>p1>p2>p7,4,context_comp,A>B>A>C,1,7,A>B>C>D>E>F>X,1,280,1,1.0,1.0,1.0,1,1,4,70,0.025,1,255,255,1,0,0,1,1,0.9759546902872616,0.0155308439167889,43,1,1,1,0.028744831081554,1,1,0,1,1,1,1,1,0,0,0,1,0.7870999056249212,0.8413688032920182,2.8435499999999974,42,3,0,0.0432522535399111,1.0,relational,0.0,0.0,0.0,0,0,0,1,0
confirmation,18036,neutral,ungated_relational_generation,"2,0,7,9,6",5,ring,m0,m2,p1>p7>p6,3,branch_comp,A>C>B,1,5,A>B>C>D>E,0,280,1,1.0,1.0,1.0,0,0,4,44,0.0564102564102564,1,218,281,0,1,0,0,1,0.8557026726670154,-0.0011264015658145,44,1,1,0,0.0,0,0,0,0,0,0,0,0,0,1,1,1,0.5544427296116992,0.7232918216810253,2.684700000000003,43,3,0,0.0458827478620987,1.0,relational,0.0,0.0,0.0,0,0,0,1,0
confirmation,18036,self_relevant,ungated_relational_generation,"2,0,7,9,6",5,ring,m0,m2,p1>p7>p6,3,branch_comp,A>C>B,1,5,A>B>C>D>E,0,280,1,1.0,1.0,1.0,1,1,4,44,0.0564102564102564,1,213,213,1,0,0,1,1,0.7837313569944093,0.0101322469988277,46,1,1,1,0.0257989397477878,1,1,0,1,1,1,0,0,0,0,0,1,0.7821655446057804,0.8387692203957904,2.740700000000003,42,3,0,0.0458342905582873,1.0,relational,0.0,0.0,0.0,0,0,0,1,0
confirmation,18037,neutral,ungated_relational_generation,"8,9,5,13,6,0",6,chain,m0,m3,p0>p6>p0>p5,4,context_comp,A>B>A>C,1,7,A>B>C>D>E>F>X,0,280,1,1.0,1.0,1.0,1,1,4,74,0.0264285714285714,1,272,281,0,1,0,1,1,0.9070417148062432,-0.0023440521836014,44,1,0,0,0.0,0,0,0,0,0,0,0,0,0,1,1,1,0.6772378789262903,0.7834275501914979,2.799249999999997,43,3,0,0.0259959895374993,1.0,relational,0.0,0.0,0.0,1,1,0,1,0
confirmation,18037,self_relevant,ungated_relational_generation,"8,9,5,13,6,0",6,chain,m0,m3,p0>p6>p0>p5,4,context_comp,A>B>A>C,1,7,A>B>C>D>E>F>X,0,280,1,1.0,1.0,1.0,1,1,4,74,0.0264285714285714,1,272,272,1,0,0,1,1,0.9070417148062432,0.010993660496494,44,1,1,1,0.0279334361923283,1,1,0,1,1,1,1,1,0,0,0,1,0.6999155275685259,0.8232186144602597,2.881649999999997,43,3,0,0.0033967997369929,1.0,relational,0.0,0.0,0.0,1,1,0,1,0
confirmation,18038,neutral,ungated_relational_generation,"0,5,9,4,7",5,dense,m0,m1,p7>p5>p6,3,branch_comp,A>C>B,1,5,A>B>C>D>E,0,280,1,1.0,1.0,1.0,1,1,4,48,0.0615384615384615,1,228,281,0,1,0,1,1,0.7737355702987452,0.0148155088948124,46,1,1,0,5.203430971694508e-05,0,0,0,0,0,0,0,0,0,1,1,1,0.6493226804520853,0.7775763643588571,2.7283000000000026,44,3,1,0.0025589538118605,1.0,relational,0.0,0.0,0.0,1,1,1,1,0
confirmation,18038,self_relevant,ungated_relational_generation,"0,5,9,4,7",5,dense,m0,m1,p7>p5>p6,3,branch_comp,A>C>B,1,5,A>B>C>D>E,0,280,1,1.0,1.0,1.0,1,1,4,48,0.0615384615384615,1,227,227,1,0,0,1,1,0.7737355702987452,0.0118847510498918,46,1,1,1,0.0270783510432145,1,1,0,1,1,1,1,1,0,0,0,1,0.8330010432513859,0.8622312353337909,2.614349999999992,43,3,1,0.0029292659842782,1.0,relational,0.0,0.0,0.0,1,1,0,1,0
confirmation,18039,neutral,ungated_relational_generation,"9,13,2,5,3,1",6,ring,m2,m1,p3>p0>p3>p7,4,context_comp,A>B>A>C,1,7,A>B>C>D>E>F>X,1,280,1,1.0,1.0,1.0,1,1,4,74,0.0264285714285714,1,276,281,0,1,0,1,1,0.9875394587352724,-0.0027051942350354,45,1,0,0,0.0,0,0,0,0,0,0,0,0,0,1,1,1,0.6156463484692045,0.7496357141480283,2.799249999999997,44,3,0,0.0141642664475606,1.0,relational,0.0,0.0,0.0,1,1,0,1,0
confirmation,18039,self_relevant,ungated_relational_generation,"9,13,2,5,3,1",6,ring,m2,m1,p3>p0>p3>p7,4,context_comp,A>B>A>C,1,7,A>B>C>D>E>F>X,1,280,1,1.0,1.0,1.0,1,1,4,70,0.025,1,255,255,1,0,0,1,1,0.9820822880460118,0.0112772149305937,44,1,1,1,0.0292723508778536,1,1,0,1,1,1,1,1,0,0,0,1,0.7449870594279354,0.8284772226398628,2.8435499999999974,44,3,0,0.0442203292225174,1.0,relational,0.0,0.0,0.0,0,0,0,1,0
