split,seed,relevance,mode,need_policy,core_indices,core_size,topology,causal_mechanism,nuisance_mechanism,true_program,program_length,grammar_family,role_program,label_permuted,primitive_cardinality,active_roles,nonstationary,steps_survived,alive_at_end,completion_rate,core_precision,core_recall,exact_program,functional_program,max_sequence_length_tested,unique_sequences_evaluated,search_space_fraction,diagnosis_made,diagnosis_observations,restoration_observations,diagnosis_kind_bridge,explicit_no_bridge,false_null,mechanism_correct,bridge_decision_correct,suppression,bridge_effect,evidence_rows,tested_scope_declared,validation_attempted,validation_passed,validation_bypassed,validation_effect,repair_attempted,repair_attempt_count,false_repair,repair_correct,organization_restored,replication_attempted,replication_success,replicated_restoration,failed_repairs,appropriate_abstention,scientific_null_result,decision_correct,final_min_core,final_mean_core,self_domain_observation_share,mean_need_target_mass_share,mean_need_true_core_mass_share,mean_sensed_need_mass_share,need_present_step_share,causal_isolating_observation_share,true_core_sensing_share,causal_target_sensing_share,other_core_mean_sensing_share,causal_target_sensing_selectivity,total_cost,crossworld_successes,crossworld_templates,macro_reuse,relational_alignment_cost,memory_energy,memory_strategy,alignment_entropy,alignment_support,mapping_trust,memory_proposal_tested,memory_changed_action,wrong_memory_detected_before_repair,local_beam_reserved,quarantined_count,replay_exact_match,replayed_observations,common_decoder_diagnosis_made,common_decoder_kind,common_decoder_observations,common_decoder_mechanism_correct,common_decoder_bridge_correct,common_decoder_validation_attempted,common_decoder_validation_passed,common_decoder_repair_attempted,common_decoder_repair_correct,common_decoder_organization_restored,common_decoder_replication_attempted,common_decoder_replication_success,common_decoder_replicated_restoration,common_decoder_false_repair,yoke_donor_seed,yoke_component_shift
confirmation,30000,neutral,actual_need,actual,"11,4,5,8,6",5,ring,m3,m2,p4>p2>p3,3,branch_comp,A>C>B,1,5,A>B>C>D>E,0,600,1,1.0,1.0,1.0,0,0,4,43,0.05512820512820513,1,264,601,0,1,0,0,1,0.8531634167001945,-4.308053154717523e-05,42,1,0,0,0,0.0,0,0,0,0,0,0,0,0,0,1,1,1,0.6385121843054362,0.7742239779140521,0.6555944055944056,0.3359876922636802,0.9064989676476883,0.29530262586017747,1.0,0.1853146853146853,0.513986013986014,0.6136363636363636,0.10358391608391608,0.5100524475524476,3.5489000000000197,0,0,0,0.0,0.0,none,0.0,0.0,0.0,0,0,0,1,0,1,264,1,no_bridge,264,0,1,0,0,0,0,0,0,0,0,0,,
confirmation,30000,neutral,curiosity,curiosity,"11,4,5,8,6",5,ring,m3,m2,p4>p2>p3,3,branch_comp,A>C>B,1,5,A>B>C>D>E,0,600,1,1.0,1.0,1.0,0,0,4,41,0.052564102564102565,1,282,601,0,1,0,0,1,0.8573851186499354,-0.0026905097514829494,42,1,0,0,0,0.0,0,0,0,0,0,0,0,0,0,1,1,1,0.6381464374987308,0.7728399499590484,0.6503496503496503,0.0,0.0,0.0,0.0,0.18356643356643357,0.29982517482517484,0.17482517482517482,0.10620629370629371,0.0686188811188811,3.5439500000000206,0,0,0,0.0,0.0,none,0.0,0.0,0.0,0,0,0,1,0,,,,,,,,,,,,,,,,,,
confirmation,30000,neutral,no_need,none,"11,4,5,8,6",5,ring,m3,m2,p4>p2>p3,3,branch_comp,A>C>B,1,5,A>B>C>D>E,0,600,1,1.0,1.0,1.0,0,0,4,43,0.05512820512820513,1,363,601,0,1,0,0,1,0.8573948938830498,-0.000517024177135085,45,1,0,0,0,0.0,0,0,0,0,0,0,0,0,0,1,1,1,0.6395583351337538,0.77685498882283,0.5,0.0,0.0,0.0,0.0,0.14685314685314685,0.29982517482517484,0.17482517482517482,0.10620629370629371,0.0686188811188811,3.44000000000002,0,0,0,0.0,0.0,none,0.0,0.0,0.0,0,0,0,1,0,,,,,,,,,,,,,,,,,,
confirmation,30000,neutral,yoked_need,yoked,"11,4,5,8,6",5,ring,m3,m2,p4>p2>p3,3,branch_comp,A>C>B,1,5,A>B>C>D>E,0,600,1,1.0,1.0,1.0,0,0,4,41,0.052564102564102565,1,267,601,0,1,0,0,1,0.8451617786001466,-0.002934850396163935,42,1,0,0,0,0.0,0,0,0,0,0,0,0,0,0,1,1,1,0.6373712973263022,0.7724659857829607,0.6590909090909091,0.020869380863437013,0.19957673775484785,0.3412904599634032,1.0,0.1853146853146853,0.18094405594405594,0.11188811188811189,0.0625,0.04938811188811189,3.5489000000000197,0,0,0,0.0,0.0,none,0.0,0.0,0.0,0,0,0,1,0,1,267,1,no_bridge,267,0,1,0,0,0,0,0,0,0,0,0,30006,6
confirmation,30000,self_relevant,actual_need,actual,"11,4,5,8,6",5,ring,m3,m2,p4>p2>p3,3,branch_comp,A>C>B,1,5,A>B>C>D>E,0,600,1,1.0,1.0,1.0,0,0,4,43,0.05512820512820513,1,484,601,0,1,1,0,0,0.8541428609231624,1.1213022500754992e-05,89,1,0,0,0,0.0,0,0,0,0,0,0,0,0,0,0,0,0,0.7799744653721056,0.8146749096093933,0.6608391608391608,0.13830901653001776,0.8342624144752168,0.3088337468943272,1.0,0.1853146853146853,0.5236013986013986,0.17482517482517482,0.2180944055944056,-0.04326923076923078,3.5538500000000197,0,0,0,0.0,0.0,none,0.0,0.0,0.0,0,0,0,1,0,1,484,1,no_bridge,484,0,0,0,0,0,0,0,0,0,0,0,,
confirmation,30000,self_relevant,curiosity,curiosity,"11,4,5,8,6",5,ring,m3,m2,p4>p2>p3,3,branch_comp,A>C>B,1,5,A>B>C>D>E,0,600,1,1.0,1.0,1.0,0,0,4,41,0.052564102564102565,1,281,601,0,1,1,0,0,0.8535616624871758,1.1820479305488804e-05,42,1,0,0,0,0.0,0,0,0,0,0,0,0,0,0,0,0,0,0.7893096470740146,0.8219781626451066,0.6590909090909091,0.0,0.0,0.0,0.0,0.1853146853146853,0.29982517482517484,0.17482517482517482,0.10620629370629371,0.0686188811188811,3.5489000000000206,0,0,0,0.0,0.0,none,0.0,0.0,0.0,0,0,0,1,0,,,,,,,,,,,,,,,,,,
confirmation,30000,self_relevant,no_need,none,"11,4,5,8,6",5,ring,m3,m2,p4>p2>p3,3,branch_comp,A>C>B,1,5,A>B>C>D>E,0,600,1,1.0,1.0,1.0,1,1,4,43,0.05512820512820513,1,519,519,1,0,0,1,1,0.7847286798305408,0.00408805408083319,80,1,1,1,0,0.02617813702229295,1,1,0,1,1,1,1,1,0,0,0,1,0.8536990608991787,0.8713684595555625,0.5,0.0,0.0,0.0,0.0,0.14685314685314685,0.29982517482517484,0.17482517482517482,0.10620629370629371,0.0686188811188811,3.52040000000002,0,0,0,0.0,0.0,none,0.0,0.0,0.0,0,0,0,1,0,,,,,,,,,,,,,,,,,,
confirmation,30000,self_relevant,yoked_need,yoked,"11,4,5,8,6",5,ring,m3,m2,p4>p2>p3,3,branch_comp,A>C>B,1,5,A>B>C>D>E,0,600,1,1.0,1.0,1.0,0,0,4,41,0.052564102564102565,1,431,601,0,1,1,0,0,0.844956467077853,-0.0001190993473614639,73,1,0,0,0,0.0,0,0,0,0,0,0,0,0,0,0,0,0,0.7917382450232522,0.8262461334986503,0.5594405594405595,0.14491801531316426,0.28853030428898563,0.2622935379666744,1.0,0.16083916083916083,0.2762237762237762,0.21328671328671328,0.08479020979020979,0.1284965034965035,3.479600000000018,0,0,0,0.0,0.0,none,0.0,0.0,0.0,0,0,0,1,0,1,431,1,no_bridge,431,0,0,0,0,0,0,0,0,0,0,0,30006,6
confirmation,30001,neutral,actual_need,actual,"1,0,6,8,7,11",6,chain,m2,m0,p1>p0>p1>p5,4,context_comp,A>B>A>C,1,7,A>B>C>D>E>F>X,0,600,1,1.0,1.0,0.8333333333333334,1,1,4,49,0.0175,1,285,601,0,1,0,1,1,0.9756525256058897,0.0011462739117043136,44,1,0,0,0,0.0,0,0,0,0,0,0,0,0,0,1,1,1,0.6458172656402932,0.8012513296588852,0.6625874125874126,0.5169171099491057,0.9071313708817413,0.5326201878296486,1.0,0.22552447552447552,0.7263986013986014,0.9545454545454546,0.09965034965034965,0.8548951048951049,3.727500000000015,0,0,0,0.0,0.0,none,0.0,0.0,0.0,0,0,0,1,0,1,285,1,no_bridge,285,1,1,0,0,0,0,0,0,0,0,0,,
confirmation,30001,neutral,curiosity,curiosity,"1,0,6,8,7,11",6,chain,m2,m0,p1>p0>p1>p5,4,context_comp,A>B>A>C,1,7,A>B>C>D>E>F>X,0,600,1,1.0,1.0,0.8333333333333334,1,1,4,49,0.0175,1,302,601,0,1,0,1,1,0.9775226341576396,-0.0016726113639168485,44,1,0,0,0,0.0,0,0,0,0,0,0,0,0,0,1,1,1,0.648926875108244,0.8017695030804558,0.6468531468531469,0.0,0.0,0.0,0.0,0.22202797202797203,0.5603146853146853,0.03671328671328671,0.21678321678321677,-0.18006993006993005,3.719800000000016,0,0,0,0.0,0.0,none,0.0,0.0,0.0,0,0,0,1,0,,,,,,,,,,,,,,,,,,
confirmation,30001,neutral,no_need,none,"1,0,6,8,7,11",6,chain,m2,m0,p1>p0>p1>p5,4,context_comp,A>B>A>C,1,7,A>B>C>D>E>F>X,0,600,1,1.0,1.0,0.8333333333333334,1,1,4,49,0.0175,1,391,601,0,1,0,1,1,0.9715228436962962,-0.0007739925467194015,45,1,0,0,0,0.0,0,0,0,0,0,0,0,0,0,1,1,1,0.6527591216820723,0.8037544762493649,0.5,0.0,0.0,0.0,0.0,0.18356643356643357,0.5603146853146853,0.03671328671328671,0.21678321678321677,-0.18006993006993005,3.573500000000017,0,0,0,0.0,0.0,none,0.0,0.0,0.0,0,0,0,1,0,,,,,,,,,,,,,,,,,,
confirmation,30001,neutral,yoked_need,yoked,"1,0,6,8,7,11",6,chain,m2,m0,p1>p0>p1>p5,4,context_comp,A>B>A>C,1,7,A>B>C>D>E>F>X,0,600,1,1.0,1.0,0.8333333333333334,1,1,4,49,0.0175,1,282,601,0,1,0,1,1,0.9708765190130324,-0.0017380059122307132,44,1,1,0,0,0.0,0,0,0,0,0,0,0,0,0,1,1,1,0.6489345777680336,0.8024944600503215,0.6590909090909091,0.005372912685635157,0.18641898963924103,0.390674603718752,1.0,0.22552447552447552,0.27972027972027974,0.0,0.11188811188811189,-0.11188811188811189,3.751900000000016,0,0,0,0.0,0.0,none,0.0,0.0,0.0,0,0,0,1,0,1,282,1,no_bridge,282,1,1,1,0,0,0,0,0,0,0,0,30013,7
confirmation,30001,self_relevant,actual_need,actual,"1,0,6,8,7,11",6,chain,m2,m0,p1>p0>p1>p5,4,context_comp,A>B>A>C,1,7,A>B>C>D>E>F>X,0,600,1,1.0,1.0,0.8333333333333334,1,1,4,49,0.0175,1,339,601,0,1,1,1,0,0.9758935043185843,-0.0008523877668250061,45,1,0,0,0,0.0,0,0,0,0,0,0,0,0,0,0,0,0,0.8171547633998765,0.8460323960807993,0.5716783216783217,0.0702048317471773,0.4229403245650604,0.28329975717757144,1.0,0.20279720279720279,0.4519230769230769,0.08916083916083917,0.16293706293706292,-0.07377622377622375,3.627400000000015,0,0,0,0.0,0.0,none,0.0,0.0,0.0,0,0,0,1,0,1,339,1,no_bridge,339,1,0,0,0,0,0,0,0,0,0,0,,
confirmation,30001,self_relevant,curiosity,curiosity,"1,0,6,8,7,11",6,chain,m2,m0,p1>p0>p1>p5,4,context_comp,A>B>A>C,1,7,A>B>C>D>E>F>X,0,600,1,1.0,1.0,0.8333333333333334,1,1,4,49,0.0175,1,303,601,0,1,1,1,0,0.9792470347339595,0.0009848706188960543,44,1,0,0,0,0.0,0,0,0,0,0,0,0,0,0,0,0,0,0.8081193512787647,0.8385489861946569,0.6451048951048951,0.0,0.0,0.0,0.0,0.22202797202797203,0.5603146853146853,0.03671328671328671,0.21678321678321677,-0.18006993006993005,3.719800000000016,0,0,0,0.0,0.0,none,0.0,0.0,0.0,0,0,0,1,0,,,,,,,,,,,,,,,,,,
confirmation,30001,self_relevant,no_need,none,"1,0,6,8,7,11",6,chain,m2,m0,p1>p0>p1>p5,4,context_comp,A>B>A>C,1,7,A>B>C>D>E>F>X,0,600,1,1.0,1.0,0.8333333333333334,1,1,4,49,0.0175,1,391,601,0,1,1,1,0,0.9715228436962962,-0.0006826597477805322,45,1,0,0,0,0.0,0,0,0,0,0,0,0,0,0,0,0,0,0.8193537347848696,0.848915437405542,0.5,0.0,0.0,0.0,0.0,0.18356643356643357,0.5603146853146853,0.03671328671328671,0.21678321678321677,-0.18006993006993005,3.573500000000017,0,0,0,0.0,0.0,none,0.0,0.0,0.0,0,0,0,1,0,,,,,,,,,,,,,,,,,,
confirmation,30001,self_relevant,yoked_need,yoked,"1,0,6,8,7,11",6,chain,m2,m0,p1>p0>p1>p5,4,context_comp,A>B>A>C,1,7,A>B>C>D>E>F>X,0,600,1,1.0,1.0,0.8333333333333334,1,1,4,49,0.0175,1,288,601,0,1,1,1,0,0.9714600014594932,0.00015955414841162453,44,1,0,0,0,0.0,0,0,0,0,0,0,0,0,0,0,0,0,0.8184945588563103,0.8399651919572847,0.6643356643356644,0.004138989910439421,0.2653433720796794,0.2964176018300875,1.0,0.22552447552447552,0.36625874125874125,0.0,0.1465034965034965,-0.1465034965034965,3.735200000000014,0,0,0,0.0,0.0,none,0.0,0.0,0.0,0,0,0,1,0,1,288,1,no_bridge,288,1,0,0,0,0,0,0,0,0,0,0,30013,7
confirmation,30002,neutral,actual_need,actual,"7,13,2,11,1",5,dense,m2,m1,p3>p6>p1,3,branch_comp,A>C>B,1,5,A>B>C>D>E,0,600,1,1.0,1.0,1.0,1,1,4,41,0.052564102564102565,1,269,601,0,1,0,1,1,0.8571676432627243,-0.005660275556417905,42,1,0,0,0,0.0,0,0,0,0,0,0,0,0,0,1,1,1,0.6829166226126352,0.7798216858321444,0.6573426573426573,0.40864246870203724,0.9031587131094477,0.3988780591097475,1.0,0.21153846153846154,0.5515734265734266,0.791958041958042,0.0777972027972028,0.7141608391608392,3.5489000000000193,0,0,0,0.0,0.0,none,0.0,0.0,0.0,0,0,0,1,0,1,269,1,no_bridge,269,1,1,0,0,0,0,0,0,0,0,0,,
confirmation,30002,neutral,curiosity,curiosity,"7,13,2,11,1",5,dense,m2,m1,p3>p6>p1,3,branch_comp,A>C>B,1,5,A>B>C>D>E,0,600,1,1.0,1.0,1.0,1,1,4,42,0.05384615384615385,1,283,601,0,1,0,1,1,0.8542617119211359,-0.002824769585382007,42,1,0,0,0,0.0,0,0,0,0,0,0,0,0,0,1,1,1,0.6816398523947016,0.7769980923831745,0.6555944055944056,0.0,0.0,0.0,0.0,0.2097902097902098,0.2902097902097902,0.13111888111888112,0.11232517482517482,0.018793706293706303,3.548900000000021,0,0,0,0.0,0.0,none,0.0,0.0,0.0,0,0,0,1,0,,,,,,,,,,,,,,,,,,
confirmation,30002,neutral,no_need,none,"7,13,2,11,1",5,dense,m2,m1,p3>p6>p1,3,branch_comp,A>C>B,1,5,A>B>C>D>E,0,600,1,1.0,1.0,1.0,1,1,4,41,0.052564102564102565,1,363,601,0,1,0,1,1,0.8501662243552186,-0.0032072204701147585,45,1,0,0,0,0.0,0,0,0,0,0,0,0,0,0,1,1,1,0.6831152620601189,0.7791641669413193,0.5,0.0,0.0,0.0,0.0,0.17132867132867133,0.2902097902097902,0.13111888111888112,0.11232517482517482,0.018793706293706303,3.44000000000002,0,0,0,0.0,0.0,none,0.0,0.0,0.0,0,0,0,1,0,,,,,,,,,,,,,,,,,,
confirmation,30002,neutral,yoked_need,yoked,"7,13,2,11,1",5,dense,m2,m1,p3>p6>p1,3,branch_comp,A>C>B,1,5,A>B>C>D>E,0,600,1,1.0,1.0,1.0,1,1,4,41,0.052564102564102565,1,267,601,0,1,0,1,1,0.8492129837996782,-0.003953341054153285,42,1,0,0,0,0.0,0,0,0,0,0,0,0,0,0,1,1,1,0.6820497443957039,0.777883504347811,0.6573426573426573,0.02424697339769884,0.16227101278523717,0.5819634727643695,1.0,0.21153846153846154,0.13286713286713286,0.027972027972027972,0.05944055944055944,-0.03146853146853147,3.5489000000000197,0,0,0,0.0,0.0,none,0.0,0.0,0.0,0,0,0,1,0,1,267,1,no_bridge,267,1,1,0,0,0,0,0,0,0,0,0,30008,1
confirmation,30002,self_relevant,actual_need,actual,"7,13,2,11,1",5,dense,m2,m1,p3>p6>p1,3,branch_comp,A>C>B,1,5,A>B>C>D>E,0,600,1,1.0,1.0,1.0,1,1,4,42,0.05384615384615385,1,298,298,1,0,0,1,1,0.8541719209423229,0.0042497972215386785,46,1,1,1,0,0.02515305322279787,1,1,0,1,1,1,1,1,0,0,0,1,0.8480337128547498,0.8623965388399718,0.541958041958042,0.04243323732069595,0.3752452005555612,0.36399309171748523,1.0,0.18181818181818182,0.32867132867132864,0.11013986013986014,0.1368006993006993,-0.026660839160839153,3.5501000000000213,0,0,0,0.0,0.0,none,0.0,0.0,0.0,0,0,0,1,0,1,298,1,bridge,298,1,1,1,1,1,1,1,1,1,1,0,,
confirmation,30002,self_relevant,curiosity,curiosity,"7,13,2,11,1",5,dense,m2,m1,p3>p6>p1,3,branch_comp,A>C>B,1,5,A>B>C>D>E,0,600,1,1.0,1.0,1.0,1,1,4,42,0.05384615384615385,1,416,601,0,1,1,1,0,0.8576545857744445,0.0013879348922142378,90,1,0,0,0,0.0,0,0,0,0,0,0,0,0,0,0,0,0,0.8048891779529971,0.826894923951922,0.6625874125874126,0.0,0.0,0.0,0.0,0.21328671328671328,0.2902097902097902,0.13111888111888112,0.11232517482517482,0.018793706293706303,3.553850000000021,0,0,0,0.0,0.0,none,0.0,0.0,0.0,0,0,0,1,0,,,,,,,,,,,,,,,,,,
confirmation,30002,self_relevant,no_need,none,"7,13,2,11,1",5,dense,m2,m1,p3>p6>p1,3,branch_comp,A>C>B,1,5,A>B>C>D>E,0,600,1,1.0,1.0,1.0,1,1,4,41,0.052564102564102565,1,363,601,0,1,1,1,0,0.8501662243552186,0.00026326163066596464,45,1,0,0,0,0.0,0,0,0,0,0,0,0,0,0,0,0,0,0.8092953188521567,0.8272125532132545,0.5,0.0,0.0,0.0,0.0,0.17132867132867133,0.2902097902097902,0.13111888111888112,0.11232517482517482,0.018793706293706303,3.44000000000002,0,0,0,0.0,0.0,none,0.0,0.0,0.0,0,0,0,1,0,,,,,,,,,,,,,,,,,,
confirmation,30002,self_relevant,yoked_need,yoked,"7,13,2,11,1",5,dense,m2,m1,p3>p6>p1,3,branch_comp,A>C>B,1,5,A>B>C>D>E,0,600,1,1.0,1.0,1.0,1,1,4,41,0.052564102564102565,1,328,601,0,1,1,1,0,0.8560182592331309,-0.0013778611845839846,45,1,0,0,0,0.0,0,0,0,0,0,0,0,0,0,0,0,0,0.7804925670352324,0.8226125129676392,0.5209790209790209,0.009388521524103813,0.168307385570708,0.45227953998074816,1.0,0.17832167832167833,0.17045454545454544,0.07517482517482517,0.06643356643356643,0.008741258741258737,3.454850000000018,0,0,0,0.0,0.0,none,0.0,0.0,0.0,0,0,0,1,0,1,328,1,no_bridge,328,1,0,0,0,0,0,0,0,0,0,0,30008,1
confirmation,30003,neutral,actual_need,actual,"9,12,10,6,13,5",6,ring,m3,m2,p1>p3>p1>p7,4,context_comp,A>B>A>C,1,7,A>B>C>D>E>F>X,1,600,1,1.0,0.8571428571428571,1.0,0,0,4,49,0.0175,1,287,601,0,1,0,0,1,0.979209912675132,-0.007125041785297228,42,1,0,0,0,0.0,0,0,0,0,0,0,0,0,0,1,1,1,0.5980816388265574,0.7864626343828417,0.6573426573426573,0.3032055720863731,0.8381923390865023,0.27339530486014085,1.0,0.1853146853146853,0.5236013986013986,0.7342657342657343,0.06258741258741259,0.6716783216783216,3.750600000000016,0,0,0,0.0,0.0,none,0.0,0.0,0.0,0,0,0,1,0,1,287,1,no_bridge,287,0,1,0,0,0,0,0,0,0,0,0,,
confirmation,30003,neutral,curiosity,curiosity,"9,12,10,6,13,5",6,ring,m3,m2,p1>p3>p1>p7,4,context_comp,A>B>A>C,1,7,A>B>C>D>E>F>X,1,600,1,1.0,0.8571428571428571,1.0,0,0,4,49,0.0175,1,299,601,0,1,0,0,1,0.9826968227347862,-0.002324724276294985,42,1,0,0,0,0.0,0,0,0,0,0,0,0,0,0,1,1,1,0.5865969022799539,0.7814747627473418,0.6573426573426573,0.0,0.0,0.0,0.0,0.1853146853146853,0.28059440559440557,0.11363636363636363,0.08951048951048951,0.024125874125874122,3.7506000000000164,0,0,0,0.0,0.0,none,0.0,0.0,0.0,0,0,0,1,0,,,,,,,,,,,,,,,,,,
confirmation,30003,neutral,no_need,none,"9,12,10,6,13,5",6,ring,m3,m2,p1>p3>p1>p7,4,context_comp,A>B>A>C,1,7,A>B>C>D>E>F>X,1,600,1,1.0,0.8571428571428571,1.0,0,0,4,49,0.0175,1,391,601,0,1,0,0,1,0.9847139182325747,-0.006188838594687152,45,1,0,0,0,0.0,0,0,0,0,0,0,0,0,0,1,1,1,0.6048054698143247,0.78929943295942,0.5,0.0,0.0,0.0,0.0,0.14685314685314685,0.28059440559440557,0.11363636363636363,0.08951048951048951,0.024125874125874122,3.573500000000017,0,0,0,0.0,0.0,none,0.0,0.0,0.0,0,0,0,1,0,,,,,,,,,,,,,,,,,,
confirmation,30003,neutral,yoked_need,yoked,"9,12,10,6,13,5",6,ring,m3,m2,p1>p3>p1>p7,4,context_comp,A>B>A>C,1,7,A>B>C>D>E>F>X,1,600,1,1.0,0.8571428571428571,1.0,0,0,4,49,0.0175,1,287,601,0,1,0,0,1,0.9795957299576356,-0.0033187991702241185,42,1,0,0,0,0.0,0,0,0,0,0,0,0,0,0,1,1,1,0.5933175212344947,0.7835750775905366,0.666083916083916,0.0011169462831764458,0.33353780829798996,0.39153945454100664,1.0,0.1888111888111888,0.17744755244755245,0.08916083916083917,0.05314685314685315,0.03601398601398602,3.7583000000000157,0,0,0,0.0,0.0,none,0.0,0.0,0.0,0,0,0,1,0,1,287,1,no_bridge,287,0,1,0,0,0,0,0,0,0,0,0,30015,2
confirmation,30003,self_relevant,actual_need,actual,"9,12,10,6,13,5",6,ring,m3,m2,p1>p3>p1>p7,4,context_comp,A>B>A>C,1,7,A>B>C>D>E>F>X,1,600,1,1.0,0.8571428571428571,1.0,0,0,4,49,0.0175,1,286,601,0,1,1,0,0,0.9830266446649822,-0.004333402160418467,42,1,0,0,0,0.0,0,0,0,0,0,0,0,0,0,0,0,0,0.7592023883278878,0.8214311991207225,0.666083916083916,0.22254363637578273,0.8095747734004677,0.20908729763972989,1.0,0.1888111888111888,0.5008741258741258,0.5087412587412588,0.0986013986013986,0.41013986013986015,3.7583000000000157,0,0,0,0.0,0.0,none,0.0,0.0,0.0,0,0,0,1,0,1,286,1,no_bridge,286,0,0,0,0,0,0,0,0,0,0,0,,
confirmation,30003,self_relevant,curiosity,curiosity,"9,12,10,6,13,5",6,ring,m3,m2,p1>p3>p1>p7,4,context_comp,A>B>A>C,1,7,A>B>C>D>E>F>X,1,600,1,1.0,0.8571428571428571,1.0,0,0,4,49,0.0175,1,303,601,0,1,1,0,0,0.9883008097458104,-0.0033508816457091116,42,1,0,0,0,0.0,0,0,0,0,0,0,0,0,0,0,0,0,0.7527789836725293,0.816912731482993,0.6468531468531469,0.0,0.0,0.0,0.0,0.18356643356643357,0.28059440559440557,0.11363636363636363,0.08951048951048951,0.024125874125874122,3.7352000000000163,0,0,0,0.0,0.0,none,0.0,0.0,0.0,0,0,0,1,0,,,,,,,,,,,,,,,,,,
confirmation,30003,self_relevant,no_need,none,"9,12,10,6,13,5",6,ring,m3,m2,p1>p3>p1>p7,4,context_comp,A>B>A>C,1,7,A>B>C>D>E>F>X,1,600,1,1.0,0.8571428571428571,1.0,0,0,4,49,0.0175,1,391,601,0,1,1,0,0,0.9847139182325747,-0.005352642361415881,45,1,0,0,0,0.0,0,0,0,0,0,0,0,0,0,0,0,0,0.7973060859008425,0.8396284229760146,0.5,0.0,0.0,0.0,0.0,0.14685314685314685,0.28059440559440557,0.11363636363636363,0.08951048951048951,0.024125874125874122,3.573500000000017,0,0,0,0.0,0.0,none,0.0,0.0,0.0,0,0,0,1,0,,,,,,,,,,,,,,,,,,
confirmation,30003,self_relevant,yoked_need,yoked,"9,12,10,6,13,5",6,ring,m3,m2,p1>p3>p1>p7,4,context_comp,A>B>A>C,1,7,A>B>C>D>E>F>X,1,600,1,1.0,0.8571428571428571,1.0,0,0,4,49,0.0175,1,346,601,0,1,1,0,0,0.9806769788181847,-0.0030965892081552503,45,1,0,0,0,0.0,0,0,0,0,0,0,0,0,0,0,0,0,0.8644551599680008,0.886424834278134,0.5244755244755245,0.005785004237727917,0.49732286505421386,0.2636275267845288,1.0,0.15384615384615385,0.33916083916083917,0.08216783216783216,0.11923076923076924,-0.037062937062937076,3.6043000000000163,0,0,0,0.0,0.0,none,0.0,0.0,0.0,0,0,0,1,0,1,346,1,no_bridge,346,0,0,0,0,0,0,0,0,0,0,0,30015,2
confirmation,30004,neutral,actual_need,actual,"11,9,12,0,4",5,chain,m1,m0,p7>p1>p4,3,branch_comp,A>C>B,1,5,A>B>C>D>E,0,600,1,1.0,1.0,0.8,0,0,4,41,0.052564102564102565,1,284,601,0,1,0,0,1,0.8016727598680468,-0.0013956222661233864,46,1,0,0,0,0.0,0,0,0,0,0,0,0,0,0,1,1,1,0.6098110822727917,0.745465035953145,0.6573426573426573,0.36937919675951053,0.8615273795668082,0.4039113188988702,1.0,0.1853146853146853,0.840034965034965,0.7412587412587412,0.23470279720279721,0.5065559440559441,3.5489000000000193,0,0,0,0.0,0.0,none,0.0,0.0,0.0,0,0,0,1,0,1,284,1,no_bridge,284,0,1,0,0,0,0,0,0,0,0,0,,
confirmation,30004,neutral,curiosity,curiosity,"11,9,12,0,4",5,chain,m1,m0,p7>p1>p4,3,branch_comp,A>C>B,1,5,A>B>C>D>E,0,600,1,1.0,1.0,0.8,0,0,4,41,0.052564102564102565,1,286,601,0,1,0,0,1,0.7887380639914717,-0.003515201537323584,46,1,0,0,0,0.0,0,0,0,0,0,0,0,0,0,1,1,1,0.6127688884082089,0.7476765920464479,0.6451048951048951,0.0,0.0,0.0,0.0,0.18181818181818182,0.6066433566433567,0.19755244755244755,0.25393356643356646,-0.05638111888111891,3.53900000000002,0,0,0,0.0,0.0,none,0.0,0.0,0.0,0,0,0,1,0,,,,,,,,,,,,,,,,,,
confirmation,30004,neutral,no_need,none,"11,9,12,0,4",5,chain,m1,m0,p7>p1>p4,3,branch_comp,A>C>B,1,5,A>B>C>D>E,0,600,1,1.0,1.0,0.8,0,0,4,41,0.052564102564102565,1,363,601,0,1,0,0,1,0.7959353838052883,-0.003718845183891281,46,1,0,0,0,0.0,0,0,0,0,0,0,0,0,0,1,1,1,0.6127408640690386,0.7484343621556574,0.5,0.0,0.0,0.0,0.0,0.14685314685314685,0.6066433566433567,0.19755244755244755,0.25393356643356646,-0.05638111888111891,3.44000000000002,0,0,0,0.0,0.0,none,0.0,0.0,0.0,0,0,0,1,0,,,,,,,,,,,,,,,,,,
confirmation,30004,neutral,yoked_need,yoked,"11,9,12,0,4",5,chain,m1,m0,p7>p1>p4,3,branch_comp,A>C>B,1,5,A>B>C>D>E,0,600,1,1.0,1.0,0.8,0,0,4,41,0.052564102564102565,1,281,601,0,1,0,0,1,0.7858778909391986,-0.0027091134770226757,46,1,0,0,0,0.0,0,0,0,0,0,0,0,0,0,1,1,1,0.6055916876738464,0.7432138640839896,0.6643356643356644,0.010176233152926498,0.22150871202026826,0.36792040781762203,1.0,0.18706293706293706,0.5,0.16433566433566432,0.2089160839160839,-0.044580419580419584,3.5538500000000197,0,0,0,0.0,0.0,none,0.0,0.0,0.0,0,0,0,1,0,1,281,1,no_bridge,281,0,1,0,0,0,0,0,0,0,0,0,30010,9
confirmation,30004,self_relevant,actual_need,actual,"11,9,12,0,4",5,chain,m1,m0,p7>p1>p4,3,branch_comp,A>C>B,1,5,A>B>C>D>E,0,600,1,1.0,1.0,0.8,1,1,4,41,0.052564102564102565,1,285,285,1,0,0,1,1,0.7436488550384521,0.0042817500021264596,49,1,1,1,0,0.025591088116604908,1,1,0,1,1,1,1,1,0,0,0,1,0.7786189640840439,0.8501932913926826,0.6573426573426573,0.24006424039664967,0.6582058302109864,0.3057852846307391,1.0,0.1853146853146853,0.6975524475524476,0.3321678321678322,0.26573426573426573,0.06643356643356646,3.629300000000023,0,0,0,0.0,0.0,none,0.0,0.0,0.0,0,0,0,1,0,1,285,1,bridge,285,1,1,1,1,1,1,1,1,1,1,0,,
confirmation,30004,self_relevant,curiosity,curiosity,"11,9,12,0,4",5,chain,m1,m0,p7>p1>p4,3,branch_comp,A>C>B,1,5,A>B>C>D>E,0,600,1,1.0,1.0,0.8,1,1,4,42,0.05384615384615385,1,287,287,1,0,0,1,1,0.7306904899407125,0.006411962320745571,45,1,1,1,0,0.026663778550147618,1,1,0,1,1,1,1,1,0,0,0,1,0.8127677864822237,0.8645785239006957,0.5769230769230769,0.0,0.0,0.0,0.0,0.1660839160839161,0.6066433566433567,0.19755244755244755,0.25393356643356646,-0.05638111888111891,3.5748500000000236,0,0,0,0.0,0.0,none,0.0,0.0,0.0,0,0,0,1,0,,,,,,,,,,,,,,,,,,
confirmation,30004,self_relevant,no_need,none,"11,9,12,0,4",5,chain,m1,m0,p7>p1>p4,3,branch_comp,A>C>B,1,5,A>B>C>D>E,0,600,1,1.0,1.0,0.8,1,1,4,41,0.052564102564102565,1,355,355,1,0,0,1,1,0.7322614713479576,0.007611840459701655,45,1,1,1,0,0.026283263613928316,1,1,0,1,1,1,1,1,0,0,0,1,0.7993167388977696,0.8573344997984895,0.5,0.0,0.0,0.0,0.0,0.1451048951048951,0.6066433566433567,0.19755244755244755,0.25393356643356646,-0.05638111888111891,3.52040000000002,0,0,0,0.0,0.0,none,0.0,0.0,0.0,0,0,0,1,0,,,,,,,,,,,,,,,,,,
confirmation,30004,self_relevant,yoked_need,yoked,"11,9,12,0,4",5,chain,m1,m0,p7>p1>p4,3,branch_comp,A>C>B,1,5,A>B>C>D>E,0,600,1,1.0,1.0,0.8,0,0,4,42,0.05384615384615385,1,266,601,0,1,1,0,0,0.7799327299785326,-0.002794314986342348,43,1,0,0,0,0.0,0,0,0,0,0,0,0,0,0,0,0,0,0.7022766244062091,0.8080727539408237,0.6188811188811189,0.007811833847054002,0.2367327758217124,0.40886530582256,1.0,0.17482517482517482,0.5332167832167832,0.16433566433566432,0.22552447552447552,-0.0611888111888112,3.524150000000019,0,0,0,0.0,0.0,none,0.0,0.0,0.0,0,0,0,1,0,1,266,1,no_bridge,266,0,0,0,0,0,0,0,0,0,0,0,30010,9
confirmation,30005,neutral,actual_need,actual,"6,13,8,4,0,9",6,dense,m0,m2,p4>p2>p4>p1,4,context_comp,A>B>A>C,1,7,A>B>C>D>E>F>X,0,600,1,1.0,1.0,1.0,0,0,4,49,0.0175,1,301,601,0,1,0,0,1,0.9804172422872078,-0.002146053030287192,45,1,0,0,0,0.0,0,0,0,0,0,0,0,0,0,1,1,1,0.6092081455907148,0.7563777705351035,0.6695804195804196,0.4494457278211399,0.8724595886927163,0.43547744202480826,1.0,0.1888111888111888,0.583041958041958,0.7692307692307693,0.07937062937062937,0.6898601398601399,3.7583000000000153,0,0,0,0.0,0.0,none,0.0,0.0,0.0,0,0,0,1,0,1,301,1,no_bridge,301,0,1,0,0,0,0,0,0,0,0,0,,
confirmation,30005,neutral,curiosity,curiosity,"6,13,8,4,0,9",6,dense,m0,m2,p4>p2>p4>p1,4,context_comp,A>B>A>C,1,7,A>B>C>D>E>F>X,0,600,1,1.0,1.0,1.0,0,0,4,49,0.0175,1,300,601,0,1,0,0,1,0.9812665269242721,-0.0003801665574732705,45,1,0,0,0,0.0,0,0,0,0,0,0,0,0,0,1,1,1,0.6132976432945165,0.762071520871156,0.6520979020979021,0.0,0.0,0.0,0.0,0.18356643356643357,0.3479020979020979,0.1381118881118881,0.11153846153846153,0.026573426573426567,3.7352000000000167,0,0,0,0.0,0.0,none,0.0,0.0,0.0,0,0,0,1,0,,,,,,,,,,,,,,,,,,
confirmation,30005,neutral,no_need,none,"6,13,8,4,0,9",6,dense,m0,m2,p4>p2>p4>p1,4,context_comp,A>B>A>C,1,7,A>B>C>D>E>F>X,0,600,1,1.0,1.0,1.0,0,0,4,49,0.0175,1,391,601,0,1,0,0,1,0.9766620744426613,-0.0010622701669397046,45,1,0,0,0,0.0,0,0,0,0,0,0,0,0,0,1,1,1,0.6176745416624171,0.7696047422613764,0.5,0.0,0.0,0.0,0.0,0.14685314685314685,0.3479020979020979,0.1381118881118881,0.11153846153846153,0.026573426573426567,3.573500000000017,0,0,0,0.0,0.0,none,0.0,0.0,0.0,0,0,0,1,0,,,,,,,,,,,,,,,,,,
confirmation,30005,neutral,yoked_need,yoked,"6,13,8,4,0,9",6,dense,m0,m2,p4>p2>p4>p1,4,context_comp,A>B>A>C,1,7,A>B>C>D>E>F>X,0,600,1,1.0,1.0,1.0,0,0,4,49,0.0175,1,307,601,0,1,0,0,1,0.9758859639771393,-0.001834061170958474,45,1,0,0,0,0.0,0,0,0,0,0,0,0,0,0,1,1,1,0.6123496314359088,0.7625468980609543,0.6573426573426573,0.019949428197628516,0.13923457833194128,0.4258035232996085,1.0,0.1853146853146853,0.21503496503496503,0.09965034965034965,0.06608391608391609,0.03356643356643356,3.7506000000000155,0,0,0,0.0,0.0,none,0.0,0.0,0.0,0,0,0,1,0,1,307,1,no_bridge,307,0,1,0,0,0,0,0,0,0,0,0,30017,10
confirmation,30005,self_relevant,actual_need,actual,"6,13,8,4,0,9",6,dense,m0,m2,p4>p2>p4>p1,4,context_comp,A>B>A>C,1,7,A>B>C>D>E>F>X,0,600,1,1.0,1.0,1.0,0,0,4,49,0.0175,1,354,601,0,1,1,0,0,0.978686073017733,-0.00227675599645761,45,1,0,0,0,0.0,0,0,0,0,0,0,0,0,0,0,0,0,0.7891844573201886,0.8476649787856951,0.548951048951049,0.13222364044813584,0.5603458519223423,0.2852350370042868,1.0,0.1590909090909091,0.4624125874125874,0.1888111888111888,0.1472027972027972,0.04160839160839161,3.6274000000000144,0,0,0,0.0,0.0,none,0.0,0.0,0.0,0,0,0,1,0,1,354,1,no_bridge,354,0,0,0,0,0,0,0,0,0,0,0,,
confirmation,30005,self_relevant,curiosity,curiosity,"6,13,8,4,0,9",6,dense,m0,m2,p4>p2>p4>p1,4,context_comp,A>B>A>C,1,7,A>B>C>D>E>F>X,0,600,1,1.0,1.0,1.0,0,0,4,49,0.0175,1,304,601,0,1,1,0,0,0.9802065653615402,-0.0014929168952442337,45,1,0,0,0,0.0,0,0,0,0,0,0,0,0,0,0,0,0,0.7578316663549216,0.8130921560221078,0.6503496503496503,0.0,0.0,0.0,0.0,0.18356643356643357,0.3479020979020979,0.1381118881118881,0.11153846153846153,0.026573426573426567,3.7352000000000167,0,0,0,0.0,0.0,none,0.0,0.0,0.0,0,0,0,1,0,,,,,,,,,,,,,,,,,,
confirmation,30005,self_relevant,no_need,none,"6,13,8,4,0,9",6,dense,m0,m2,p4>p2>p4>p1,4,context_comp,A>B>A>C,1,7,A>B>C>D>E>F>X,0,600,1,1.0,1.0,1.0,0,0,4,49,0.0175,1,391,601,0,1,1,0,0,0.9766620744426613,-0.0008493195714729474,45,1,0,0,0,0.0,0,0,0,0,0,0,0,0,0,0,0,0,0.8010865239526517,0.8404053072462104,0.5,0.0,0.0,0.0,0.0,0.14685314685314685,0.3479020979020979,0.1381118881118881,0.11153846153846153,0.026573426573426567,3.573500000000017,0,0,0,0.0,0.0,none,0.0,0.0,0.0,0,0,0,1,0,,,,,,,,,,,,,,,,,,
confirmation,30005,self_relevant,yoked_need,yoked,"6,13,8,4,0,9",6,dense,m0,m2,p4>p2>p4>p1,4,context_comp,A>B>A>C,1,7,A>B>C>D>E>F>X,0,600,1,1.0,1.0,1.0,0,0,4,49,0.0175,1,316,601,0,1,1,0,0,0.9790146919388276,-0.001965457767738335,45,1,0,0,0,0.0,0,0,0,0,0,0,0,0,0,0,0,0,0.7934443299165832,0.8450631495085127,0.5506993006993007,0.07991954099261753,0.3890567447236406,0.4096299006406139,1.0,0.15734265734265734,0.3321678321678322,0.1590909090909091,0.10104895104895105,0.05804195804195804,3.6197000000000177,0,0,0,0.0,0.0,none,0.0,0.0,0.0,0,0,0,1,0,1,316,1,no_bridge,316,0,0,0,0,0,0,0,0,0,0,0,30017,10
confirmation,30006,neutral,actual_need,actual,"7,2,6,3,10",5,ring,m3,m2,p1>p2>p4,3,branch_comp,A>C>B,1,5,A>B>C>D>E,0,600,1,1.0,0.8333333333333334,1.0,0,0,4,41,0.052564102564102565,1,266,601,0,1,0,0,1,0.8707843564752569,-0.0024695397324134816,42,1,1,0,0,0.0002295665279235205,0,0,0,0,0,0,0,0,0,1,1,1,0.744263369380758,0.8026523008298287,0.6590909090909091,0.38287744093359244,0.7598208203304627,0.37276336336635035,1.0,0.1853146853146853,0.541958041958042,0.8111888111888111,0.06818181818181818,0.7430069930069929,3.5733000000000206,0,0,0,0.0,0.0,none,0.0,0.0,0.0,0,0,0,1,0,1,266,0,,601,0,0,1,0,0,0,0,0,0,0,0,,
confirmation,30006,neutral,curiosity,curiosity,"7,2,6,3,10",5,ring,m3,m2,p1>p2>p4,3,branch_comp,A>C>B,1,5,A>B>C>D>E,0,600,1,1.0,0.8333333333333334,1.0,0,0,4,41,0.052564102564102565,1,286,601,0,1,0,0,1,0.8624930760207965,-0.0008510787736285923,44,1,0,0,0,0.0,0,0,0,0,0,0,0,0,0,1,1,1,0.7425545143558986,0.8010217196631156,0.6486013986013986,0.0,0.0,0.0,0.0,0.18181818181818182,0.24825174825174826,0.11713286713286714,0.09484265734265734,0.022290209790209792,3.54395000000002,0,0,0,0.0,0.0,none,0.0,0.0,0.0,0,0,0,1,0,,,,,,,,,,,,,,,,,,
confirmation,30006,neutral,no_need,none,"7,2,6,3,10",5,ring,m3,m2,p1>p2>p4,3,branch_comp,A>C>B,1,5,A>B>C>D>E,0,600,1,1.0,0.8333333333333334,1.0,0,0,4,41,0.052564102564102565,1,363,601,0,1,0,0,1,0.8642231262199889,0.00011852365324583908,45,1,0,0,0,0.0,0,0,0,0,0,0,0,0,0,1,1,1,0.7442588037086338,0.8020573677404721,0.5,0.0,0.0,0.0,0.0,0.14685314685314685,0.24825174825174826,0.11713286713286714,0.09484265734265734,0.022290209790209792,3.44000000000002,0,0,0,0.0,0.0,none,0.0,0.0,0.0,0,0,0,1,0,,,,,,,,,,,,,,,,,,
confirmation,30006,neutral,yoked_need,yoked,"7,2,6,3,10",5,ring,m3,m2,p1>p2>p4,3,branch_comp,A>C>B,1,5,A>B>C>D>E,0,600,1,1.0,0.8333333333333334,1.0,0,0,4,41,0.052564102564102565,1,287,601,0,1,0,0,1,0.8623185577571542,0.00013999461280124774,50,1,0,0,0,0.0,0,0,0,0,0,0,0,0,0,1,1,1,0.7423792964662955,0.7997011973281529,0.666083916083916,0.0017263111678393085,0.08211244899139454,0.4396105280519792,1.0,0.18706293706293706,0.10402097902097902,0.015734265734265736,0.04807692307692308,-0.032342657342657344,3.5538500000000197,0,0,0,0.0,0.0,none,0.0,0.0,0.0,0,0,0,1,0,1,287,1,no_bridge,287,0,1,0,0,0,0,0,0,0,0,0,30012,4
confirmation,30006,self_relevant,actual_need,actual,"7,2,6,3,10",5,ring,m3,m2,p1>p2>p4,3,branch_comp,A>C>B,1,5,A>B>C>D>E,0,600,1,1.0,0.8333333333333334,1.0,1,1,4,41,0.052564102564102565,1,271,271,1,0,0,1,1,0.7281180137529649,0.009628102668520834,48,1,1,1,0,0.02745024047940198,1,1,0,1,1,1,1,1,0,0,0,1,0.8657520275349334,0.8837471326825879,0.5472027972027972,0.09248768153609399,0.38336398338995664,0.2735138388499359,1.0,0.15734265734265734,0.34965034965034963,0.1993006993006993,0.125,0.0743006993006993,3.5501000000000213,0,0,0,0.0,0.0,none,0.0,0.0,0.0,0,0,0,1,0,1,271,1,bridge,271,1,1,1,1,1,1,1,1,1,1,0,,
confirmation,30006,self_relevant,curiosity,curiosity,"7,2,6,3,10",5,ring,m3,m2,p1>p2>p4,3,branch_comp,A>C>B,1,5,A>B>C>D>E,0,600,1,1.0,0.8333333333333334,1.0,1,1,4,43,0.05512820512820513,1,283,283,1,0,0,1,1,0.7337118824823311,0.004804429840176643,47,1,1,1,0,0.026886881438927892,1,1,0,1,1,1,1,1,0,0,0,1,0.8637843682798828,0.8742918559273605,0.5804195804195804,0.0,0.0,0.0,0.0,0.1660839160839161,0.24825174825174826,0.11713286713286714,0.09484265734265734,0.022290209790209792,3.5748500000000236,0,0,0,0.0,0.0,none,0.0,0.0,0.0,0,0,0,1,0,,,,,,,,,,,,,,,,,,
confirmation,30006,self_relevant,no_need,none,"7,2,6,3,10",5,ring,m3,m2,p1>p2>p4,3,branch_comp,A>C>B,1,5,A>B>C>D>E,0,600,1,1.0,0.8333333333333334,1.0,1,1,4,41,0.052564102564102565,1,491,491,1,0,0,1,1,0.788815472241158,0.0040237538354094765,76,1,1,1,0,0.025668407636567137,1,1,0,1,1,1,1,1,0,0,0,1,0.8462564070605112,0.8551849658698896,0.5,0.0,0.0,0.0,0.0,0.14685314685314685,0.24825174825174826,0.11713286713286714,0.09484265734265734,0.022290209790209792,3.52040000000002,0,0,0,0.0,0.0,none,0.0,0.0,0.0,0,0,0,1,0,,,,,,,,,,,,,,,,,,
confirmation,30006,self_relevant,yoked_need,yoked,"7,2,6,3,10",5,ring,m3,m2,p1>p2>p4,3,branch_comp,A>C>B,1,5,A>B>C>D>E,0,600,1,1.0,0.8333333333333334,1.0,1,1,4,41,0.052564102564102565,1,270,270,1,0,0,1,1,0.7275199361248834,0.004951190328606453,48,1,1,1,0,0.026513076536741464,1,1,0,1,1,1,1,1,0,0,0,1,0.8553466281232995,0.8687736625570197,0.6118881118881119,0.0067466203248502015,0.1574633126598867,0.3621855256196156,1.0,0.17482517482517482,0.14073426573426573,0.04895104895104895,0.05812937062937063,-0.00917832167832168,3.599600000000022,0,0,0,0.0,0.0,none,0.0,0.0,0.0,0,0,0,1,0,1,270,1,bridge,270,1,1,1,1,1,1,1,1,1,1,0,30012,4
confirmation,30007,neutral,actual_need,actual,"3,1,8,13,4,12",6,chain,m1,m0,p3>p5>p3>p6,4,context_comp,A>B>A>C,1,7,A>B>C>D>E>F>X,1,600,1,1.0,0.8333333333333334,0.8333333333333334,0,0,4,49,0.0175,1,286,601,0,1,0,0,1,0.8902889015862071,-0.005164329862851879,43,1,0,0,0,0.0,0,0,0,0,0,0,0,0,0,1,1,1,0.6964118215406322,0.7928538462408223,0.6573426573426573,0.44082944775265726,0.8504488304323127,0.437929967055621,1.0,0.1853146853146853,0.625,0.8741258741258742,0.07517482517482517,0.798951048951049,3.750600000000016,0,0,0,0.0,0.0,none,0.0,0.0,0.0,0,0,0,1,0,1,286,1,no_bridge,286,0,1,0,0,0,0,0,0,0,0,0,,
confirmation,30007,neutral,curiosity,curiosity,"3,1,8,13,4,12",6,chain,m1,m0,p3>p5>p3>p6,4,context_comp,A>B>A>C,1,7,A>B>C>D>E>F>X,1,600,1,1.0,0.8333333333333334,0.8333333333333334,0,0,4,49,0.0175,1,297,601,0,1,0,0,1,0.8973465083044005,-0.0029378539805980687,42,1,0,0,0,0.0,0,0,0,0,0,0,0,0,0,1,1,1,0.6976459322118638,0.7942237469124915,0.6451048951048951,0.0,0.0,0.0,0.0,0.18181818181818182,0.41346153846153844,0.13286713286713286,0.1388111888111888,-0.005944055944055948,3.735200000000017,0,0,0,0.0,0.0,none,0.0,0.0,0.0,0,0,0,1,0,,,,,,,,,,,,,,,,,,
confirmation,30007,neutral,no_need,none,"3,1,8,13,4,12",6,chain,m1,m0,p3>p5>p3>p6,4,context_comp,A>B>A>C,1,7,A>B>C>D>E>F>X,1,600,1,1.0,0.8333333333333334,0.8333333333333334,0,0,4,49,0.0175,1,391,601,0,1,0,0,1,0.907658560484753,-0.00037518022202421067,46,1,0,0,0,0.0,0,0,0,0,0,0,0,0,0,1,1,1,0.703024582705024,0.7980732366566429,0.5,0.0,0.0,0.0,0.0,0.14685314685314685,0.41346153846153844,0.13286713286713286,0.1388111888111888,-0.005944055944055948,3.573500000000017,0,0,0,0.0,0.0,none,0.0,0.0,0.0,0,0,0,1,0,,,,,,,,,,,,,,,,,,
confirmation,30007,neutral,yoked_need,yoked,"3,1,8,13,4,12",6,chain,m1,m0,p3>p5>p3>p6,4,context_comp,A>B>A>C,1,7,A>B>C>D>E>F>X,1,600,1,1.0,0.8333333333333334,0.8333333333333334,0,0,4,49,0.0175,1,287,601,0,1,0,0,1,0.8903441121807919,-0.0024860716476897225,43,1,0,0,0,0.0,0,0,0,0,0,0,0,0,0,1,1,1,0.6978568362062878,0.793476368477788,0.6590909090909091,0.08544483283049775,0.6001486926303251,0.3014729226738158,1.0,0.1853146853146853,0.5961538461538461,0.10664335664335664,0.2171328671328671,-0.11048951048951047,3.7506000000000155,0,0,0,0.0,0.0,none,0.0,0.0,0.0,0,0,0,1,0,1,287,1,no_bridge,287,0,1,0,0,0,0,0,0,0,0,0,30019,5
confirmation,30007,self_relevant,actual_need,actual,"3,1,8,13,4,12",6,chain,m1,m0,p3>p5>p3>p6,4,context_comp,A>B>A>C,1,7,A>B>C>D>E>F>X,1,600,1,1.0,0.8333333333333334,0.8333333333333334,1,1,4,49,0.0175,1,304,304,1,0,0,1,1,0.8475317259509126,0.004594583447797978,48,1,1,1,0,0.029442791455441503,1,1,0,1,1,1,1,1,0,0,0,1,0.8553145927209959,0.8867026614475884,0.5209790209790209,0.3558934236958615,0.5778124192820671,0.36390823387947274,1.0,0.1520979020979021,0.5402097902097902,0.5804195804195804,0.1,0.48041958041958044,3.679000000000022,0,0,0,0.0,0.0,none,0.0,0.0,0.0,0,0,0,1,0,1,304,1,bridge,304,1,1,1,1,1,1,1,1,1,1,0,,
confirmation,30007,self_relevant,curiosity,curiosity,"3,1,8,13,4,12",6,chain,m1,m0,p3>p5>p3>p6,4,context_comp,A>B>A>C,1,7,A>B>C>D>E>F>X,1,600,1,1.0,0.8333333333333334,0.8333333333333334,1,1,4,49,0.0175,1,300,300,1,0,0,1,1,0.837288561516682,0.005154883823458329,46,1,1,1,0,0.027770792764183528,1,1,0,1,1,1,1,1,0,0,0,1,0.8612133210097608,0.8900495808885532,0.5699300699300699,0.0,0.0,0.0,0.0,0.16433566433566432,0.41346153846153844,0.13286713286713286,0.1388111888111888,-0.005944055944055948,3.7329000000000208,0,0,0,0.0,0.0,none,0.0,0.0,0.0,0,0,0,1,0,,,,,,,,,,,,,,,,,,
confirmation,30007,self_relevant,no_need,none,"3,1,8,13,4,12",6,chain,m1,m0,p3>p5>p3>p6,4,context_comp,A>B>A>C,1,7,A>B>C>D>E>F>X,1,600,1,1.0,0.8333333333333334,0.8333333333333334,0,0,4,49,0.0175,0,601,601,0,0,0,0,0,0.0,0.0,0,0,0,0,0,0.0,0,0,0,0,0,0,0,0,0,0,0,0,0.8301962714941075,0.8517489674894475,0.5,0.0,0.0,0.0,0.0,0.14685314685314685,0.41346153846153844,0.13286713286713286,0.1388111888111888,-0.005944055944055948,3.573500000000017,0,0,0,0.0,0.0,none,0.0,0.0,0.0,0,0,0,1,0,,,,,,,,,,,,,,,,,,
confirmation,30007,self_relevant,yoked_need,yoked,"3,1,8,13,4,12",6,chain,m1,m0,p3>p5>p3>p6,4,context_comp,A>B>A>C,1,7,A>B>C>D>E>F>X,1,600,1,1.0,0.8333333333333334,0.8333333333333334,1,1,4,49,0.0175,1,353,353,1,0,0,1,1,0.8761945698747369,0.0042969813554349775,57,1,1,1,0,0.029182509640404992,1,1,0,1,1,1,1,1,0,0,0,1,0.8497303239385678,0.8843571658172177,0.5821678321678322,0.14970864924528257,0.4908394010556065,0.3553905590357628,1.0,0.1660839160839161,0.34440559440559443,0.1381118881118881,0.11013986013986014,0.027972027972027955,3.7483000000000173,0,0,0,0.0,0.0,none,0.0,0.0,0.0,0,0,0,1,0,1,353,1,bridge,353,1,1,1,1,1,1,1,1,1,1,0,30019,5
confirmation,30008,neutral,actual_need,actual,"7,3,10,9,4",5,dense,m1,m2,p0>p6>p7,3,branch_comp,A>C>B,1,5,A>B>C>D>E,0,600,1,1.0,1.0,1.0,0,0,4,42,0.05384615384615385,1,264,601,0,1,0,0,1,0.8578453351635342,-0.00013301954308797944,42,1,0,0,0,0.0,0,0,0,0,0,0,0,0,0,1,1,1,0.7266993320117497,0.7979399496953581,0.6730769230769231,0.5674734377907279,0.9625870001770511,0.5623377817009226,1.0,0.1888111888111888,0.5743006993006993,0.8986013986013986,0.0625,0.8361013986013986,3.55880000000002,0,0,0,0.0,0.0,none,0.0,0.0,0.0,0,0,0,1,0,1,264,1,no_bridge,264,0,1,0,0,0,0,0,0,0,0,0,,
confirmation,30008,neutral,curiosity,curiosity,"7,3,10,9,4",5,dense,m1,m2,p0>p6>p7,3,branch_comp,A>C>B,1,5,A>B>C>D>E,0,600,1,1.0,1.0,1.0,0,0,4,41,0.052564102564102565,1,278,601,0,1,0,0,1,0.8608821426934173,-0.000603174943378159,44,1,0,0,0,0.0,0,0,0,0,0,0,0,0,0,1,1,1,0.7207449442892031,0.7961619978772712,0.6503496503496503,0.0,0.0,0.0,0.0,0.18356643356643357,0.2937062937062937,0.16433566433566432,0.10576923076923077,0.058566433566433554,3.5439500000000197,0,0,0,0.0,0.0,none,0.0,0.0,0.0,0,0,0,1,0,,,,,,,,,,,,,,,,,,
confirmation,30008,neutral,no_need,none,"7,3,10,9,4",5,dense,m1,m2,p0>p6>p7,3,branch_comp,A>C>B,1,5,A>B>C>D>E,0,600,1,1.0,1.0,1.0,0,0,4,41,0.052564102564102565,1,363,601,0,1,0,0,1,0.8543681183664806,-0.0004724513839052449,45,1,0,0,0,0.0,0,0,0,0,0,0,0,0,0,1,1,1,0.7246278437105742,0.8001030728035097,0.5,0.0,0.0,0.0,0.0,0.14685314685314685,0.2937062937062937,0.16433566433566432,0.10576923076923077,0.058566433566433554,3.44000000000002,0,0,0,0.0,0.0,none,0.0,0.0,0.0,0,0,0,1,0,,,,,,,,,,,,,,,,,,
confirmation,30008,neutral,yoked_need,yoked,"7,3,10,9,4",5,dense,m1,m2,p0>p6>p7,3,branch_comp,A>C>B,1,5,A>B>C>D>E,0,600,1,1.0,1.0,1.0,0,0,4,43,0.05512820512820513,1,278,601,0,1,0,0,1,0.8635849757064752,-3.506243411406185e-05,46,1,0,0,0,0.0,0,0,0,0,0,0,0,0,0,1,1,1,0.7242598765068619,0.7979340678577587,0.6590909090909091,0.0736644556202365,0.6093884854578184,0.5139682099665474,1.0,0.1853146853146853,0.5541958041958042,0.1048951048951049,0.2508741258741259,-0.145979020979021,3.5489000000000197,0,0,0,0.0,0.0,none,0.0,0.0,0.0,0,0,0,1,0,1,278,1,no_bridge,278,0,1,0,0,0,0,0,0,0,0,0,30014,12
confirmation,30008,self_relevant,actual_need,actual,"7,3,10,9,4",5,dense,m1,m2,p0>p6>p7,3,branch_comp,A>C>B,1,5,A>B>C>D>E,0,600,1,1.0,1.0,1.0,1,1,4,43,0.05512820512820513,1,323,323,1,0,0,1,1,0.7270941186612658,0.004243651711951691,45,1,1,1,0,0.02611810708444257,1,1,0,1,1,1,1,1,0,0,0,1,0.8276457870117898,0.8663924616893152,0.5227272727272727,0.33063543108468596,0.5608635153766665,0.4323446412961265,1.0,0.15034965034965034,0.42482517482517484,0.49475524475524474,0.08872377622377622,0.40603146853146854,3.5352500000000204,0,0,0,0.0,0.0,none,0.0,0.0,0.0,0,0,0,1,0,1,323,1,bridge,323,1,1,1,1,1,1,1,1,1,1,0,,
confirmation,30008,self_relevant,curiosity,curiosity,"7,3,10,9,4",5,dense,m1,m2,p0>p6>p7,3,branch_comp,A>C>B,1,5,A>B>C>D>E,0,600,1,1.0,1.0,1.0,0,0,4,41,0.052564102564102565,1,289,601,0,1,1,0,0,0.8634700009799847,-0.0007853044719607741,48,1,0,0,0,0.0,0,0,0,0,0,0,0,0,0,0,0,0,0.7654346945614623,0.8250231977829511,0.6555944055944056,0.0,0.0,0.0,0.0,0.1853146853146853,0.2937062937062937,0.16433566433566432,0.10576923076923077,0.058566433566433554,3.5489000000000197,0,0,0,0.0,0.0,none,0.0,0.0,0.0,0,0,0,1,0,,,,,,,,,,,,,,,,,,
confirmation,30008,self_relevant,no_need,none,"7,3,10,9,4",5,dense,m1,m2,p0>p6>p7,3,branch_comp,A>C>B,1,5,A>B>C>D>E,0,600,1,1.0,1.0,1.0,0,0,4,41,0.052564102564102565,0,601,601,0,0,0,0,0,0.0,0.0,0,0,0,0,0,0.0,0,0,0,0,0,0,0,0,0,0,0,0,0.7821188966395273,0.8350606303628751,0.5,0.0,0.0,0.0,0.0,0.14685314685314685,0.2937062937062937,0.16433566433566432,0.10576923076923077,0.058566433566433554,3.44000000000002,0,0,0,0.0,0.0,none,0.0,0.0,0.0,0,0,0,1,0,,,,,,,,,,,,,,,,,,
confirmation,30008,self_relevant,yoked_need,yoked,"7,3,10,9,4",5,dense,m1,m2,p0>p6>p7,3,branch_comp,A>C>B,1,5,A>B>C>D>E,0,600,1,1.0,1.0,1.0,1,1,4,43,0.05512820512820513,1,286,286,1,0,0,1,1,0.7176430126462116,0.004884512834341621,47,1,1,1,0,0.02554088175837436,1,1,0,1,1,1,1,1,0,0,0,1,0.8432454705608741,0.8724314086460199,0.5244755244755245,0.034449464674079576,0.4745330709434119,0.4092678839624253,1.0,0.1520979020979021,0.3732517482517482,0.11363636363636363,0.15821678321678323,-0.0445804195804196,3.5352500000000213,0,0,0,0.0,0.0,none,0.0,0.0,0.0,0,0,0,1,0,1,286,1,bridge,286,1,1,1,1,1,1,1,1,1,1,0,30014,12
confirmation,30009,neutral,actual_need,actual,"13,4,12,1,2,11",6,ring,m0,m3,p6>p5>p6>p1,4,context_comp,A>B>A>C,1,7,A>B>C>D>E>F>X,0,600,1,1.0,0.8571428571428571,1.0,1,1,4,49,0.0175,1,288,601,0,1,0,1,1,0.8906442839104283,-0.005075415321000646,43,1,0,0,0,0.0,0,0,0,0,0,0,0,0,0,1,1,1,0.6725921966155721,0.8061760884559616,0.6608391608391608,0.3957173458730979,0.8103560252342744,0.4043876379019152,1.0,0.22377622377622378,0.5743006993006993,0.9213286713286714,0.045454545454545456,0.8758741258741259,3.750600000000016,0,0,0,0.0,0.0,none,0.0,0.0,0.0,0,0,0,1,0,1,288,1,no_bridge,288,1,1,0,0,0,0,0,0,0,0,0,,
confirmation,30009,neutral,curiosity,curiosity,"13,4,12,1,2,11",6,ring,m0,m3,p6>p5>p6>p1,4,context_comp,A>B>A>C,1,7,A>B>C>D>E>F>X,0,600,1,1.0,0.8571428571428571,1.0,1,1,4,49,0.0175,1,297,601,0,1,0,1,1,0.8901809430906774,-0.0017388098690053447,43,1,0,0,0,0.0,0,0,0,0,0,0,0,0,0,1,1,1,0.6717946806683868,0.8052876456621206,0.6451048951048951,0.0,0.0,0.0,0.0,0.2202797202797203,0.3120629370629371,0.12062937062937062,0.10069930069930069,0.019930069930069932,3.7352000000000163,0,0,0,0.0,0.0,none,0.0,0.0,0.0,0,0,0,1,0,,,,,,,,,,,,,,,,,,
confirmation,30009,neutral,no_need,none,"13,4,12,1,2,11",6,ring,m0,m3,p6>p5>p6>p1,4,context_comp,A>B>A>C,1,7,A>B>C>D>E>F>X,0,600,1,1.0,0.8571428571428571,1.0,1,1,4,49,0.0175,1,391,601,0,1,0,1,1,0.9074331593414537,-0.00304881916216281,46,1,0,0,0,0.0,0,0,0,0,0,0,0,0,0,1,1,1,0.6766780406249817,0.8101391393830905,0.5,0.0,0.0,0.0,0.0,0.18356643356643357,0.3120629370629371,0.12062937062937062,0.10069930069930069,0.019930069930069932,3.573500000000017,0,0,0,0.0,0.0,none,0.0,0.0,0.0,0,0,0,1,0,,,,,,,,,,,,,,,,,,
confirmation,30009,neutral,yoked_need,yoked,"13,4,12,1,2,11",6,ring,m0,m3,p6>p5>p6>p1,4,context_comp,A>B>A>C,1,7,A>B>C>D>E>F>X,0,600,1,1.0,0.8571428571428571,1.0,1,1,4,49,0.0175,1,288,601,0,1,0,1,1,0.9006002600297534,-0.004130293486062916,43,1,0,0,0,0.0,0,0,0,0,0,0,0,0,0,1,1,1,0.6722490292988686,0.8056855837416858,0.6608391608391608,0.007850170793213132,0.24671148057162132,0.3345116479707241,1.0,0.22377622377622378,0.2097902097902098,0.07692307692307693,0.06853146853146853,0.008391608391608393,3.750600000000016,0,0,0,0.0,0.0,none,0.0,0.0,0.0,0,0,0,1,0,1,288,1,no_bridge,288,1,1,0,0,0,0,0,0,0,0,0,30021,13
confirmation,30009,self_relevant,actual_need,actual,"13,4,12,1,2,11",6,ring,m0,m3,p6>p5>p6>p1,4,context_comp,A>B>A>C,1,7,A>B>C>D>E>F>X,0,600,1,1.0,0.8571428571428571,1.0,1,1,4,49,0.0175,1,282,282,1,0,0,1,1,0.8924564195423387,0.004767939971763878,44,1,1,1,0,0.02938258134664595,1,1,0,1,1,1,1,1,0,0,0,1,0.8499959540135685,0.8852988159099341,0.6083916083916084,0.15526092556578547,0.6876474102080923,0.421776259199984,1.0,0.2097902097902098,0.5646853146853147,0.25,0.17587412587412588,0.07412587412587412,3.7791000000000197,0,0,0,0.0,0.0,none,0.0,0.0,0.0,0,0,0,1,0,1,282,1,bridge,282,1,1,1,1,1,1,1,1,1,1,0,,
confirmation,30009,self_relevant,curiosity,curiosity,"13,4,12,1,2,11",6,ring,m0,m3,p6>p5>p6>p1,4,context_comp,A>B>A>C,1,7,A>B>C>D>E>F>X,0,600,1,1.0,0.8571428571428571,1.0,1,1,4,49,0.0175,1,329,601,0,1,1,1,0,0.9142911359301394,0.0014874823097052415,56,1,0,0,0,0.0,0,0,0,0,0,0,0,0,0,0,0,0,0.7907743269550647,0.8402537954095557,0.6416083916083916,0.0,0.0,0.0,0.0,0.21853146853146854,0.3120629370629371,0.12062937062937062,0.10069930069930069,0.019930069930069932,3.727500000000016,0,0,0,0.0,0.0,none,0.0,0.0,0.0,0,0,0,1,0,,,,,,,,,,,,,,,,,,
confirmation,30009,self_relevant,no_need,none,"13,4,12,1,2,11",6,ring,m0,m3,p6>p5>p6>p1,4,context_comp,A>B>A>C,1,7,A>B>C>D>E>F>X,0,600,1,1.0,0.8571428571428571,1.0,1,1,4,49,0.0175,1,391,601,0,1,1,1,0,0.9074331593414537,0.00012412935930146852,46,1,0,0,0,0.0,0,0,0,0,0,0,0,0,0,0,0,0,0.8272339081205762,0.8559651303424639,0.5,0.0,0.0,0.0,0.0,0.18356643356643357,0.3120629370629371,0.12062937062937062,0.10069930069930069,0.019930069930069932,3.573500000000017,0,0,0,0.0,0.0,none,0.0,0.0,0.0,0,0,0,1,0,,,,,,,,,,,,,,,,,,
confirmation,30009,self_relevant,yoked_need,yoked,"13,4,12,1,2,11",6,ring,m0,m3,p6>p5>p6>p1,4,context_comp,A>B>A>C,1,7,A>B>C>D>E>F>X,0,600,1,1.0,0.8571428571428571,1.0,1,1,4,49,0.0175,1,290,601,0,1,1,1,0,0.8942361525078502,0.0003243337092821664,44,1,0,0,0,0.0,0,0,0,0,0,0,0,0,0,0,0,0,0.8018144497505215,0.8371380989150419,0.6083916083916084,0.04521280378190239,0.23667917211893236,0.4246861714943705,1.0,0.2097902097902098,0.2526223776223776,0.07867132867132867,0.08531468531468532,-0.006643356643356649,3.696700000000015,0,0,0,0.0,0.0,none,0.0,0.0,0.0,0,0,0,1,0,1,290,1,no_bridge,290,1,0,0,0,0,0,0,0,0,0,0,30021,13
confirmation,30010,neutral,actual_need,actual,"2,4,13,5,0",5,chain,m1,m2,p4>p5>p0,3,branch_comp,A>C>B,1,5,A>B>C>D>E,0,600,1,1.0,0.7142857142857143,1.0,0,0,4,41,0.052564102564102565,1,267,601,0,1,0,0,1,0.8586869680628437,-0.0004069832798130925,42,1,1,0,0,0.0,0,0,0,0,0,0,0,0,0,1,1,1,0.6431385647741565,0.7747271554163941,0.6451048951048951,0.3372780557072561,0.595495047770052,0.3444125940937056,1.0,0.18181818181818182,0.4344405594405594,0.6835664335664335,0.04632867132867133,0.6372377622377622,3.563400000000021,0,0,0,0.0,0.0,none,0.0,0.0,0.0,0,0,0,1,0,1,267,1,no_bridge,267,0,1,1,0,0,0,0,0,0,0,0,,
confirmation,30010,neutral,curiosity,curiosity,"2,4,13,5,0",5,chain,m1,m2,p4>p5>p0,3,branch_comp,A>C>B,1,5,A>B>C>D>E,0,600,1,1.0,0.7142857142857143,1.0,0,0,4,41,0.052564102564102565,1,284,601,0,1,0,0,1,0.8602558516921801,-0.001232279015690059,42,1,0,0,0,0.0,0,0,0,0,0,0,0,0,0,1,1,1,0.6430756119338121,0.7727592472152447,0.6520979020979021,0.0,0.0,0.0,0.0,0.18356643356643357,0.2368881118881119,0.11188811188811189,0.09047202797202797,0.02141608391608392,3.5439500000000206,0,0,0,0.0,0.0,none,0.0,0.0,0.0,0,0,0,1,0,,,,,,,,,,,,,,,,,,
confirmation,30010,neutral,no_need,none,"2,4,13,5,0",5,chain,m1,m2,p4>p5>p0,3,branch_comp,A>C>B,1,5,A>B>C>D>E,0,600,1,1.0,0.7142857142857143,1.0,0,0,4,41,0.052564102564102565,1,467,601,0,1,0,0,1,0.8579807840567949,-0.0003783386685886061,69,1,0,0,0,0.0,0,0,0,0,0,0,0,0,0,1,1,1,0.6439388836340765,0.7742717154393516,0.5,0.0,0.0,0.0,0.0,0.14685314685314685,0.2368881118881119,0.11188811188811189,0.09047202797202797,0.02141608391608392,3.44000000000002,0,0,0,0.0,0.0,none,0.0,0.0,0.0,0,0,0,1,0,,,,,,,,,,,,,,,,,,
confirmation,30010,neutral,yoked_need,yoked,"2,4,13,5,0",5,chain,m1,m2,p4>p5>p0,3,branch_comp,A>C>B,1,5,A>B>C>D>E,0,600,1,1.0,0.7142857142857143,1.0,0,0,4,43,0.05512820512820513,1,267,601,0,1,0,0,1,0.8542369874620851,-0.001325045072038311,42,1,0,0,0,0.0,0,0,0,0,0,0,0,0,0,1,1,1,0.6431955712879793,0.7727654222650319,0.6643356643356644,0.01113202816050726,0.24857788802738506,0.24916341329306013,1.0,0.18706293706293706,0.23513986013986013,0.03146853146853147,0.1097027972027972,-0.07823426573426573,3.5538500000000197,0,0,0,0.0,0.0,none,0.0,0.0,0.0,0,0,0,1,0,1,267,1,no_bridge,267,0,1,0,0,0,0,0,0,0,0,0,30016,7
confirmation,30010,self_relevant,actual_need,actual,"2,4,13,5,0",5,chain,m1,m2,p4>p5>p0,3,branch_comp,A>C>B,1,5,A>B>C>D>E,0,600,1,1.0,0.7142857142857143,1.0,1,1,4,42,0.05384615384615385,1,266,271,1,0,0,1,1,0.7206900577230271,0.005850924249432093,47,1,1,1,0,0.02691522816124332,1,6,0,1,1,1,1,1,5,0,0,1,0.8341287998725992,0.8650048587250326,0.6241258741258742,0.08954594732881886,0.2762159797858375,0.4018391762775125,1.0,0.17657342657342656,0.26048951048951047,0.11538461538461539,0.1013986013986014,0.013986013986013984,3.846550000000032,0,0,0,0.0,0.0,none,0.0,0.0,0.0,0,0,0,1,0,1,266,1,bridge,266,1,1,1,1,1,0,0,0,0,0,0,,
confirmation,30010,self_relevant,curiosity,curiosity,"2,4,13,5,0",5,chain,m1,m2,p4>p5>p0,3,branch_comp,A>C>B,1,5,A>B>C>D>E,0,600,1,1.0,0.7142857142857143,1.0,0,0,4,41,0.052564102564102565,1,305,601,0,1,1,0,0,0.8526444635226815,-0.0015321433042536918,51,1,0,0,0,0.0,0,0,0,0,0,0,0,0,0,0,0,0,0.756999289997427,0.8080174553619266,0.6520979020979021,0.0,0.0,0.0,0.0,0.18356643356643357,0.2368881118881119,0.11188811188811189,0.09047202797202797,0.02141608391608392,3.5439500000000206,0,0,0,0.0,0.0,none,0.0,0.0,0.0,0,0,0,1,0,,,,,,,,,,,,,,,,,,
confirmation,30010,self_relevant,no_need,none,"2,4,13,5,0",5,chain,m1,m2,p4>p5>p0,3,branch_comp,A>C>B,1,5,A>B>C>D>E,0,600,1,1.0,0.7142857142857143,1.0,1,1,4,41,0.052564102564102565,1,355,355,1,0,0,1,1,0.7214409273603205,0.009156981873653984,45,1,1,1,0,0.027430124501591147,1,1,0,1,1,1,1,1,0,0,0,1,0.8384863211510845,0.8722253041739016,0.5,0.0,0.0,0.0,0.0,0.14685314685314685,0.2368881118881119,0.11188811188811189,0.09047202797202797,0.02141608391608392,3.52040000000002,0,0,0,0.0,0.0,none,0.0,0.0,0.0,0,0,0,1,0,,,,,,,,,,,,,,,,,,
confirmation,30010,self_relevant,yoked_need,yoked,"2,4,13,5,0",5,chain,m1,m2,p4>p5>p0,3,branch_comp,A>C>B,1,5,A>B>C>D>E,0,600,1,1.0,0.7142857142857143,1.0,0,0,4,42,0.05384615384615385,1,266,601,0,1,1,0,0,0.8568166014713631,-0.0024982292641854273,42,1,0,0,0,0.0,0,0,0,0,0,0,0,0,0,0,0,0,0.8293530138901596,0.8608805159588698,0.5699300699300699,0.044421931680256016,0.3250983160985867,0.20467331705398684,1.0,0.16433566433566432,0.2465034965034965,0.09615384615384616,0.0992132867132867,-0.003059440559440546,3.489500000000019,0,0,0,0.0,0.0,none,0.0,0.0,0.0,0,0,0,1,0,1,266,1,no_bridge,266,0,0,0,0,0,0,0,0,0,0,0,30016,7
confirmation,30011,neutral,actual_need,actual,"8,2,12,7,1,6",6,dense,m3,m0,p1>p0>p1>p7,4,context_comp,A>B>A>C,1,7,A>B>C>D>E>F>X,1,600,1,1.0,1.0,1.0,0,0,4,49,0.0175,1,330,601,0,1,0,0,1,0.9092594120551379,-0.004633744193153778,46,1,0,0,0,0.0,0,0,0,0,0,0,0,0,0,1,1,1,0.626123914104861,0.7816031847133548,0.6171328671328671,0.5441847738696465,0.8595313606403246,0.5482687465632043,1.0,0.17482517482517482,0.5917832167832168,0.7692307692307693,0.08286713286713288,0.6863636363636364,3.704400000000015,0,0,0,0.0,0.0,none,0.0,0.0,0.0,0,0,0,1,0,1,330,1,no_bridge,330,0,1,0,0,0,0,0,0,0,0,0,,
confirmation,30011,neutral,curiosity,curiosity,"8,2,12,7,1,6",6,dense,m3,m0,p1>p0>p1>p7,4,context_comp,A>B>A>C,1,7,A>B>C>D>E>F>X,1,600,1,1.0,1.0,1.0,0,0,4,49,0.0175,1,307,601,0,1,0,0,1,0.9083853778190767,-0.0007684209126463581,46,1,0,0,0,0.0,0,0,0,0,0,0,0,0,0,1,1,1,0.6280698810872064,0.7867646860497864,0.6416083916083916,0.0,0.0,0.0,0.0,0.18181818181818182,0.368006993006993,0.12237762237762238,0.12272727272727273,-0.00034965034965034336,3.7275000000000174,0,0,0,0.0,0.0,none,0.0,0.0,0.0,0,0,0,1,0,,,,,,,,,,,,,,,,,,
confirmation,30011,neutral,no_need,none,"8,2,12,7,1,6",6,dense,m3,m0,p1>p0>p1>p7,4,context_comp,A>B>A>C,1,7,A>B>C>D>E>F>X,1,600,1,1.0,1.0,1.0,0,0,4,49,0.0175,1,391,601,0,1,0,0,1,0.9020512542984945,-0.0017631188472427915,46,1,0,0,0,0.0,0,0,0,0,0,0,0,0,0,1,1,1,0.628380802103202,0.7868379800323191,0.5,0.0,0.0,0.0,0.0,0.14685314685314685,0.368006993006993,0.12237762237762238,0.12272727272727273,-0.00034965034965034336,3.573500000000017,0,0,0,0.0,0.0,none,0.0,0.0,0.0,0,0,0,1,0,,,,,,,,,,,,,,,,,,
confirmation,30011,neutral,yoked_need,yoked,"8,2,12,7,1,6",6,dense,m3,m0,p1>p0>p1>p7,4,context_comp,A>B>A>C,1,7,A>B>C>D>E>F>X,1,600,1,1.0,1.0,1.0,0,0,4,49,0.0175,1,307,601,0,1,0,0,1,0.9021089938455267,-0.0003601708545607469,46,1,0,0,0,0.0,0,0,0,0,0,0,0,0,0,1,1,1,0.6276764734082274,0.784425613701806,0.6573426573426573,0.0335343439428699,0.19992777263361688,0.5233505216730816,1.0,0.1853146853146853,0.24562937062937062,0.06818181818181818,0.08461538461538462,-0.016433566433566443,3.750600000000016,0,0,0,0.0,0.0,none,0.0,0.0,0.0,0,0,0,1,0,1,307,1,no_bridge,307,0,1,0,0,0,0,0,0,0,0,0,30023,8
confirmation,30011,self_relevant,actual_need,actual,"8,2,12,7,1,6",6,dense,m3,m0,p1>p0>p1>p7,4,context_comp,A>B>A>C,1,7,A>B>C>D>E>F>X,1,600,1,1.0,1.0,1.0,1,1,4,49,0.0175,1,417,417,1,0,0,1,1,0.8824019047663392,0.00450735782767405,65,1,1,1,0,0.03026339888650946,1,1,0,1,1,1,1,1,0,0,0,1,0.8620021257707057,0.8854368620423174,0.5209790209790209,0.01596814337516847,0.34232138262298184,0.4409945444573599,1.0,0.1520979020979021,0.375,0.050699300699300696,0.13986013986013987,-0.08916083916083917,3.679000000000016,0,0,0,0.0,0.0,none,0.0,0.0,0.0,0,0,0,1,0,1,417,1,bridge,417,1,1,1,1,1,1,1,1,1,1,0,,
confirmation,30011,self_relevant,curiosity,curiosity,"8,2,12,7,1,6",6,dense,m3,m0,p1>p0>p1>p7,4,context_comp,A>B>A>C,1,7,A>B>C>D>E>F>X,1,600,1,1.0,1.0,1.0,1,1,4,49,0.0175,1,373,373,1,0,0,1,1,0.886420140752852,0.004145345596501022,69,1,1,1,0,0.03162066509364356,1,1,0,1,1,1,1,1,0,0,0,1,0.862090314075395,0.8858720238980055,0.6013986013986014,0.0,0.0,0.0,0.0,0.17307692307692307,0.368006993006993,0.12237762237762238,0.12272727272727273,-0.00034965034965034336,3.771400000000018,0,0,0,0.0,0.0,none,0.0,0.0,0.0,0,0,0,1,0,,,,,,,,,,,,,,,,,,
confirmation,30011,self_relevant,no_need,none,"8,2,12,7,1,6",6,dense,m3,m0,p1>p0>p1>p7,4,context_comp,A>B>A>C,1,7,A>B>C>D>E>F>X,1,600,1,1.0,1.0,1.0,0,0,4,49,0.0175,1,391,601,0,1,1,0,0,0.9020512542984945,-0.0011077373250956966,46,1,0,0,0,0.0,0,0,0,0,0,0,0,0,0,0,0,0,0.8077105432392524,0.8506278004691413,0.5,0.0,0.0,0.0,0.0,0.14685314685314685,0.368006993006993,0.12237762237762238,0.12272727272727273,-0.00034965034965034336,3.573500000000017,0,0,0,0.0,0.0,none,0.0,0.0,0.0,0,0,0,1,0,,,,,,,,,,,,,,,,,,
confirmation,30011,self_relevant,yoked_need,yoked,"8,2,12,7,1,6",6,dense,m3,m0,p1>p0>p1>p7,4,context_comp,A>B>A>C,1,7,A>B>C>D>E>F>X,1,600,1,1.0,1.0,1.0,0,0,4,49,0.0175,1,313,601,0,1,1,0,0,0.910504004036443,-0.0007143195675800697,46,1,0,0,0,0.0,0,0,0,0,0,0,0,0,0,0,0,0,0.8569612983117126,0.8748959492510412,0.5769230769230769,0.02382231268423198,0.11779390965915297,0.47231027583361207,1.0,0.1660839160839161,0.2744755244755245,0.09090909090909091,0.09160839160839161,-0.0006993006993007006,3.6582000000000177,0,0,0,0.0,0.0,none,0.0,0.0,0.0,0,0,0,1,0,1,313,1,no_bridge,313,0,0,0,0,0,0,0,0,0,0,0,30023,8
confirmation,30012,neutral,actual_need,actual,"9,6,4,8,11",5,ring,m2,m3,p1>p3>p7,3,branch_comp,A>C>B,1,5,A>B>C>D>E,0,600,1,1.0,1.0,1.0,1,1,4,41,0.052564102564102565,1,272,601,0,1,0,1,1,0.8464634256069842,0.0011664724399576506,44,1,1,0,0,0.0,0,0,0,0,0,0,0,0,0,1,1,1,0.5910369471284319,0.7668050562960887,0.6573426573426573,0.4798866461686118,0.9396192101251872,0.47617552014604186,1.0,0.21153846153846154,0.5917832167832168,0.9283216783216783,0.06381118881118882,0.8645104895104895,3.5733000000000206,0,0,0,0.0,0.0,none,0.0,0.0,0.0,0,0,0,1,0,1,272,1,no_bridge,272,1,1,1,0,0,0,0,0,0,0,0,,
confirmation,30012,neutral,curiosity,curiosity,"9,6,4,8,11",5,ring,m2,m3,p1>p3>p7,3,branch_comp,A>C>B,1,5,A>B>C>D>E,0,600,1,1.0,1.0,1.0,1,1,4,41,0.052564102564102565,1,287,601,0,1,0,1,1,0.8502871128719072,-0.001797033055398772,42,1,0,0,0,0.0,0,0,0,0,0,0,0,0,0,1,1,1,0.5902033383525633,0.7653299796243808,0.6503496503496503,0.0,0.0,0.0,0.0,0.2097902097902098,0.30332167832167833,0.17832167832167833,0.10708041958041958,0.07124125874125875,3.543950000000021,0,0,0,0.0,0.0,none,0.0,0.0,0.0,0,0,0,1,0,,,,,,,,,,,,,,,,,,
confirmation,30012,neutral,no_need,none,"9,6,4,8,11",5,ring,m2,m3,p1>p3>p7,3,branch_comp,A>C>B,1,5,A>B>C>D>E,0,600,1,1.0,1.0,1.0,1,1,4,42,0.05384615384615385,1,363,601,0,1,0,1,1,0.8536252772194692,-0.0010777335778922787,45,1,0,0,0,0.0,0,0,0,0,0,0,0,0,0,1,1,1,0.5939073104576491,0.7696138505428936,0.5,0.0,0.0,0.0,0.0,0.17132867132867133,0.30332167832167833,0.17832167832167833,0.10708041958041958,0.07124125874125875,3.44000000000002,0,0,0,0.0,0.0,none,0.0,0.0,0.0,0,0,0,1,0,,,,,,,,,,,,,,,,,,
confirmation,30012,neutral,yoked_need,yoked,"9,6,4,8,11",5,ring,m2,m3,p1>p3>p7,3,branch_comp,A>C>B,1,5,A>B>C>D>E,0,600,1,1.0,1.0,1.0,1,1,4,41,0.052564102564102565,1,266,601,0,1,0,1,1,0.8524825860713025,-0.0013044662287225416,42,1,0,0,0,0.0,0,0,0,0,0,0,0,0,0,1,1,1,0.5896427155164091,0.7650139601821045,0.6625874125874126,0.0063048980580617175,0.15733782128108462,0.5848888059458188,1.0,0.21328671328671328,0.1652097902097902,0.10139860139860139,0.05725524475524475,0.04414335664335664,3.5538500000000197,0,0,0,0.0,0.0,none,0.0,0.0,0.0,0,0,0,1,0,1,266,1,no_bridge,266,1,1,0,0,0,0,0,0,0,0,0,30018,2
confirmation,30012,self_relevant,actual_need,actual,"9,6,4,8,11",5,ring,m2,m3,p1>p3>p7,3,branch_comp,A>C>B,1,5,A>B>C>D>E,0,600,1,1.0,1.0,1.0,1,1,4,42,0.05384615384615385,1,260,260,1,0,0,1,1,0.8514515580314332,0.008381392825549354,42,1,1,1,0,0.02446352977191721,1,1,0,1,1,1,1,1,0,0,0,1,0.8435426569641228,0.8667460565669604,0.6118881118881119,0.327408870878975,0.8211035259088475,0.35206404090051396,1.0,0.1993006993006993,0.5620629370629371,0.541958041958042,0.14554195804195805,0.39641608391608396,3.599600000000022,0,0,0,0.0,0.0,none,0.0,0.0,0.0,0,0,0,1,0,1,260,1,bridge,260,1,1,1,1,1,1,1,1,1,1,0,,
confirmation,30012,self_relevant,curiosity,curiosity,"9,6,4,8,11",5,ring,m2,m3,p1>p3>p7,3,branch_comp,A>C>B,1,5,A>B>C>D>E,0,600,1,1.0,1.0,1.0,1,1,4,42,0.05384615384615385,1,294,601,0,1,1,1,0,0.8545038959829606,0.0005967441473189237,46,1,0,0,0,0.0,0,0,0,0,0,0,0,0,0,0,0,0,0.7966436449916227,0.8295287656818555,0.6468531468531469,0.0,0.0,0.0,0.0,0.2097902097902098,0.30332167832167833,0.17832167832167833,0.10708041958041958,0.07124125874125875,3.5439500000000206,0,0,0,0.0,0.0,none,0.0,0.0,0.0,0,0,0,1,0,,,,,,,,,,,,,,,,,,
confirmation,30012,self_relevant,no_need,none,"9,6,4,8,11",5,ring,m2,m3,p1>p3>p7,3,branch_comp,A>C>B,1,5,A>B>C>D>E,0,600,1,1.0,1.0,1.0,1,1,4,42,0.05384615384615385,1,363,601,0,1,1,1,0,0.8536252772194692,0.0011398724134519247,45,1,0,0,0,0.0,0,0,0,0,0,0,0,0,0,0,0,0,0.7869348860642487,0.8222592766672021,0.5,0.0,0.0,0.0,0.0,0.17132867132867133,0.30332167832167833,0.17832167832167833,0.10708041958041958,0.07124125874125875,3.44000000000002,0,0,0,0.0,0.0,none,0.0,0.0,0.0,0,0,0,1,0,,,,,,,,,,,,,,,,,,
confirmation,30012,self_relevant,yoked_need,yoked,"9,6,4,8,11",5,ring,m2,m3,p1>p3>p7,3,branch_comp,A>C>B,1,5,A>B>C>D>E,0,600,1,1.0,1.0,1.0,1,1,4,42,0.05384615384615385,1,307,601,0,1,1,1,0,0.8535639653726723,-0.0012650970902601463,42,1,0,0,0,0.0,0,0,0,0,0,0,0,0,0,0,0,0,0.8162702229558197,0.8340831826198736,0.6363636363636364,0.016766083327850144,0.1675173372797376,0.4674276721877901,1.0,0.2062937062937063,0.20804195804195805,0.10664335664335664,0.07736013986013986,0.029283216783216784,3.534050000000019,0,0,0,0.0,0.0,none,0.0,0.0,0.0,0,0,0,1,0,1,307,1,no_bridge,307,1,0,0,0,0,0,0,0,0,0,0,30018,2
confirmation,30013,neutral,actual_need,actual,"13,2,3,12,11,4",6,chain,m3,m0,p2>p7>p2>p4,4,context_comp,A>B>A>C,1,7,A>B>C>D>E>F>X,0,600,1,1.0,1.0,0.8333333333333334,0,0,4,49,0.0175,1,290,601,0,1,0,0,1,0.9011536877354278,-0.0075346484406960314,43,1,0,0,0,0.0,0,0,0,0,0,0,0,0,0,1,1,1,0.6721042991738367,0.7718351283008286,0.6643356643356644,0.4133081958259375,0.9513315948220223,0.4541551408443232,1.0,0.1888111888111888,0.8041958041958042,0.9493006993006993,0.13181818181818183,0.8174825174825174,3.7583000000000157,0,0,0,0.0,0.0,none,0.0,0.0,0.0,0,0,0,1,0,1,290,1,no_bridge,290,0,1,0,0,0,0,0,0,0,0,0,,
confirmation,30013,neutral,curiosity,curiosity,"13,2,3,12,11,4",6,chain,m3,m0,p2>p7>p2>p4,4,context_comp,A>B>A>C,1,7,A>B>C>D>E>F>X,0,600,1,1.0,1.0,0.8333333333333334,0,0,4,49,0.0175,1,310,601,0,1,0,0,1,0.9047781900087701,-0.006591216390335558,46,1,0,0,0,0.0,0,0,0,0,0,0,0,0,0,1,1,1,0.6722527980509309,0.7735978725722576,0.6538461538461539,0.0,0.0,0.0,0.0,0.1853146853146853,0.6145104895104895,0.05244755244755245,0.2353146853146853,-0.18286713286713285,3.742900000000016,0,0,0,0.0,0.0,none,0.0,0.0,0.0,0,0,0,1,0,,,,,,,,,,,,,,,,,,
confirmation,30013,neutral,no_need,none,"13,2,3,12,11,4",6,chain,m3,m0,p2>p7>p2>p4,4,context_comp,A>B>A>C,1,7,A>B>C>D>E>F>X,0,600,1,1.0,1.0,0.8333333333333334,0,0,4,49,0.0175,1,391,601,0,1,0,0,1,0.9092587041502415,-0.005953559211048334,46,1,0,0,0,0.0,0,0,0,0,0,0,0,0,0,1,1,1,0.6776829108018603,0.7827331014158743,0.5,0.0,0.0,0.0,0.0,0.14685314685314685,0.6145104895104895,0.05244755244755245,0.2353146853146853,-0.18286713286713285,3.573500000000017,0,0,0,0.0,0.0,none,0.0,0.0,0.0,0,0,0,1,0,,,,,,,,,,,,,,,,,,
confirmation,30013,neutral,yoked_need,yoked,"13,2,3,12,11,4",6,chain,m3,m0,p2>p7>p2>p4,4,context_comp,A>B>A>C,1,7,A>B>C>D>E>F>X,0,600,1,1.0,1.0,0.8333333333333334,0,0,4,49,0.0175,1,290,601,0,1,0,0,1,0.8977179182409243,-0.006712958459764861,43,1,0,0,0,0.0,0,0,0,0,0,0,0,0,0,1,1,1,0.6710382702519441,0.7711709904776803,0.666083916083916,0.022459985535332124,0.3254389533928166,0.3298813748824249,1.0,0.1888111888111888,0.40472027972027974,0.0,0.1618881118881119,-0.1618881118881119,3.7583000000000153,0,0,0,0.0,0.0,none,0.0,0.0,0.0,0,0,0,1,0,1,290,1,no_bridge,290,0,1,0,0,0,0,0,0,0,0,0,30025,3
confirmation,30013,self_relevant,actual_need,actual,"13,2,3,12,11,4",6,chain,m3,m0,p2>p7>p2>p4,4,context_comp,A>B>A>C,1,7,A>B>C>D>E>F>X,0,600,1,1.0,1.0,0.8333333333333334,0,0,4,49,0.0175,1,288,601,0,1,1,0,0,0.897491551204489,-0.005427413547890901,43,1,0,0,0,0.0,0,0,0,0,0,0,0,0,0,0,0,0,0.7914414206482041,0.8191897599925829,0.6625874125874126,0.31564258457001015,0.910946137071956,0.3330980319488965,1.0,0.18706293706293706,0.7263986013986014,0.7027972027972028,0.15,0.5527972027972028,3.7506000000000155,0,0,0,0.0,0.0,none,0.0,0.0,0.0,0,0,0,1,0,1,288,1,no_bridge,288,0,0,0,0,0,0,0,0,0,0,0,,
confirmation,30013,self_relevant,curiosity,curiosity,"13,2,3,12,11,4",6,chain,m3,m0,p2>p7>p2>p4,4,context_comp,A>B>A>C,1,7,A>B>C>D>E>F>X,0,600,1,1.0,1.0,0.8333333333333334,0,0,4,49,0.0175,1,306,601,0,1,1,0,0,0.9101943269949713,-0.00730986825374912,46,1,0,0,0,0.0,0,0,0,0,0,0,0,0,0,0,0,0,0.7934250711623134,0.8214863014580208,0.6486013986013986,0.0,0.0,0.0,0.0,0.18356643356643357,0.6145104895104895,0.05244755244755245,0.2353146853146853,-0.18286713286713285,3.7352000000000163,0,0,0,0.0,0.0,none,0.0,0.0,0.0,0,0,0,1,0,,,,,,,,,,,,,,,,,,
confirmation,30013,self_relevant,no_need,none,"13,2,3,12,11,4",6,chain,m3,m0,p2>p7>p2>p4,4,context_comp,A>B>A>C,1,7,A>B>C>D>E>F>X,0,600,1,1.0,1.0,0.8333333333333334,0,0,4,49,0.0175,1,391,601,0,1,1,0,0,0.9092587041502415,-0.006037393062975978,46,1,0,0,0,0.0,0,0,0,0,0,0,0,0,0,0,0,0,0.8277068146278816,0.8428022815985322,0.5,0.0,0.0,0.0,0.0,0.14685314685314685,0.6145104895104895,0.05244755244755245,0.2353146853146853,-0.18286713286713285,3.573500000000017,0,0,0,0.0,0.0,none,0.0,0.0,0.0,0,0,0,1,0,,,,,,,,,,,,,,,,,,
confirmation,30013,self_relevant,yoked_need,yoked,"13,2,3,12,11,4",6,chain,m3,m0,p2>p7>p2>p4,4,context_comp,A>B>A>C,1,7,A>B>C>D>E>F>X,0,600,1,1.0,1.0,0.8333333333333334,0,0,4,49,0.0175,1,310,601,0,1,1,0,0,0.909154284880924,-0.006420362231727646,46,1,0,0,0,0.0,0,0,0,0,0,0,0,0,0,0,0,0,0.8116490516091793,0.8335280728417179,0.6433566433566433,0.05224810608599865,0.6361861892210134,0.2376159496892398,1.0,0.18181818181818182,0.6853146853146853,0.017482517482517484,0.27062937062937065,-0.25314685314685315,3.7352000000000154,0,0,0,0.0,0.0,none,0.0,0.0,0.0,0,0,0,1,0,1,310,1,no_bridge,310,0,0,0,0,0,0,0,0,0,0,0,30025,3
confirmation,30014,neutral,actual_need,actual,"3,11,9,10,0",5,dense,m0,m1,p3>p7>p5,3,branch_comp,A>C>B,1,5,A>B>C>D>E,0,600,1,1.0,1.0,1.0,1,1,4,41,0.052564102564102565,1,334,601,0,1,0,1,1,0.8046247385695845,0.0048995360630001445,63,1,1,0,0,2.9151762659545877e-05,0,0,0,0,0,0,0,0,0,1,1,1,0.6371500161940606,0.7675129143548667,0.6678321678321678,0.5180522411245648,0.9662258096071726,0.4921323832863782,1.0,0.21328671328671328,0.5402097902097902,0.8234265734265734,0.06424825174825174,0.7591783216783217,3.5832000000000206,0,0,0,0.0,0.0,none,0.0,0.0,0.0,0,0,0,1,0,1,334,1,no_bridge,334,1,1,1,0,0,0,0,0,0,0,0,,
confirmation,30014,neutral,curiosity,curiosity,"3,11,9,10,0",5,dense,m0,m1,p3>p7>p5,3,branch_comp,A>C>B,1,5,A>B>C>D>E,0,600,1,1.0,1.0,1.0,1,1,4,42,0.05384615384615385,1,283,601,0,1,0,1,1,0.7936374735878138,-0.0016217505524771187,46,1,0,0,0,0.0,0,0,0,0,0,0,0,0,0,1,1,1,0.6390301740726457,0.7709850050024029,0.6433566433566433,0.0,0.0,0.0,0.0,0.20804195804195805,0.28321678321678323,0.14160839160839161,0.10620629370629371,0.035402097902097904,3.5390000000000197,0,0,0,0.0,0.0,none,0.0,0.0,0.0,0,0,0,1,0,,,,,,,,,,,,,,,,,,
confirmation,30014,neutral,no_need,none,"3,11,9,10,0",5,dense,m0,m1,p3>p7>p5,3,branch_comp,A>C>B,1,5,A>B>C>D>E,0,600,1,1.0,1.0,1.0,1,1,4,41,0.052564102564102565,1,363,601,0,1,0,1,1,0.7908262689704644,0.00038190770613749354,46,1,0,0,0,0.0,0,0,0,0,0,0,0,0,0,1,1,1,0.6404414274226726,0.7730478330890198,0.5,0.0,0.0,0.0,0.0,0.17132867132867133,0.28321678321678323,0.14160839160839161,0.10620629370629371,0.035402097902097904,3.44000000000002,0,0,0,0.0,0.0,none,0.0,0.0,0.0,0,0,0,1,0,,,,,,,,,,,,,,,,,,
confirmation,30014,neutral,yoked_need,yoked,"3,11,9,10,0",5,dense,m0,m1,p3>p7>p5,3,branch_comp,A>C>B,1,5,A>B>C>D>E,0,600,1,1.0,1.0,1.0,1,1,4,42,0.05384615384615385,1,290,601,0,1,0,1,1,0.7866324573653962,-2.7749461986841667e-06,46,1,0,0,0,0.0,0,0,0,0,0,0,0,0,0,1,1,1,0.6379095647459664,0.7699820975281984,0.6468531468531469,0.07412749737170404,0.2961378550137313,0.5731309938535762,1.0,0.2097902097902098,0.125,0.04020979020979021,0.05244755244755245,-0.01223776223776224,3.5439500000000197,0,0,0,0.0,0.0,none,0.0,0.0,0.0,0,0,0,1,0,1,290,1,no_bridge,290,1,1,0,0,0,0,0,0,0,0,0,30020,10
confirmation,30014,self_relevant,actual_need,actual,"3,11,9,10,0",5,dense,m0,m1,p3>p7>p5,3,branch_comp,A>C>B,1,5,A>B>C>D>E,0,600,1,1.0,1.0,1.0,1,1,4,41,0.052564102564102565,1,296,296,1,0,0,1,1,0.7879178498549193,0.010125603195659694,46,1,1,1,0,0.026045291261806297,1,1,0,1,1,1,1,1,0,0,0,1,0.8140697754599757,0.8515687040214873,0.5297202797202797,0.0816892371082527,0.4636794217362767,0.41305866455404894,1.0,0.17832167832167833,0.3548951048951049,0.11013986013986014,0.14991258741258742,-0.03977272727272728,3.5402000000000213,0,0,0,0.0,0.0,none,0.0,0.0,0.0,0,0,0,1,0,1,296,1,bridge,296,1,1,1,1,1,1,1,1,1,1,0,,
confirmation,30014,self_relevant,curiosity,curiosity,"3,11,9,10,0",5,dense,m0,m1,p3>p7>p5,3,branch_comp,A>C>B,1,5,A>B>C>D>E,0,600,1,1.0,1.0,1.0,1,1,4,42,0.05384615384615385,1,290,290,1,0,0,1,1,0.7896761773506537,0.00411416008682521,46,1,1,1,0,0.026382806187517854,1,1,0,1,1,1,1,1,0,0,0,1,0.8576349169241082,0.8774880491551921,0.5944055944055944,0.0,0.0,0.0,0.0,0.1958041958041958,0.28321678321678323,0.14160839160839161,0.10620629370629371,0.035402097902097904,3.5847500000000228,0,0,0,0.0,0.0,none,0.0,0.0,0.0,0,0,0,1,0,,,,,,,,,,,,,,,,,,
confirmation,30014,self_relevant,no_need,none,"3,11,9,10,0",5,dense,m0,m1,p3>p7>p5,3,branch_comp,A>C>B,1,5,A>B>C>D>E,0,600,1,1.0,1.0,1.0,0,0,4,41,0.052564102564102565,0,601,601,0,0,0,0,0,0.0,0.0,0,0,0,0,0,0.0,0,0,0,0,0,0,0,0,0,0,0,0,0.8140231319472624,0.8448652133378026,0.5,0.0,0.0,0.0,0.0,0.17132867132867133,0.28321678321678323,0.14160839160839161,0.10620629370629371,0.035402097902097904,3.44000000000002,0,0,0,0.0,0.0,none,0.0,0.0,0.0,0,0,0,1,0,,,,,,,,,,,,,,,,,,
confirmation,30014,self_relevant,yoked_need,yoked,"3,11,9,10,0",5,dense,m0,m1,p3>p7>p5,3,branch_comp,A>C>B,1,5,A>B>C>D>E,0,600,1,1.0,1.0,1.0,1,1,4,41,0.052564102564102565,1,300,601,0,1,1,1,0,0.786463894935269,-0.00039723046603117203,42,1,0,0,0,0.0,0,0,0,0,0,0,0,0,0,0,0,0,0.7936274057566508,0.8305860732441867,0.583916083916084,0.09431745890637745,0.5443254354667812,0.4149036502093739,1.0,0.19230769230769232,0.4527972027972028,0.06118881118881119,0.2111013986013986,-0.1499125874125874,3.4994000000000183,0,0,0,0.0,0.0,none,0.0,0.0,0.0,0,0,0,1,0,1,300,1,no_bridge,300,1,0,0,0,0,0,0,0,0,0,0,30020,10
confirmation,30015,neutral,actual_need,actual,"6,8,13,10,7,0",6,ring,m1,m3,p2>p1>p2>p3,4,context_comp,A>B>A>C,1,7,A>B>C>D>E>F>X,1,600,1,1.0,1.0,1.0,0,0,4,49,0.0175,1,292,601,0,1,0,0,1,0.8498657089099205,-0.004324759971246435,48,1,0,0,0,0.0,0,0,0,0,0,0,0,0,0,1,1,1,0.6676419563287421,0.8041781322418009,0.6555944055944056,0.3705440336342709,0.9502527913799759,0.3568375413752767,1.0,0.22202797202797203,0.6031468531468531,0.7692307692307693,0.08741258741258741,0.6818181818181819,3.742900000000016,0,0,0,0.0,0.0,none,0.0,0.0,0.0,0,0,0,1,0,1,292,1,no_bridge,292,0,1,0,0,0,0,0,0,0,0,0,,
confirmation,30015,neutral,curiosity,curiosity,"6,8,13,10,7,0",6,ring,m1,m3,p2>p1>p2>p3,4,context_comp,A>B>A>C,1,7,A>B>C>D>E>F>X,1,600,1,1.0,1.0,1.0,0,0,4,49,0.0175,1,304,601,0,1,0,0,1,0.8469141380151592,-0.00496447080036802,48,1,0,0,0,0.0,0,0,0,0,0,0,0,0,0,1,1,1,0.6658669383683895,0.8017047266025713,0.6520979020979021,0.0,0.0,0.0,0.0,0.22202797202797203,0.34615384615384615,0.12412587412587413,0.11363636363636363,0.010489510489510495,3.7429000000000165,0,0,0,0.0,0.0,none,0.0,0.0,0.0,0,0,0,1,0,,,,,,,,,,,,,,,,,,
confirmation,30015,neutral,no_need,none,"6,8,13,10,7,0",6,ring,m1,m3,p2>p1>p2>p3,4,context_comp,A>B>A>C,1,7,A>B>C>D>E>F>X,1,600,1,1.0,1.0,1.0,0,0,4,49,0.0175,1,399,601,0,1,0,0,1,0.8534309208600799,-0.003603243273578718,49,1,0,0,0,0.0,0,0,0,0,0,0,0,0,0,1,1,1,0.6689705731638982,0.8052512916786753,0.5,0.0,0.0,0.0,0.0,0.18356643356643357,0.34615384615384615,0.12412587412587413,0.11363636363636363,0.010489510489510495,3.573500000000017,0,0,0,0.0,0.0,none,0.0,0.0,0.0,0,0,0,1,0,,,,,,,,,,,,,,,,,,
confirmation,30015,neutral,yoked_need,yoked,"6,8,13,10,7,0",6,ring,m1,m3,p2>p1>p2>p3,4,context_comp,A>B>A>C,1,7,A>B>C>D>E>F>X,1,600,1,1.0,1.0,1.0,0,0,4,49,0.0175,1,292,601,0,1,0,0,1,0.8425089938847495,-0.0035997717220949896,48,1,0,0,0,0.0,0,0,0,0,0,0,0,0,0,1,1,1,0.6673366701016279,0.8032606492924476,0.6590909090909091,0.0001239625874061428,0.45850028399496096,0.37499882928461725,1.0,0.22202797202797203,0.270979020979021,0.043706293706293704,0.09965034965034965,-0.055944055944055944,3.7506000000000155,0,0,0,0.0,0.0,none,0.0,0.0,0.0,0,0,0,1,0,1,292,1,no_bridge,292,0,1,0,0,0,0,0,0,0,0,0,30027,11
confirmation,30015,self_relevant,actual_need,actual,"6,8,13,10,7,0",6,ring,m1,m3,p2>p1>p2>p3,4,context_comp,A>B>A>C,1,7,A>B>C>D>E>F>X,1,600,1,1.0,1.0,1.0,0,0,4,49,0.0175,1,353,601,0,1,1,0,0,0.852934609742447,-0.0016686361464794443,49,1,0,0,0,0.0,0,0,0,0,0,0,0,0,0,0,0,0,0.8715938197841356,0.8911957148395491,0.5244755244755245,0.11054062069672874,0.8390429158508107,0.25641700474661017,1.0,0.1888111888111888,0.5358391608391608,0.16958041958041958,0.18041958041958042,-0.010839160839160839,3.6043000000000163,0,0,0,0.0,0.0,none,0.0,0.0,0.0,0,0,0,1,0,1,353,1,no_bridge,353,0,0,0,0,0,0,0,0,0,0,0,,
confirmation,30015,self_relevant,curiosity,curiosity,"6,8,13,10,7,0",6,ring,m1,m3,p2>p1>p2>p3,4,context_comp,A>B>A>C,1,7,A>B>C>D>E>F>X,1,600,1,1.0,1.0,1.0,0,0,4,49,0.0175,1,307,601,0,1,1,0,0,0.8466979329743942,-0.004271705359203923,48,1,0,0,0,0.0,0,0,0,0,0,0,0,0,0,0,0,0,0.7879222373402949,0.838472393579678,0.6468531468531469,0.0,0.0,0.0,0.0,0.2202797202797203,0.34615384615384615,0.12412587412587413,0.11363636363636363,0.010489510489510495,3.7352000000000163,0,0,0,0.0,0.0,none,0.0,0.0,0.0,0,0,0,1,0,,,,,,,,,,,,,,,,,,
confirmation,30015,self_relevant,no_need,none,"6,8,13,10,7,0",6,ring,m1,m3,p2>p1>p2>p3,4,context_comp,A>B>A>C,1,7,A>B>C>D>E>F>X,1,600,1,1.0,1.0,1.0,0,0,4,49,0.0175,1,399,601,0,1,1,0,0,0.8534309208600799,-0.0037569732561477383,49,1,0,0,0,0.0,0,0,0,0,0,0,0,0,0,0,0,0,0.8299927309196433,0.8578820536326219,0.5,0.0,0.0,0.0,0.0,0.18356643356643357,0.34615384615384615,0.12412587412587413,0.11363636363636363,0.010489510489510495,3.573500000000017,0,0,0,0.0,0.0,none,0.0,0.0,0.0,0,0,0,1,0,,,,,,,,,,,,,,,,,,
confirmation,30015,self_relevant,yoked_need,yoked,"6,8,13,10,7,0",6,ring,m1,m3,p2>p1>p2>p3,4,context_comp,A>B>A>C,1,7,A>B>C>D>E>F>X,1,600,1,1.0,1.0,1.0,0,0,4,49,0.0175,1,293,601,0,1,1,0,0,0.846276524763193,-0.0025699996840125023,49,1,0,0,0,0.0,0,0,0,0,0,0,0,0,0,0,0,0,0.8147105866744492,0.8485817089865181,0.6328671328671329,0.000292437626977221,0.5624555924418433,0.3159738460822791,1.0,0.21678321678321677,0.46153846153846156,0.0472027972027972,0.17517482517482516,-0.12797202797202795,3.719800000000016,0,0,0,0.0,0.0,none,0.0,0.0,0.0,0,0,0,1,0,1,293,1,no_bridge,293,0,0,0,0,0,0,0,0,0,0,0,30027,11
confirmation,30016,neutral,actual_need,actual,"4,10,13,8,11",5,chain,m0,m1,p1>p4>p0,3,branch_comp,A>C>B,1,5,A>B>C>D>E,0,600,1,1.0,0.8333333333333334,1.0,0,0,4,53,0.06794871794871794,0,601,601,0,0,0,0,0,0.0,0.0,0,0,1,0,0,0.0004441716466828998,0,0,0,0,0,0,0,0,0,1,0,1,0.5693438396410924,0.7472357149052279,0.6503496503496503,0.2974145028661305,0.783627572172976,0.27620437078402316,1.0,0.2097902097902098,0.479020979020979,0.6713286713286714,0.07167832167832168,0.5996503496503497,3.6646000000000174,0,0,0,0.0,0.0,none,0.0,0.0,0.0,0,0,0,1,0,1,600,0,,601,0,0,1,0,0,0,0,0,0,0,0,,
confirmation,30016,neutral,curiosity,curiosity,"4,10,13,8,11",5,chain,m0,m1,p1>p4>p0,3,branch_comp,A>C>B,1,5,A>B>C>D>E,0,600,1,1.0,0.8333333333333334,1.0,1,1,4,41,0.052564102564102565,1,275,601,0,1,0,1,1,0.7872263934968453,0.0007815455037410809,44,1,0,0,0,0.0,0,0,0,0,0,0,0,0,0,1,1,1,0.5698863101981471,0.7480869095804479,0.6451048951048951,0.0,0.0,0.0,0.0,0.20804195804195805,0.20454545454545456,0.0944055944055944,0.07867132867132867,0.01573426573426573,3.539000000000019,0,0,0,0.0,0.0,none,0.0,0.0,0.0,0,0,0,1,0,,,,,,,,,,,,,,,,,,
confirmation,30016,neutral,no_need,none,"4,10,13,8,11",5,chain,m0,m1,p1>p4>p0,3,branch_comp,A>C>B,1,5,A>B>C>D>E,0,600,1,1.0,0.8333333333333334,1.0,1,1,4,42,0.05384615384615385,1,363,601,0,1,0,1,1,0.7970134590901565,-0.0009549113967938208,46,1,0,0,0,0.0,0,0,0,0,0,0,0,0,0,1,1,1,0.5697188573477179,0.7467994276217362,0.5,0.0,0.0,0.0,0.0,0.17132867132867133,0.20454545454545456,0.0944055944055944,0.07867132867132867,0.01573426573426573,3.44000000000002,0,0,0,0.0,0.0,none,0.0,0.0,0.0,0,0,0,1,0,,,,,,,,,,,,,,,,,,
confirmation,30016,neutral,yoked_need,yoked,"4,10,13,8,11",5,chain,m0,m1,p1>p4>p0,3,branch_comp,A>C>B,1,5,A>B>C>D>E,0,600,1,1.0,0.8333333333333334,1.0,0,0,4,53,0.06794871794871794,0,601,601,0,0,0,0,0,0.0,0.0,0,0,0,0,0,0.0,0,0,0,0,0,0,0,0,0,1,0,1,0.5695548147823347,0.7459236707726963,0.6678321678321678,0.003175593631791904,0.4101715473300873,0.31761218357857307,1.0,0.21328671328671328,0.3155594405594406,0.0017482517482517483,0.15734265734265734,-0.1555944055944056,3.660550000000017,0,0,0,0.0,0.0,none,0.0,0.0,0.0,0,0,0,1,0,1,600,0,,601,0,0,0,0,0,0,0,0,0,0,0,30022,5
confirmation,30016,self_relevant,actual_need,actual,"4,10,13,8,11",5,chain,m0,m1,p1>p4>p0,3,branch_comp,A>C>B,1,5,A>B>C>D>E,0,600,1,1.0,0.8333333333333334,1.0,1,1,4,53,0.06794871794871794,1,259,259,1,0,0,1,1,0.7852644822594186,0.008257762861081356,44,1,1,1,0,0.027184906005823104,1,1,0,1,1,1,1,1,0,0,0,1,0.8704205482623778,0.8941351964044738,0.5681818181818182,0.06571532576319675,0.5521813197830251,0.2224216621927989,1.0,0.1888111888111888,0.36363636363636365,0.09265734265734266,0.15865384615384615,-0.06599650349650349,3.644700000000021,0,0,0,0.0,0.0,none,0.0,0.0,0.0,0,0,0,1,0,1,259,1,bridge,259,1,1,1,1,1,1,1,1,1,1,0,,
confirmation,30016,self_relevant,curiosity,curiosity,"4,10,13,8,11",5,chain,m0,m1,p1>p4>p0,3,branch_comp,A>C>B,1,5,A>B>C>D>E,0,600,1,1.0,0.8333333333333334,1.0,1,1,4,41,0.052564102564102565,1,274,601,0,1,1,1,0,0.7841961489673228,-0.0010925952568271624,44,1,0,0,0,0.0,0,0,0,0,0,0,0,0,0,0,0,0,0.7699787472238618,0.8106802410150589,0.6468531468531469,0.0,0.0,0.0,0.0,0.2097902097902098,0.20454545454545456,0.0944055944055944,0.07867132867132867,0.01573426573426573,3.543950000000019,0,0,0,0.0,0.0,none,0.0,0.0,0.0,0,0,0,1,0,,,,,,,,,,,,,,,,,,
confirmation,30016,self_relevant,no_need,none,"4,10,13,8,11",5,chain,m0,m1,p1>p4>p0,3,branch_comp,A>C>B,1,5,A>B>C>D>E,0,600,1,1.0,0.8333333333333334,1.0,1,1,4,42,0.05384615384615385,1,379,601,0,1,1,1,0,0.8014994412752362,0.0013826890577260619,50,1,0,0,0,0.0,0,0,0,0,0,0,0,0,0,0,0,0,0.8253821341559043,0.8340052628031103,0.5,0.0,0.0,0.0,0.0,0.17132867132867133,0.20454545454545456,0.0944055944055944,0.07867132867132867,0.01573426573426573,3.44000000000002,0,0,0,0.0,0.0,none,0.0,0.0,0.0,0,0,0,1,0,,,,,,,,,,,,,,,,,,
confirmation,30016,self_relevant,yoked_need,yoked,"4,10,13,8,11",5,chain,m0,m1,p1>p4>p0,3,branch_comp,A>C>B,1,5,A>B>C>D>E,0,600,1,1.0,0.8333333333333334,1.0,1,1,4,42,0.05384615384615385,1,260,260,1,0,0,1,1,0.7865224748722464,0.004793222136983587,44,1,1,1,0,0.02655864716891479,1,1,0,1,1,1,1,1,0,0,0,1,0.8621031873744657,0.8874544370875354,0.6311188811188811,0.018484065844828142,0.23629977460318458,0.4270106163130639,1.0,0.20454545454545456,0.11800699300699301,0.006993006993006993,0.05725524475524475,-0.05026223776223776,3.6095000000000232,0,0,0,0.0,0.0,none,0.0,0.0,0.0,0,0,0,1,0,1,260,1,bridge,260,1,1,1,1,1,1,1,1,1,1,0,30022,5
confirmation,30017,neutral,actual_need,actual,"1,9,4,7,10,6",6,dense,m0,m3,p1>p6>p1>p2,4,context_comp,A>B>A>C,1,7,A>B>C>D>E>F>X,0,600,1,1.0,0.8571428571428571,1.0,1,1,4,49,0.0175,1,306,601,0,1,0,1,1,0.9121401243275986,-0.0011380104169855722,46,1,0,0,0,0.0,0,0,0,0,0,0,0,0,0,1,1,1,0.6805214827169617,0.7747502954993616,0.6748251748251748,0.42097642339041147,0.7401139495975326,0.4207933487086846,1.0,0.22727272727272727,0.5568181818181818,0.722027972027972,0.07832167832167833,0.6437062937062936,3.766000000000015,0,0,0,0.0,0.0,none,0.0,0.0,0.0,0,0,0,1,0,1,306,1,no_bridge,306,1,1,0,0,0,0,0,0,0,0,0,,
confirmation,30017,neutral,curiosity,curiosity,"1,9,4,7,10,6",6,dense,m0,m3,p1>p6>p1>p2,4,context_comp,A>B>A>C,1,7,A>B>C>D>E>F>X,0,600,1,1.0,0.8571428571428571,1.0,1,1,4,49,0.0175,1,303,601,0,1,0,1,1,0.9131176376781868,-0.002510973289999669,46,1,0,0,0,0.0,0,0,0,0,0,0,0,0,0,1,1,1,0.683960642470793,0.7811082441190719,0.6433566433566433,0.0,0.0,0.0,0.0,0.2202797202797203,0.3208041958041958,0.13111888111888112,0.10209790209790211,0.029020979020979012,3.735200000000017,0,0,0,0.0,0.0,none,0.0,0.0,0.0,0,0,0,1,0,,,,,,,,,,,,,,,,,,
confirmation,30017,neutral,no_need,none,"1,9,4,7,10,6",6,dense,m0,m3,p1>p6>p1>p2,4,context_comp,A>B>A>C,1,7,A>B>C>D>E>F>X,0,600,1,1.0,0.8571428571428571,1.0,1,1,4,49,0.0175,1,391,601,0,1,0,1,1,0.9095119645694234,-0.002169880919823206,46,1,0,0,0,0.0,0,0,0,0,0,0,0,0,0,1,1,1,0.6867989262488684,0.7863124629348205,0.5,0.0,0.0,0.0,0.0,0.18356643356643357,0.3208041958041958,0.13111888111888112,0.10209790209790211,0.029020979020979012,3.573500000000017,0,0,0,0.0,0.0,none,0.0,0.0,0.0,0,0,0,1,0,,,,,,,,,,,,,,,,,,
confirmation,30017,neutral,yoked_need,yoked,"1,9,4,7,10,6",6,dense,m0,m3,p1>p6>p1>p2,4,context_comp,A>B>A>C,1,7,A>B>C>D>E>F>X,0,600,1,1.0,0.8571428571428571,1.0,1,1,4,49,0.0175,1,304,601,0,1,0,1,1,0.9114662666405589,2.9777911387178925e-05,46,1,0,0,0,0.0,0,0,0,0,0,0,0,0,0,1,1,1,0.6826094621274376,0.7790235553818982,0.6818181818181818,0.00029972713074549116,0.13662248792013862,0.4823573993918159,1.0,0.229020979020979,0.19405594405594406,0.08741258741258741,0.06013986013986014,0.027272727272727268,3.7737000000000154,0,0,0,0.0,0.0,none,0.0,0.0,0.0,0,0,0,1,0,1,304,1,no_bridge,304,1,1,0,0,0,0,0,0,0,0,0,30029,6
confirmation,30017,self_relevant,actual_need,actual,"1,9,4,7,10,6",6,dense,m0,m3,p1>p6>p1>p2,4,context_comp,A>B>A>C,1,7,A>B>C>D>E>F>X,0,600,1,1.0,0.8571428571428571,1.0,1,1,4,49,0.0175,1,494,494,1,0,0,1,1,0.9407189308675556,0.0040743164451538805,90,1,1,1,0,0.029993009090463495,1,1,0,1,1,1,1,1,0,0,0,1,0.8131025820410375,0.8718184993349388,0.548951048951049,0.07381131039813127,0.4350156635354494,0.41013600280654106,1.0,0.1958041958041958,0.43006993006993005,0.11188811188811189,0.14965034965034965,-0.03776223776223776,3.7098000000000173,0,0,0,0.0,0.0,none,0.0,0.0,0.0,0,0,0,1,0,1,494,1,bridge,494,1,1,1,1,1,1,1,1,1,1,0,,
confirmation,30017,self_relevant,curiosity,curiosity,"1,9,4,7,10,6",6,dense,m0,m3,p1>p6>p1>p2,4,context_comp,A>B>A>C,1,7,A>B>C>D>E>F>X,0,600,1,1.0,0.8571428571428571,1.0,1,1,4,49,0.0175,1,308,601,0,1,1,1,0,0.9092566968666511,-0.0004357316192502283,46,1,0,0,0,0.0,0,0,0,0,0,0,0,0,0,0,0,0,0.7400145056197254,0.8233311941423075,0.6503496503496503,0.0,0.0,0.0,0.0,0.2202797202797203,0.3208041958041958,0.13111888111888112,0.10209790209790211,0.029020979020979012,3.742900000000017,0,0,0,0.0,0.0,none,0.0,0.0,0.0,0,0,0,1,0,,,,,,,,,,,,,,,,,,
confirmation,30017,self_relevant,no_need,none,"1,9,4,7,10,6",6,dense,m0,m3,p1>p6>p1>p2,4,context_comp,A>B>A>C,1,7,A>B>C>D>E>F>X,0,600,1,1.0,0.8571428571428571,1.0,1,1,4,49,0.0175,1,391,601,0,1,1,1,0,0.9095119645694234,0.0014462994323776886,46,1,0,0,0,0.0,0,0,0,0,0,0,0,0,0,0,0,0,0.7551939333566992,0.8354404673062293,0.5,0.0,0.0,0.0,0.0,0.18356643356643357,0.3208041958041958,0.13111888111888112,0.10209790209790211,0.029020979020979012,3.573500000000017,0,0,0,0.0,0.0,none,0.0,0.0,0.0,0,0,0,1,0,,,,,,,,,,,,,,,,,,
confirmation,30017,self_relevant,yoked_need,yoked,"1,9,4,7,10,6",6,dense,m0,m3,p1>p6>p1>p2,4,context_comp,A>B>A>C,1,7,A>B>C>D>E>F>X,0,600,1,1.0,0.8571428571428571,1.0,1,1,4,49,0.0175,1,350,601,0,1,1,1,0,0.9042328549311148,-0.0007675856721579753,46,1,0,0,0,0.0,0,0,0,0,0,0,0,0,0,0,0,0,0.7715450242651278,0.8360680801274613,0.506993006993007,0.016638850172012012,0.23367119718807106,0.413122559708402,1.0,0.1853146853146853,0.21328671328671328,0.09090909090909091,0.06713286713286713,0.02377622377622378,3.581200000000017,0,0,0,0.0,0.0,none,0.0,0.0,0.0,0,0,0,1,0,1,350,1,no_bridge,350,1,0,0,0,0,0,0,0,0,0,0,30029,6
confirmation,30018,neutral,actual_need,actual,"3,1,5,2,6",5,ring,m0,m3,p5>p6>p0,3,branch_comp,A>C>B,1,5,A>B>C>D>E,0,600,1,1.0,0.8333333333333334,1.0,1,1,4,43,0.05512820512820513,1,275,601,0,1,0,1,1,0.7788782352819678,-0.00456531337005548,47,1,0,0,0,0.0,0,0,0,0,0,0,0,0,0,1,1,1,0.6231372203339385,0.7697700785896443,0.6573426573426573,0.5733378637206753,0.762285625730315,0.573703978698972,1.0,0.21153846153846154,0.5699300699300699,0.9283216783216783,0.052884615384615384,0.8754370629370629,3.5489000000000197,0,0,0,0.0,0.0,none,0.0,0.0,0.0,0,0,0,1,0,1,275,1,no_bridge,275,1,1,0,0,0,0,0,0,0,0,0,,
confirmation,30018,neutral,curiosity,curiosity,"3,1,5,2,6",5,ring,m0,m3,p5>p6>p0,3,branch_comp,A>C>B,1,5,A>B>C>D>E,0,600,1,1.0,0.8333333333333334,1.0,1,1,4,42,0.05384615384615385,1,282,601,0,1,0,1,1,0.7734336202818857,-0.0026006334107614828,43,1,0,0,0,0.0,0,0,0,0,0,0,0,0,0,1,1,1,0.6194475292672419,0.7687080205660678,0.6503496503496503,0.0,0.0,0.0,0.0,0.2097902097902098,0.26835664335664333,0.1258741258741259,0.10270979020979021,0.023164335664335678,3.5439500000000206,0,0,0,0.0,0.0,none,0.0,0.0,0.0,0,0,0,1,0,,,,,,,,,,,,,,,,,,
confirmation,30018,neutral,no_need,none,"3,1,5,2,6",5,ring,m0,m3,p5>p6>p0,3,branch_comp,A>C>B,1,5,A>B>C>D>E,0,600,1,1.0,0.8333333333333334,1.0,1,1,4,41,0.052564102564102565,1,363,601,0,1,0,1,1,0.7927877364216623,-0.0010919464536185617,46,1,0,0,0,0.0,0,0,0,0,0,0,0,0,0,1,1,1,0.6321307207684196,0.7735663145257332,0.5,0.0,0.0,0.0,0.0,0.17132867132867133,0.26835664335664333,0.1258741258741259,0.10270979020979021,0.023164335664335678,3.44000000000002,0,0,0,0.0,0.0,none,0.0,0.0,0.0,0,0,0,1,0,,,,,,,,,,,,,,,,,,
confirmation,30018,neutral,yoked_need,yoked,"3,1,5,2,6",5,ring,m0,m3,p5>p6>p0,3,branch_comp,A>C>B,1,5,A>B>C>D>E,0,600,1,1.0,0.8333333333333334,1.0,1,1,4,42,0.05384615384615385,1,274,601,0,1,0,1,1,0.7827201038343898,-0.00018557805515903496,47,1,0,0,0,0.0,0,0,0,0,0,0,0,0,0,1,1,1,0.6267309452282803,0.7706423068415875,0.6555944055944056,0.1393247429648518,0.16356535249065574,0.45725373580057715,1.0,0.2097902097902098,0.1853146853146853,0.09090909090909091,0.06993006993006994,0.020979020979020976,3.5489000000000197,0,0,0,0.0,0.0,none,0.0,0.0,0.0,0,0,0,1,0,1,274,1,no_bridge,274,1,1,0,0,0,0,0,0,0,0,0,30024,13
confirmation,30018,self_relevant,actual_need,actual,"3,1,5,2,6",5,ring,m0,m3,p5>p6>p0,3,branch_comp,A>C>B,1,5,A>B>C>D>E,0,600,1,1.0,0.8333333333333334,1.0,1,1,4,41,0.052564102564102565,1,320,601,0,1,1,1,0,0.7846209065025245,0.0007857402580159194,46,1,0,0,0,0.0,0,0,0,0,0,0,0,0,0,0,0,0,0.802529783320353,0.8378725131909125,0.6416083916083916,0.44098247279197855,0.5500281128037486,0.4803555386117582,1.0,0.2062937062937063,0.5148601398601399,0.7342657342657343,0.07386363636363637,0.6604020979020979,3.5390000000000184,0,0,0,0.0,0.0,none,0.0,0.0,0.0,0,0,0,1,0,1,320,1,no_bridge,320,1,0,0,0,0,0,0,0,0,0,0,,
confirmation,30018,self_relevant,curiosity,curiosity,"3,1,5,2,6",5,ring,m0,m3,p5>p6>p0,3,branch_comp,A>C>B,1,5,A>B>C>D>E,0,600,1,1.0,0.8333333333333334,1.0,1,1,4,42,0.05384615384615385,1,277,277,1,0,0,1,1,0.773220306852155,0.0048969078940780545,44,1,1,1,0,0.025417649264888934,1,1,0,1,1,1,0,0,0,0,0,1,0.859830832965234,0.8798445414770548,0.5961538461538461,0.0,0.0,0.0,0.0,0.1958041958041958,0.26835664335664333,0.1258741258741259,0.10270979020979021,0.023164335664335678,3.5847500000000236,0,0,0,0.0,0.0,none,0.0,0.0,0.0,0,0,0,1,0,,,,,,,,,,,,,,,,,,
confirmation,30018,self_relevant,no_need,none,"3,1,5,2,6",5,ring,m0,m3,p5>p6>p0,3,branch_comp,A>C>B,1,5,A>B>C>D>E,0,600,1,1.0,0.8333333333333334,1.0,1,1,4,41,0.052564102564102565,1,363,601,0,1,1,1,0,0.7927877364216623,-5.252261217643514e-06,46,1,0,0,0,0.0,0,0,0,0,0,0,0,0,0,0,0,0,0.8149206024916003,0.8547120804434198,0.5,0.0,0.0,0.0,0.0,0.17132867132867133,0.26835664335664333,0.1258741258741259,0.10270979020979021,0.023164335664335678,3.44000000000002,0,0,0,0.0,0.0,none,0.0,0.0,0.0,0,0,0,1,0,,,,,,,,,,,,,,,,,,
confirmation,30018,self_relevant,yoked_need,yoked,"3,1,5,2,6",5,ring,m0,m3,p5>p6>p0,3,branch_comp,A>C>B,1,5,A>B>C>D>E,0,600,1,1.0,0.8333333333333334,1.0,1,1,4,41,0.052564102564102565,1,261,261,1,0,0,1,1,0.7711110292745416,0.0061970781560838585,44,1,1,1,0,0.02605264969937771,1,1,0,1,1,1,0,0,0,0,0,1,0.8657429128078276,0.8884695712074964,0.5437062937062938,0.03977792374810222,0.12334876078769796,0.43491111834897034,1.0,0.18181818181818182,0.18444055944055945,0.08741258741258741,0.07036713286713286,0.017045454545454544,3.5501000000000213,0,0,0,0.0,0.0,none,0.0,0.0,0.0,0,0,0,1,0,1,261,1,bridge,261,1,1,1,1,1,1,1,1,0,0,0,30024,13
confirmation,30019,neutral,actual_need,actual,"11,8,7,13,9,6",6,chain,m3,m1,p3>p5>p3>p1,4,context_comp,A>B>A>C,1,7,A>B>C>D>E>F>X,1,600,1,1.0,0.8333333333333334,0.8333333333333334,1,1,4,49,0.0175,1,295,601,0,1,0,1,1,0.8428420363011085,-0.004254779025924816,48,1,1,0,0,0.0,0,0,0,0,0,0,0,0,0,1,1,1,0.6548961819143014,0.7897561487416848,0.6643356643356644,0.37022672380084665,0.8590458934626227,0.35783715381038556,1.0,0.18706293706293706,0.6302447552447552,0.7674825174825175,0.0986013986013986,0.6688811188811189,3.7827000000000166,0,0,0,0.0,0.0,none,0.0,0.0,0.0,0,0,0,1,0,1,295,1,no_bridge,295,1,1,1,0,0,0,0,0,0,0,0,,
confirmation,30019,neutral,curiosity,curiosity,"11,8,7,13,9,6",6,chain,m3,m1,p3>p5>p3>p1,4,context_comp,A>B>A>C,1,7,A>B>C>D>E>F>X,1,600,1,1.0,0.8333333333333334,0.8333333333333334,0,0,4,49,0.0175,1,305,601,0,1,0,0,1,0.8517605359311059,-0.0015580150954300686,48,1,0,0,0,0.0,0,0,0,0,0,0,0,0,0,1,1,1,0.654871877481085,0.7905881990923066,0.6451048951048951,0.0,0.0,0.0,0.0,0.21853146853146854,0.46678321678321677,0.11013986013986014,0.1646853146853147,-0.05454545454545455,3.735200000000017,0,0,0,0.0,0.0,none,0.0,0.0,0.0,0,0,0,1,0,,,,,,,,,,,,,,,,,,
confirmation,30019,neutral,no_need,none,"11,8,7,13,9,6",6,chain,m3,m1,p3>p5>p3>p1,4,context_comp,A>B>A>C,1,7,A>B>C>D>E>F>X,1,600,1,1.0,0.8333333333333334,0.8333333333333334,0,0,4,49,0.0175,1,399,601,0,1,0,0,1,0.8591707171420978,-0.0016316802690865347,49,1,0,0,0,0.0,0,0,0,0,0,0,0,0,0,1,1,1,0.6551749683380905,0.7924327613377654,0.5,0.0,0.0,0.0,0.0,0.18356643356643357,0.46678321678321677,0.11013986013986014,0.1646853146853147,-0.05454545454545455,3.573500000000017,0,0,0,0.0,0.0,none,0.0,0.0,0.0,0,0,0,1,0,,,,,,,,,,,,,,,,,,
confirmation,30019,neutral,yoked_need,yoked,"11,8,7,13,9,6",6,chain,m3,m1,p3>p5>p3>p1,4,context_comp,A>B>A>C,1,7,A>B>C>D>E>F>X,1,600,1,1.0,0.8333333333333334,0.8333333333333334,1,1,4,49,0.0175,1,294,601,0,1,0,1,1,0.8465542316627187,-0.00044456755829063756,48,1,0,0,0,0.0,0,0,0,0,0,0,0,0,0,1,1,1,0.6548932522637293,0.7905453822345866,0.6608391608391608,0.0070773246949647406,0.20854133906881117,0.24771620605826705,1.0,0.18706293706293706,0.3103146853146853,0.06468531468531469,0.11118881118881119,-0.0465034965034965,3.7506000000000155,0,0,0,0.0,0.0,none,0.0,0.0,0.0,0,0,0,1,0,1,294,1,no_bridge,294,1,1,0,0,0,0,0,0,0,0,0,30031,1
confirmation,30019,self_relevant,actual_need,actual,"11,8,7,13,9,6",6,chain,m3,m1,p3>p5>p3>p1,4,context_comp,A>B>A>C,1,7,A>B>C>D>E>F>X,1,600,1,1.0,0.8333333333333334,0.8333333333333334,1,1,4,49,0.0175,1,293,293,1,0,0,1,1,0.8459776091671004,0.005762516572889479,48,1,1,1,0,0.02986984468764248,1,1,0,1,1,1,1,1,0,0,0,1,0.8586566174262265,0.8936849742089299,0.5856643356643356,0.16089322557328953,0.8132475756706544,0.3769977242478712,1.0,0.16783216783216784,0.6118881118881119,0.1381118881118881,0.21713286713286714,-0.07902097902097904,3.7483000000000204,0,0,0,0.0,0.0,none,0.0,0.0,0.0,0,0,0,1,0,1,293,1,bridge,293,1,1,1,1,1,1,1,1,1,1,0,,
confirmation,30019,self_relevant,curiosity,curiosity,"11,8,7,13,9,6",6,chain,m3,m1,p3>p5>p3>p1,4,context_comp,A>B>A>C,1,7,A>B>C>D>E>F>X,1,600,1,1.0,0.8333333333333334,0.8333333333333334,1,1,4,49,0.0175,1,291,291,1,0,0,1,1,0.8160772794058371,0.008579723137772052,43,1,1,1,0,0.029419744654265986,1,1,0,1,1,1,1,1,0,0,0,1,0.8650369361139013,0.8957256258156846,0.5611888111888111,0.0,0.0,0.0,0.0,0.19755244755244755,0.46678321678321677,0.11013986013986014,0.1646853146853147,-0.05454545454545455,3.725200000000021,0,0,0,0.0,0.0,none,0.0,0.0,0.0,0,0,0,1,0,,,,,,,,,,,,,,,,,,
confirmation,30019,self_relevant,no_need,none,"11,8,7,13,9,6",6,chain,m3,m1,p3>p5>p3>p1,4,context_comp,A>B>A>C,1,7,A>B>C>D>E>F>X,1,600,1,1.0,0.8333333333333334,0.8333333333333334,0,0,4,49,0.0175,1,559,601,0,1,1,0,0,0.9049897577458477,-0.0007144659839710942,82,1,0,0,0,0.0,0,0,0,0,0,0,0,0,0,0,0,0,0.8395353662559997,0.8598013609350127,0.5,0.0,0.0,0.0,0.0,0.18356643356643357,0.46678321678321677,0.11013986013986014,0.1646853146853147,-0.05454545454545455,3.573500000000017,0,0,0,0.0,0.0,none,0.0,0.0,0.0,0,0,0,1,0,,,,,,,,,,,,,,,,,,
confirmation,30019,self_relevant,yoked_need,yoked,"11,8,7,13,9,6",6,chain,m3,m1,p3>p5>p3>p1,4,context_comp,A>B>A>C,1,7,A>B>C>D>E>F>X,1,600,1,1.0,0.8333333333333334,0.8333333333333334,1,1,4,49,0.0175,1,294,601,0,1,1,1,0,0.8477273462573435,0.0008264262172968603,48,1,0,0,0,0.0,0,0,0,0,0,0,0,0,0,0,0,0,0.8052315577045667,0.8422480324118395,0.6625874125874126,0.013355216415420333,0.373641955963134,0.23453968102533299,1.0,0.18706293706293706,0.36625874125874125,0.08391608391608392,0.12972027972027972,-0.0458041958041958,3.7506000000000155,0,0,0,0.0,0.0,none,0.0,0.0,0.0,0,0,0,1,0,1,294,1,no_bridge,294,1,0,0,0,0,0,0,0,0,0,0,30031,1
confirmation,30020,neutral,actual_need,actual,"1,2,11,4,6",5,dense,m1,m0,p7>p6>p4,3,branch_comp,A>C>B,1,5,A>B>C>D>E,0,600,1,1.0,0.8333333333333334,1.0,0,0,4,42,0.05384615384615385,1,278,601,0,1,0,0,1,0.7749124604620515,-0.002072649812691262,44,1,0,0,0,0.0,0,0,0,0,0,0,0,0,0,1,1,1,0.7070046219768527,0.7976015450005158,0.6363636363636364,0.5632368078385963,0.7043453170747007,0.5898209018847339,1.0,0.18006993006993008,0.49213286713286714,0.9073426573426573,0.019230769230769232,0.888111888111888,3.5340500000000197,0,0,0,0.0,0.0,none,0.0,0.0,0.0,0,0,0,1,0,1,278,1,no_bridge,278,0,1,0,0,0,0,0,0,0,0,0,,
confirmation,30020,neutral,curiosity,curiosity,"1,2,11,4,6",5,dense,m1,m0,p7>p6>p4,3,branch_comp,A>C>B,1,5,A>B>C>D>E,0,600,1,1.0,0.8333333333333334,1.0,0,0,4,41,0.052564102564102565,1,278,601,0,1,0,0,1,0.7760198341062665,-0.002022999841168864,44,1,0,0,0,0.0,0,0,0,0,0,0,0,0,0,1,1,1,0.7062341253511145,0.7963481261323601,0.6538461538461539,0.0,0.0,0.0,0.0,0.1853146853146853,0.20279720279720279,0.10139860139860139,0.07604895104895104,0.02534965034965035,3.5489000000000193,0,0,0,0.0,0.0,none,0.0,0.0,0.0,0,0,0,1,0,,,,,,,,,,,,,,,,,,
confirmation,30020,neutral,no_need,none,"1,2,11,4,6",5,dense,m1,m0,p7>p6>p4,3,branch_comp,A>C>B,1,5,A>B>C>D>E,0,600,1,1.0,0.8333333333333334,1.0,0,0,4,41,0.052564102564102565,1,363,601,0,1,0,0,1,0.7890799445416543,-0.0004612562917026531,46,1,0,0,0,0.0,0,0,0,0,0,0,0,0,0,1,1,1,0.7055863098903561,0.794855641050759,0.5,0.0,0.0,0.0,0.0,0.14685314685314685,0.20279720279720279,0.10139860139860139,0.07604895104895104,0.02534965034965035,3.44000000000002,0,0,0,0.0,0.0,none,0.0,0.0,0.0,0,0,0,1,0,,,,,,,,,,,,,,,,,,
confirmation,30020,neutral,yoked_need,yoked,"1,2,11,4,6",5,dense,m1,m0,p7>p6>p4,3,branch_comp,A>C>B,1,5,A>B>C>D>E,0,600,1,1.0,0.8333333333333334,1.0,0,0,4,42,0.05384615384615385,1,271,601,0,1,0,0,1,0.7752779428693513,-0.0014229260420198153,44,1,0,0,0,0.0,0,0,0,0,0,0,0,0,0,1,1,1,0.7065801918562584,0.7972792499445275,0.6730769230769231,0.06673096629926484,0.21640781385719712,0.44142668710650784,1.0,0.1888111888111888,0.02972027972027972,0.019230769230769232,0.010052447552447552,0.00917832167832168,3.5588000000000193,0,0,0,0.0,0.0,none,0.0,0.0,0.0,0,0,0,1,0,1,271,1,no_bridge,271,0,1,0,0,0,0,0,0,0,0,0,30026,8
confirmation,30020,self_relevant,actual_need,actual,"1,2,11,4,6",5,dense,m1,m0,p7>p6>p4,3,branch_comp,A>C>B,1,5,A>B>C>D>E,0,600,1,1.0,0.8333333333333334,1.0,0,0,4,43,0.05512820512820513,1,312,601,0,1,1,0,0,0.7880179249017165,0.001319695147814466,46,1,0,0,0,0.0,0,0,0,0,0,0,0,0,0,0,0,0,0.8187503115025244,0.8333701474397236,0.5786713286713286,0.11323841332167094,0.27217776978181857,0.4289108411631624,1.0,0.16433566433566432,0.17307692307692307,0.17307692307692307,0.04326923076923077,0.1298076923076923,3.4944500000000183,0,0,0,0.0,0.0,none,0.0,0.0,0.0,0,0,0,1,0,1,312,1,no_bridge,312,0,0,0,0,0,0,0,0,0,0,0,,
confirmation,30020,self_relevant,curiosity,curiosity,"1,2,11,4,6",5,dense,m1,m0,p7>p6>p4,3,branch_comp,A>C>B,1,5,A>B>C>D>E,0,600,1,1.0,0.8333333333333334,1.0,0,0,4,42,0.05384615384615385,1,307,601,0,1,1,0,0,0.7873041897575739,-0.0007669042768147617,52,1,0,0,0,0.0,0,0,0,0,0,0,0,0,0,0,0,0,0.7887048564474287,0.8174401119257888,0.6503496503496503,0.0,0.0,0.0,0.0,0.18356643356643357,0.20279720279720279,0.10139860139860139,0.07604895104895104,0.02534965034965035,3.5439500000000193,0,0,0,0.0,0.0,none,0.0,0.0,0.0,0,0,0,1,0,,,,,,,,,,,,,,,,,,
confirmation,30020,self_relevant,no_need,none,"1,2,11,4,6",5,dense,m1,m0,p7>p6>p4,3,branch_comp,A>C>B,1,5,A>B>C>D>E,0,600,1,1.0,0.8333333333333334,1.0,1,1,4,41,0.052564102564102565,1,355,355,1,0,0,1,1,0.7291537244238557,0.0049516300884792815,45,1,1,1,0,0.02677368061177673,1,1,0,1,1,1,1,1,0,0,0,1,0.8542111401001259,0.873153261858775,0.5,0.0,0.0,0.0,0.0,0.1451048951048951,0.20279720279720279,0.10139860139860139,0.07604895104895104,0.02534965034965035,3.52040000000002,0,0,0,0.0,0.0,none,0.0,0.0,0.0,0,0,0,1,0,,,,,,,,,,,,,,,,,,
confirmation,30020,self_relevant,yoked_need,yoked,"1,2,11,4,6",5,dense,m1,m0,p7>p6>p4,3,branch_comp,A>C>B,1,5,A>B>C>D>E,0,600,1,1.0,0.8333333333333334,1.0,0,0,4,41,0.052564102564102565,1,386,601,0,1,1,0,0,0.7994581564213064,0.000410533941804508,63,1,0,0,0,0.0,0,0,0,0,0,0,0,0,0,0,0,0,0.8694746670730077,0.8867996846054741,0.513986013986014,0.037198068135993696,0.3091279035701069,0.4080308068296462,1.0,0.15034965034965034,0.09003496503496504,0.022727272727272728,0.039335664335664336,-0.016608391608391608,3.4499000000000173,0,0,0,0.0,0.0,none,0.0,0.0,0.0,0,0,0,1,0,1,386,1,no_bridge,386,0,0,0,0,0,0,0,0,0,0,0,30026,8
confirmation,30021,neutral,actual_need,actual,"10,3,6,9,13,7",6,ring,m2,m3,p4>p5>p4>p6,4,context_comp,A>B>A>C,1,7,A>B>C>D>E>F>X,0,600,1,1.0,1.0,1.0,1,1,4,49,0.0175,1,286,601,0,1,0,1,1,0.9823783417828237,-0.003140198768266215,42,1,1,0,0,0.0,0,0,0,0,0,0,0,0,0,1,1,1,0.6782686896769495,0.8004607071746291,0.6625874125874126,0.3819548382944506,0.9343706323378338,0.36399107932143504,1.0,0.22377622377622378,0.6258741258741258,0.7954545454545454,0.09125874125874125,0.7041958041958042,3.775000000000017,0,0,0,0.0,0.0,none,0.0,0.0,0.0,0,0,0,1,0,1,286,0,,601,0,0,1,0,0,0,0,0,0,0,0,,
confirmation,30021,neutral,curiosity,curiosity,"10,3,6,9,13,7",6,ring,m2,m3,p4>p5>p4>p6,4,context_comp,A>B>A>C,1,7,A>B>C>D>E>F>X,0,600,1,1.0,1.0,1.0,1,1,4,49,0.0175,1,301,601,0,1,0,1,1,0.9800642887940775,-0.002465700615137413,42,1,0,0,0,0.0,0,0,0,0,0,0,0,0,0,1,1,1,0.6788654318619738,0.8007975241935537,0.6486013986013986,0.0,0.0,0.0,0.0,0.2202797202797203,0.416958041958042,0.18706293706293706,0.12937062937062938,0.05769230769230768,3.7352000000000167,0,0,0,0.0,0.0,none,0.0,0.0,0.0,0,0,0,1,0,,,,,,,,,,,,,,,,,,
confirmation,30021,neutral,no_need,none,"10,3,6,9,13,7",6,ring,m2,m3,p4>p5>p4>p6,4,context_comp,A>B>A>C,1,7,A>B>C>D>E>F>X,0,600,1,1.0,1.0,1.0,1,1,4,49,0.0175,1,391,601,0,1,0,1,1,0.9830479552128775,-0.004147134739349249,45,1,0,0,0,0.0,0,0,0,0,0,0,0,0,0,1,1,1,0.680693536623197,0.8025933839875091,0.5,0.0,0.0,0.0,0.0,0.18356643356643357,0.416958041958042,0.18706293706293706,0.12937062937062938,0.05769230769230768,3.573500000000017,0,0,0,0.0,0.0,none,0.0,0.0,0.0,0,0,0,1,0,,,,,,,,,,,,,,,,,,
confirmation,30021,neutral,yoked_need,yoked,"10,3,6,9,13,7",6,ring,m2,m3,p4>p5>p4>p6,4,context_comp,A>B>A>C,1,7,A>B>C>D>E>F>X,0,600,1,1.0,1.0,1.0,1,1,4,49,0.0175,1,286,601,0,1,0,1,1,0.9781273225480027,0.0004861518257646231,42,1,0,0,0,0.0,0,0,0,0,0,0,0,0,0,1,1,1,0.6785158749798826,0.8000341583320059,0.6590909090909091,0.2175814499530577,0.7772450637280653,0.22765317770806978,1.0,0.22377622377622378,0.5655594405594405,0.40559440559440557,0.1451048951048951,0.26048951048951047,3.7506000000000155,0,0,0,0.0,0.0,none,0.0,0.0,0.0,0,0,0,1,0,1,286,1,no_bridge,286,1,1,0,0,0,0,0,0,0,0,0,30033,9
confirmation,30021,self_relevant,actual_need,actual,"10,3,6,9,13,7",6,ring,m2,m3,p4>p5>p4>p6,4,context_comp,A>B>A>C,1,7,A>B>C>D>E>F>X,0,600,1,1.0,1.0,1.0,1,1,4,49,0.0175,1,282,282,1,0,0,1,1,0.9812384314996531,0.005282062135396033,42,1,1,1,0,0.0300753488994626,1,1,0,1,1,1,1,1,0,0,0,1,0.855180878035449,0.8872277257865407,0.5979020979020979,0.12912873744699577,0.759402322846739,0.4094509211439104,1.0,0.20804195804195805,0.5611888111888111,0.23776223776223776,0.17692307692307693,0.06083916083916083,3.763700000000019,0,0,0,0.0,0.0,none,0.0,0.0,0.0,0,0,0,1,0,1,282,1,bridge,282,1,1,1,1,1,1,1,1,1,1,0,,
confirmation,30021,self_relevant,curiosity,curiosity,"10,3,6,9,13,7",6,ring,m2,m3,p4>p5>p4>p6,4,context_comp,A>B>A>C,1,7,A>B>C>D>E>F>X,0,600,1,1.0,1.0,1.0,1,1,4,49,0.0175,1,303,601,0,1,1,1,0,0.9827419736230026,0.00021041476979361678,42,1,0,0,0,0.0,0,0,0,0,0,0,0,0,0,0,0,0,0.8118703760543525,0.8459766518810214,0.6503496503496503,0.0,0.0,0.0,0.0,0.2202797202797203,0.416958041958042,0.18706293706293706,0.12937062937062938,0.05769230769230768,3.742900000000016,0,0,0,0.0,0.0,none,0.0,0.0,0.0,0,0,0,1,0,,,,,,,,,,,,,,,,,,
confirmation,30021,self_relevant,no_need,none,"10,3,6,9,13,7",6,ring,m2,m3,p4>p5>p4>p6,4,context_comp,A>B>A>C,1,7,A>B>C>D>E>F>X,0,600,1,1.0,1.0,1.0,1,1,4,49,0.0175,1,391,391,1,0,0,1,1,0.9830479552128775,0.005449049772336583,45,1,1,1,0,0.02892663379358279,1,1,0,1,1,1,1,1,0,0,0,1,0.8635241296839649,0.8900471037498554,0.5,0.0,0.0,0.0,0.0,0.18356643356643357,0.416958041958042,0.18706293706293706,0.12937062937062938,0.05769230769230768,3.655900000000017,0,0,0,0.0,0.0,none,0.0,0.0,0.0,0,0,0,1,0,,,,,,,,,,,,,,,,,,
confirmation,30021,self_relevant,yoked_need,yoked,"10,3,6,9,13,7",6,ring,m2,m3,p4>p5>p4>p6,4,context_comp,A>B>A>C,1,7,A>B>C>D>E>F>X,0,600,1,1.0,1.0,1.0,1,1,4,49,0.0175,1,474,601,0,1,1,1,0,0.9791967246367512,0.0011391474216807017,96,1,0,0,0,0.0,0,0,0,0,0,0,0,0,0,0,0,0,0.8049414301982594,0.8437148043145998,0.6503496503496503,0.276529761701008,0.8068591912611319,0.2657813080488939,1.0,0.2202797202797203,0.5620629370629371,0.43356643356643354,0.13811188811188813,0.2954545454545454,3.7429000000000157,0,0,0,0.0,0.0,none,0.0,0.0,0.0,0,0,0,1,0,1,474,1,no_bridge,474,1,0,0,0,0,0,0,0,0,0,0,30033,9
confirmation,30022,neutral,actual_need,actual,"12,4,13,10,8",5,chain,m2,m3,p6>p4>p3,3,branch_comp,A>C>B,1,5,A>B>C>D>E,0,600,1,1.0,0.6666666666666666,0.8,1,1,4,41,0.052564102564102565,1,268,601,0,1,0,1,1,0.8530714318271798,-0.004427664417011988,42,1,1,0,0,0.0,0,0,0,0,0,0,0,0,0,1,1,1,0.7355139060057352,0.8288820141777109,0.6643356643356644,0.32297269960952163,0.6232588336118278,0.30568226928662495,1.0,0.21328671328671328,0.4431818181818182,0.5699300699300699,0.0791083916083916,0.4908216783216783,3.5782500000000206,0,0,0,0.0,0.0,none,0.0,0.0,0.0,0,0,0,1,0,1,268,0,,601,0,0,1,0,0,0,0,0,0,0,0,,
confirmation,30022,neutral,curiosity,curiosity,"12,4,13,10,8",5,chain,m2,m3,p6>p4>p3,3,branch_comp,A>C>B,1,5,A>B>C>D>E,0,600,1,1.0,0.6666666666666666,0.8,1,1,4,42,0.05384615384615385,1,281,601,0,1,0,1,1,0.8589551778240261,-0.0008757905259980308,42,1,1,0,0,0.0,0,0,0,0,0,0,0,0,0,1,1,1,0.7354207993340871,0.827275608095167,0.6538461538461539,0.0,0.0,0.0,0.0,0.2097902097902098,0.33916083916083917,0.14335664335664336,0.13374125874125875,0.009615384615384609,3.5733000000000215,0,0,0,0.0,0.0,none,0.0,0.0,0.0,0,0,0,1,0,,,,,,,,,,,,,,,,,,
confirmation,30022,neutral,no_need,none,"12,4,13,10,8",5,chain,m2,m3,p6>p4>p3,3,branch_comp,A>C>B,1,5,A>B>C>D>E,0,600,1,1.0,0.6666666666666666,0.8,1,1,4,42,0.05384615384615385,1,363,601,0,1,0,1,1,0.864986765294873,-0.0028471063953505486,45,1,0,0,0,0.0,0,0,0,0,0,0,0,0,0,1,1,1,0.7357002125590981,0.8290128723244852,0.5,0.0,0.0,0.0,0.0,0.17132867132867133,0.33916083916083917,0.14335664335664336,0.13374125874125875,0.009615384615384609,3.44000000000002,0,0,0,0.0,0.0,none,0.0,0.0,0.0,0,0,0,1,0,,,,,,,,,,,,,,,,,,
confirmation,30022,neutral,yoked_need,yoked,"12,4,13,10,8",5,chain,m2,m3,p6>p4>p3,3,branch_comp,A>C>B,1,5,A>B>C>D>E,0,600,1,1.0,0.6666666666666666,0.8,1,1,4,42,0.05384615384615385,1,291,601,0,1,0,1,1,0.8589604726510003,-0.0007580238216983821,50,1,0,0,0,0.0,0,0,0,0,0,0,0,0,0,1,1,1,0.735476374707805,0.8288375904863472,0.6643356643356644,0.006083425000541729,0.07141711637968967,0.33246106562040084,1.0,0.21328671328671328,0.1520979020979021,0.11013986013986014,0.048513986013986016,0.06162587412587413,3.5538500000000197,0,0,0,0.0,0.0,none,0.0,0.0,0.0,0,0,0,1,0,1,291,1,no_bridge,291,1,1,0,0,0,0,0,0,0,0,0,30028,3
confirmation,30022,self_relevant,actual_need,actual,"12,4,13,10,8",5,chain,m2,m3,p6>p4>p3,3,branch_comp,A>C>B,1,5,A>B>C>D>E,0,600,1,1.0,0.6666666666666666,0.8,1,1,4,41,0.052564102564102565,1,262,262,1,0,0,1,1,0.8540273690676949,0.006008836351649693,42,1,1,1,0,0.025447482155305217,1,1,0,1,1,1,1,1,0,0,0,1,0.8655773924409083,0.8880476219916742,0.6503496503496503,0.10780290697927586,0.43666489544731524,0.4038099128758013,1.0,0.2097902097902098,0.22115384615384615,0.16433566433566432,0.06949300699300699,0.09484265734265733,3.624350000000023,0,0,0,0.0,0.0,none,0.0,0.0,0.0,0,0,0,1,0,1,262,1,bridge,262,1,1,1,1,1,1,1,1,1,1,0,,
confirmation,30022,self_relevant,curiosity,curiosity,"12,4,13,10,8",5,chain,m2,m3,p6>p4>p3,3,branch_comp,A>C>B,1,5,A>B>C>D>E,0,600,1,1.0,0.6666666666666666,0.8,1,1,4,42,0.05384615384615385,1,288,288,1,0,0,1,1,0.8568463088730418,0.004368468340687078,44,1,1,1,0,0.025752512678489322,1,1,0,1,1,1,1,1,0,0,0,1,0.8647415105968337,0.878716355565118,0.6083916083916084,0.0,0.0,0.0,0.0,0.1993006993006993,0.33916083916083917,0.14335664335664336,0.13374125874125875,0.009615384615384609,3.619050000000024,0,0,0,0.0,0.0,none,0.0,0.0,0.0,0,0,0,1,0,,,,,,,,,,,,,,,,,,
confirmation,30022,self_relevant,no_need,none,"12,4,13,10,8",5,chain,m2,m3,p6>p4>p3,3,branch_comp,A>C>B,1,5,A>B>C>D>E,0,600,1,1.0,0.6666666666666666,0.8,1,1,4,42,0.05384615384615385,1,363,601,0,1,1,1,0,0.864986765294873,0.00017938418357509815,45,1,0,0,0,0.0,0,0,0,0,0,0,0,0,0,0,0,0,0.8406651577571503,0.8590711540849509,0.5,0.0,0.0,0.0,0.0,0.17132867132867133,0.33916083916083917,0.14335664335664336,0.13374125874125875,0.009615384615384609,3.44000000000002,0,0,0,0.0,0.0,none,0.0,0.0,0.0,0,0,0,1,0,,,,,,,,,,,,,,,,,,
confirmation,30022,self_relevant,yoked_need,yoked,"12,4,13,10,8",5,chain,m2,m3,p6>p4>p3,3,branch_comp,A>C>B,1,5,A>B>C>D>E,0,600,1,1.0,0.6666666666666666,0.8,1,1,4,41,0.052564102564102565,1,260,260,1,0,0,1,1,0.859285614041803,0.004582651302586527,42,1,1,1,0,0.026870208397616585,1,1,0,1,1,1,1,1,0,0,0,1,0.8596773357306337,0.8761621965136912,0.6520979020979021,0.011695983636102093,0.1791135280849687,0.23936505428977578,1.0,0.2097902097902098,0.1896853146853147,0.11188811188811189,0.06687062937062938,0.04501748251748251,3.624350000000023,0,0,0,0.0,0.0,none,0.0,0.0,0.0,0,0,0,1,0,1,260,1,bridge,260,1,1,1,1,1,1,1,1,1,1,0,30028,3
confirmation,30023,neutral,actual_need,actual,"2,9,1,8,12,13",6,dense,m2,m0,p0>p3>p0>p5,4,context_comp,A>B>A>C,1,7,A>B>C>D>E>F>X,1,600,1,1.0,1.0,1.0,1,1,4,49,0.0175,1,301,601,0,1,0,1,1,0.9818630277468607,-0.0037398438879431965,45,1,0,0,0,0.0,0,0,0,0,0,0,0,0,0,1,1,1,0.6868589706502025,0.7938785154847378,0.6590909090909091,0.5178492710947122,0.863004671277214,0.5343929286432211,1.0,0.22552447552447552,0.631993006993007,0.8846153846153846,0.07587412587412587,0.8087412587412587,3.7275000000000142,0,0,0,0.0,0.0,none,0.0,0.0,0.0,0,0,0,1,0,1,301,1,no_bridge,301,1,1,0,0,0,0,0,0,0,0,0,,
confirmation,30023,neutral,curiosity,curiosity,"2,9,1,8,12,13",6,dense,m2,m0,p0>p3>p0>p5,4,context_comp,A>B>A>C,1,7,A>B>C>D>E>F>X,1,600,1,1.0,1.0,1.0,1,1,4,49,0.0175,1,312,601,0,1,0,1,1,0.9732359663539597,0.0014702630643691757,47,1,0,0,0,0.0,0,0,0,0,0,0,0,0,0,1,1,1,0.6948176467203183,0.7968032358316758,0.6398601398601399,0.0,0.0,0.0,0.0,0.21853146853146854,0.4117132867132867,0.1520979020979021,0.13426573426573427,0.017832167832167845,3.727500000000017,0,0,0,0.0,0.0,none,0.0,0.0,0.0,0,0,0,1,0,,,,,,,,,,,,,,,,,,
confirmation,30023,neutral,no_need,none,"2,9,1,8,12,13",6,dense,m2,m0,p0>p3>p0>p5,4,context_comp,A>B>A>C,1,7,A>B>C>D>E>F>X,1,600,1,1.0,1.0,1.0,1,1,4,49,0.0175,1,395,601,0,1,0,1,1,0.9715454888583936,0.001390808954541754,47,1,0,0,0,0.0,0,0,0,0,0,0,0,0,0,1,1,1,0.6999262625952974,0.8000863220588902,0.5,0.0,0.0,0.0,0.0,0.18356643356643357,0.4117132867132867,0.1520979020979021,0.13426573426573427,0.017832167832167845,3.573500000000017,0,0,0,0.0,0.0,none,0.0,0.0,0.0,0,0,0,1,0,,,,,,,,,,,,,,,,,,
confirmation,30023,neutral,yoked_need,yoked,"2,9,1,8,12,13",6,dense,m2,m0,p0>p3>p0>p5,4,context_comp,A>B>A>C,1,7,A>B>C>D>E>F>X,1,600,1,1.0,1.0,1.0,1,1,4,49,0.0175,1,305,601,0,1,0,1,1,0.98221622412806,-0.0015734479433271052,45,1,0,0,0,0.0,0,0,0,0,0,0,0,0,0,1,1,1,0.6991899010792709,0.7977338002610358,0.6206293706293706,0.06958296659433637,0.31393764085615167,0.5922482046728876,1.0,0.21503496503496503,0.25524475524475526,0.12237762237762238,0.07762237762237763,0.044755244755244755,3.681300000000015,0,0,0,0.0,0.0,none,0.0,0.0,0.0,0,0,0,1,0,1,305,1,no_bridge,305,1,1,0,0,0,0,0,0,0,0,0,30035,4
confirmation,30023,self_relevant,actual_need,actual,"2,9,1,8,12,13",6,dense,m2,m0,p0>p3>p0>p5,4,context_comp,A>B>A>C,1,7,A>B>C>D>E>F>X,1,600,1,1.0,1.0,1.0,1,1,4,49,0.0175,1,437,601,0,1,1,1,0,0.9787681140228927,0.001414016890707864,74,1,0,0,0,0.0,0,0,0,0,0,0,0,0,0,0,0,0,0.8587325632279247,0.8775342686807468,0.5821678321678322,0.2222511667186394,0.5700728660105339,0.4811109820806512,1.0,0.20454545454545456,0.4361888111888112,0.270979020979021,0.12027972027972028,0.1506993006993007,3.6351000000000164,0,0,0,0.0,0.0,none,0.0,0.0,0.0,0,0,0,1,0,1,437,1,no_bridge,437,1,0,0,0,0,0,0,0,0,0,0,,
confirmation,30023,self_relevant,curiosity,curiosity,"2,9,1,8,12,13",6,dense,m2,m0,p0>p3>p0>p5,4,context_comp,A>B>A>C,1,7,A>B>C>D>E>F>X,1,600,1,1.0,1.0,1.0,1,1,4,49,0.0175,1,296,296,1,0,0,1,1,0.9775349315609532,0.005701597948945095,43,1,1,1,0,0.029767876392497433,1,1,0,1,1,1,1,1,0,0,0,1,0.8685379519772622,0.8886939508288698,0.5629370629370629,0.0,0.0,0.0,0.0,0.20104895104895104,0.4117132867132867,0.1520979020979021,0.13426573426573427,0.017832167832167845,3.694400000000021,0,0,0,0.0,0.0,none,0.0,0.0,0.0,0,0,0,1,0,,,,,,,,,,,,,,,,,,
confirmation,30023,self_relevant,no_need,none,"2,9,1,8,12,13",6,dense,m2,m0,p0>p3>p0>p5,4,context_comp,A>B>A>C,1,7,A>B>C>D>E>F>X,1,600,1,1.0,1.0,1.0,1,1,4,49,0.0175,1,391,601,0,1,1,1,0,0.9722324121530512,0.0011615028058042736,45,1,0,0,0,0.0,0,0,0,0,0,0,0,0,0,0,0,0,0.7920353090850327,0.8480559992183236,0.5,0.0,0.0,0.0,0.0,0.18356643356643357,0.4117132867132867,0.1520979020979021,0.13426573426573427,0.017832167832167845,3.573500000000017,0,0,0,0.0,0.0,none,0.0,0.0,0.0,0,0,0,1,0,,,,,,,,,,,,,,,,,,
confirmation,30023,self_relevant,yoked_need,yoked,"2,9,1,8,12,13",6,dense,m2,m0,p0>p3>p0>p5,4,context_comp,A>B>A>C,1,7,A>B>C>D>E>F>X,1,600,1,1.0,1.0,1.0,1,1,4,49,0.0175,1,400,601,0,1,1,1,0,0.9730422292630458,0.0014819878333768499,59,1,0,0,0,0.0,0,0,0,0,0,0,0,0,0,0,0,0,0.8228923795436597,0.8541084353255184,0.548951048951049,0.17569013881330084,0.8136505082278892,0.39766278252316534,1.0,0.19755244755244755,0.6153846153846154,0.30594405594405594,0.18496503496503497,0.12097902097902097,3.5966000000000142,0,0,0,0.0,0.0,none,0.0,0.0,0.0,0,0,0,1,0,1,400,1,no_bridge,400,1,0,0,0,0,0,0,0,0,0,0,30035,4
confirmation,30024,neutral,actual_need,actual,"10,13,4,6,0",5,ring,m3,m0,p5>p3>p7,3,branch_comp,A>C>B,1,5,A>B>C>D>E,0,600,1,1.0,1.0,1.0,0,0,4,42,0.05384615384615385,1,282,601,0,1,0,0,1,0.7999801226130753,-0.003939417791187122,46,1,0,0,0,0.0,0,0,0,0,0,0,0,0,0,1,1,1,0.7133955377411427,0.8042944026943271,0.6573426573426573,0.49821279527395745,0.9705316382849491,0.4555990749660205,1.0,0.1853146853146853,0.5550699300699301,0.7604895104895105,0.08741258741258741,0.6730769230769231,3.54890000000002,0,0,0,0.0,0.0,none,0.0,0.0,0.0,0,0,0,1,0,1,282,1,no_bridge,282,0,1,0,0,0,0,0,0,0,0,0,,
confirmation,30024,neutral,curiosity,curiosity,"10,13,4,6,0",5,ring,m3,m0,p5>p3>p7,3,branch_comp,A>C>B,1,5,A>B>C>D>E,0,600,1,1.0,1.0,1.0,0,0,4,41,0.052564102564102565,1,285,601,0,1,0,0,1,0.7964400720928324,-0.0022753951037000316,46,1,0,0,0,0.0,0,0,0,0,0,0,0,0,0,1,1,1,0.7137843701670598,0.8055871503999841,0.6451048951048951,0.0,0.0,0.0,0.0,0.18181818181818182,0.3243006993006993,0.16433566433566432,0.12106643356643357,0.043269230769230754,3.539000000000019,0,0,0,0.0,0.0,none,0.0,0.0,0.0,0,0,0,1,0,,,,,,,,,,,,,,,,,,
confirmation,30024,neutral,no_need,none,"10,13,4,6,0",5,ring,m3,m0,p5>p3>p7,3,branch_comp,A>C>B,1,5,A>B>C>D>E,0,600,1,1.0,1.0,1.0,0,0,4,42,0.05384615384615385,1,363,601,0,1,0,0,1,0.7946594508567344,0.0010738367392064577,45,1,0,0,0,0.0,0,0,0,0,0,0,0,0,0,1,1,1,0.7111524347124436,0.8030559969443013,0.5,0.0,0.0,0.0,0.0,0.14685314685314685,0.3243006993006993,0.16433566433566432,0.12106643356643357,0.043269230769230754,3.44000000000002,0,0,0,0.0,0.0,none,0.0,0.0,0.0,0,0,0,1,0,,,,,,,,,,,,,,,,,,
confirmation,30024,neutral,yoked_need,yoked,"10,13,4,6,0",5,ring,m3,m0,p5>p3>p7,3,branch_comp,A>C>B,1,5,A>B>C>D>E,0,600,1,1.0,1.0,1.0,0,0,4,42,0.05384615384615385,1,282,601,0,1,0,0,1,0.7810298988568223,-0.0008126860361843438,46,1,0,0,0,0.0,0,0,0,0,0,0,0,0,0,1,1,1,0.7127796917570414,0.8049932666962262,0.6590909090909091,0.01734804314620071,0.2882473807505322,0.27693245676172623,1.0,0.1853146853146853,0.25524475524475526,0.1258741258741259,0.09615384615384615,0.02972027972027974,3.5489000000000197,0,0,0,0.0,0.0,none,0.0,0.0,0.0,0,0,0,1,0,1,282,1,no_bridge,282,0,1,0,0,0,0,0,0,0,0,0,30030,11
confirmation,30024,self_relevant,actual_need,actual,"10,13,4,6,0",5,ring,m3,m0,p5>p3>p7,3,branch_comp,A>C>B,1,5,A>B>C>D>E,0,600,1,1.0,1.0,1.0,1,1,4,42,0.05384615384615385,1,266,266,1,0,0,1,1,0.7181171671282284,0.011756341677778635,47,1,1,1,0,0.02493194387921512,1,1,0,1,1,1,1,1,0,0,0,1,0.8641084429210352,0.8871391958473923,0.5472027972027972,0.34443901100485563,0.8826080312774114,0.4348720515871681,1.0,0.15734265734265734,0.5559440559440559,0.3723776223776224,0.1848776223776224,0.1875,3.550100000000021,0,0,0,0.0,0.0,none,0.0,0.0,0.0,0,0,0,1,0,1,266,1,bridge,266,1,1,1,1,1,1,1,1,1,1,0,,
confirmation,30024,self_relevant,curiosity,curiosity,"10,13,4,6,0",5,ring,m3,m0,p5>p3>p7,3,branch_comp,A>C>B,1,5,A>B>C>D>E,0,600,1,1.0,1.0,1.0,1,1,4,42,0.05384615384615385,1,276,276,1,0,0,1,1,0.7146038579850296,0.007769961034127744,47,1,1,1,0,0.025765027930228588,1,1,0,1,1,1,1,1,0,0,0,1,0.8377212616321359,0.875083251059154,0.583916083916084,0.0,0.0,0.0,0.0,0.1660839160839161,0.3243006993006993,0.16433566433566432,0.12106643356643357,0.043269230769230754,3.5798000000000223,0,0,0,0.0,0.0,none,0.0,0.0,0.0,0,0,0,1,0,,,,,,,,,,,,,,,,,,
confirmation,30024,self_relevant,no_need,none,"10,13,4,6,0",5,ring,m3,m0,p5>p3>p7,3,branch_comp,A>C>B,1,5,A>B>C>D>E,0,600,1,1.0,1.0,1.0,1,1,4,42,0.05384615384615385,1,355,355,1,0,0,1,1,0.7280906926238563,0.004935487834568866,45,1,1,1,0,0.025708270841319377,1,1,0,1,1,1,0,0,0,0,0,1,0.8537493166798199,0.8806590407451791,0.5,0.0,0.0,0.0,0.0,0.1451048951048951,0.3243006993006993,0.16433566433566432,0.12106643356643357,0.043269230769230754,3.52040000000002,0,0,0,0.0,0.0,none,0.0,0.0,0.0,0,0,0,1,0,,,,,,,,,,,,,,,,,,
confirmation,30024,self_relevant,yoked_need,yoked,"10,13,4,6,0",5,ring,m3,m0,p5>p3>p7,3,branch_comp,A>C>B,1,5,A>B>C>D>E,0,600,1,1.0,1.0,1.0,1,1,4,42,0.05384615384615385,1,266,266,1,0,0,1,1,0.7212145566872805,0.007554712599722644,47,1,1,1,0,0.02493194387921512,1,1,0,1,1,1,1,1,0,0,0,1,0.8339641150296985,0.861222291741597,0.6293706293706294,0.0666309066359142,0.5256344690398287,0.3095195798913543,1.0,0.17832167832167833,0.47465034965034963,0.13986013986013987,0.20236013986013987,-0.0625,3.609500000000023,0,0,0,0.0,0.0,none,0.0,0.0,0.0,0,0,0,1,0,1,266,1,bridge,266,1,1,1,1,1,1,1,1,1,1,0,30030,11
confirmation,30025,neutral,actual_need,actual,"0,13,1,3,2,11",6,chain,m2,m0,p7>p6>p7>p4,4,context_comp,A>B>A>C,1,7,A>B>C>D>E>F>X,0,600,1,1.0,1.0,1.0,1,1,4,49,0.0175,1,289,601,0,1,0,1,1,0.9765000545947323,-0.003323896580894106,44,1,0,0,0,0.0,0,0,0,0,0,0,0,0,0,1,1,1,0.6632510527820746,0.7883679320589598,0.6678321678321678,0.332287389318068,0.7595972583025898,0.33444679066556904,1.0,0.22727272727272727,0.5533216783216783,0.743006993006993,0.07272727272727272,0.6702797202797203,3.7429000000000148,0,0,0,0.0,0.0,none,0.0,0.0,0.0,0,0,0,1,0,1,289,1,no_bridge,289,1,1,0,0,0,0,0,0,0,0,0,,
confirmation,30025,neutral,curiosity,curiosity,"0,13,1,3,2,11",6,chain,m2,m0,p7>p6>p7>p4,4,context_comp,A>B>A>C,1,7,A>B>C>D>E>F>X,0,600,1,1.0,1.0,1.0,1,1,4,49,0.0175,1,301,601,0,1,0,1,1,0.9693030076832867,-0.0005642080445294427,44,1,0,0,0,0.0,0,0,0,0,0,0,0,0,0,1,1,1,0.6635523095203719,0.7898130888747591,0.6555944055944056,0.0,0.0,0.0,0.0,0.22377622377622378,0.34965034965034963,0.10139860139860139,0.11958041958041958,-0.018181818181818188,3.7198000000000158,0,0,0,0.0,0.0,none,0.0,0.0,0.0,0,0,0,1,0,,,,,,,,,,,,,,,,,,
confirmation,30025,neutral,no_need,none,"0,13,1,3,2,11",6,chain,m2,m0,p7>p6>p7>p4,4,context_comp,A>B>A>C,1,7,A>B>C>D>E>F>X,0,600,1,1.0,1.0,1.0,1,1,4,49,0.0175,1,391,601,0,1,0,1,1,0.9829722659095591,-0.0021120305281471167,45,1,0,0,0,0.0,0,0,0,0,0,0,0,0,0,1,1,1,0.6648174289282957,0.7923915769938997,0.5,0.0,0.0,0.0,0.0,0.18356643356643357,0.34965034965034963,0.10139860139860139,0.11958041958041958,-0.018181818181818188,3.573500000000017,0,0,0,0.0,0.0,none,0.0,0.0,0.0,0,0,0,1,0,,,,,,,,,,,,,,,,,,
confirmation,30025,neutral,yoked_need,yoked,"0,13,1,3,2,11",6,chain,m2,m0,p7>p6>p7>p4,4,context_comp,A>B>A>C,1,7,A>B>C>D>E>F>X,0,600,1,1.0,1.0,1.0,1,1,4,49,0.0175,1,289,601,0,1,0,1,1,0.9813252560609188,-0.0007211692980735411,44,1,0,0,0,0.0,0,0,0,0,0,0,0,0,0,1,1,1,0.6636002143416254,0.7893155530544901,0.6608391608391608,0.14547714973103756,0.27615571108201753,0.31167050236997157,1.0,0.22552447552447552,0.23426573426573427,0.19055944055944055,0.055594405594405594,0.13496503496503495,3.727500000000015,0,0,0,0.0,0.0,none,0.0,0.0,0.0,0,0,0,1,0,1,289,1,no_bridge,289,1,1,0,0,0,0,0,0,0,0,0,30037,12
confirmation,30025,self_relevant,actual_need,actual,"0,13,1,3,2,11",6,chain,m2,m0,p7>p6>p7>p4,4,context_comp,A>B>A>C,1,7,A>B>C>D>E>F>X,0,600,1,1.0,1.0,1.0,1,1,4,49,0.0175,1,300,601,0,1,1,1,0,0.9786476721435526,0.00038791411092138216,44,1,0,0,0,0.0,0,0,0,0,0,0,0,0,0,0,0,0,0.8360741670408715,0.8586705236682707,0.6381118881118881,0.011878155576714249,0.5143254632293237,0.25867748041008815,1.0,0.21853146853146854,0.4160839160839161,0.019230769230769232,0.16258741258741258,-0.14335664335664333,3.7044000000000143,0,0,0,0.0,0.0,none,0.0,0.0,0.0,0,0,0,1,0,1,300,1,no_bridge,300,1,0,0,0,0,0,0,0,0,0,0,,
confirmation,30025,self_relevant,curiosity,curiosity,"0,13,1,3,2,11",6,chain,m2,m0,p7>p6>p7>p4,4,context_comp,A>B>A>C,1,7,A>B>C>D>E>F>X,0,600,1,1.0,1.0,1.0,1,1,4,49,0.0175,1,300,601,0,1,1,1,0,0.9719243855749492,0.00019834804304125436,44,1,0,0,0,0.0,0,0,0,0,0,0,0,0,0,0,0,0,0.814171259312736,0.8412850916367107,0.6486013986013986,0.0,0.0,0.0,0.0,0.22202797202797203,0.34965034965034963,0.10139860139860139,0.11958041958041958,-0.018181818181818188,3.7121000000000164,0,0,0,0.0,0.0,none,0.0,0.0,0.0,0,0,0,1,0,,,,,,,,,,,,,,,,,,
confirmation,30025,self_relevant,no_need,none,"0,13,1,3,2,11",6,chain,m2,m0,p7>p6>p7>p4,4,context_comp,A>B>A>C,1,7,A>B>C>D>E>F>X,0,600,1,1.0,1.0,1.0,0,0,4,49,0.0175,0,601,601,0,0,0,0,0,0.0,0.0,0,0,0,0,0,0.0,0,0,0,0,0,0,0,0,0,0,0,0,0.8195415299271169,0.8526738920610626,0.5,0.0,0.0,0.0,0.0,0.18356643356643357,0.34965034965034963,0.10139860139860139,0.11958041958041958,-0.018181818181818188,3.573500000000017,0,0,0,0.0,0.0,none,0.0,0.0,0.0,0,0,0,1,0,,,,,,,,,,,,,,,,,,
confirmation,30025,self_relevant,yoked_need,yoked,"0,13,1,3,2,11",6,chain,m2,m0,p7>p6>p7>p4,4,context_comp,A>B>A>C,1,7,A>B>C>D>E>F>X,0,600,1,1.0,1.0,1.0,1,1,4,49,0.0175,1,330,330,1,0,0,1,1,0.982975181169446,0.004039947271048145,55,1,1,1,0,0.029533374611985092,1,1,0,1,1,1,1,1,0,0,0,1,0.8572622588761466,0.8893762210267017,0.6538461538461539,0.25231305190380826,0.3921501592776382,0.2515652435031064,1.0,0.22377622377622378,0.3977272727272727,0.4493006993006993,0.06923076923076923,0.38006993006993006,3.809900000000015,0,0,0,0.0,0.0,none,0.0,0.0,0.0,0,0,0,1,0,1,330,1,bridge,330,1,1,1,1,1,1,1,1,1,1,0,30037,12
confirmation,30026,neutral,actual_need,actual,"9,2,3,11,10",5,dense,m1,m0,p4>p3>p7,3,branch_comp,A>C>B,1,5,A>B>C>D>E,0,600,1,1.0,1.0,1.0,0,0,4,41,0.052564102564102565,1,264,601,0,1,0,0,1,0.7821923250672491,6.579573588984386e-05,44,1,0,0,0,0.0,0,0,0,0,0,0,0,0,0,1,1,1,0.6681253459378386,0.7885323366543413,0.6608391608391608,0.4701876420605733,0.9703513009021302,0.4285482301978523,1.0,0.1853146853146853,0.5026223776223776,0.7622377622377622,0.06075174825174825,0.701486013986014,3.5538500000000197,0,0,0,0.0,0.0,none,0.0,0.0,0.0,0,0,0,1,0,1,264,1,no_bridge,264,0,1,0,0,0,0,0,0,0,0,0,,
confirmation,30026,neutral,curiosity,curiosity,"9,2,3,11,10",5,dense,m1,m0,p4>p3>p7,3,branch_comp,A>C>B,1,5,A>B>C>D>E,0,600,1,1.0,1.0,1.0,0,0,4,41,0.052564102564102565,1,283,601,0,1,0,0,1,0.7775045200451692,-0.0019896079966234136,43,1,0,0,0,0.0,0,0,0,0,0,0,0,0,0,1,1,1,0.6671412896744221,0.787466708211362,0.6625874125874126,0.0,0.0,0.0,0.0,0.1853146853146853,0.26048951048951047,0.1258741258741259,0.09877622377622378,0.02709790209790211,3.5538500000000197,0,0,0,0.0,0.0,none,0.0,0.0,0.0,0,0,0,1,0,,,,,,,,,,,,,,,,,,
confirmation,30026,neutral,no_need,none,"9,2,3,11,10",5,dense,m1,m0,p4>p3>p7,3,branch_comp,A>C>B,1,5,A>B>C>D>E,0,600,1,1.0,1.0,1.0,0,0,4,41,0.052564102564102565,1,363,601,0,1,0,0,1,0.791692809891849,-7.3645727306358386e-06,46,1,0,0,0,0.0,0,0,0,0,0,0,0,0,0,1,1,1,0.6688619969360772,0.7908101094052321,0.5,0.0,0.0,0.0,0.0,0.14685314685314685,0.26048951048951047,0.1258741258741259,0.09877622377622378,0.02709790209790211,3.44000000000002,0,0,0,0.0,0.0,none,0.0,0.0,0.0,0,0,0,1,0,,,,,,,,,,,,,,,,,,
confirmation,30026,neutral,yoked_need,yoked,"9,2,3,11,10",5,dense,m1,m0,p4>p3>p7,3,branch_comp,A>C>B,1,5,A>B>C>D>E,0,600,1,1.0,1.0,1.0,0,0,4,41,0.052564102564102565,1,267,601,0,1,0,0,1,0.7813034272447128,0.0007637316599399998,44,1,1,0,0,0.0,0,0,0,0,0,0,0,0,0,1,1,1,0.6693482777125604,0.7927322786577541,0.6241258741258742,0.0010331986993541572,0.5586521637442773,0.47602222176115827,1.0,0.17657342657342656,0.4737762237762238,0.0472027972027972,0.22508741258741258,-0.17788461538461536,3.54855000000002,0,0,0,0.0,0.0,none,0.0,0.0,0.0,0,0,0,1,0,1,267,0,,601,0,0,1,0,0,0,0,0,0,0,0,30032,6
confirmation,30026,self_relevant,actual_need,actual,"9,2,3,11,10",5,dense,m1,m0,p4>p3>p7,3,branch_comp,A>C>B,1,5,A>B>C>D>E,0,600,1,1.0,1.0,1.0,0,0,4,42,0.05384615384615385,1,358,601,0,1,1,0,0,0.796101433455829,0.0012819324083687704,50,1,0,0,0,0.0,0,0,0,0,0,0,0,0,0,0,0,0,0.8724329741935506,0.8879471291357021,0.506993006993007,0.21929171592229194,0.7485859366854807,0.40931420895692117,1.0,0.14685314685314685,0.4423076923076923,0.2937062937062937,0.1477272727272727,0.145979020979021,3.444950000000017,0,0,0,0.0,0.0,none,0.0,0.0,0.0,0,0,0,1,0,1,358,1,no_bridge,358,0,0,0,0,0,0,0,0,0,0,0,,
confirmation,30026,self_relevant,curiosity,curiosity,"9,2,3,11,10",5,dense,m1,m0,p4>p3>p7,3,branch_comp,A>C>B,1,5,A>B>C>D>E,0,600,1,1.0,1.0,1.0,0,0,4,41,0.052564102564102565,1,293,601,0,1,1,0,0,0.7855463546137615,-0.0014033563022012054,47,1,0,0,0,0.0,0,0,0,0,0,0,0,0,0,0,0,0,0.7974888696017669,0.8254126682603952,0.6503496503496503,0.0,0.0,0.0,0.0,0.18356643356643357,0.26048951048951047,0.1258741258741259,0.09877622377622378,0.02709790209790211,3.54395000000002,0,0,0,0.0,0.0,none,0.0,0.0,0.0,0,0,0,1,0,,,,,,,,,,,,,,,,,,
confirmation,30026,self_relevant,no_need,none,"9,2,3,11,10",5,dense,m1,m0,p4>p3>p7,3,branch_comp,A>C>B,1,5,A>B>C>D>E,0,600,1,1.0,1.0,1.0,0,0,4,41,0.052564102564102565,1,363,601,0,1,1,0,0,0.791692809891849,-0.00034809944508898546,46,1,0,0,0,0.0,0,0,0,0,0,0,0,0,0,0,0,0,0.8285105088087263,0.8429215885881487,0.5,0.0,0.0,0.0,0.0,0.14685314685314685,0.26048951048951047,0.1258741258741259,0.09877622377622378,0.02709790209790211,3.44000000000002,0,0,0,0.0,0.0,none,0.0,0.0,0.0,0,0,0,1,0,,,,,,,,,,,,,,,,,,
confirmation,30026,self_relevant,yoked_need,yoked,"9,2,3,11,10",5,dense,m1,m0,p4>p3>p7,3,branch_comp,A>C>B,1,5,A>B>C>D>E,0,600,1,1.0,1.0,1.0,0,0,4,41,0.052564102564102565,1,404,601,0,1,1,0,0,0.8079251540520092,-0.0005767757782712095,64,1,0,0,0,0.0,0,0,0,0,0,0,0,0,0,0,0,0,0.8247510851035654,0.8428985559360932,0.5402097902097902,0.1758479318257611,0.3888673299005268,0.3200842386626457,1.0,0.1555944055944056,0.32954545454545453,0.229020979020979,0.10751748251748253,0.12150349650349648,3.4647500000000173,0,0,0,0.0,0.0,none,0.0,0.0,0.0,0,0,0,1,0,1,404,1,no_bridge,404,0,0,0,0,0,0,0,0,0,0,0,30032,6
confirmation,30027,neutral,actual_need,actual,"13,5,6,9,11,12",6,ring,m2,m3,p0>p1>p0>p5,4,context_comp,A>B>A>C,1,7,A>B>C>D>E>F>X,1,600,1,1.0,1.0,1.0,1,1,4,49,0.0175,1,289,601,0,1,0,1,1,0.9730317084121783,-0.005011581321420702,42,1,0,0,0,0.0,0,0,0,0,0,0,0,0,0,1,1,1,0.5835085423668,0.7754212571148577,0.6678321678321678,0.43855644263804217,0.9530120546221827,0.41367615736246877,1.0,0.22552447552447552,0.6433566433566433,0.8129370629370629,0.09475524475524476,0.7181818181818181,3.7583000000000153,0,0,0,0.0,0.0,none,0.0,0.0,0.0,0,0,0,1,0,1,289,1,no_bridge,289,1,1,0,0,0,0,0,0,0,0,0,,
confirmation,30027,neutral,curiosity,curiosity,"13,5,6,9,11,12",6,ring,m2,m3,p0>p1>p0>p5,4,context_comp,A>B>A>C,1,7,A>B>C>D>E>F>X,1,600,1,1.0,1.0,1.0,1,1,4,49,0.0175,1,299,601,0,1,0,1,1,0.9833692956240176,-0.004317654925225091,42,1,0,0,0,0.0,0,0,0,0,0,0,0,0,0,1,1,1,0.5848092186321368,0.7769038843322716,0.6520979020979021,0.0,0.0,0.0,0.0,0.2202797202797203,0.3811188811188811,0.11013986013986014,0.13041958041958043,-0.02027972027972029,3.7429000000000165,0,0,0,0.0,0.0,none,0.0,0.0,0.0,0,0,0,1,0,,,,,,,,,,,,,,,,,,
confirmation,30027,neutral,no_need,none,"13,5,6,9,11,12",6,ring,m2,m3,p0>p1>p0>p5,4,context_comp,A>B>A>C,1,7,A>B>C>D>E>F>X,1,600,1,1.0,1.0,1.0,1,1,4,49,0.0175,1,391,601,0,1,0,1,1,0.978091331820153,-0.006894473750846022,45,1,0,0,0,0.0,0,0,0,0,0,0,0,0,0,1,1,1,0.5894352282290563,0.781146524716189,0.5,0.0,0.0,0.0,0.0,0.18356643356643357,0.3811188811188811,0.11013986013986014,0.13041958041958043,-0.02027972027972029,3.573500000000017,0,0,0,0.0,0.0,none,0.0,0.0,0.0,0,0,0,1,0,,,,,,,,,,,,,,,,,,
confirmation,30027,neutral,yoked_need,yoked,"13,5,6,9,11,12",6,ring,m2,m3,p0>p1>p0>p5,4,context_comp,A>B>A>C,1,7,A>B>C>D>E>F>X,1,600,1,1.0,1.0,1.0,1,1,4,49,0.0175,1,290,601,0,1,0,1,1,0.9771615301423495,-0.003255273418308549,42,1,0,0,0,0.0,0,0,0,0,0,0,0,0,0,1,1,1,0.5849029509856937,0.7768653756162656,0.6573426573426573,0.424518702740991,0.6276568497253382,0.41290873741617495,1.0,0.22377622377622378,0.5926573426573427,0.833916083916084,0.07027972027972028,0.7636363636363637,3.7506000000000155,0,0,0,0.0,0.0,none,0.0,0.0,0.0,0,0,0,1,0,1,290,1,no_bridge,290,1,1,0,0,0,0,0,0,0,0,0,30039,7
confirmation,30027,self_relevant,actual_need,actual,"13,5,6,9,11,12",6,ring,m2,m3,p0>p1>p0>p5,4,context_comp,A>B>A>C,1,7,A>B>C>D>E>F>X,1,600,1,1.0,1.0,1.0,1,1,4,49,0.0175,1,279,279,1,0,0,1,1,0.9681088243672132,0.008795789001788616,42,1,1,1,0,0.027770792764183528,1,1,0,1,1,1,1,1,0,0,0,1,0.8539348611202142,0.8842795115482122,0.6346153846153846,0.34285049934838147,0.9339143967435489,0.32840757560215744,1.0,0.21678321678321677,0.6398601398601399,0.5314685314685315,0.14965034965034965,0.38181818181818183,3.8022000000000187,0,0,0,0.0,0.0,none,0.0,0.0,0.0,0,0,0,1,0,1,279,1,bridge,279,1,1,1,1,1,1,1,1,1,1,0,,
confirmation,30027,self_relevant,curiosity,curiosity,"13,5,6,9,11,12",6,ring,m2,m3,p0>p1>p0>p5,4,context_comp,A>B>A>C,1,7,A>B>C>D>E>F>X,1,600,1,1.0,1.0,1.0,1,1,4,49,0.0175,1,301,601,0,1,1,1,0,0.9844385294355633,-0.0003830777204477617,42,1,0,0,0,0.0,0,0,0,0,0,0,0,0,0,0,0,0,0.8053990281483258,0.8420664323101793,0.6503496503496503,0.0,0.0,0.0,0.0,0.2202797202797203,0.3811188811188811,0.11013986013986014,0.13041958041958043,-0.02027972027972029,3.7429000000000165,0,0,0,0.0,0.0,none,0.0,0.0,0.0,0,0,0,1,0,,,,,,,,,,,,,,,,,,
confirmation,30027,self_relevant,no_need,none,"13,5,6,9,11,12",6,ring,m2,m3,p0>p1>p0>p5,4,context_comp,A>B>A>C,1,7,A>B>C>D>E>F>X,1,600,1,1.0,1.0,1.0,1,1,4,49,0.0175,1,391,601,0,1,1,1,0,0.978091331820153,-0.0022908115524483364,45,1,0,0,0,0.0,0,0,0,0,0,0,0,0,0,0,0,0,0.8199119332417699,0.8493052986957498,0.5,0.0,0.0,0.0,0.0,0.18356643356643357,0.3811188811188811,0.11013986013986014,0.13041958041958043,-0.02027972027972029,3.573500000000017,0,0,0,0.0,0.0,none,0.0,0.0,0.0,0,0,0,1,0,,,,,,,,,,,,,,,,,,
confirmation,30027,self_relevant,yoked_need,yoked,"13,5,6,9,11,12",6,ring,m2,m3,p0>p1>p0>p5,4,context_comp,A>B>A>C,1,7,A>B>C>D>E>F>X,1,600,1,1.0,1.0,1.0,1,1,4,49,0.0175,1,331,601,0,1,1,1,0,0.9835372939789718,0.0006077735239583262,45,1,0,0,0,0.0,0,0,0,0,0,0,0,0,0,0,0,0,0.8032167800084983,0.8371771085123095,0.5926573426573427,0.09027836134689295,0.37770384838110005,0.34012183939767987,1.0,0.2062937062937063,0.35664335664335667,0.1853146853146853,0.1055944055944056,0.07972027972027972,3.673600000000015,0,0,0,0.0,0.0,none,0.0,0.0,0.0,0,0,0,1,0,1,331,1,no_bridge,331,1,0,0,0,0,0,0,0,0,0,0,30039,7
confirmation,30028,neutral,actual_need,actual,"6,13,11,7,9",5,chain,m3,m0,p4>p0>p3,3,branch_comp,A>C>B,1,5,A>B>C>D>E,0,600,1,1.0,0.8333333333333334,1.0,0,0,4,41,0.052564102564102565,1,268,601,0,1,0,0,1,0.7694832487374399,-0.0006526049506544423,44,1,0,0,0,0.0,0,0,0,0,0,0,0,0,0,1,1,1,0.6814413608071794,0.8253266456621053,0.6695804195804196,0.3541468871429747,0.6947823076514225,0.4049410611993481,1.0,0.1888111888111888,0.5638111888111889,0.9370629370629371,0.047639860139860137,0.889423076923077,3.5588000000000197,0,0,0,0.0,0.0,none,0.0,0.0,0.0,0,0,0,1,0,1,268,1,no_bridge,268,0,1,0,0,0,0,0,0,0,0,0,,
confirmation,30028,neutral,curiosity,curiosity,"6,13,11,7,9",5,chain,m3,m0,p4>p0>p3,3,branch_comp,A>C>B,1,5,A>B>C>D>E,0,600,1,1.0,0.8333333333333334,1.0,0,0,4,41,0.052564102564102565,1,281,601,0,1,0,0,1,0.7788791340234196,-0.002294836933827402,43,1,0,0,0,0.0,0,0,0,0,0,0,0,0,0,1,1,1,0.6803870908452306,0.825415939573646,0.6433566433566433,0.0,0.0,0.0,0.0,0.18181818181818182,0.2062937062937063,0.17657342657342656,0.05900349650349651,0.11756993006993005,3.53900000000002,0,0,0,0.0,0.0,none,0.0,0.0,0.0,0,0,0,1,0,,,,,,,,,,,,,,,,,,
confirmation,30028,neutral,no_need,none,"6,13,11,7,9",5,chain,m3,m0,p4>p0>p3,3,branch_comp,A>C>B,1,5,A>B>C>D>E,0,600,1,1.0,0.8333333333333334,1.0,0,0,4,41,0.052564102564102565,1,363,601,0,1,0,0,1,0.7821835999159586,-0.00034641719764323485,46,1,0,0,0,0.0,0,0,0,0,0,0,0,0,0,1,1,1,0.6895833633072594,0.8286808431229897,0.5,0.0,0.0,0.0,0.0,0.14685314685314685,0.2062937062937063,0.17657342657342656,0.05900349650349651,0.11756993006993005,3.44000000000002,0,0,0,0.0,0.0,none,0.0,0.0,0.0,0,0,0,1,0,,,,,,,,,,,,,,,,,,
confirmation,30028,neutral,yoked_need,yoked,"6,13,11,7,9",5,chain,m3,m0,p4>p0>p3,3,branch_comp,A>C>B,1,5,A>B>C>D>E,0,600,1,1.0,0.8333333333333334,1.0,0,0,4,41,0.052564102564102565,1,267,601,0,1,0,0,1,0.7656725931663546,0.0005155524081859154,44,1,1,0,0,0.0,0,0,0,0,0,0,0,0,0,1,1,1,0.6755480186816707,0.8241649965497351,0.6608391608391608,0.013373897039173707,0.5858451839813092,0.26962143244957687,1.0,0.1853146853146853,0.4781468531468531,0.13111888111888112,0.2062937062937063,-0.07517482517482518,3.5782500000000206,0,0,0,0.0,0.0,none,0.0,0.0,0.0,0,0,0,1,0,1,267,0,,601,0,0,1,0,0,0,0,0,0,0,0,30034,1
confirmation,30028,self_relevant,actual_need,actual,"6,13,11,7,9",5,chain,m3,m0,p4>p0>p3,3,branch_comp,A>C>B,1,5,A>B>C>D>E,0,600,1,1.0,0.8333333333333334,1.0,1,1,4,41,0.052564102564102565,1,265,265,1,0,0,1,1,0.7034813342501927,0.005763086650149639,48,1,1,1,0,0.026242947454357488,1,1,0,1,1,1,1,1,0,0,0,1,0.8591938719026989,0.8849918258393685,0.6555944055944056,0.1758243921667454,0.5428750885665075,0.26219846893327076,1.0,0.18356643356643357,0.28234265734265734,0.3129370629370629,0.06293706293706294,0.24999999999999997,3.629300000000023,0,0,0,0.0,0.0,none,0.0,0.0,0.0,0,0,0,1,0,1,265,1,bridge,265,1,1,1,1,1,1,1,1,1,1,0,,
confirmation,30028,self_relevant,curiosity,curiosity,"6,13,11,7,9",5,chain,m3,m0,p4>p0>p3,3,branch_comp,A>C>B,1,5,A>B>C>D>E,0,600,1,1.0,0.8333333333333334,1.0,1,1,4,41,0.052564102564102565,1,283,283,1,0,0,1,1,0.7012624713047426,0.006385262580562334,47,1,1,1,0,0.024426606307654215,1,1,0,1,1,1,1,1,0,0,0,1,0.8573142365983599,0.8858303015380032,0.5996503496503497,0.0,0.0,0.0,0.0,0.16958041958041958,0.2062937062937063,0.17657342657342656,0.05900349650349651,0.11756993006993005,3.589700000000023,0,0,0,0.0,0.0,none,0.0,0.0,0.0,0,0,0,1,0,,,,,,,,,,,,,,,,,,
confirmation,30028,self_relevant,no_need,none,"6,13,11,7,9",5,chain,m3,m0,p4>p0>p3,3,branch_comp,A>C>B,1,5,A>B>C>D>E,0,600,1,1.0,0.8333333333333334,1.0,1,1,4,41,0.052564102564102565,1,355,355,1,0,0,1,1,0.7207168332868541,0.006280185203101363,45,1,1,1,0,0.026070143792020366,1,1,0,1,1,1,1,1,0,0,0,1,0.8690785970628446,0.8919527048072966,0.5,0.0,0.0,0.0,0.0,0.1451048951048951,0.2062937062937063,0.17657342657342656,0.05900349650349651,0.11756993006993005,3.52040000000002,0,0,0,0.0,0.0,none,0.0,0.0,0.0,0,0,0,1,0,,,,,,,,,,,,,,,,,,
confirmation,30028,self_relevant,yoked_need,yoked,"6,13,11,7,9",5,chain,m3,m0,p4>p0>p3,3,branch_comp,A>C>B,1,5,A>B>C>D>E,0,600,1,1.0,0.8333333333333334,1.0,1,1,4,41,0.052564102564102565,1,267,267,1,0,0,1,1,0.7090909171612649,0.004027157708239104,48,1,1,1,0,0.02465993880968134,1,1,0,1,1,1,1,1,0,0,0,1,0.8538222013913291,0.882283589484028,0.6573426573426573,0.010008239335311416,0.5779418634786772,0.2567091330031412,1.0,0.1853146853146853,0.45367132867132864,0.12762237762237763,0.19493006993006992,-0.06730769230769229,3.629300000000023,0,0,0,0.0,0.0,none,0.0,0.0,0.0,0,0,0,1,0,1,267,1,bridge,267,1,1,1,1,1,1,1,1,1,1,0,30034,1
confirmation,30029,neutral,actual_need,actual,"2,11,5,13,8,9",6,dense,m0,m1,p3>p5>p3>p0,4,context_comp,A>B>A>C,1,7,A>B>C>D>E>F>X,0,600,1,1.0,1.0,1.0,1,1,4,49,0.0175,1,305,601,0,1,0,1,1,0.9070976909405145,-0.003318619589902196,46,1,0,0,0,0.0,0,0,0,0,0,0,0,0,0,1,1,1,0.6396537757814705,0.7862776727566843,0.6573426573426573,0.4614311321182455,0.9578610932463404,0.4696906769199303,1.0,0.22377622377622378,0.6136363636363636,0.8251748251748252,0.08041958041958042,0.7447552447552448,3.750600000000016,0,0,0,0.0,0.0,none,0.0,0.0,0.0,0,0,0,1,0,1,305,1,no_bridge,305,1,1,0,0,0,0,0,0,0,0,0,,
confirmation,30029,neutral,curiosity,curiosity,"2,11,5,13,8,9",6,dense,m0,m1,p3>p5>p3>p0,4,context_comp,A>B>A>C,1,7,A>B>C>D>E>F>X,0,600,1,1.0,1.0,1.0,1,1,4,49,0.0175,1,309,601,0,1,0,1,1,0.9016062764200229,-0.0010198874413371946,46,1,0,0,0,0.0,0,0,0,0,0,0,0,0,0,1,1,1,0.640373708390558,0.7886955090413826,0.6416083916083916,0.0,0.0,0.0,0.0,0.21853146853146854,0.42132867132867136,0.2517482517482518,0.11818181818181818,0.1335664335664336,3.727500000000017,0,0,0,0.0,0.0,none,0.0,0.0,0.0,0,0,0,1,0,,,,,,,,,,,,,,,,,,
confirmation,30029,neutral,no_need,none,"2,11,5,13,8,9",6,dense,m0,m1,p3>p5>p3>p0,4,context_comp,A>B>A>C,1,7,A>B>C>D>E>F>X,0,600,1,1.0,1.0,1.0,1,1,4,49,0.0175,1,391,601,0,1,0,1,1,0.9195826555524248,-0.0012862452802396818,46,1,0,0,0,0.0,0,0,0,0,0,0,0,0,0,1,1,1,0.641456698282818,0.7895040342305094,0.5,0.0,0.0,0.0,0.0,0.18356643356643357,0.42132867132867136,0.2517482517482518,0.11818181818181818,0.1335664335664336,3.573500000000017,0,0,0,0.0,0.0,none,0.0,0.0,0.0,0,0,0,1,0,,,,,,,,,,,,,,,,,,
confirmation,30029,neutral,yoked_need,yoked,"2,11,5,13,8,9",6,dense,m0,m1,p3>p5>p3>p0,4,context_comp,A>B>A>C,1,7,A>B>C>D>E>F>X,0,600,1,1.0,1.0,1.0,1,1,4,49,0.0175,1,308,601,0,1,0,1,1,0.9072821454850111,-0.0002882565448793331,46,1,0,0,0,0.0,0,0,0,0,0,0,0,0,0,1,1,1,0.6415124031144153,0.7884784177735317,0.6433566433566433,0.002823148415867279,0.07942347541157814,0.5350733619612613,1.0,0.2202797202797203,0.2403846153846154,0.13986013986013987,0.06818181818181818,0.0716783216783217,3.7352000000000163,0,0,0,0.0,0.0,none,0.0,0.0,0.0,0,0,0,1,0,1,308,1,no_bridge,308,1,1,0,0,0,0,0,0,0,0,0,30041,2
confirmation,30029,self_relevant,actual_need,actual,"2,11,5,13,8,9",6,dense,m0,m1,p3>p5>p3>p0,4,context_comp,A>B>A>C,1,7,A>B>C>D>E>F>X,0,600,1,1.0,1.0,1.0,1,1,4,49,0.0175,1,350,350,1,0,0,1,1,0.9050577590435711,0.008004734526069025,46,1,1,1,0,0.029332271762406863,1,1,0,1,1,1,1,1,0,0,0,1,0.8608496517238972,0.8857697499981078,0.5052447552447552,0.1113560342972993,0.42250129715921036,0.3946940709954717,1.0,0.1853146853146853,0.3986013986013986,0.2062937062937063,0.11818181818181818,0.08811188811188812,3.6636000000000166,0,0,0,0.0,0.0,none,0.0,0.0,0.0,0,0,0,1,0,1,350,1,bridge,350,1,1,1,1,1,1,1,1,1,1,0,,
confirmation,30029,self_relevant,curiosity,curiosity,"2,11,5,13,8,9",6,dense,m0,m1,p3>p5>p3>p0,4,context_comp,A>B>A>C,1,7,A>B>C>D>E>F>X,0,600,1,1.0,1.0,1.0,1,1,4,49,0.0175,1,309,309,1,0,0,1,1,0.917597381261188,0.0044258522433176985,46,1,1,1,0,0.03141044890486055,1,1,0,1,1,1,1,1,0,0,0,1,0.8684312085098894,0.8900701356262174,0.5681818181818182,0.0,0.0,0.0,0.0,0.1993006993006993,0.42132867132867136,0.2517482517482518,0.11818181818181818,0.1335664335664336,3.73290000000002,0,0,0,0.0,0.0,none,0.0,0.0,0.0,0,0,0,1,0,,,,,,,,,,,,,,,,,,
confirmation,30029,self_relevant,no_need,none,"2,11,5,13,8,9",6,dense,m0,m1,p3>p5>p3>p0,4,context_comp,A>B>A>C,1,7,A>B>C>D>E>F>X,0,600,1,1.0,1.0,1.0,1,1,4,49,0.0175,1,391,391,1,0,0,1,1,0.9195826555524248,0.007273927276002843,46,1,1,1,0,0.0300762700196977,1,1,0,1,1,1,1,1,0,0,0,1,0.8668458841140567,0.8898824497229607,0.5,0.0,0.0,0.0,0.0,0.18356643356643357,0.42132867132867136,0.2517482517482518,0.11818181818181818,0.1335664335664336,3.655900000000017,0,0,0,0.0,0.0,none,0.0,0.0,0.0,0,0,0,1,0,,,,,,,,,,,,,,,,,,
confirmation,30029,self_relevant,yoked_need,yoked,"2,11,5,13,8,9",6,dense,m0,m1,p3>p5>p3>p0,4,context_comp,A>B>A>C,1,7,A>B>C>D>E>F>X,0,600,1,1.0,1.0,1.0,1,1,4,49,0.0175,1,378,601,0,1,1,1,0,0.9111575714638889,0.000919828535887509,46,1,0,0,0,0.0,0,0,0,0,0,0,0,0,0,0,0,0,0.7892769645743594,0.8500928524841743,0.513986013986014,0.04750877564080156,0.19490659865648396,0.5069449727032875,1.0,0.18706293706293706,0.2526223776223776,0.13986013986013987,0.07307692307692308,0.06678321678321679,3.5889000000000166,0,0,0,0.0,0.0,none,0.0,0.0,0.0,0,0,0,1,0,1,378,1,no_bridge,378,1,0,0,0,0,0,0,0,0,0,0,30041,2
confirmation,30030,neutral,actual_need,actual,"13,3,11,6,8",5,ring,m3,m2,p0>p1>p2,3,branch_comp,A>C>B,1,5,A>B>C>D>E,0,600,1,1.0,0.8333333333333334,1.0,0,0,4,43,0.05512820512820513,1,271,601,0,1,0,0,1,0.8648055745376702,-0.0019075898783287638,46,1,0,0,0,0.0,0,0,0,0,0,0,0,0,0,1,1,1,0.6598407778179838,0.7736425815754502,0.6486013986013986,0.32560379360127645,0.800721345876546,0.2830644259375665,1.0,0.18181818181818182,0.4833916083916084,0.6136363636363636,0.0882867132867133,0.5253496503496503,3.5439500000000197,0,0,0,0.0,0.0,none,0.0,0.0,0.0,0,0,0,1,0,1,271,1,no_bridge,271,0,1,0,0,0,0,0,0,0,0,0,,
confirmation,30030,neutral,curiosity,curiosity,"13,3,11,6,8",5,ring,m3,m2,p0>p1>p2,3,branch_comp,A>C>B,1,5,A>B>C>D>E,0,600,1,1.0,0.8333333333333334,1.0,0,0,4,41,0.052564102564102565,1,282,601,0,1,0,0,1,0.8591511740208524,-0.0014667445918132307,42,1,0,0,0,0.0,0,0,0,0,0,0,0,0,0,1,1,1,0.6597239222775582,0.7710445589261183,0.6520979020979021,0.0,0.0,0.0,0.0,0.18356643356643357,0.28146853146853146,0.1258741258741259,0.10926573426573427,0.016608391608391615,3.5439500000000206,0,0,0,0.0,0.0,none,0.0,0.0,0.0,0,0,0,1,0,,,,,,,,,,,,,,,,,,
confirmation,30030,neutral,no_need,none,"13,3,11,6,8",5,ring,m3,m2,p0>p1>p2,3,branch_comp,A>C>B,1,5,A>B>C>D>E,0,600,1,1.0,0.8333333333333334,1.0,0,0,4,41,0.052564102564102565,1,363,601,0,1,0,0,1,0.8550034754460483,-8.540986859570157e-05,45,1,0,0,0,0.0,0,0,0,0,0,0,0,0,0,1,1,1,0.6618485343168796,0.7763612997837837,0.5,0.0,0.0,0.0,0.0,0.14685314685314685,0.28146853146853146,0.1258741258741259,0.10926573426573427,0.016608391608391615,3.44000000000002,0,0,0,0.0,0.0,none,0.0,0.0,0.0,0,0,0,1,0,,,,,,,,,,,,,,,,,,
confirmation,30030,neutral,yoked_need,yoked,"13,3,11,6,8",5,ring,m3,m2,p0>p1>p2,3,branch_comp,A>C>B,1,5,A>B>C>D>E,0,600,1,1.0,0.8333333333333334,1.0,0,0,4,41,0.052564102564102565,1,268,601,0,1,0,0,1,0.8623589872070303,0.000770848490355942,42,1,1,0,0,0.0,0,0,0,0,0,0,0,0,0,1,1,1,0.6593571067739563,0.7717531972264495,0.6590909090909091,0.0013454499570937602,0.6262135180916177,0.34077269936644283,1.0,0.1853146853146853,0.5297202797202797,0.0979020979020979,0.2403846153846154,-0.1424825174825175,3.5733000000000206,0,0,0,0.0,0.0,none,0.0,0.0,0.0,0,0,0,1,0,1,268,0,,601,0,0,1,0,0,0,0,0,0,0,0,30036,9
confirmation,30030,self_relevant,actual_need,actual,"13,3,11,6,8",5,ring,m3,m2,p0>p1>p2,3,branch_comp,A>C>B,1,5,A>B>C>D>E,0,600,1,1.0,0.8333333333333334,1.0,1,1,4,41,0.052564102564102565,1,265,265,1,0,0,1,1,0.7104714265665404,0.007365601397915768,47,1,1,1,0,0.024779694544894006,1,1,0,1,1,1,0,0,0,0,0,1,0.8548329855905661,0.8743845229264403,0.6276223776223776,0.14328937548583728,0.7040109996156931,0.30110008788081466,1.0,0.17657342657342656,0.48951048951048953,0.19055944055944055,0.19711538461538464,-0.006555944055944091,3.609500000000023,0,0,0,0.0,0.0,none,0.0,0.0,0.0,0,0,0,1,0,1,265,1,bridge,265,1,1,1,1,1,1,1,1,0,0,0,,
confirmation,30030,self_relevant,curiosity,curiosity,"13,3,11,6,8",5,ring,m3,m2,p0>p1>p2,3,branch_comp,A>C>B,1,5,A>B>C>D>E,0,600,1,1.0,0.8333333333333334,1.0,1,1,4,41,0.052564102564102565,1,284,601,1,0,0,1,1,0.7106223807451066,0.006778080256552986,46,1,1,1,0,0.026194323309828224,1,14,0,0,0,0,0,0,14,0,0,0,0.8312317304576179,0.8553908353609246,0.6171328671328671,0.0,0.0,0.0,0.0,0.17482517482517482,0.28146853146853146,0.1258741258741259,0.10926573426573427,0.016608391608391615,4.196800000000029,0,0,0,0.0,0.0,none,0.0,0.0,0.0,0,0,0,1,0,,,,,,,,,,,,,,,,,,
confirmation,30030,self_relevant,no_need,none,"13,3,11,6,8",5,ring,m3,m2,p0>p1>p2,3,branch_comp,A>C>B,1,5,A>B>C>D>E,0,600,1,1.0,0.8333333333333334,1.0,0,0,4,41,0.052564102564102565,1,363,601,0,1,1,0,0,0.8550034754460483,-2.7013702379862002e-05,45,1,0,0,0,0.0,0,0,0,0,0,0,0,0,0,0,0,0,0.8117654665956825,0.8373370285707205,0.5,0.0,0.0,0.0,0.0,0.14685314685314685,0.28146853146853146,0.1258741258741259,0.10926573426573427,0.016608391608391615,3.44000000000002,0,0,0,0.0,0.0,none,0.0,0.0,0.0,0,0,0,1,0,,,,,,,,,,,,,,,,,,
confirmation,30030,self_relevant,yoked_need,yoked,"13,3,11,6,8",5,ring,m3,m2,p0>p1>p2,3,branch_comp,A>C>B,1,5,A>B>C>D>E,0,600,1,1.0,0.8333333333333334,1.0,1,1,4,42,0.05384615384615385,1,287,287,1,0,0,1,1,0.7272307944812734,0.004066186675422542,51,1,1,1,0,0.02617775032947843,1,1,0,1,1,1,1,1,0,0,0,1,0.8491365807896099,0.8676481547276224,0.6258741258741258,0.0008949900657550706,0.4159099092673509,0.30080043228428327,1.0,0.17832167832167833,0.3356643356643357,0.10139860139860139,0.1424825174825175,-0.04108391608391611,3.6095000000000224,0,0,0,0.0,0.0,none,0.0,0.0,0.0,0,0,0,1,0,1,287,1,bridge,287,1,1,1,1,1,1,1,1,1,1,0,30036,9
confirmation,30031,neutral,actual_need,actual,"4,10,7,3,11,9",6,chain,m2,m0,p5>p2>p5>p1,4,context_comp,A>B>A>C,1,7,A>B>C>D>E>F>X,1,600,1,1.0,0.8571428571428571,1.0,1,1,4,49,0.0175,1,288,601,0,1,0,1,1,0.9823946412029906,-6.725059464112544e-05,42,1,0,0,0,0.0,0,0,0,0,0,0,0,0,0,1,1,1,0.6534817082085699,0.7911419582329572,0.6625874125874126,0.2556210865196393,0.6700624852278224,0.2612980036796118,1.0,0.22377622377622378,0.5882867132867133,0.6818181818181818,0.09895104895104895,0.5828671328671329,3.7506000000000155,0,0,0,0.0,0.0,none,0.0,0.0,0.0,0,0,0,1,0,1,288,1,no_bridge,288,1,1,0,0,0,0,0,0,0,0,0,,
confirmation,30031,neutral,curiosity,curiosity,"4,10,7,3,11,9",6,chain,m2,m0,p5>p2>p5>p1,4,context_comp,A>B>A>C,1,7,A>B>C>D>E>F>X,1,600,1,1.0,0.8571428571428571,1.0,1,1,4,49,0.0175,1,301,601,0,1,0,1,1,0.9854459741890161,-0.0013748041182556378,42,1,0,0,0,0.0,0,0,0,0,0,0,0,0,0,1,1,1,0.6535062259530615,0.7897558437054406,0.6433566433566433,0.0,0.0,0.0,0.0,0.2202797202797203,0.4798951048951049,0.10139860139860139,0.17167832167832167,-0.07027972027972028,3.7275000000000165,0,0,0,0.0,0.0,none,0.0,0.0,0.0,0,0,0,1,0,,,,,,,,,,,,,,,,,,
confirmation,30031,neutral,no_need,none,"4,10,7,3,11,9",6,chain,m2,m0,p5>p2>p5>p1,4,context_comp,A>B>A>C,1,7,A>B>C>D>E>F>X,1,600,1,1.0,0.8571428571428571,1.0,1,1,4,49,0.0175,1,391,601,0,1,0,1,1,0.9815002334618678,-0.0021110419399801997,45,1,0,0,0,0.0,0,0,0,0,0,0,0,0,0,1,1,1,0.654666300713091,0.7941423511288712,0.5,0.0,0.0,0.0,0.0,0.18356643356643357,0.4798951048951049,0.10139860139860139,0.17167832167832167,-0.07027972027972028,3.573500000000017,0,0,0,0.0,0.0,none,0.0,0.0,0.0,0,0,0,1,0,,,,,,,,,,,,,,,,,,
confirmation,30031,neutral,yoked_need,yoked,"4,10,7,3,11,9",6,chain,m2,m0,p5>p2>p5>p1,4,context_comp,A>B>A>C,1,7,A>B>C>D>E>F>X,1,600,1,1.0,0.8571428571428571,1.0,1,1,4,49,0.0175,1,286,601,0,1,0,1,1,0.9828142684376945,-0.0020010946208347223,42,1,0,0,0,0.0,0,0,0,0,0,0,0,0,0,1,1,1,0.6531853508819951,0.788312886284453,0.6643356643356644,0.05804802400924661,0.27839554554518614,0.29776903996266313,1.0,0.22377622377622378,0.3356643356643357,0.0472027972027972,0.12482517482517483,-0.07762237762237763,3.7506000000000155,0,0,0,0.0,0.0,none,0.0,0.0,0.0,0,0,0,1,0,1,286,1,no_bridge,286,1,1,0,0,0,0,0,0,0,0,0,30043,10
confirmation,30031,self_relevant,actual_need,actual,"4,10,7,3,11,9",6,chain,m2,m0,p5>p2>p5>p1,4,context_comp,A>B>A>C,1,7,A>B>C>D>E>F>X,1,600,1,1.0,0.8571428571428571,1.0,1,1,4,49,0.0175,1,287,601,0,1,1,1,0,0.9895547607526737,0.0006116360474352645,42,1,0,0,0,0.0,0,0,0,0,0,0,0,0,0,0,0,0,0.8254982069185676,0.8421442543635863,0.6625874125874126,0.065427741755073,0.5537733188201454,0.23872195102672614,1.0,0.22377622377622378,0.4143356643356643,0.06293706293706294,0.15314685314685314,-0.0902097902097902,3.7429000000000157,0,0,0,0.0,0.0,none,0.0,0.0,0.0,0,0,0,1,0,1,287,1,no_bridge,287,1,0,0,0,0,0,0,0,0,0,0,,
confirmation,30031,self_relevant,curiosity,curiosity,"4,10,7,3,11,9",6,chain,m2,m0,p5>p2>p5>p1,4,context_comp,A>B>A>C,1,7,A>B>C>D>E>F>X,1,600,1,1.0,0.8571428571428571,1.0,1,1,4,49,0.0175,1,301,601,0,1,1,1,0,0.9756132156589592,-0.0010118623776719442,42,1,0,0,0,0.0,0,0,0,0,0,0,0,0,0,0,0,0,0.8149363695087346,0.8381716631126445,0.6433566433566433,0.0,0.0,0.0,0.0,0.2202797202797203,0.4798951048951049,0.10139860139860139,0.17167832167832167,-0.07027972027972028,3.7352000000000167,0,0,0,0.0,0.0,none,0.0,0.0,0.0,0,0,0,1,0,,,,,,,,,,,,,,,,,,
confirmation,30031,self_relevant,no_need,none,"4,10,7,3,11,9",6,chain,m2,m0,p5>p2>p5>p1,4,context_comp,A>B>A>C,1,7,A>B>C>D>E>F>X,1,600,1,1.0,0.8571428571428571,1.0,1,1,4,49,0.0175,1,391,601,0,1,1,1,0,0.9815002334618678,4.3410457021919244e-05,45,1,0,0,0,0.0,0,0,0,0,0,0,0,0,0,0,0,0,0.8252371749727366,0.8521308515501552,0.5,0.0,0.0,0.0,0.0,0.18356643356643357,0.4798951048951049,0.10139860139860139,0.17167832167832167,-0.07027972027972028,3.573500000000017,0,0,0,0.0,0.0,none,0.0,0.0,0.0,0,0,0,1,0,,,,,,,,,,,,,,,,,,
confirmation,30031,self_relevant,yoked_need,yoked,"4,10,7,3,11,9",6,chain,m2,m0,p5>p2>p5>p1,4,context_comp,A>B>A>C,1,7,A>B>C>D>E>F>X,1,600,1,1.0,0.8571428571428571,1.0,1,1,4,49,0.0175,1,352,601,0,1,1,1,0,0.9829153322032673,0.0014464496574988868,55,1,0,0,0,0.0,0,0,0,0,0,0,0,0,0,0,0,0,0.837056810342377,0.8564287615545944,0.5926573426573427,0.07950548244619197,0.3949772717257818,0.2841361996886388,1.0,0.2062937062937063,0.4361888111888112,0.13986013986013987,0.1465034965034965,-0.006643356643356635,3.6736000000000164,0,0,0,0.0,0.0,none,0.0,0.0,0.0,0,0,0,1,0,1,352,1,no_bridge,352,1,0,0,0,0,0,0,0,0,0,0,30043,10
confirmation,30032,neutral,actual_need,actual,"8,6,1,11,3",5,dense,m3,m1,p1>p2>p3,3,branch_comp,A>C>B,1,5,A>B>C>D>E,0,600,1,1.0,0.8333333333333334,1.0,1,1,4,41,0.052564102564102565,1,269,601,0,1,0,1,1,0.734272173751506,-0.00560167307130283,49,1,0,0,0,0.0,0,0,0,0,0,0,0,0,0,1,1,1,0.770683835654356,0.8190770378249301,0.6206293706293706,0.4816190746257146,0.8042466597069486,0.4754712704322026,1.0,0.17657342657342656,0.5297202797202797,0.8636363636363636,0.04895104895104895,0.8146853146853147,3.524150000000019,0,0,0,0.0,0.0,none,0.0,0.0,0.0,0,0,0,1,0,1,269,1,no_bridge,269,1,1,0,0,0,0,0,0,0,0,0,,
confirmation,30032,neutral,curiosity,curiosity,"8,6,1,11,3",5,dense,m3,m1,p1>p2>p3,3,branch_comp,A>C>B,1,5,A>B>C>D>E,0,600,1,1.0,0.8333333333333334,1.0,0,0,4,41,0.052564102564102565,1,282,601,0,1,0,0,1,0.7285068730281619,-0.0021663397051455958,48,1,0,0,0,0.0,0,0,0,0,0,0,0,0,0,1,1,1,0.7497859832872144,0.8089472401802004,0.6486013986013986,0.0,0.0,0.0,0.0,0.20804195804195805,0.2631118881118881,0.1346153846153846,0.0979020979020979,0.036713286713286705,3.54395000000002,0,0,0,0.0,0.0,none,0.0,0.0,0.0,0,0,0,1,0,,,,,,,,,,,,,,,,,,
confirmation,30032,neutral,no_need,none,"8,6,1,11,3",5,dense,m3,m1,p1>p2>p3,3,branch_comp,A>C>B,1,5,A>B>C>D>E,0,600,1,1.0,0.8333333333333334,1.0,1,1,4,41,0.052564102564102565,1,371,601,0,1,0,1,1,0.7336771527393211,-0.0031723821981704367,49,1,0,0,0,0.0,0,0,0,0,0,0,0,0,0,1,1,1,0.7576133944137535,0.8137957881390298,0.5,0.0,0.0,0.0,0.0,0.14685314685314685,0.2631118881118881,0.1346153846153846,0.0979020979020979,0.036713286713286705,3.44000000000002,0,0,0,0.0,0.0,none,0.0,0.0,0.0,0,0,0,1,0,,,,,,,,,,,,,,,,,,
confirmation,30032,neutral,yoked_need,yoked,"8,6,1,11,3",5,dense,m3,m1,p1>p2>p3,3,branch_comp,A>C>B,1,5,A>B>C>D>E,0,600,1,1.0,0.8333333333333334,1.0,1,1,4,43,0.05512820512820513,1,279,601,0,1,0,1,1,0.7310485402823346,-0.0016171902157709772,48,1,0,0,0,0.0,0,0,0,0,0,0,0,0,0,1,1,1,0.7569179295311135,0.813463758305709,0.6363636363636364,0.0015236523716742312,0.8478560998668748,0.6365022145817124,1.0,0.18006993006993008,0.541958041958042,0.06643356643356643,0.2543706293706294,-0.18793706293706294,3.5340500000000197,0,0,0,0.0,0.0,none,0.0,0.0,0.0,0,0,0,1,0,1,279,1,no_bridge,279,1,1,0,0,0,0,0,0,0,0,0,30038,4
confirmation,30032,self_relevant,actual_need,actual,"8,6,1,11,3",5,dense,m3,m1,p1>p2>p3,3,branch_comp,A>C>B,1,5,A>B>C>D>E,0,600,1,1.0,0.8333333333333334,1.0,1,1,4,41,0.052564102564102565,1,453,453,1,0,0,1,1,0.7901179977201565,0.004139562717098191,81,1,1,1,0,0.024917929137181816,1,1,0,1,1,1,1,1,0,0,0,1,0.8502530337467302,0.8654305334071193,0.5454545454545454,0.09350600124179705,0.35838362455709416,0.3284283920775704,1.0,0.15734265734265734,0.3155594405594406,0.20454545454545456,0.10664335664335664,0.09790209790209792,3.5501000000000174,0,0,0,0.0,0.0,none,0.0,0.0,0.0,0,0,0,1,0,1,453,1,bridge,453,1,1,1,1,1,1,1,1,1,1,0,,
confirmation,30032,self_relevant,curiosity,curiosity,"8,6,1,11,3",5,dense,m3,m1,p1>p2>p3,3,branch_comp,A>C>B,1,5,A>B>C>D>E,0,600,1,1.0,0.8333333333333334,1.0,0,0,4,41,0.052564102564102565,1,289,601,0,1,1,0,0,0.7259463897854004,-0.001917460981139419,48,1,0,0,0,0.0,0,0,0,0,0,0,0,0,0,0,0,0,0.7807562023086105,0.8155717171337729,0.6398601398601399,0.0,0.0,0.0,0.0,0.20804195804195805,0.2631118881118881,0.1346153846153846,0.0979020979020979,0.036713286713286705,3.539000000000021,0,0,0,0.0,0.0,none,0.0,0.0,0.0,0,0,0,1,0,,,,,,,,,,,,,,,,,,
confirmation,30032,self_relevant,no_need,none,"8,6,1,11,3",5,dense,m3,m1,p1>p2>p3,3,branch_comp,A>C>B,1,5,A>B>C>D>E,0,600,1,1.0,0.8333333333333334,1.0,1,1,4,41,0.052564102564102565,1,371,601,0,1,1,1,0,0.7336771527393211,0.0013780242704260804,49,1,0,0,0,0.0,0,0,0,0,0,0,0,0,0,0,0,0,0.810262876216266,0.8358545893360159,0.5,0.0,0.0,0.0,0.0,0.14685314685314685,0.2631118881118881,0.1346153846153846,0.0979020979020979,0.036713286713286705,3.44000000000002,0,0,0,0.0,0.0,none,0.0,0.0,0.0,0,0,0,1,0,,,,,,,,,,,,,,,,,,
confirmation,30032,self_relevant,yoked_need,yoked,"8,6,1,11,3",5,dense,m3,m1,p1>p2>p3,3,branch_comp,A>C>B,1,5,A>B>C>D>E,0,600,1,1.0,0.8333333333333334,1.0,1,1,4,42,0.05384615384615385,1,350,601,0,1,1,1,0,0.7386610193522387,-0.0024501316282654973,49,1,0,0,0,0.0,0,0,0,0,0,0,0,0,0,0,0,0,0.8054030463172759,0.8294189904014315,0.5192307692307693,0.017808468467741204,0.31593302014154623,0.6072979765993483,1.0,0.15034965034965034,0.2526223776223776,0.07867132867132867,0.10664335664335664,-0.02797202797202797,3.4499000000000173,0,0,0,0.0,0.0,none,0.0,0.0,0.0,0,0,0,1,0,1,350,1,no_bridge,350,1,0,0,0,0,0,0,0,0,0,0,30038,4
confirmation,30033,neutral,actual_need,actual,"12,11,7,5,13,1",6,ring,m3,m1,p5>p2>p5>p0,4,context_comp,A>B>A>C,1,7,A>B>C>D>E>F>X,0,600,1,1.0,0.8571428571428571,1.0,0,0,4,49,0.0175,1,293,601,0,1,0,0,1,0.8529577267110219,-0.002436181825692665,47,1,0,0,0,0.0,0,0,0,0,0,0,0,0,0,1,1,1,0.7089082706400661,0.8011276198870912,0.6590909090909091,0.26854166479479535,0.8058810105396297,0.2607171777191596,1.0,0.22377622377622378,0.5393356643356644,0.6486013986013986,0.08601398601398601,0.5625874125874126,3.7506000000000155,0,0,0,0.0,0.0,none,0.0,0.0,0.0,0,0,0,1,0,1,293,1,no_bridge,293,0,1,0,0,0,0,0,0,0,0,0,,
confirmation,30033,neutral,curiosity,curiosity,"12,11,7,5,13,1",6,ring,m3,m1,p5>p2>p5>p0,4,context_comp,A>B>A>C,1,7,A>B>C>D>E>F>X,0,600,1,1.0,0.8571428571428571,1.0,1,1,4,49,0.0175,1,312,601,0,1,0,1,1,0.8554980829071074,-0.003380548956041377,49,1,0,0,0,0.0,0,0,0,0,0,0,0,0,0,1,1,1,0.7080605893465072,0.7997960738468733,0.6433566433566433,0.0,0.0,0.0,0.0,0.18356643356643357,0.2840909090909091,0.11363636363636363,0.09090909090909091,0.02272727272727272,3.7352000000000163,0,0,0,0.0,0.0,none,0.0,0.0,0.0,0,0,0,1,0,,,,,,,,,,,,,,,,,,
confirmation,30033,neutral,no_need,none,"12,11,7,5,13,1",6,ring,m3,m1,p5>p2>p5>p0,4,context_comp,A>B>A>C,1,7,A>B>C>D>E>F>X,0,600,1,1.0,0.8571428571428571,1.0,0,0,4,49,0.0175,1,399,601,0,1,0,0,1,0.8595042560351979,-0.003811373690207809,49,1,0,0,0,0.0,0,0,0,0,0,0,0,0,0,1,1,1,0.7147292638180831,0.8083414433527459,0.5,0.0,0.0,0.0,0.0,0.18356643356643357,0.2840909090909091,0.11363636363636363,0.09090909090909091,0.02272727272727272,3.573500000000017,0,0,0,0.0,0.0,none,0.0,0.0,0.0,0,0,0,1,0,,,,,,,,,,,,,,,,,,
confirmation,30033,neutral,yoked_need,yoked,"12,11,7,5,13,1",6,ring,m3,m1,p5>p2>p5>p0,4,context_comp,A>B>A>C,1,7,A>B>C>D>E>F>X,0,600,1,1.0,0.8571428571428571,1.0,0,0,4,49,0.0175,1,287,601,0,1,0,0,1,0.8412623841781681,-0.00721105255286077,48,1,0,0,0,0.0,0,0,0,0,0,0,0,0,0,1,1,1,0.7092070669835082,0.8007372840804475,0.6573426573426573,0.4279998001686565,0.6165270960844944,0.4053003593315126,1.0,0.22202797202797203,0.4833916083916084,0.756993006993007,0.04195804195804196,0.715034965034965,3.750600000000016,0,0,0,0.0,0.0,none,0.0,0.0,0.0,0,0,0,1,0,1,287,1,no_bridge,287,0,1,0,0,0,0,0,0,0,0,0,30045,5
confirmation,30033,self_relevant,actual_need,actual,"12,11,7,5,13,1",6,ring,m3,m1,p5>p2>p5>p0,4,context_comp,A>B>A>C,1,7,A>B>C>D>E>F>X,0,600,1,1.0,0.8571428571428571,1.0,1,1,4,49,0.0175,1,274,274,1,0,0,1,1,0.8174658904560033,0.007335628910991836,43,1,1,1,0,0.02961574241156538,1,1,0,1,1,1,1,1,0,0,0,1,0.8468047266333899,0.8769933422200175,0.6468531468531469,0.061027674036048085,0.6551671416448663,0.259728541369016,1.0,0.2202797202797203,0.4125874125874126,0.15034965034965034,0.13496503496503495,0.015384615384615385,3.8176000000000188,0,0,0,0.0,0.0,none,0.0,0.0,0.0,0,0,0,1,0,1,274,1,bridge,274,1,1,1,1,1,1,1,1,1,1,0,,
confirmation,30033,self_relevant,curiosity,curiosity,"12,11,7,5,13,1",6,ring,m3,m1,p5>p2>p5>p0,4,context_comp,A>B>A>C,1,7,A>B>C>D>E>F>X,0,600,1,1.0,0.8571428571428571,1.0,1,1,4,49,0.0175,1,333,601,0,1,1,1,0,0.8679135680579269,0.0014922493971184585,57,1,0,0,0,0.0,0,0,0,0,0,0,0,0,0,0,0,0,0.8018958940222065,0.8344499864713081,0.6503496503496503,0.0,0.0,0.0,0.0,0.18356643356643357,0.2840909090909091,0.11363636363636363,0.09090909090909091,0.02272727272727272,3.742900000000016,0,0,0,0.0,0.0,none,0.0,0.0,0.0,0,0,0,1,0,,,,,,,,,,,,,,,,,,
confirmation,30033,self_relevant,no_need,none,"12,11,7,5,13,1",6,ring,m3,m1,p5>p2>p5>p0,4,context_comp,A>B>A>C,1,7,A>B>C>D>E>F>X,0,600,1,1.0,0.8571428571428571,1.0,0,0,4,49,0.0175,1,399,601,0,1,1,0,0,0.8595042560351979,-0.004110576815949193,49,1,0,0,0,0.0,0,0,0,0,0,0,0,0,0,0,0,0,0.8137677014921764,0.843736070588938,0.5,0.0,0.0,0.0,0.0,0.18356643356643357,0.2840909090909091,0.11363636363636363,0.09090909090909091,0.02272727272727272,3.573500000000017,0,0,0,0.0,0.0,none,0.0,0.0,0.0,0,0,0,1,0,,,,,,,,,,,,,,,,,,
confirmation,30033,self_relevant,yoked_need,yoked,"12,11,7,5,13,1",6,ring,m3,m1,p5>p2>p5>p0,4,context_comp,A>B>A>C,1,7,A>B>C>D>E>F>X,0,600,1,1.0,0.8571428571428571,1.0,1,1,4,49,0.0175,1,277,277,1,0,0,1,1,0.8230521038866141,0.005395604406690325,43,1,1,1,0,0.029419744654265986,1,1,0,1,1,1,1,1,0,0,0,1,0.8551371925287556,0.883434724264979,0.5734265734265734,0.28750704180821485,0.5230587013166276,0.32804666203962723,1.0,0.20104895104895104,0.3583916083916084,0.46153846153846156,0.05104895104895105,0.41048951048951055,3.7406000000000206,0,0,0,0.0,0.0,none,0.0,0.0,0.0,0,0,0,1,0,1,277,1,bridge,277,1,1,1,1,1,1,1,1,1,1,0,30045,5
confirmation,30034,neutral,actual_need,actual,"10,12,13,11,5",5,chain,m1,m0,p0>p3>p2,3,branch_comp,A>C>B,1,5,A>B>C>D>E,0,600,1,1.0,0.8333333333333334,1.0,0,0,4,41,0.052564102564102565,1,281,601,0,1,0,0,1,0.7795068279285227,0.00026069377610238157,46,1,0,0,0,0.0,0,0,0,0,0,0,0,0,0,1,1,1,0.6027783427607533,0.7579928977541327,0.6643356643356644,0.30874724629162226,0.7657618250496973,0.27407950265017716,1.0,0.18706293706293706,0.48426573426573427,0.5157342657342657,0.1131993006993007,0.402534965034965,3.5538500000000197,0,0,0,0.0,0.0,none,0.0,0.0,0.0,0,0,0,1,0,1,281,1,no_bridge,281,0,1,0,0,0,0,0,0,0,0,0,,
confirmation,30034,neutral,curiosity,curiosity,"10,12,13,11,5",5,chain,m1,m0,p0>p3>p2,3,branch_comp,A>C>B,1,5,A>B>C>D>E,0,600,1,1.0,0.8333333333333334,1.0,0,0,4,41,0.052564102564102565,1,282,601,0,1,0,0,1,0.7845210627032624,-0.002353551104802163,46,1,0,0,0,0.0,0,0,0,0,0,0,0,0,0,1,1,1,0.5983694116144743,0.7569586576980833,0.6608391608391608,0.0,0.0,0.0,0.0,0.1853146853146853,0.25786713286713286,0.10314685314685315,0.10314685314685315,0.0,3.5538500000000206,0,0,0,0.0,0.0,none,0.0,0.0,0.0,0,0,0,1,0,,,,,,,,,,,,,,,,,,
confirmation,30034,neutral,no_need,none,"10,12,13,11,5",5,chain,m1,m0,p0>p3>p2,3,branch_comp,A>C>B,1,5,A>B>C>D>E,0,600,1,1.0,0.8333333333333334,1.0,0,0,4,42,0.05384615384615385,1,363,601,0,1,0,0,1,0.7868936168100878,0.0002724448922995777,46,1,0,0,0,0.0,0,0,0,0,0,0,0,0,0,1,1,1,0.6076270057689914,0.7616379057893947,0.5,0.0,0.0,0.0,0.0,0.14685314685314685,0.25786713286713286,0.10314685314685315,0.10314685314685315,0.0,3.44000000000002,0,0,0,0.0,0.0,none,0.0,0.0,0.0,0,0,0,1,0,,,,,,,,,,,,,,,,,,
confirmation,30034,neutral,yoked_need,yoked,"10,12,13,11,5",5,chain,m1,m0,p0>p3>p2,3,branch_comp,A>C>B,1,5,A>B>C>D>E,0,600,1,1.0,0.8333333333333334,1.0,0,0,4,42,0.05384615384615385,1,281,601,0,1,0,0,1,0.7812748048304482,0.0002313950309273745,46,1,0,0,0,0.0,0,0,0,0,0,0,0,0,0,1,1,1,0.600477463215457,0.7573634654881716,0.6608391608391608,0.12823399529164933,0.4214914164395742,0.2842706202659118,1.0,0.1853146853146853,0.2701048951048951,0.11888111888111888,0.10533216783216784,0.013548951048951041,3.5538500000000197,0,0,0,0.0,0.0,none,0.0,0.0,0.0,0,0,0,1,0,1,281,1,no_bridge,281,0,1,0,0,0,0,0,0,0,0,0,30040,12
confirmation,30034,self_relevant,actual_need,actual,"10,12,13,11,5",5,chain,m1,m0,p0>p3>p2,3,branch_comp,A>C>B,1,5,A>B>C>D>E,0,600,1,1.0,0.8333333333333334,1.0,1,1,4,41,0.052564102564102565,1,265,265,1,0,0,1,1,0.713890528960504,0.012563025954339117,47,1,1,1,0,0.025524369742040014,1,1,0,1,1,1,1,1,0,0,0,1,0.8496921907488062,0.8814113525021225,0.6573426573426573,0.24529024096799548,0.7139173157652307,0.26021722366735,1.0,0.1853146853146853,0.49475524475524474,0.40559440559440557,0.145979020979021,0.2596153846153846,3.6293000000000224,0,0,0,0.0,0.0,none,0.0,0.0,0.0,0,0,0,1,0,1,265,1,bridge,265,1,1,1,1,1,1,1,1,1,1,0,,
confirmation,30034,self_relevant,curiosity,curiosity,"10,12,13,11,5",5,chain,m1,m0,p0>p3>p2,3,branch_comp,A>C>B,1,5,A>B>C>D>E,0,600,1,1.0,0.8333333333333334,1.0,0,0,4,42,0.05384615384615385,1,288,601,0,1,1,0,0,0.7859247141506318,-0.0007801696362505833,46,1,0,0,0,0.0,0,0,0,0,0,0,0,0,0,0,0,0,0.7513025984932419,0.8345775729612782,0.6468531468531469,0.0,0.0,0.0,0.0,0.18181818181818182,0.25786713286713286,0.10314685314685315,0.10314685314685315,0.0,3.54395000000002,0,0,0,0.0,0.0,none,0.0,0.0,0.0,0,0,0,1,0,,,,,,,,,,,,,,,,,,
confirmation,30034,self_relevant,no_need,none,"10,12,13,11,5",5,chain,m1,m0,p0>p3>p2,3,branch_comp,A>C>B,1,5,A>B>C>D>E,0,600,1,1.0,0.8333333333333334,1.0,0,0,4,42,0.05384615384615385,1,549,601,0,1,1,0,0,0.8170776102141853,-0.0003082287003601681,80,1,0,0,0,0.0,0,0,0,0,0,0,0,0,0,0,0,0,0.7685199676171726,0.843465252122345,0.5,0.0,0.0,0.0,0.0,0.14685314685314685,0.25786713286713286,0.10314685314685315,0.10314685314685315,0.0,3.44000000000002,0,0,0,0.0,0.0,none,0.0,0.0,0.0,0,0,0,1,0,,,,,,,,,,,,,,,,,,
confirmation,30034,self_relevant,yoked_need,yoked,"10,12,13,11,5",5,chain,m1,m0,p0>p3>p2,3,branch_comp,A>C>B,1,5,A>B>C>D>E,0,600,1,1.0,0.8333333333333334,1.0,0,0,4,42,0.05384615384615385,1,266,601,0,1,1,0,0,0.7747089130060274,-0.0012691805766536905,43,1,0,0,0,0.0,0,0,0,0,0,0,0,0,0,0,0,0,0.7228440528692193,0.821608047093785,0.6398601398601399,0.11296215583007196,0.5008888453348663,0.3425217522611611,1.0,0.18181818181818182,0.43356643356643354,0.09265734265734266,0.19361888111888112,-0.10096153846153846,3.5390000000000197,0,0,0,0.0,0.0,none,0.0,0.0,0.0,0,0,0,1,0,1,266,1,no_bridge,266,0,0,0,0,0,0,0,0,0,0,0,30040,12
confirmation,30035,neutral,actual_need,actual,"5,0,11,8,7,6",6,dense,m2,m1,p7>p0>p7>p5,4,context_comp,A>B>A>C,1,7,A>B>C>D>E>F>X,1,600,1,1.0,1.0,1.0,1,1,4,49,0.0175,1,348,601,0,1,0,1,1,0.9787366894077058,-0.0010649958798522718,45,1,0,0,0,0.0,0,0,0,0,0,0,0,0,0,1,1,1,0.702453330970025,0.7976384985164872,0.6328671328671329,0.5799355378042541,0.7697074785990208,0.5957392219677268,1.0,0.21678321678321677,0.6284965034965035,0.8461538461538461,0.08216783216783217,0.763986013986014,3.7198000000000144,0,0,0,0.0,0.0,none,0.0,0.0,0.0,0,0,0,1,0,1,348,1,no_bridge,348,1,1,0,0,0,0,0,0,0,0,0,,
confirmation,30035,neutral,curiosity,curiosity,"5,0,11,8,7,6",6,dense,m2,m1,p7>p0>p7>p5,4,context_comp,A>B>A>C,1,7,A>B>C>D>E>F>X,1,600,1,1.0,1.0,1.0,1,1,4,49,0.0175,1,306,601,0,1,0,1,1,0.9824919357144535,0.0013700446958686988,45,1,0,0,0,0.0,0,0,0,0,0,0,0,0,0,1,1,1,0.7029279338270491,0.7974818873404502,0.6468531468531469,0.0,0.0,0.0,0.0,0.2202797202797203,0.4117132867132867,0.11013986013986014,0.14265734265734267,-0.03251748251748253,3.735200000000017,0,0,0,0.0,0.0,none,0.0,0.0,0.0,0,0,0,1,0,,,,,,,,,,,,,,,,,,
confirmation,30035,neutral,no_need,none,"5,0,11,8,7,6",6,dense,m2,m1,p7>p0>p7>p5,4,context_comp,A>B>A>C,1,7,A>B>C>D>E>F>X,1,600,1,1.0,1.0,1.0,1,1,4,49,0.0175,1,423,601,0,1,0,1,1,0.9889825223021386,0.0014978904904052667,53,1,0,0,0,0.0,0,0,0,0,0,0,0,0,0,1,1,1,0.7046406137703713,0.8000993738972543,0.5,0.0,0.0,0.0,0.0,0.18356643356643357,0.4117132867132867,0.11013986013986014,0.14265734265734267,-0.03251748251748253,3.573500000000017,0,0,0,0.0,0.0,none,0.0,0.0,0.0,0,0,0,1,0,,,,,,,,,,,,,,,,,,
confirmation,30035,neutral,yoked_need,yoked,"5,0,11,8,7,6",6,dense,m2,m1,p7>p0>p7>p5,4,context_comp,A>B>A>C,1,7,A>B>C>D>E>F>X,1,600,1,1.0,1.0,1.0,1,1,4,49,0.0175,1,314,601,0,1,0,1,1,0.9823458423735513,-0.00020187148080980268,45,1,0,0,0,0.0,0,0,0,0,0,0,0,0,0,1,1,1,0.7031829463334317,0.7983177225690717,0.6416083916083916,0.009832945430280134,0.10830635958783265,0.702578777435594,1.0,0.21853146853146854,0.21853146853146854,0.008741258741258742,0.08566433566433566,-0.07692307692307693,3.7275000000000156,0,0,0,0.0,0.0,none,0.0,0.0,0.0,0,0,0,1,0,1,314,1,no_bridge,314,1,1,0,0,0,0,0,0,0,0,0,30047,13
confirmation,30035,self_relevant,actual_need,actual,"5,0,11,8,7,6",6,dense,m2,m1,p7>p0>p7>p5,4,context_comp,A>B>A>C,1,7,A>B>C>D>E>F>X,1,600,1,1.0,1.0,1.0,1,1,4,49,0.0175,1,360,601,0,1,1,1,0,0.9790795945982383,0.0012460545956655559,45,1,0,0,0,0.0,0,0,0,0,0,0,0,0,0,0,0,0,0.8054540035980077,0.8513194303368703,0.5437062937062938,0.018874352988258614,0.28157919980221097,0.406398622653868,1.0,0.19405594405594406,0.36363636363636365,0.03496503496503497,0.13846153846153847,-0.1034965034965035,3.6197000000000155,0,0,0,0.0,0.0,none,0.0,0.0,0.0,0,0,0,1,0,1,360,1,no_bridge,360,1,0,0,0,0,0,0,0,0,0,0,,
confirmation,30035,self_relevant,curiosity,curiosity,"5,0,11,8,7,6",6,dense,m2,m1,p7>p0>p7>p5,4,context_comp,A>B>A>C,1,7,A>B>C>D>E>F>X,1,600,1,1.0,1.0,1.0,1,1,4,49,0.0175,1,309,309,1,0,0,1,1,0.9810787989410471,0.0075273137408303934,45,1,1,1,0,0.02920629622035717,1,1,0,1,1,1,1,1,0,0,0,1,0.8706304040411822,0.89138751362878,0.5716783216783217,0.0,0.0,0.0,0.0,0.20104895104895104,0.4117132867132867,0.11013986013986014,0.14265734265734267,-0.03251748251748253,3.7329000000000203,0,0,0,0.0,0.0,none,0.0,0.0,0.0,0,0,0,1,0,,,,,,,,,,,,,,,,,,
confirmation,30035,self_relevant,no_need,none,"5,0,11,8,7,6",6,dense,m2,m1,p7>p0>p7>p5,4,context_comp,A>B>A>C,1,7,A>B>C>D>E>F>X,1,600,1,1.0,1.0,1.0,1,1,4,49,0.0175,1,391,391,1,0,0,1,1,0.9867420525527669,0.004267193745223037,45,1,1,1,0,0.029693119340558714,1,1,0,1,1,1,1,1,0,0,0,1,0.8665800753674628,0.8896252413332505,0.5,0.0,0.0,0.0,0.0,0.18356643356643357,0.4117132867132867,0.11013986013986014,0.14265734265734267,-0.03251748251748253,3.655900000000017,0,0,0,0.0,0.0,none,0.0,0.0,0.0,0,0,0,1,0,,,,,,,,,,,,,,,,,,
confirmation,30035,self_relevant,yoked_need,yoked,"5,0,11,8,7,6",6,dense,m2,m1,p7>p0>p7>p5,4,context_comp,A>B>A>C,1,7,A>B>C>D>E>F>X,1,600,1,1.0,1.0,1.0,1,1,4,49,0.0175,1,371,601,0,1,1,1,0,0.9807664019102423,-0.00011948095998712659,45,1,0,0,0,0.0,0,0,0,0,0,0,0,0,0,0,0,0,0.795906948853432,0.8472015192228479,0.5297202797202797,0.003916129739809995,0.3882928476377217,0.3171797428356267,1.0,0.19055944055944055,0.36451048951048953,0.050699300699300696,0.13566433566433567,-0.08496503496503496,3.6043000000000163,0,0,0,0.0,0.0,none,0.0,0.0,0.0,0,0,0,1,0,1,371,1,no_bridge,371,1,0,0,0,0,0,0,0,0,0,0,30047,13
confirmation,30036,neutral,actual_need,actual,"4,9,13,8,0",5,ring,m0,m1,p6>p1>p0,3,branch_comp,A>C>B,1,5,A>B>C>D>E,0,600,1,1.0,1.0,1.0,1,1,4,41,0.052564102564102565,1,289,601,0,1,0,1,1,0.7927497662938305,0.0011456954192645768,51,1,0,0,0,0.0,0,0,0,0,0,0,0,0,0,1,1,1,0.67970417203605,0.7913976237236132,0.666083916083916,0.36021762229355486,0.840596449625782,0.33684001436265426,1.0,0.21328671328671328,0.5472027972027972,0.701048951048951,0.09833916083916083,0.6027097902097902,3.5538500000000197,0,0,0,0.0,0.0,none,0.0,0.0,0.0,0,0,0,1,0,1,289,1,no_bridge,289,1,1,0,0,0,0,0,0,0,0,0,,
confirmation,30036,neutral,curiosity,curiosity,"4,9,13,8,0",5,ring,m0,m1,p6>p1>p0,3,branch_comp,A>C>B,1,5,A>B>C>D>E,0,600,1,1.0,1.0,1.0,1,1,4,42,0.05384615384615385,1,285,601,0,1,0,1,1,0.7856602341620262,-0.0026125085641076655,43,1,0,0,0,0.0,0,0,0,0,0,0,0,0,0,1,1,1,0.6801707143546202,0.7904851200670931,0.6468531468531469,0.0,0.0,0.0,0.0,0.2097902097902098,0.3321678321678322,0.12412587412587413,0.13505244755244755,-0.010926573426573424,3.54395000000002,0,0,0,0.0,0.0,none,0.0,0.0,0.0,0,0,0,1,0,,,,,,,,,,,,,,,,,,
confirmation,30036,neutral,no_need,none,"4,9,13,8,0",5,ring,m0,m1,p6>p1>p0,3,branch_comp,A>C>B,1,5,A>B>C>D>E,0,600,1,1.0,1.0,1.0,1,1,4,41,0.052564102564102565,1,363,601,0,1,0,1,1,0.7884754655337293,-0.002513419726646306,46,1,0,0,0,0.0,0,0,0,0,0,0,0,0,0,1,1,1,0.6822360274109961,0.7942005013641034,0.5,0.0,0.0,0.0,0.0,0.17132867132867133,0.3321678321678322,0.12412587412587413,0.13505244755244755,-0.010926573426573424,3.44000000000002,0,0,0,0.0,0.0,none,0.0,0.0,0.0,0,0,0,1,0,,,,,,,,,,,,,,,,,,
confirmation,30036,neutral,yoked_need,yoked,"4,9,13,8,0",5,ring,m0,m1,p6>p1>p0,3,branch_comp,A>C>B,1,5,A>B>C>D>E,0,600,1,1.0,1.0,1.0,1,1,4,41,0.052564102564102565,1,266,601,0,1,0,1,1,0.7754030255141556,-0.0031622201966805593,44,1,0,0,0,0.0,0,0,0,0,0,0,0,0,0,1,1,1,0.6809259237380961,0.7930559295500677,0.6590909090909091,0.01184604072722928,0.05305857085685954,0.36073983303692814,1.0,0.21153846153846154,0.18181818181818182,0.09615384615384616,0.06687062937062938,0.029283216783216784,3.5489000000000197,0,0,0,0.0,0.0,none,0.0,0.0,0.0,0,0,0,1,0,1,266,1,no_bridge,266,1,1,0,0,0,0,0,0,0,0,0,30042,7
confirmation,30036,self_relevant,actual_need,actual,"4,9,13,8,0",5,ring,m0,m1,p6>p1>p0,3,branch_comp,A>C>B,1,5,A>B>C>D>E,0,600,1,1.0,1.0,1.0,1,1,4,42,0.05384615384615385,1,261,261,1,0,0,1,1,0.7747311738725676,0.006377786528691235,44,1,1,1,0,0.027066142124266297,1,1,0,1,1,1,0,0,0,0,0,1,0.8530267971656285,0.8689273423888485,0.6206293706293706,0.11405960815455798,0.5527670781912551,0.3069558654103375,1.0,0.20279720279720279,0.388986013986014,0.18181818181818182,0.14903846153846154,0.03277972027972029,3.6045500000000223,0,0,0,0.0,0.0,none,0.0,0.0,0.0,0,0,0,1,0,1,261,1,bridge,261,1,1,1,1,1,1,1,1,0,0,0,,
confirmation,30036,self_relevant,curiosity,curiosity,"4,9,13,8,0",5,ring,m0,m1,p6>p1>p0,3,branch_comp,A>C>B,1,5,A>B>C>D>E,0,600,1,1.0,1.0,1.0,1,1,4,42,0.05384615384615385,1,286,601,0,1,1,1,0,0.7868226011911006,0.0014951990645379874,43,1,0,0,0,0.0,0,0,0,0,0,0,0,0,0,0,0,0,0.8138837251810107,0.8298239288627807,0.6520979020979021,0.0,0.0,0.0,0.0,0.2097902097902098,0.3321678321678322,0.12412587412587413,0.13505244755244755,-0.010926573426573424,3.5439500000000206,0,0,0,0.0,0.0,none,0.0,0.0,0.0,0,0,0,1,0,,,,,,,,,,,,,,,,,,
confirmation,30036,self_relevant,no_need,none,"4,9,13,8,0",5,ring,m0,m1,p6>p1>p0,3,branch_comp,A>C>B,1,5,A>B>C>D>E,0,600,1,1.0,1.0,1.0,1,1,4,41,0.052564102564102565,1,363,601,0,1,1,1,0,0.7884754655337293,0.0006968622327710198,46,1,0,0,0,0.0,0,0,0,0,0,0,0,0,0,0,0,0,0.8386227511484149,0.8479962648388195,0.5,0.0,0.0,0.0,0.0,0.17132867132867133,0.3321678321678322,0.12412587412587413,0.13505244755244755,-0.010926573426573424,3.44000000000002,0,0,0,0.0,0.0,none,0.0,0.0,0.0,0,0,0,1,0,,,,,,,,,,,,,,,,,,
confirmation,30036,self_relevant,yoked_need,yoked,"4,9,13,8,0",5,ring,m0,m1,p6>p1>p0,3,branch_comp,A>C>B,1,5,A>B>C>D>E,0,600,1,1.0,1.0,1.0,1,1,4,41,0.052564102564102565,1,267,601,0,1,1,1,0,0.7741220184425297,-3.275835860459559e-05,44,1,0,0,0,0.0,0,0,0,0,0,0,0,0,0,0,0,0,0.7782972835866783,0.8114751422824537,0.5786713286713286,0.010858130222553585,0.07558202629020543,0.33816346695776633,1.0,0.19230769230769232,0.20454545454545456,0.0944055944055944,0.07867132867132867,0.01573426573426573,3.494450000000018,0,0,0,0.0,0.0,none,0.0,0.0,0.0,0,0,0,1,0,1,267,1,no_bridge,267,1,0,0,0,0,0,0,0,0,0,0,30042,7
confirmation,30037,neutral,actual_need,actual,"5,8,9,0,10,4",6,chain,m1,m0,p2>p6>p2>p5,4,context_comp,A>B>A>C,1,7,A>B>C>D>E>F>X,0,600,1,1.0,1.0,1.0,0,0,4,49,0.0175,1,292,601,0,1,0,0,1,0.902761937930882,-0.0010911443435841239,45,1,0,0,0,0.0,0,0,0,0,0,0,0,0,0,1,1,1,0.609193145882485,0.776792469595621,0.6713286713286714,0.31006376815180203,0.7690285169277715,0.30788123376911997,1.0,0.1888111888111888,0.5786713286713286,0.6451048951048951,0.10244755244755245,0.5426573426573427,3.766000000000015,0,0,0,0.0,0.0,none,0.0,0.0,0.0,0,0,0,1,0,1,292,1,no_bridge,292,0,1,0,0,0,0,0,0,0,0,0,,
confirmation,30037,neutral,curiosity,curiosity,"5,8,9,0,10,4",6,chain,m1,m0,p2>p6>p2>p5,4,context_comp,A>B>A>C,1,7,A>B>C>D>E>F>X,0,600,1,1.0,1.0,1.0,0,0,4,49,0.0175,1,301,601,0,1,0,0,1,0.8991969001786458,-0.0003798289365767541,42,1,0,0,0,0.0,0,0,0,0,0,0,0,0,0,1,1,1,0.6092780178177363,0.7765701057398076,0.6520979020979021,0.0,0.0,0.0,0.0,0.1853146853146853,0.3505244755244755,0.0979020979020979,0.12062937062937064,-0.022727272727272735,3.7429000000000165,0,0,0,0.0,0.0,none,0.0,0.0,0.0,0,0,0,1,0,,,,,,,,,,,,,,,,,,
confirmation,30037,neutral,no_need,none,"5,8,9,0,10,4",6,chain,m1,m0,p2>p6>p2>p5,4,context_comp,A>B>A>C,1,7,A>B>C>D>E>F>X,0,600,1,1.0,1.0,1.0,0,0,4,49,0.0175,1,391,601,0,1,0,0,1,0.9065923823875105,-0.0013789075516774181,46,1,0,0,0,0.0,0,0,0,0,0,0,0,0,0,1,1,1,0.6100002239841155,0.779562090252187,0.5,0.0,0.0,0.0,0.0,0.14685314685314685,0.3505244755244755,0.0979020979020979,0.12062937062937064,-0.022727272727272735,3.573500000000017,0,0,0,0.0,0.0,none,0.0,0.0,0.0,0,0,0,1,0,,,,,,,,,,,,,,,,,,
confirmation,30037,neutral,yoked_need,yoked,"5,8,9,0,10,4",6,chain,m1,m0,p2>p6>p2>p5,4,context_comp,A>B>A>C,1,7,A>B>C>D>E>F>X,0,600,1,1.0,1.0,1.0,0,0,4,49,0.0175,1,292,601,0,1,0,0,1,0.8990509910542449,-0.0016049308640587498,45,1,0,0,0,0.0,0,0,0,0,0,0,0,0,0,1,1,1,0.6091503593621374,0.7744523236275329,0.6730769230769231,0.002687217370454831,0.0835877404066571,0.6431836305097693,1.0,0.1888111888111888,0.14685314685314685,0.0017482517482517483,0.05839160839160839,-0.05664335664335664,3.7660000000000142,0,0,0,0.0,0.0,none,0.0,0.0,0.0,0,0,0,1,0,1,292,1,no_bridge,292,0,1,0,0,0,0,0,0,0,0,0,30049,8
confirmation,30037,self_relevant,actual_need,actual,"5,8,9,0,10,4",6,chain,m1,m0,p2>p6>p2>p5,4,context_comp,A>B>A>C,1,7,A>B>C>D>E>F>X,0,600,1,1.0,1.0,1.0,0,0,4,49,0.0175,1,291,601,0,1,1,0,0,0.8936801007875548,-0.0027915392094183195,43,1,0,0,0,0.0,0,0,0,0,0,0,0,0,0,0,0,0,0.8241541004364005,0.8455182103076299,0.6555944055944056,0.05098992661039199,0.6031349235301998,0.25514202232369376,1.0,0.1853146853146853,0.5131118881118881,0.022727272727272728,0.2006993006993007,-0.17797202797202796,3.7429000000000157,0,0,0,0.0,0.0,none,0.0,0.0,0.0,0,0,0,1,0,1,291,1,no_bridge,291,0,0,0,0,0,0,0,0,0,0,0,,
confirmation,30037,self_relevant,curiosity,curiosity,"5,8,9,0,10,4",6,chain,m1,m0,p2>p6>p2>p5,4,context_comp,A>B>A>C,1,7,A>B>C>D>E>F>X,0,600,1,1.0,1.0,1.0,0,0,4,49,0.0175,1,299,601,0,1,1,0,0,0.898200637561776,-0.001861105440600886,43,1,0,0,0,0.0,0,0,0,0,0,0,0,0,0,0,0,0,0.8081718801428036,0.8440159019263339,0.6468531468531469,0.0,0.0,0.0,0.0,0.18356643356643357,0.3505244755244755,0.0979020979020979,0.12062937062937064,-0.022727272727272735,3.7352000000000167,0,0,0,0.0,0.0,none,0.0,0.0,0.0,0,0,0,1,0,,,,,,,,,,,,,,,,,,
confirmation,30037,self_relevant,no_need,none,"5,8,9,0,10,4",6,chain,m1,m0,p2>p6>p2>p5,4,context_comp,A>B>A>C,1,7,A>B>C>D>E>F>X,0,600,1,1.0,1.0,1.0,1,1,4,49,0.0175,1,415,415,1,0,0,1,1,0.8659061806094716,0.004092917289963183,53,1,1,1,0,0.027957818302209475,1,1,0,1,1,1,1,1,0,0,0,1,0.8542036698980275,0.8856286474269975,0.5,0.0,0.0,0.0,0.0,0.14685314685314685,0.3505244755244755,0.0979020979020979,0.12062937062937064,-0.022727272727272735,3.655900000000017,0,0,0,0.0,0.0,none,0.0,0.0,0.0,0,0,0,1,0,,,,,,,,,,,,,,,,,,
confirmation,30037,self_relevant,yoked_need,yoked,"5,8,9,0,10,4",6,chain,m1,m0,p2>p6>p2>p5,4,context_comp,A>B>A>C,1,7,A>B>C>D>E>F>X,0,600,1,1.0,1.0,1.0,0,0,4,49,0.0175,1,347,601,0,1,1,0,0,0.9036657151017822,-0.0003194465151522486,46,1,0,0,0,0.0,0,0,0,0,0,0,0,0,0,0,0,0,0.7819737450218556,0.8222359148103014,0.5821678321678322,0.001295577294904688,0.06624818838377572,0.5456149485691746,1.0,0.16783216783216784,0.17307692307692307,0.0034965034965034965,0.06853146853146853,-0.06503496503496503,3.665900000000015,0,0,0,0.0,0.0,none,0.0,0.0,0.0,0,0,0,1,0,1,347,1,no_bridge,347,0,0,0,0,0,0,0,0,0,0,0,30049,8
confirmation,30038,neutral,actual_need,actual,"2,9,1,11,7",5,dense,m0,m1,p2>p4>p1,3,branch_comp,A>C>B,1,5,A>B>C>D>E,0,600,1,1.0,1.0,1.0,1,1,4,41,0.052564102564102565,1,278,601,0,1,0,1,1,0.7923264382992722,-0.001478217366939042,47,1,0,0,0,0.0,0,0,0,0,0,0,0,0,0,1,1,1,0.6769559929167562,0.8000015877184907,0.6276223776223776,0.6408164924530717,0.9407256740334012,0.6441464296330727,1.0,0.20279720279720279,0.5795454545454546,0.9230769230769231,0.059003496503496504,0.8640734265734267,3.529100000000019,0,0,0,0.0,0.0,none,0.0,0.0,0.0,0,0,0,1,0,1,278,1,no_bridge,278,1,1,0,0,0,0,0,0,0,0,0,,
confirmation,30038,neutral,curiosity,curiosity,"2,9,1,11,7",5,dense,m0,m1,p2>p4>p1,3,branch_comp,A>C>B,1,5,A>B>C>D>E,0,600,1,1.0,1.0,1.0,1,1,4,41,0.052564102564102565,1,283,601,0,1,0,1,1,0.7939901703528534,-0.0037498264553528413,45,1,0,0,0,0.0,0,0,0,0,0,0,0,0,0,1,1,1,0.6724874057586684,0.7977007846411184,0.6398601398601399,0.0,0.0,0.0,0.0,0.2062937062937063,0.29632867132867136,0.13986013986013987,0.1131993006993007,0.026660839160839167,3.5390000000000197,0,0,0,0.0,0.0,none,0.0,0.0,0.0,0,0,0,1,0,,,,,,,,,,,,,,,,,,
confirmation,30038,neutral,no_need,none,"2,9,1,11,7",5,dense,m0,m1,p2>p4>p1,3,branch_comp,A>C>B,1,5,A>B>C>D>E,0,600,1,1.0,1.0,1.0,1,1,4,42,0.05384615384615385,1,363,601,0,1,0,1,1,0.7988741472752916,0.0009031039428058279,46,1,0,0,0,0.0,0,0,0,0,0,0,0,0,0,1,1,1,0.678140413563318,0.799838372522256,0.5,0.0,0.0,0.0,0.0,0.17132867132867133,0.29632867132867136,0.13986013986013987,0.1131993006993007,0.026660839160839167,3.44000000000002,0,0,0,0.0,0.0,none,0.0,0.0,0.0,0,0,0,1,0,,,,,,,,,,,,,,,,,,
confirmation,30038,neutral,yoked_need,yoked,"2,9,1,11,7",5,dense,m0,m1,p2>p4>p1,3,branch_comp,A>C>B,1,5,A>B>C>D>E,0,600,1,1.0,1.0,1.0,1,1,4,44,0.05641025641025641,1,267,601,0,1,0,1,1,0.7836334406946356,0.0013736301105444263,44,1,1,0,0,0.0,0,0,0,0,0,0,0,0,0,1,1,1,0.6730266130023543,0.7973102215178333,0.6625874125874126,0.1096704866921507,0.20381758207070186,0.34213734681646607,1.0,0.21328671328671328,0.19842657342657344,0.09265734265734266,0.07604895104895104,0.016608391608391615,3.5782500000000206,0,0,0,0.0,0.0,none,0.0,0.0,0.0,0,0,0,1,0,1,267,0,,601,0,0,1,0,0,0,0,0,0,0,0,30044,2
confirmation,30038,self_relevant,actual_need,actual,"2,9,1,11,7",5,dense,m0,m1,p2>p4>p1,3,branch_comp,A>C>B,1,5,A>B>C>D>E,0,600,1,1.0,1.0,1.0,1,1,4,41,0.052564102564102565,1,378,378,1,0,0,1,1,0.8132414963599569,0.004211869382973702,62,1,1,1,0,0.026279256401360824,1,1,0,1,1,1,1,1,0,0,0,1,0.8332632515846483,0.8691581956750014,0.5192307692307693,0.11746149377046149,0.33854554920062496,0.6147327929154998,1.0,0.17657342657342656,0.2875874125874126,0.16783216783216784,0.10183566433566434,0.0659965034965035,3.5303000000000173,0,0,0,0.0,0.0,none,0.0,0.0,0.0,0,0,0,1,0,1,378,1,bridge,378,1,1,1,1,1,1,1,1,1,1,0,,
confirmation,30038,self_relevant,curiosity,curiosity,"2,9,1,11,7",5,dense,m0,m1,p2>p4>p1,3,branch_comp,A>C>B,1,5,A>B>C>D>E,0,600,1,1.0,1.0,1.0,1,1,4,41,0.052564102564102565,1,272,272,1,0,0,1,1,0.7861782652091311,0.0058008992560841955,44,1,1,1,0,0.02628933252750185,1,1,0,1,1,1,1,1,0,0,0,1,0.83358227978561,0.8740728458769695,0.5926573426573427,0.0,0.0,0.0,0.0,0.1958041958041958,0.29632867132867136,0.13986013986013987,0.1131993006993007,0.026660839160839167,3.5847500000000228,0,0,0,0.0,0.0,none,0.0,0.0,0.0,0,0,0,1,0,,,,,,,,,,,,,,,,,,
confirmation,30038,self_relevant,no_need,none,"2,9,1,11,7",5,dense,m0,m1,p2>p4>p1,3,branch_comp,A>C>B,1,5,A>B>C>D>E,0,600,1,1.0,1.0,1.0,1,1,4,42,0.05384615384615385,1,363,601,0,1,1,1,0,0.7988741472752916,0.000958480262187682,46,1,0,0,0,0.0,0,0,0,0,0,0,0,0,0,0,0,0,0.812519392152824,0.8470051471176274,0.5,0.0,0.0,0.0,0.0,0.17132867132867133,0.29632867132867136,0.13986013986013987,0.1131993006993007,0.026660839160839167,3.44000000000002,0,0,0,0.0,0.0,none,0.0,0.0,0.0,0,0,0,1,0,,,,,,,,,,,,,,,,,,
confirmation,30038,self_relevant,yoked_need,yoked,"2,9,1,11,7",5,dense,m0,m1,p2>p4>p1,3,branch_comp,A>C>B,1,5,A>B>C>D>E,0,600,1,1.0,1.0,1.0,1,1,4,41,0.052564102564102565,1,262,262,1,0,0,1,1,0.7854397936210228,0.005088589424944686,44,1,1,1,0,0.025920893324730142,1,1,0,1,1,1,1,1,0,0,0,1,0.8631410467635728,0.8835647560518012,0.6048951048951049,0.04797488522113788,0.18410946596746222,0.5135524888306277,1.0,0.1993006993006993,0.1861888111888112,0.05244755244755245,0.07998251748251749,-0.02753496503496504,3.594650000000022,0,0,0,0.0,0.0,none,0.0,0.0,0.0,0,0,0,1,0,1,262,1,bridge,262,1,1,1,1,1,1,1,1,1,1,0,30044,2
confirmation,30039,neutral,actual_need,actual,"1,2,13,11,6,5",6,ring,m3,m1,p1>p2>p1>p4,4,context_comp,A>B>A>C,1,7,A>B>C>D>E>F>X,1,600,1,1.0,1.0,1.0,0,0,4,49,0.0175,1,287,601,0,1,0,0,1,0.8532068035451642,-0.0050905791878055945,49,1,0,0,0,0.0,0,0,0,0,0,0,0,0,0,1,1,1,0.626277879500346,0.7971396626348229,0.666083916083916,0.424518702740991,0.8268738316855971,0.42742620315039787,1.0,0.22377622377622378,0.6145104895104895,0.8758741258741258,0.07062937062937062,0.8052447552447553,3.7583000000000157,0,0,0,0.0,0.0,none,0.0,0.0,0.0,0,0,0,1,0,1,287,1,no_bridge,287,0,1,0,0,0,0,0,0,0,0,0,,
confirmation,30039,neutral,curiosity,curiosity,"1,2,13,11,6,5",6,ring,m3,m1,p1>p2>p1>p4,4,context_comp,A>B>A>C,1,7,A>B>C>D>E>F>X,1,600,1,1.0,1.0,1.0,0,0,4,49,0.0175,1,306,601,0,1,0,0,1,0.8562652420847032,-0.0031254067910466265,47,1,0,0,0,0.0,0,0,0,0,0,0,0,0,0,1,1,1,0.6294295671014805,0.7991043681727751,0.6416083916083916,0.0,0.0,0.0,0.0,0.21853146853146854,0.40821678321678323,0.12062937062937062,0.13916083916083916,-0.01853146853146853,3.727500000000017,0,0,0,0.0,0.0,none,0.0,0.0,0.0,0,0,0,1,0,,,,,,,,,,,,,,,,,,
confirmation,30039,neutral,no_need,none,"1,2,13,11,6,5",6,ring,m3,m1,p1>p2>p1>p4,4,context_comp,A>B>A>C,1,7,A>B>C>D>E>F>X,1,600,1,1.0,1.0,1.0,0,0,4,49,0.0175,1,399,601,0,1,0,0,1,0.8589370984031786,-0.0015420755045416734,49,1,0,0,0,0.0,0,0,0,0,0,0,0,0,0,1,1,1,0.6324972307347684,0.8018080551329968,0.5,0.0,0.0,0.0,0.0,0.18356643356643357,0.40821678321678323,0.12062937062937062,0.13916083916083916,-0.01853146853146853,3.573500000000017,0,0,0,0.0,0.0,none,0.0,0.0,0.0,0,0,0,1,0,,,,,,,,,,,,,,,,,,
confirmation,30039,neutral,yoked_need,yoked,"1,2,13,11,6,5",6,ring,m3,m1,p1>p2>p1>p4,4,context_comp,A>B>A>C,1,7,A>B>C>D>E>F>X,1,600,1,1.0,1.0,1.0,0,0,4,49,0.0175,1,294,601,0,1,0,0,1,0.8470736075944872,-0.004472386425016798,48,1,0,0,0,0.0,0,0,0,0,0,0,0,0,0,1,1,1,0.625950255934908,0.7963863226535928,0.6608391608391608,0.002059426281157942,0.2362388562057286,0.6016259645411967,1.0,0.22377622377622378,0.22727272727272727,0.06468531468531469,0.07797202797202797,-0.013286713286713284,3.7506000000000155,0,0,0,0.0,0.0,none,0.0,0.0,0.0,0,0,0,1,0,1,294,1,no_bridge,294,0,1,0,0,0,0,0,0,0,0,0,30051,3
confirmation,30039,self_relevant,actual_need,actual,"1,2,13,11,6,5",6,ring,m3,m1,p1>p2>p1>p4,4,context_comp,A>B>A>C,1,7,A>B>C>D>E>F>X,1,600,1,1.0,1.0,1.0,1,1,4,49,0.0175,1,288,288,1,0,0,1,1,0.8192442823425495,0.0052346277614581695,43,1,1,1,0,0.029584316703978288,1,1,0,1,1,1,1,1,0,0,0,1,0.8498106781949999,0.8800643529667647,0.5804195804195804,0.09027836134689295,0.353121966466713,0.33131887634724844,1.0,0.20454545454545456,0.40297202797202797,0.1888111888111888,0.12342657342657343,0.06538461538461537,3.748300000000018,0,0,0,0.0,0.0,none,0.0,0.0,0.0,0,0,0,1,0,1,288,1,bridge,288,1,1,1,1,1,1,1,1,1,1,0,,
confirmation,30039,self_relevant,curiosity,curiosity,"1,2,13,11,6,5",6,ring,m3,m1,p1>p2>p1>p4,4,context_comp,A>B>A>C,1,7,A>B>C>D>E>F>X,1,600,1,1.0,1.0,1.0,1,1,4,49,0.0175,1,295,295,1,0,0,1,1,0.8163942008543132,0.00420958529020047,43,1,1,1,0,0.030404040166804504,1,1,0,1,1,1,1,1,0,0,0,1,0.8603457125798936,0.8888370884675426,0.5751748251748252,0.0,0.0,0.0,0.0,0.20104895104895104,0.40821678321678323,0.12062937062937062,0.13916083916083916,-0.01853146853146853,3.74060000000002,0,0,0,0.0,0.0,none,0.0,0.0,0.0,0,0,0,1,0,,,,,,,,,,,,,,,,,,
confirmation,30039,self_relevant,no_need,none,"1,2,13,11,6,5",6,ring,m3,m1,p1>p2>p1>p4,4,context_comp,A>B>A>C,1,7,A>B>C>D>E>F>X,1,600,1,1.0,1.0,1.0,0,0,4,49,0.0175,1,399,601,0,1,1,0,0,0.8589370984031786,-0.002943306371485692,49,1,0,0,0,0.0,0,0,0,0,0,0,0,0,0,0,0,0,0.8257298542098762,0.8558051763501129,0.5,0.0,0.0,0.0,0.0,0.18356643356643357,0.40821678321678323,0.12062937062937062,0.13916083916083916,-0.01853146853146853,3.573500000000017,0,0,0,0.0,0.0,none,0.0,0.0,0.0,0,0,0,1,0,,,,,,,,,,,,,,,,,,
confirmation,30039,self_relevant,yoked_need,yoked,"1,2,13,11,6,5",6,ring,m3,m1,p1>p2>p1>p4,4,context_comp,A>B>A>C,1,7,A>B>C>D>E>F>X,1,600,1,1.0,1.0,1.0,0,0,4,49,0.0175,1,456,601,0,1,1,0,0,0.8820576969830486,-0.0033023920232971996,65,1,0,0,0,0.0,0,0,0,0,0,0,0,0,0,0,0,0,0.8155564718325641,0.8505945881566862,0.5104895104895105,0.0010733252478964867,0.3127774431144021,0.39652908069822657,1.0,0.18706293706293706,0.29545454545454547,0.08041958041958042,0.1020979020979021,-0.021678321678321677,3.5889000000000157,0,0,0,0.0,0.0,none,0.0,0.0,0.0,0,0,0,1,0,1,456,1,no_bridge,456,0,0,0,0,0,0,0,0,0,0,0,30051,3
confirmation,30040,neutral,actual_need,actual,"9,13,10,1,11",5,chain,m0,m2,p5>p0>p1,3,branch_comp,A>C>B,1,5,A>B>C>D>E,0,600,1,1.0,0.8333333333333334,1.0,0,0,4,43,0.05512820512820513,1,290,601,0,1,0,0,1,0.8589075488780215,0.004622758591495094,48,1,1,0,0,0.0004012300395811952,0,0,0,0,0,0,0,0,0,1,1,1,0.6192511885209077,0.7623619112181809,0.6590909090909091,0.3185557389008108,0.8031997236063413,0.2888424056391001,1.0,0.1853146853146853,0.5568181818181818,0.541958041958042,0.14291958041958042,0.39903846153846156,3.573300000000021,0,0,0,0.0,0.0,none,0.0,0.0,0.0,0,0,0,1,0,1,290,1,no_bridge,290,0,1,1,0,0,0,0,0,0,0,0,,
confirmation,30040,neutral,curiosity,curiosity,"9,13,10,1,11",5,chain,m0,m2,p5>p0>p1,3,branch_comp,A>C>B,1,5,A>B>C>D>E,0,600,1,1.0,0.8333333333333334,1.0,0,0,4,41,0.052564102564102565,1,278,601,0,1,0,0,1,0.8640579763814435,-0.0009758149593526522,42,1,0,0,0,0.0,0,0,0,0,0,0,0,0,0,1,1,1,0.6192324995996601,0.7618932990421301,0.6468531468531469,0.0,0.0,0.0,0.0,0.18181818181818182,0.28846153846153844,0.07692307692307693,0.125,-0.04807692307692307,3.54395000000002,0,0,0,0.0,0.0,none,0.0,0.0,0.0,0,0,0,1,0,,,,,,,,,,,,,,,,,,
confirmation,30040,neutral,no_need,none,"9,13,10,1,11",5,chain,m0,m2,p5>p0>p1,3,branch_comp,A>C>B,1,5,A>B>C>D>E,0,600,1,1.0,0.8333333333333334,1.0,0,0,4,41,0.052564102564102565,1,363,601,0,1,0,0,1,0.8545197419841741,-0.0011851838986501311,45,1,0,0,0,0.0,0,0,0,0,0,0,0,0,0,1,1,1,0.6193760088296857,0.7620997739467538,0.5,0.0,0.0,0.0,0.0,0.14685314685314685,0.28846153846153844,0.07692307692307693,0.125,-0.04807692307692307,3.44000000000002,0,0,0,0.0,0.0,none,0.0,0.0,0.0,0,0,0,1,0,,,,,,,,,,,,,,,,,,
confirmation,30040,neutral,yoked_need,yoked,"9,13,10,1,11",5,chain,m0,m2,p5>p0>p1,3,branch_comp,A>C>B,1,5,A>B>C>D>E,0,600,1,1.0,0.8333333333333334,1.0,0,0,4,42,0.05384615384615385,1,266,601,0,1,0,0,1,0.8494007578822194,-0.0013328672430643275,42,1,0,0,0,0.0,0,0,0,0,0,0,0,0,0,1,1,1,0.6193117076047326,0.761612566724439,0.6608391608391608,0.11074045949289728,0.7091656680457763,0.33148413725959036,1.0,0.1853146853146853,0.5646853146853147,0.09265734265734266,0.25917832167832167,-0.166520979020979,3.5538500000000197,0,0,0,0.0,0.0,none,0.0,0.0,0.0,0,0,0,1,0,1,266,1,no_bridge,266,0,1,0,0,0,0,0,0,0,0,0,30046,10
confirmation,30040,self_relevant,actual_need,actual,"9,13,10,1,11",5,chain,m0,m2,p5>p0>p1,3,branch_comp,A>C>B,1,5,A>B>C>D>E,0,600,1,1.0,0.8333333333333334,1.0,1,1,4,41,0.052564102564102565,1,346,346,1,0,0,1,1,0.7994279619226308,0.00411433191775024,68,1,1,1,0,0.026183502922661583,1,1,0,1,1,1,1,1,0,0,0,1,0.8284600170838426,0.8597666736856786,0.6381118881118881,0.07795084903214956,0.7487210500123473,0.3520425764583027,1.0,0.18006993006993008,0.5629370629370629,0.03671328671328671,0.2722902097902098,-0.23557692307692307,3.6144500000000193,0,0,0,0.0,0.0,none,0.0,0.0,0.0,0,0,0,1,0,1,346,1,bridge,346,1,1,1,1,1,1,1,1,1,1,0,,
confirmation,30040,self_relevant,curiosity,curiosity,"9,13,10,1,11",5,chain,m0,m2,p5>p0>p1,3,branch_comp,A>C>B,1,5,A>B>C>D>E,0,600,1,1.0,0.8333333333333334,1.0,0,0,4,42,0.05384615384615385,1,278,601,0,1,1,0,0,0.8681176769576275,0.0008263878429755578,42,1,0,0,0,0.0,0,0,0,0,0,0,0,0,0,0,0,0,0.7921932048808309,0.8301385257590328,0.6433566433566433,0.0,0.0,0.0,0.0,0.18181818181818182,0.28846153846153844,0.07692307692307693,0.125,-0.04807692307692307,3.53900000000002,0,0,0,0.0,0.0,none,0.0,0.0,0.0,0,0,0,1,0,,,,,,,,,,,,,,,,,,
confirmation,30040,self_relevant,no_need,none,"9,13,10,1,11",5,chain,m0,m2,p5>p0>p1,3,branch_comp,A>C>B,1,5,A>B>C>D>E,0,600,1,1.0,0.8333333333333334,1.0,1,1,4,41,0.052564102564102565,1,355,355,1,0,0,1,1,0.788626597548655,0.006126316959241513,44,1,1,1,0,0.02614747170252278,1,1,0,1,1,1,0,0,0,0,0,1,0.8520915209439825,0.8829516168909487,0.5,0.0,0.0,0.0,0.0,0.1451048951048951,0.28846153846153844,0.07692307692307693,0.125,-0.04807692307692307,3.52040000000002,0,0,0,0.0,0.0,none,0.0,0.0,0.0,0,0,0,1,0,,,,,,,,,,,,,,,,,,
confirmation,30040,self_relevant,yoked_need,yoked,"9,13,10,1,11",5,chain,m0,m2,p5>p0>p1,3,branch_comp,A>C>B,1,5,A>B>C>D>E,0,600,1,1.0,0.8333333333333334,1.0,0,0,4,41,0.052564102564102565,1,533,601,0,1,1,0,0,0.8571996176342132,-0.0012594495708497463,91,1,0,0,0,0.0,0,0,0,0,0,0,0,0,0,0,0,0,0.7987059873377078,0.8373222644087182,0.5909090909090909,0.05542136669952075,0.3406513618652924,0.3334398039899762,1.0,0.16783216783216784,0.2744755244755245,0.038461538461538464,0.12762237762237763,-0.08916083916083917,3.5043500000000183,0,0,0,0.0,0.0,none,0.0,0.0,0.0,0,0,0,1,0,1,533,1,no_bridge,533,0,0,0,0,0,0,0,0,0,0,0,30046,10
confirmation,30041,neutral,actual_need,actual,"12,13,7,3,4,1",6,dense,m1,m2,p7>p2>p7>p6,4,context_comp,A>B>A>C,1,7,A>B>C>D>E>F>X,0,600,1,1.0,1.0,1.0,0,0,4,49,0.0175,1,338,601,0,1,0,0,1,0.975672330040153,0.0013983456040413424,53,1,0,0,0,0.0,0,0,0,0,0,0,0,0,0,1,1,1,0.6945909643037926,0.7994762635006151,0.6486013986013986,0.5557728050825038,0.9511214927412369,0.521606189448432,1.0,0.18356643356643357,0.6276223776223776,0.7622377622377622,0.0986013986013986,0.6636363636363636,3.7352000000000154,0,0,0,0.0,0.0,none,0.0,0.0,0.0,0,0,0,1,0,1,338,1,no_bridge,338,0,1,0,0,0,0,0,0,0,0,0,,
confirmation,30041,neutral,curiosity,curiosity,"12,13,7,3,4,1",6,dense,m1,m2,p7>p2>p7>p6,4,context_comp,A>B>A>C,1,7,A>B>C>D>E>F>X,0,600,1,1.0,1.0,1.0,0,0,4,49,0.0175,1,302,601,0,1,0,0,1,0.9836653544050592,0.0007009874401641467,45,1,0,0,0,0.0,0,0,0,0,0,0,0,0,0,1,1,1,0.6941040454351295,0.8004426375571826,0.6416083916083916,0.0,0.0,0.0,0.0,0.18181818181818182,0.36276223776223776,0.16433566433566432,0.11223776223776223,0.05209790209790209,3.727500000000017,0,0,0,0.0,0.0,none,0.0,0.0,0.0,0,0,0,1,0,,,,,,,,,,,,,,,,,,
confirmation,30041,neutral,no_need,none,"12,13,7,3,4,1",6,dense,m1,m2,p7>p2>p7>p6,4,context_comp,A>B>A>C,1,7,A>B>C>D>E>F>X,0,600,1,1.0,1.0,1.0,0,0,4,49,0.0175,1,391,601,0,1,0,0,1,0.9788546422597156,-0.002696204738838302,45,1,0,0,0,0.0,0,0,0,0,0,0,0,0,0,1,1,1,0.6961839643658845,0.8021931655765261,0.5,0.0,0.0,0.0,0.0,0.14685314685314685,0.36276223776223776,0.16433566433566432,0.11223776223776223,0.05209790209790209,3.573500000000017,0,0,0,0.0,0.0,none,0.0,0.0,0.0,0,0,0,1,0,,,,,,,,,,,,,,,,,,
confirmation,30041,neutral,yoked_need,yoked,"12,13,7,3,4,1",6,dense,m1,m2,p7>p2>p7>p6,4,context_comp,A>B>A>C,1,7,A>B>C>D>E>F>X,0,600,1,1.0,1.0,1.0,0,0,4,49,0.0175,1,316,601,0,1,0,0,1,0.9762594311966175,-0.002272803213713376,45,1,0,0,0,0.0,0,0,0,0,0,0,0,0,0,1,1,1,0.6920893636316134,0.7956706082907062,0.6328671328671329,0.00035365811539654347,0.6919260191443093,0.685967395652617,1.0,0.18006993006993008,0.6206293706293706,0.10314685314685315,0.2276223776223776,-0.12447552447552446,3.7198000000000158,0,0,0,0.0,0.0,none,0.0,0.0,0.0,0,0,0,1,0,1,316,1,no_bridge,316,0,1,0,0,0,0,0,0,0,0,0,30053,11
confirmation,30041,self_relevant,actual_need,actual,"12,13,7,3,4,1",6,dense,m1,m2,p7>p2>p7>p6,4,context_comp,A>B>A>C,1,7,A>B>C>D>E>F>X,0,600,1,1.0,1.0,1.0,1,1,4,49,0.0175,1,342,342,1,0,0,1,1,0.8493540940696538,0.009272549961193689,45,1,1,1,0,0.02907901641265968,1,1,0,1,1,1,1,1,0,0,0,1,0.863490575699778,0.8845619912657283,0.513986013986014,0.07885359882368427,0.4542126148619609,0.5080744712839068,1.0,0.15034965034965034,0.4291958041958042,0.13286713286713286,0.1451048951048951,-0.01223776223776224,3.671300000000016,0,0,0,0.0,0.0,none,0.0,0.0,0.0,0,0,0,1,0,1,342,1,bridge,342,1,1,1,1,1,1,1,1,1,1,0,,
confirmation,30041,self_relevant,curiosity,curiosity,"12,13,7,3,4,1",6,dense,m1,m2,p7>p2>p7>p6,4,context_comp,A>B>A>C,1,7,A>B>C>D>E>F>X,0,600,1,1.0,1.0,1.0,1,1,4,49,0.0175,1,334,334,1,0,0,1,1,0.8705533036054988,0.004143271604840665,57,1,1,1,0,0.030300560326886248,1,1,0,1,1,1,1,1,0,0,0,1,0.8676010255102705,0.8872335576863538,0.5821678321678322,0.0,0.0,0.0,0.0,0.1660839160839161,0.36276223776223776,0.16433566433566432,0.11223776223776223,0.05209790209790209,3.748300000000018,0,0,0,0.0,0.0,none,0.0,0.0,0.0,0,0,0,1,0,,,,,,,,,,,,,,,,,,
confirmation,30041,self_relevant,no_need,none,"12,13,7,3,4,1",6,dense,m1,m2,p7>p2>p7>p6,4,context_comp,A>B>A>C,1,7,A>B>C>D>E>F>X,0,600,1,1.0,1.0,1.0,0,0,4,49,0.0175,1,391,601,0,1,1,0,0,0.9788546422597156,-0.0008139393431260203,45,1,0,0,0,0.0,0,0,0,0,0,0,0,0,0,0,0,0,0.8115805646910653,0.8518070511940854,0.5,0.0,0.0,0.0,0.0,0.14685314685314685,0.36276223776223776,0.16433566433566432,0.11223776223776223,0.05209790209790209,3.573500000000017,0,0,0,0.0,0.0,none,0.0,0.0,0.0,0,0,0,1,0,,,,,,,,,,,,,,,,,,
confirmation,30041,self_relevant,yoked_need,yoked,"12,13,7,3,4,1",6,dense,m1,m2,p7>p2>p7>p6,4,context_comp,A>B>A>C,1,7,A>B>C>D>E>F>X,0,600,1,1.0,1.0,1.0,0,0,4,49,0.0175,1,380,601,0,1,1,0,0,0.9833877997087137,-0.0013750992078189331,47,1,0,0,0,0.0,0,0,0,0,0,0,0,0,0,0,0,0,0.812407786282323,0.8511641805153198,0.5314685314685315,0.00015374796585900208,0.23768797503880928,0.6257771672927149,1.0,0.15384615384615385,0.24213286713286714,0.1048951048951049,0.07587412587412587,0.029020979020979026,3.612000000000015,0,0,0,0.0,0.0,none,0.0,0.0,0.0,0,0,0,1,0,1,380,1,no_bridge,380,0,0,0,0,0,0,0,0,0,0,0,30053,11
confirmation,30042,neutral,actual_need,actual,"5,10,4,3,13",5,ring,m1,m2,p4>p7>p3,3,branch_comp,A>C>B,1,5,A>B>C>D>E,0,600,1,1.0,0.8333333333333334,1.0,0,0,4,41,0.052564102564102565,1,267,601,0,1,0,0,1,0.8550230484101904,-0.004221160648369858,42,1,0,0,0,0.0,0,0,0,0,0,0,0,0,0,1,1,1,0.7079252957911341,0.8024944951810751,0.6625874125874126,0.3665923820283818,0.7781881039512435,0.3603876800050184,1.0,0.1853146853146853,0.5,0.9073426573426573,0.023164335664335664,0.8841783216783217,3.5538500000000197,0,0,0,0.0,0.0,none,0.0,0.0,0.0,0,0,0,1,0,1,267,1,no_bridge,267,0,1,0,0,0,0,0,0,0,0,0,,
confirmation,30042,neutral,curiosity,curiosity,"5,10,4,3,13",5,ring,m1,m2,p4>p7>p3,3,branch_comp,A>C>B,1,5,A>B>C>D>E,0,600,1,1.0,0.8333333333333334,1.0,0,0,4,41,0.052564102564102565,1,283,601,0,1,0,0,1,0.859494103067473,-0.0003417981951885292,42,1,0,0,0,0.0,0,0,0,0,0,0,0,0,0,1,1,1,0.7087367970879173,0.8023529700686145,0.6468531468531469,0.0,0.0,0.0,0.0,0.18181818181818182,0.24825174825174826,0.12412587412587413,0.0930944055944056,0.03103146853146853,3.54395000000002,0,0,0,0.0,0.0,none,0.0,0.0,0.0,0,0,0,1,0,,,,,,,,,,,,,,,,,,
confirmation,30042,neutral,no_need,none,"5,10,4,3,13",5,ring,m1,m2,p4>p7>p3,3,branch_comp,A>C>B,1,5,A>B>C>D>E,0,600,1,1.0,0.8333333333333334,1.0,0,0,4,41,0.052564102564102565,1,363,601,0,1,0,0,1,0.8635289523792368,-0.0005787592622786938,45,1,0,0,0,0.0,0,0,0,0,0,0,0,0,0,1,1,1,0.7090557881033647,0.8027864986869474,0.5,0.0,0.0,0.0,0.0,0.14685314685314685,0.24825174825174826,0.12412587412587413,0.0930944055944056,0.03103146853146853,3.44000000000002,0,0,0,0.0,0.0,none,0.0,0.0,0.0,0,0,0,1,0,,,,,,,,,,,,,,,,,,
confirmation,30042,neutral,yoked_need,yoked,"5,10,4,3,13",5,ring,m1,m2,p4>p7>p3,3,branch_comp,A>C>B,1,5,A>B>C>D>E,0,600,1,1.0,0.8333333333333334,1.0,0,0,4,41,0.052564102564102565,1,289,601,0,1,0,0,1,0.8634220335216726,-0.001962796373498477,50,1,0,0,0,0.0,0,0,0,0,0,0,0,0,0,1,1,1,0.7087699505028413,0.8028172370614971,0.6608391608391608,0.02571144422067462,0.24956426097231635,0.42626948700997463,1.0,0.1853146853146853,0.13111888111888112,0.06468531468531469,0.04938811188811189,0.0152972027972028,3.5538500000000197,0,0,0,0.0,0.0,none,0.0,0.0,0.0,0,0,0,1,0,1,289,1,no_bridge,289,0,1,0,0,0,0,0,0,0,0,0,30048,5
confirmation,30042,self_relevant,actual_need,actual,"5,10,4,3,13",5,ring,m1,m2,p4>p7>p3,3,branch_comp,A>C>B,1,5,A>B>C>D>E,0,600,1,1.0,0.8333333333333334,1.0,1,1,4,41,0.052564102564102565,1,266,266,1,0,0,1,1,0.716408963652906,0.005580270630255109,48,1,1,1,0,0.0273154209703733,1,1,0,1,1,1,1,1,0,0,0,1,0.8090816107632122,0.8468634621922924,0.5769230769230769,0.21673013983399914,0.6115140958617228,0.33896453348070665,1.0,0.1660839160839161,0.42045454545454547,0.48426573426573427,0.08916083916083917,0.3951048951048951,3.5748500000000214,0,0,0,0.0,0.0,none,0.0,0.0,0.0,0,0,0,1,0,1,266,1,bridge,266,1,1,1,1,1,1,1,1,1,1,0,,
confirmation,30042,self_relevant,curiosity,curiosity,"5,10,4,3,13",5,ring,m1,m2,p4>p7>p3,3,branch_comp,A>C>B,1,5,A>B>C>D>E,0,600,1,1.0,0.8333333333333334,1.0,1,1,4,41,0.052564102564102565,1,282,282,1,0,0,1,1,0.7159080366039112,0.0060731797334372456,47,1,1,1,0,0.02584503547900575,1,1,0,1,1,1,1,1,0,0,0,1,0.8591151171459207,0.8793114171577493,0.5856643356643356,0.0,0.0,0.0,0.0,0.1660839160839161,0.24825174825174826,0.12412587412587413,0.0930944055944056,0.03103146853146853,3.579800000000023,0,0,0,0.0,0.0,none,0.0,0.0,0.0,0,0,0,1,0,,,,,,,,,,,,,,,,,,
confirmation,30042,self_relevant,no_need,none,"5,10,4,3,13",5,ring,m1,m2,p4>p7>p3,3,branch_comp,A>C>B,1,5,A>B>C>D>E,0,600,1,1.0,0.8333333333333334,1.0,0,0,4,41,0.052564102564102565,1,363,601,0,1,1,0,0,0.8635289523792368,-0.0008767097716209406,45,1,0,0,0,0.0,0,0,0,0,0,0,0,0,0,0,0,0,0.8138880780360703,0.8400095632545055,0.5,0.0,0.0,0.0,0.0,0.14685314685314685,0.24825174825174826,0.12412587412587413,0.0930944055944056,0.03103146853146853,3.44000000000002,0,0,0,0.0,0.0,none,0.0,0.0,0.0,0,0,0,1,0,,,,,,,,,,,,,,,,,,
confirmation,30042,self_relevant,yoked_need,yoked,"5,10,4,3,13",5,ring,m1,m2,p4>p7>p3,3,branch_comp,A>C>B,1,5,A>B>C>D>E,0,600,1,1.0,0.8333333333333334,1.0,1,1,4,41,0.052564102564102565,1,280,280,1,0,0,1,1,0.7197652690207508,0.004034984888792042,51,1,1,1,0,0.02582941209164485,1,1,0,1,1,1,1,1,0,0,0,1,0.8685482790225536,0.8887678900475772,0.5944055944055944,0.07635584982190295,0.36642182303177495,0.2722587370899102,1.0,0.16958041958041958,0.2701048951048951,0.11538461538461539,0.10620629370629371,0.00917832167832168,3.5847500000000228,0,0,0,0.0,0.0,none,0.0,0.0,0.0,0,0,0,1,0,1,280,1,bridge,280,1,1,1,1,1,1,1,1,1,1,0,30048,5
confirmation,30043,neutral,actual_need,actual,"4,3,7,2,10,9",6,chain,m3,m1,p0>p1>p0>p5,4,context_comp,A>B>A>C,1,7,A>B>C>D>E>F>X,1,600,1,1.0,0.8333333333333334,0.8333333333333334,0,0,4,49,0.0175,1,293,601,0,1,0,0,1,0.8513520586044283,0.002452222320553641,48,1,1,0,0,0.0,0,0,0,0,0,0,0,0,0,1,1,1,0.7672567120116974,0.8268964506012497,0.6590909090909091,0.3242338464401188,0.6681436981741996,0.33198389855381816,1.0,0.22202797202797203,0.6197552447552448,0.7972027972027972,0.08846153846153847,0.7087412587412587,3.775000000000017,0,0,0,0.0,0.0,none,0.0,0.0,0.0,0,0,0,1,0,1,293,1,no_bridge,293,0,1,1,0,0,0,0,0,0,0,0,,
confirmation,30043,neutral,curiosity,curiosity,"4,3,7,2,10,9",6,chain,m3,m1,p0>p1>p0>p5,4,context_comp,A>B>A>C,1,7,A>B>C>D>E>F>X,1,600,1,1.0,0.8333333333333334,0.8333333333333334,0,0,4,49,0.0175,1,304,601,0,1,0,0,1,0.8444102837681643,-0.0010072668447132767,48,1,0,0,0,0.0,0,0,0,0,0,0,0,0,0,1,1,1,0.7673992332015172,0.8266864951997027,0.6468531468531469,0.0,0.0,0.0,0.0,0.2202797202797203,0.5480769230769231,0.12937062937062938,0.19335664335664335,-0.06398601398601397,3.735200000000016,0,0,0,0.0,0.0,none,0.0,0.0,0.0,0,0,0,1,0,,,,,,,,,,,,,,,,,,
confirmation,30043,neutral,no_need,none,"4,3,7,2,10,9",6,chain,m3,m1,p0>p1>p0>p5,4,context_comp,A>B>A>C,1,7,A>B>C>D>E>F>X,1,600,1,1.0,0.8333333333333334,0.8333333333333334,0,0,4,49,0.0175,1,399,601,0,1,0,0,1,0.858531958321512,0.0003207259897040957,49,1,0,0,0,0.0,0,0,0,0,0,0,0,0,0,1,1,1,0.7681344440199137,0.8305483711846713,0.5,0.0,0.0,0.0,0.0,0.18356643356643357,0.5480769230769231,0.12937062937062938,0.19335664335664335,-0.06398601398601397,3.573500000000017,0,0,0,0.0,0.0,none,0.0,0.0,0.0,0,0,0,1,0,,,,,,,,,,,,,,,,,,
confirmation,30043,neutral,yoked_need,yoked,"4,3,7,2,10,9",6,chain,m3,m1,p0>p1>p0>p5,4,context_comp,A>B>A>C,1,7,A>B>C>D>E>F>X,1,600,1,1.0,0.8333333333333334,0.8333333333333334,0,0,4,49,0.0175,1,294,601,0,1,0,0,1,0.8535353723937248,-0.002028930120140096,48,1,0,0,0,0.0,0,0,0,0,0,0,0,0,0,1,1,1,0.7673530218386834,0.8266302464209779,0.6625874125874126,0.01102592963985813,0.8355603334400873,0.5604773352279325,1.0,0.22377622377622378,0.6573426573426573,0.10664335664335664,0.2416083916083916,-0.13496503496503495,3.7506000000000155,0,0,0,0.0,0.0,none,0.0,0.0,0.0,0,0,0,1,0,1,294,1,no_bridge,294,0,1,0,0,0,0,0,0,0,0,0,30055,6
confirmation,30043,self_relevant,actual_need,actual,"4,3,7,2,10,9",6,chain,m3,m1,p0>p1>p0>p5,4,context_comp,A>B>A>C,1,7,A>B>C>D>E>F>X,1,600,1,1.0,0.8333333333333334,0.8333333333333334,0,0,4,49,0.0175,1,367,601,0,1,1,0,0,0.8682356753328678,-0.0001751545965277859,57,1,0,0,0,0.0,0,0,0,0,0,0,0,0,0,0,0,0,0.8434194435458701,0.8648991442647254,0.5856643356643356,0.1251940965767798,0.4386860656774923,0.28797139592453297,1.0,0.20454545454545456,0.47202797202797203,0.22552447552447552,0.1437062937062937,0.08181818181818182,3.665900000000016,0,0,0,0.0,0.0,none,0.0,0.0,0.0,0,0,0,1,0,1,367,1,no_bridge,367,0,0,0,0,0,0,0,0,0,0,0,,
confirmation,30043,self_relevant,curiosity,curiosity,"4,3,7,2,10,9",6,chain,m3,m1,p0>p1>p0>p5,4,context_comp,A>B>A>C,1,7,A>B>C>D>E>F>X,1,600,1,1.0,0.8333333333333334,0.8333333333333334,0,0,4,49,0.0175,1,306,601,0,1,1,0,0,0.8540279843735468,-0.0013742413126714029,48,1,0,0,0,0.0,0,0,0,0,0,0,0,0,0,0,0,0,0.8261734327001174,0.8478291896347981,0.6555944055944056,0.0,0.0,0.0,0.0,0.22202797202797203,0.5480769230769231,0.12937062937062938,0.19335664335664335,-0.06398601398601397,3.742900000000016,0,0,0,0.0,0.0,none,0.0,0.0,0.0,0,0,0,1,0,,,,,,,,,,,,,,,,,,
confirmation,30043,self_relevant,no_need,none,"4,3,7,2,10,9",6,chain,m3,m1,p0>p1>p0>p5,4,context_comp,A>B>A>C,1,7,A>B>C>D>E>F>X,1,600,1,1.0,0.8333333333333334,0.8333333333333334,0,0,4,49,0.0175,0,601,601,0,0,0,0,0,0.0,0.0,0,0,0,0,0,0.0,0,0,0,0,0,0,0,0,0,0,0,0,0.8444886747246128,0.8612210311630312,0.5,0.0,0.0,0.0,0.0,0.18356643356643357,0.5480769230769231,0.12937062937062938,0.19335664335664335,-0.06398601398601397,3.573500000000017,0,0,0,0.0,0.0,none,0.0,0.0,0.0,0,0,0,1,0,,,,,,,,,,,,,,,,,,
confirmation,30043,self_relevant,yoked_need,yoked,"4,3,7,2,10,9",6,chain,m3,m1,p0>p1>p0>p5,4,context_comp,A>B>A>C,1,7,A>B>C>D>E>F>X,1,600,1,1.0,0.8333333333333334,0.8333333333333334,0,0,4,49,0.0175,1,373,601,0,1,1,0,0,0.8564112735455928,-0.0012656545679617002,49,1,0,0,0,0.0,0,0,0,0,0,0,0,0,0,0,0,0,0.8312400726859396,0.8553337973383491,0.5244755244755245,0.07136467267836752,0.48390144494732606,0.4147947070473835,1.0,0.1888111888111888,0.486013986013986,0.10839160839160839,0.17272727272727273,-0.06433566433566434,3.6043000000000163,0,0,0,0.0,0.0,none,0.0,0.0,0.0,0,0,0,1,0,1,373,1,no_bridge,373,0,0,0,0,0,0,0,0,0,0,0,30055,6
confirmation,30044,neutral,actual_need,actual,"4,11,1,5,12",5,dense,m0,m2,p4>p6>p2,3,branch_comp,A>C>B,1,5,A>B>C>D>E,0,600,1,1.0,0.8333333333333334,1.0,0,0,4,42,0.05384615384615385,1,281,601,0,1,0,0,1,0.8475149151015275,-0.0028191335373471647,45,1,0,0,0,0.0,0,0,0,0,0,0,0,0,0,1,1,1,0.7434777914443604,0.7937747999165559,0.6643356643356644,0.36624360821080687,0.7077816112023256,0.3537087908170375,1.0,0.18706293706293706,0.4965034965034965,0.743006993006993,0.0625,0.680506993006993,3.55385000000002,0,0,0,0.0,0.0,none,0.0,0.0,0.0,0,0,0,1,0,1,281,1,no_bridge,281,0,1,0,0,0,0,0,0,0,0,0,,
confirmation,30044,neutral,curiosity,curiosity,"4,11,1,5,12",5,dense,m0,m2,p4>p6>p2,3,branch_comp,A>C>B,1,5,A>B>C>D>E,0,600,1,1.0,0.8333333333333334,1.0,0,0,4,41,0.052564102564102565,1,289,601,0,1,0,0,1,0.8615701373525183,0.00044466586860384804,47,1,0,0,0,0.0,0,0,0,0,0,0,0,0,0,1,1,1,0.7441187786602292,0.7944465013933335,0.6398601398601399,0.0,0.0,0.0,0.0,0.18181818181818182,0.22814685314685315,0.11188811188811189,0.0861013986013986,0.025786713286713295,3.5390000000000197,0,0,0,0.0,0.0,none,0.0,0.0,0.0,0,0,0,1,0,,,,,,,,,,,,,,,,,,
confirmation,30044,neutral,no_need,none,"4,11,1,5,12",5,dense,m0,m2,p4>p6>p2,3,branch_comp,A>C>B,1,5,A>B>C>D>E,0,600,1,1.0,0.8333333333333334,1.0,0,0,4,42,0.05384615384615385,1,383,601,0,1,0,0,1,0.8534524503833786,0.001438973462313876,50,1,0,0,0,0.0,0,0,0,0,0,0,0,0,0,1,1,1,0.744882408602209,0.7960825957969412,0.5,0.0,0.0,0.0,0.0,0.14685314685314685,0.22814685314685315,0.11188811188811189,0.0861013986013986,0.025786713286713295,3.44000000000002,0,0,0,0.0,0.0,none,0.0,0.0,0.0,0,0,0,1,0,,,,,,,,,,,,,,,,,,
confirmation,30044,neutral,yoked_need,yoked,"4,11,1,5,12",5,dense,m0,m2,p4>p6>p2,3,branch_comp,A>C>B,1,5,A>B>C>D>E,0,600,1,1.0,0.8333333333333334,1.0,0,0,4,42,0.05384615384615385,1,285,601,0,1,0,0,1,0.85372584835692,0.0008665654103648425,45,1,0,0,0,0.0,0,0,0,0,0,0,0,0,0,1,1,1,0.742139790121657,0.7918032332237878,0.6783216783216783,0.001823211188111546,0.34032000508026006,0.35442010559404424,1.0,0.19055944055944055,0.1993006993006993,0.05419580419580419,0.0861013986013986,-0.0319055944055944,3.5637500000000197,0,0,0,0.0,0.0,none,0.0,0.0,0.0,0,0,0,1,0,1,285,1,no_bridge,285,0,1,0,0,0,0,0,0,0,0,0,30050,13
confirmation,30044,self_relevant,actual_need,actual,"4,11,1,5,12",5,dense,m0,m2,p4>p6>p2,3,branch_comp,A>C>B,1,5,A>B>C>D>E,0,600,1,1.0,0.8333333333333334,1.0,1,1,4,42,0.05384615384615385,1,267,267,1,0,0,1,1,0.7893675377314475,0.008736989621335785,46,1,1,1,0,0.02463786441621572,1,1,0,1,1,1,1,1,0,0,0,1,0.8399140305184123,0.8707304970718475,0.6031468531468531,0.10578582435097988,0.3290450573879463,0.5207305903881799,1.0,0.17132867132867133,0.24737762237762237,0.07167832167832168,0.10576923076923077,-0.03409090909090909,3.5897000000000214,0,0,0,0.0,0.0,none,0.0,0.0,0.0,0,0,0,1,0,1,267,1,bridge,267,1,1,1,1,1,1,1,1,1,1,0,,
confirmation,30044,self_relevant,curiosity,curiosity,"4,11,1,5,12",5,dense,m0,m2,p4>p6>p2,3,branch_comp,A>C>B,1,5,A>B>C>D>E,0,600,1,1.0,0.8333333333333334,1.0,1,1,4,41,0.052564102564102565,1,276,276,1,0,0,1,1,0.7861145956650214,0.00407839565427507,45,1,1,1,0,0.02637264407798531,1,1,0,1,1,1,1,1,0,0,0,1,0.8411397573117524,0.8700416216173107,0.6153846153846154,0.0,0.0,0.0,0.0,0.17482517482517482,0.22814685314685315,0.11188811188811189,0.0861013986013986,0.025786713286713295,3.599600000000023,0,0,0,0.0,0.0,none,0.0,0.0,0.0,0,0,0,1,0,,,,,,,,,,,,,,,,,,
confirmation,30044,self_relevant,no_need,none,"4,11,1,5,12",5,dense,m0,m2,p4>p6>p2,3,branch_comp,A>C>B,1,5,A>B>C>D>E,0,600,1,1.0,0.8333333333333334,1.0,1,1,4,42,0.05384615384615385,1,355,355,1,0,0,1,1,0.787089366233011,0.005548785470767397,44,1,1,1,0,0.024892129660904903,1,1,0,1,1,1,1,1,0,0,0,1,0.8504090560836935,0.8773706910958252,0.5,0.0,0.0,0.0,0.0,0.1451048951048951,0.22814685314685315,0.11188811188811189,0.0861013986013986,0.025786713286713295,3.52040000000002,0,0,0,0.0,0.0,none,0.0,0.0,0.0,0,0,0,1,0,,,,,,,,,,,,,,,,,,
confirmation,30044,self_relevant,yoked_need,yoked,"4,11,1,5,12",5,dense,m0,m2,p4>p6>p2,3,branch_comp,A>C>B,1,5,A>B>C>D>E,0,600,1,1.0,0.8333333333333334,1.0,1,1,4,41,0.052564102564102565,1,266,266,1,0,0,1,1,0.781337876400693,0.00659839106040548,46,1,1,1,0,0.025987186641449913,1,1,0,1,1,1,1,1,0,0,0,1,0.8649947369153033,0.8864727991704451,0.5314685314685315,0.03830034610128569,0.29367794625622023,0.4656405023252661,1.0,0.15384615384615385,0.18356643356643357,0.0472027972027972,0.07998251748251747,-0.03277972027972027,3.540200000000021,0,0,0,0.0,0.0,none,0.0,0.0,0.0,0,0,0,1,0,1,266,1,bridge,266,1,1,1,1,1,1,1,1,1,1,0,30050,13
confirmation,30045,neutral,actual_need,actual,"4,3,11,1,7,10",6,ring,m0,m2,p7>p5>p7>p4,4,context_comp,A>B>A>C,1,7,A>B>C>D>E>F>X,0,600,1,1.0,0.8571428571428571,1.0,0,0,4,49,0.0175,1,287,601,0,1,0,0,1,0.9780404392899084,-0.000990420170668394,44,1,0,0,0,0.0,0,0,0,0,0,0,0,0,0,1,1,1,0.5854745351898532,0.7839847932426047,0.6608391608391608,0.4279998001686565,0.7849160091468512,0.45282379119744903,1.0,0.18356643356643357,0.5777972027972028,0.9300699300699301,0.045104895104895106,0.884965034965035,3.7352000000000154,0,0,0,0.0,0.0,none,0.0,0.0,0.0,0,0,0,1,0,1,287,1,no_bridge,287,0,1,0,0,0,0,0,0,0,0,0,,
confirmation,30045,neutral,curiosity,curiosity,"4,3,11,1,7,10",6,ring,m0,m2,p7>p5>p7>p4,4,context_comp,A>B>A>C,1,7,A>B>C>D>E>F>X,0,600,1,1.0,0.8571428571428571,1.0,0,0,4,49,0.0175,1,299,601,0,1,0,0,1,0.9798180854050678,-0.004560004574142467,44,1,0,0,0,0.0,0,0,0,0,0,0,0,0,0,1,1,1,0.5850506704742674,0.7834235436135878,0.6503496503496503,0.0,0.0,0.0,0.0,0.18181818181818182,0.29545454545454547,0.11013986013986014,0.09615384615384616,0.013986013986013984,3.727500000000016,0,0,0,0.0,0.0,none,0.0,0.0,0.0,0,0,0,1,0,,,,,,,,,,,,,,,,,,
confirmation,30045,neutral,no_need,none,"4,3,11,1,7,10",6,ring,m0,m2,p7>p5>p7>p4,4,context_comp,A>B>A>C,1,7,A>B>C>D>E>F>X,0,600,1,1.0,0.8571428571428571,1.0,0,0,4,49,0.0175,1,391,601,0,1,0,0,1,0.9768546535929731,-0.0014239195397527963,45,1,0,0,0,0.0,0,0,0,0,0,0,0,0,0,1,1,1,0.5873876623784675,0.7860536051720289,0.5,0.0,0.0,0.0,0.0,0.14685314685314685,0.29545454545454547,0.11013986013986014,0.09615384615384616,0.013986013986013984,3.573500000000017,0,0,0,0.0,0.0,none,0.0,0.0,0.0,0,0,0,1,0,,,,,,,,,,,,,,,,,,
confirmation,30045,neutral,yoked_need,yoked,"4,3,11,1,7,10",6,ring,m0,m2,p7>p5>p7>p4,4,context_comp,A>B>A>C,1,7,A>B>C>D>E>F>X,0,600,1,1.0,0.8571428571428571,1.0,0,0,4,49,0.0175,1,287,601,0,1,0,0,1,0.9818477931721348,-0.0013136058849991135,44,1,0,0,0,0.0,0,0,0,0,0,0,0,0,0,1,1,1,0.5854387239469223,0.7847243183874877,0.6625874125874126,0.05729076099026621,0.7021585970147709,0.35212995664538665,1.0,0.18181818181818182,0.5454545454545454,0.02972027972027972,0.21223776223776222,-0.1825174825174825,3.727500000000015,0,0,0,0.0,0.0,none,0.0,0.0,0.0,0,0,0,1,0,1,287,1,no_bridge,287,0,1,0,0,0,0,0,0,0,0,0,30057,1
confirmation,30045,self_relevant,actual_need,actual,"4,3,11,1,7,10",6,ring,m0,m2,p7>p5>p7>p4,4,context_comp,A>B>A>C,1,7,A>B>C>D>E>F>X,0,600,1,1.0,0.8571428571428571,1.0,0,0,4,49,0.0175,1,309,601,0,1,1,0,0,0.9815977283725112,-0.003137055560667408,52,1,0,0,0,0.0,0,0,0,0,0,0,0,0,0,0,0,0,0.8239663160908057,0.8574779708631891,0.5926573426573427,0.28750704180821485,0.6420558289738456,0.33593608408382936,1.0,0.16433566433566432,0.4554195804195804,0.46153846153846156,0.08986013986013987,0.3716783216783217,3.6505000000000165,0,0,0,0.0,0.0,none,0.0,0.0,0.0,0,0,0,1,0,1,309,1,no_bridge,309,0,0,0,0,0,0,0,0,0,0,0,,
confirmation,30045,self_relevant,curiosity,curiosity,"4,3,11,1,7,10",6,ring,m0,m2,p7>p5>p7>p4,4,context_comp,A>B>A>C,1,7,A>B>C>D>E>F>X,0,600,1,1.0,0.8571428571428571,1.0,0,0,4,49,0.0175,1,300,601,0,1,1,0,0,0.9805007807883577,-0.005685211663903301,44,1,0,0,0,0.0,0,0,0,0,0,0,0,0,0,0,0,0,0.8154892437422561,0.8475756893435689,0.6451048951048951,0.0,0.0,0.0,0.0,0.17832167832167833,0.29545454545454547,0.11013986013986014,0.09615384615384616,0.013986013986013984,3.7198000000000158,0,0,0,0.0,0.0,none,0.0,0.0,0.0,0,0,0,1,0,,,,,,,,,,,,,,,,,,
confirmation,30045,self_relevant,no_need,none,"4,3,11,1,7,10",6,ring,m0,m2,p7>p5>p7>p4,4,context_comp,A>B>A>C,1,7,A>B>C>D>E>F>X,0,600,1,1.0,0.8571428571428571,1.0,0,0,4,49,0.0175,1,509,601,0,1,1,0,0,0.9792458481713555,-0.0028656669588891168,74,1,0,0,0,0.0,0,0,0,0,0,0,0,0,0,0,0,0,0.8292507173785988,0.8564842226651433,0.5,0.0,0.0,0.0,0.0,0.14685314685314685,0.29545454545454547,0.11013986013986014,0.09615384615384616,0.013986013986013984,3.573500000000017,0,0,0,0.0,0.0,none,0.0,0.0,0.0,0,0,0,1,0,,,,,,,,,,,,,,,,,,
confirmation,30045,self_relevant,yoked_need,yoked,"4,3,11,1,7,10",6,ring,m0,m2,p7>p5>p7>p4,4,context_comp,A>B>A>C,1,7,A>B>C>D>E>F>X,0,600,1,1.0,0.8571428571428571,1.0,0,0,4,49,0.0175,1,340,601,0,1,1,0,0,0.9809911796152677,-0.0027448677616867378,57,1,0,0,0,0.0,0,0,0,0,0,0,0,0,0,0,0,0,0.7899405059850978,0.8343452137008279,0.6520979020979021,0.08871756032179318,0.4779615994049472,0.213941330314994,1.0,0.18181818181818182,0.3715034965034965,0.13986013986013987,0.12062937062937062,0.019230769230769246,3.727500000000015,0,0,0,0.0,0.0,none,0.0,0.0,0.0,0,0,0,1,0,1,340,1,no_bridge,340,0,0,0,0,0,0,0,0,0,0,0,30057,1
confirmation,30046,neutral,actual_need,actual,"8,12,0,5,3",5,chain,m3,m2,p7>p4>p0,3,branch_comp,A>C>B,1,5,A>B>C>D>E,0,600,1,1.0,1.0,0.8,0,0,4,41,0.052564102564102565,1,267,601,0,1,0,0,1,0.8687979903118601,-0.0024738233426290354,42,1,1,0,0,0.0,0,0,0,0,0,0,0,0,0,1,1,1,0.5927114775905418,0.7520904979838636,0.6713286713286714,0.36051780341977463,0.8479961630771461,0.36496126916743116,1.0,0.1888111888111888,0.6302447552447552,0.7814685314685315,0.11975524475524477,0.6617132867132867,3.5832000000000206,0,0,0,0.0,0.0,none,0.0,0.0,0.0,0,0,0,1,0,1,267,0,,601,0,0,1,0,0,0,0,0,0,0,0,,
confirmation,30046,neutral,curiosity,curiosity,"8,12,0,5,3",5,chain,m3,m2,p7>p4>p0,3,branch_comp,A>C>B,1,5,A>B>C>D>E,0,600,1,1.0,1.0,0.8,0,0,4,43,0.05512820512820513,1,289,601,0,1,0,0,1,0.8659718019753921,-0.0014763473853786515,46,1,0,0,0,0.0,0,0,0,0,0,0,0,0,0,1,1,1,0.5929666174206208,0.7542957210680099,0.6608391608391608,0.0,0.0,0.0,0.0,0.1853146853146853,0.48164335664335667,0.09615384615384616,0.2167832167832168,-0.12062937062937064,3.5538500000000206,0,0,0,0.0,0.0,none,0.0,0.0,0.0,0,0,0,1,0,,,,,,,,,,,,,,,,,,
confirmation,30046,neutral,no_need,none,"8,12,0,5,3",5,chain,m3,m2,p7>p4>p0,3,branch_comp,A>C>B,1,5,A>B>C>D>E,0,600,1,1.0,1.0,0.8,0,0,4,41,0.052564102564102565,1,363,601,0,1,0,0,1,0.8672465305555453,-0.0029535031880710064,45,1,0,0,0,0.0,0,0,0,0,0,0,0,0,0,1,1,1,0.5968539950191365,0.75670181031939,0.5,0.0,0.0,0.0,0.0,0.14685314685314685,0.48164335664335667,0.09615384615384616,0.2167832167832168,-0.12062937062937064,3.44000000000002,0,0,0,0.0,0.0,none,0.0,0.0,0.0,0,0,0,1,0,,,,,,,,,,,,,,,,,,
confirmation,30046,neutral,yoked_need,yoked,"8,12,0,5,3",5,chain,m3,m2,p7>p4>p0,3,branch_comp,A>C>B,1,5,A>B>C>D>E,0,600,1,1.0,1.0,0.8,0,0,4,41,0.052564102564102565,1,268,601,0,1,0,0,1,0.8667959165101277,-0.00212264516768176,42,1,1,0,0,0.0,0,0,0,0,0,0,0,0,0,1,1,1,0.5890890138409066,0.7501100483445604,0.6608391608391608,0.04462628276291683,0.20477996981680466,0.5581772108337756,1.0,0.1853146853146853,0.18706293706293706,0.01048951048951049,0.09090909090909091,-0.08041958041958042,3.5782500000000206,0,0,0,0.0,0.0,none,0.0,0.0,0.0,0,0,0,1,0,1,268,0,,601,0,0,1,0,0,0,0,0,0,0,0,30052,8
confirmation,30046,self_relevant,actual_need,actual,"8,12,0,5,3",5,chain,m3,m2,p7>p4>p0,3,branch_comp,A>C>B,1,5,A>B>C>D>E,0,600,1,1.0,1.0,0.8,1,1,4,41,0.052564102564102565,1,269,269,1,0,0,1,1,0.7129329145076679,0.005681225730941805,48,1,1,1,0,0.02614796057125761,1,1,0,1,1,1,1,1,0,0,0,1,0.8536945496147048,0.8676499418517963,0.5926573426573427,0.04322697577959997,0.48630765601172216,0.3695648179174266,1.0,0.16958041958041958,0.3968531468531469,0.06643356643356643,0.18181818181818182,-0.11538461538461539,3.5847500000000223,0,0,0,0.0,0.0,none,0.0,0.0,0.0,0,0,0,1,0,1,269,1,bridge,269,1,1,1,1,1,1,1,1,1,1,0,,
confirmation,30046,self_relevant,curiosity,curiosity,"8,12,0,5,3",5,chain,m3,m2,p7>p4>p0,3,branch_comp,A>C>B,1,5,A>B>C>D>E,0,600,1,1.0,1.0,0.8,0,0,4,42,0.05384615384615385,1,284,601,0,1,1,0,0,0.8628839853957446,-0.0026157107012220204,42,1,0,0,0,0.0,0,0,0,0,0,0,0,0,0,0,0,0,0.7917755688464737,0.8204445614332798,0.6573426573426573,0.0,0.0,0.0,0.0,0.1853146853146853,0.48164335664335667,0.09615384615384616,0.2167832167832168,-0.12062937062937064,3.5489000000000206,0,0,0,0.0,0.0,none,0.0,0.0,0.0,0,0,0,1,0,,,,,,,,,,,,,,,,,,
confirmation,30046,self_relevant,no_need,none,"8,12,0,5,3",5,chain,m3,m2,p7>p4>p0,3,branch_comp,A>C>B,1,5,A>B>C>D>E,0,600,1,1.0,1.0,0.8,0,0,4,41,0.052564102564102565,1,363,601,0,1,1,0,0,0.8672465305555453,-0.002700544239608939,45,1,0,0,0,0.0,0,0,0,0,0,0,0,0,0,0,0,0,0.7976225638056409,0.8270135786644686,0.5,0.0,0.0,0.0,0.0,0.14685314685314685,0.48164335664335667,0.09615384615384616,0.2167832167832168,-0.12062937062937064,3.44000000000002,0,0,0,0.0,0.0,none,0.0,0.0,0.0,0,0,0,1,0,,,,,,,,,,,,,,,,,,
confirmation,30046,self_relevant,yoked_need,yoked,"8,12,0,5,3",5,chain,m3,m2,p7>p4>p0,3,branch_comp,A>C>B,1,5,A>B>C>D>E,0,600,1,1.0,1.0,0.8,0,0,4,41,0.052564102564102565,1,282,601,0,1,1,0,0,0.8627293664105586,-0.0016986944301610452,42,1,0,0,0,0.0,0,0,0,0,0,0,0,0,0,0,0,0,0.8045228119124901,0.8269604253225527,0.5402097902097902,0.2249321700437963,0.3740610579013229,0.35444859485179275,1.0,0.1555944055944056,0.42482517482517484,0.4388111888111888,0.10270979020979021,0.3361013986013986,3.4647500000000178,0,0,0,0.0,0.0,none,0.0,0.0,0.0,0,0,0,1,0,1,282,1,no_bridge,282,0,0,0,0,0,0,0,0,0,0,0,30052,8
confirmation,30047,neutral,actual_need,actual,"0,13,6,9,10,2",6,dense,m0,m2,p0>p5>p0>p3,4,context_comp,A>B>A>C,1,7,A>B>C>D>E>F>X,1,600,1,1.0,1.0,1.0,0,0,4,49,0.0175,1,321,601,0,1,0,0,1,0.9733478180725165,0.0014914695864548394,51,1,0,0,0,0.0,0,0,0,0,0,0,0,0,0,1,1,1,0.7060022277502662,0.7976708568443515,0.6433566433566433,0.6928730751501309,0.9072807464197388,0.6913750977402586,1.0,0.17832167832167833,0.6337412587412588,0.9055944055944056,0.07237762237762238,0.8332167832167833,3.7198000000000153,0,0,0,0.0,0.0,none,0.0,0.0,0.0,0,0,0,1,0,1,321,1,no_bridge,321,0,1,0,0,0,0,0,0,0,0,0,,
confirmation,30047,neutral,curiosity,curiosity,"0,13,6,9,10,2",6,dense,m0,m2,p0>p5>p0>p3,4,context_comp,A>B>A>C,1,7,A>B>C>D>E>F>X,1,600,1,1.0,1.0,1.0,0,0,4,49,0.0175,1,298,601,0,1,0,0,1,0.9822963309265135,0.0011610380778506583,45,1,0,0,0,0.0,0,0,0,0,0,0,0,0,0,1,1,1,0.7068349273022456,0.7997121108438435,0.6363636363636364,0.0,0.0,0.0,0.0,0.17832167832167833,0.3784965034965035,0.16783216783216784,0.11783216783216784,0.05,3.7121000000000164,0,0,0,0.0,0.0,none,0.0,0.0,0.0,0,0,0,1,0,,,,,,,,,,,,,,,,,,
confirmation,30047,neutral,no_need,none,"0,13,6,9,10,2",6,dense,m0,m2,p0>p5>p0>p3,4,context_comp,A>B>A>C,1,7,A>B>C>D>E>F>X,1,600,1,1.0,1.0,1.0,0,0,4,49,0.0175,1,391,601,0,1,0,0,1,0.9749529732278849,-0.002453007894185759,45,1,0,0,0,0.0,0,0,0,0,0,0,0,0,0,1,1,1,0.7069825989630126,0.8004454555299966,0.5,0.0,0.0,0.0,0.0,0.14685314685314685,0.3784965034965035,0.16783216783216784,0.11783216783216784,0.05,3.573500000000017,0,0,0,0.0,0.0,none,0.0,0.0,0.0,0,0,0,1,0,,,,,,,,,,,,,,,,,,
confirmation,30047,neutral,yoked_need,yoked,"0,13,6,9,10,2",6,dense,m0,m2,p0>p5>p0>p3,4,context_comp,A>B>A>C,1,7,A>B>C>D>E>F>X,1,600,1,1.0,1.0,1.0,0,0,4,49,0.0175,1,295,601,0,1,0,0,1,0.9695291146804849,-0.004718601278957149,45,1,0,0,0,0.0,0,0,0,0,0,0,0,0,0,1,1,1,0.7059023917156936,0.7981196956322267,0.6643356643356644,0.0035801073758614283,0.2818251715114773,0.3230228069754744,1.0,0.1853146853146853,0.26223776223776224,0.11713286713286714,0.08146853146853147,0.03566433566433566,3.742900000000015,0,0,0,0.0,0.0,none,0.0,0.0,0.0,0,0,0,1,0,1,295,1,no_bridge,295,0,1,0,0,0,0,0,0,0,0,0,30059,9
confirmation,30047,self_relevant,actual_need,actual,"0,13,6,9,10,2",6,dense,m0,m2,p0>p5>p0>p3,4,context_comp,A>B>A>C,1,7,A>B>C>D>E>F>X,1,600,1,1.0,1.0,1.0,0,0,4,49,0.0175,1,366,601,0,1,1,0,0,0.9842112994124658,-0.0006396902134537816,45,1,0,0,0,0.0,0,0,0,0,0,0,0,0,0,0,0,0,0.8087090259610034,0.8515906996279551,0.5332167832167832,0.1360939879287388,0.2794225619152692,0.31082688886135923,1.0,0.15034965034965034,0.36713286713286714,0.26223776223776224,0.0944055944055944,0.16783216783216784,3.596600000000015,0,0,0,0.0,0.0,none,0.0,0.0,0.0,0,0,0,1,0,1,366,1,no_bridge,366,0,0,0,0,0,0,0,0,0,0,0,,
confirmation,30047,self_relevant,curiosity,curiosity,"0,13,6,9,10,2",6,dense,m0,m2,p0>p5>p0>p3,4,context_comp,A>B>A>C,1,7,A>B>C>D>E>F>X,1,600,1,1.0,1.0,1.0,0,0,4,49,0.0175,1,304,601,0,1,1,0,0,0.9815372421856507,-0.0018094327609289368,45,1,0,0,0,0.0,0,0,0,0,0,0,0,0,0,0,0,0,0.7906350570980009,0.8428989244968917,0.6398601398601399,0.0,0.0,0.0,0.0,0.17832167832167833,0.3784965034965035,0.16783216783216784,0.11783216783216784,0.05,3.712100000000017,0,0,0,0.0,0.0,none,0.0,0.0,0.0,0,0,0,1,0,,,,,,,,,,,,,,,,,,
confirmation,30047,self_relevant,no_need,none,"0,13,6,9,10,2",6,dense,m0,m2,p0>p5>p0>p3,4,context_comp,A>B>A>C,1,7,A>B>C>D>E>F>X,1,600,1,1.0,1.0,1.0,0,0,4,49,0.0175,1,391,601,0,1,1,0,0,0.9749529732278849,-0.0020242523973879995,45,1,0,0,0,0.0,0,0,0,0,0,0,0,0,0,0,0,0,0.8075900220379609,0.8521361736192355,0.5,0.0,0.0,0.0,0.0,0.14685314685314685,0.3784965034965035,0.16783216783216784,0.11783216783216784,0.05,3.573500000000017,0,0,0,0.0,0.0,none,0.0,0.0,0.0,0,0,0,1,0,,,,,,,,,,,,,,,,,,
confirmation,30047,self_relevant,yoked_need,yoked,"0,13,6,9,10,2",6,dense,m0,m2,p0>p5>p0>p3,4,context_comp,A>B>A>C,1,7,A>B>C>D>E>F>X,1,600,1,1.0,1.0,1.0,0,0,4,49,0.0175,1,333,601,0,1,1,0,0,0.9774319859286772,-0.0020157531594437836,45,1,0,0,0,0.0,0,0,0,0,0,0,0,0,0,0,0,0,0.8137686029731037,0.8489200166303655,0.5786713286713286,0.020612522917905052,0.616949962251655,0.5950494908179742,1.0,0.16258741258741258,0.4772727272727273,0.10839160839160839,0.16923076923076924,-0.060839160839160855,3.6428000000000145,0,0,0,0.0,0.0,none,0.0,0.0,0.0,0,0,0,1,0,1,333,1,no_bridge,333,0,0,0,0,0,0,0,0,0,0,0,30059,9
confirmation,30048,neutral,actual_need,actual,"6,4,7,10,13",5,ring,m2,m1,p7>p5>p1,3,branch_comp,A>C>B,1,5,A>B>C>D>E,0,600,1,1.0,1.0,1.0,1,1,4,43,0.05512820512820513,1,261,601,0,1,0,1,1,0.8588575887052605,0.0009845860562831914,42,1,0,0,0,0.0,0,0,0,0,0,0,0,0,0,1,1,1,0.641948252985124,0.7858269661718156,0.6625874125874126,0.4186624851818668,0.7968480358907756,0.43845511369630685,1.0,0.21328671328671328,0.5926573426573427,0.8846153846153846,0.07517482517482518,0.8094405594405594,3.5538500000000197,0,0,0,0.0,0.0,none,0.0,0.0,0.0,0,0,0,1,0,1,261,1,no_bridge,261,1,1,0,0,0,0,0,0,0,0,0,,
confirmation,30048,neutral,curiosity,curiosity,"6,4,7,10,13",5,ring,m2,m1,p7>p5>p1,3,branch_comp,A>C>B,1,5,A>B>C>D>E,0,600,1,1.0,1.0,1.0,1,1,4,41,0.052564102564102565,1,279,601,0,1,0,1,1,0.8605525868226944,0.00116151412839901,42,1,0,0,0,0.0,0,0,0,0,0,0,0,0,0,1,1,1,0.6422359733443639,0.7857259076079458,0.6503496503496503,0.0,0.0,0.0,0.0,0.2097902097902098,0.3339160839160839,0.1346153846153846,0.1333041958041958,0.0013111888111888015,3.5439500000000197,0,0,0,0.0,0.0,none,0.0,0.0,0.0,0,0,0,1,0,,,,,,,,,,,,,,,,,,
confirmation,30048,neutral,no_need,none,"6,4,7,10,13",5,ring,m2,m1,p7>p5>p1,3,branch_comp,A>C>B,1,5,A>B>C>D>E,0,600,1,1.0,1.0,1.0,1,1,4,43,0.05512820512820513,1,363,601,0,1,0,1,1,0.8529000755109118,0.00020361384698533804,45,1,0,0,0,0.0,0,0,0,0,0,0,0,0,0,1,1,1,0.6434230403515268,0.787034391323382,0.5,0.0,0.0,0.0,0.0,0.17132867132867133,0.3339160839160839,0.1346153846153846,0.1333041958041958,0.0013111888111888015,3.44000000000002,0,0,0,0.0,0.0,none,0.0,0.0,0.0,0,0,0,1,0,,,,,,,,,,,,,,,,,,
confirmation,30048,neutral,yoked_need,yoked,"6,4,7,10,13",5,ring,m2,m1,p7>p5>p1,3,branch_comp,A>C>B,1,5,A>B>C>D>E,0,600,1,1.0,1.0,1.0,1,1,4,41,0.052564102564102565,1,268,601,0,1,0,1,1,0.8665644064172094,-0.0035919142346895272,42,1,0,0,0,0.0,0,0,0,0,0,0,0,0,0,1,1,1,0.6438863379029071,0.7862058512570882,0.6625874125874126,0.249766003295235,0.7867630548619337,0.39386203082930654,1.0,0.21328671328671328,0.6013986013986014,0.243006993006993,0.23994755244755245,0.003059440559440546,3.5538500000000197,0,0,0,0.0,0.0,none,0.0,0.0,0.0,0,0,0,1,0,1,268,1,no_bridge,268,1,1,0,0,0,0,0,0,0,0,0,30054,3
confirmation,30048,self_relevant,actual_need,actual,"6,4,7,10,13",5,ring,m2,m1,p7>p5>p1,3,branch_comp,A>C>B,1,5,A>B>C>D>E,0,600,1,1.0,1.0,1.0,1,1,4,41,0.052564102564102565,1,270,270,1,0,0,1,1,0.8507880081312452,0.004134059690584971,44,1,1,1,0,0.02624488156702155,1,1,0,1,1,1,1,1,0,0,0,1,0.8636363727779387,0.8836335397982179,0.5961538461538461,0.2466196788883542,0.5973719952307421,0.2665465060970648,1.0,0.1958041958041958,0.4589160839160839,0.4195804195804196,0.12456293706293706,0.2950174825174825,3.5847500000000228,0,0,0,0.0,0.0,none,0.0,0.0,0.0,0,0,0,1,0,1,270,1,bridge,270,1,1,1,1,1,1,1,1,1,1,0,,
confirmation,30048,self_relevant,curiosity,curiosity,"6,4,7,10,13",5,ring,m2,m1,p7>p5>p1,3,branch_comp,A>C>B,1,5,A>B>C>D>E,0,600,1,1.0,1.0,1.0,1,1,4,41,0.052564102564102565,1,277,277,1,0,0,1,1,0.8610207403178267,0.00420343523197049,44,1,1,1,0,0.025024349962453233,1,1,0,1,1,1,1,1,0,0,0,1,0.8543296591079006,0.8812678855327295,0.5909090909090909,0.0,0.0,0.0,0.0,0.1958041958041958,0.3339160839160839,0.1346153846153846,0.1333041958041958,0.0013111888111888015,3.5847500000000228,0,0,0,0.0,0.0,none,0.0,0.0,0.0,0,0,0,1,0,,,,,,,,,,,,,,,,,,
confirmation,30048,self_relevant,no_need,none,"6,4,7,10,13",5,ring,m2,m1,p7>p5>p1,3,branch_comp,A>C>B,1,5,A>B>C>D>E,0,600,1,1.0,1.0,1.0,1,1,4,43,0.05512820512820513,1,363,363,1,0,0,1,1,0.8529000755109118,0.004511085606090907,45,1,1,1,0,0.024338411888832585,1,1,0,1,1,1,0,0,0,0,0,1,0.8624951670547502,0.8863001094003107,0.5,0.0,0.0,0.0,0.0,0.17132867132867133,0.3339160839160839,0.1346153846153846,0.1333041958041958,0.0013111888111888015,3.52040000000002,0,0,0,0.0,0.0,none,0.0,0.0,0.0,0,0,0,1,0,,,,,,,,,,,,,,,,,,
confirmation,30048,self_relevant,yoked_need,yoked,"6,4,7,10,13",5,ring,m2,m1,p7>p5>p1,3,branch_comp,A>C>B,1,5,A>B>C>D>E,0,600,1,1.0,1.0,1.0,1,1,4,42,0.05384615384615385,1,406,406,1,0,0,1,1,0.8632281413607428,0.00425826132194651,58,1,1,1,0,0.025635959968693712,1,1,0,1,1,1,1,1,0,0,0,1,0.8676133930783261,0.8859013445790435,0.5052447552447552,0.34045217432706726,0.5150791729170454,0.44983874978374466,1.0,0.17307692307692307,0.4379370629370629,0.534965034965035,0.08522727272727272,0.4497377622377623,3.5204000000000177,0,0,0,0.0,0.0,none,0.0,0.0,0.0,0,0,0,1,0,1,406,1,bridge,406,1,1,1,1,1,1,1,1,1,1,0,30054,3
confirmation,30049,neutral,actual_need,actual,"7,5,0,9,3,13",6,chain,m2,m1,p7>p5>p7>p2,4,context_comp,A>B>A>C,1,7,A>B>C>D>E>F>X,0,600,1,1.0,1.0,0.6666666666666666,1,1,4,49,0.0175,1,291,601,0,1,0,1,1,0.9856240775855376,-0.0017079858919502792,44,1,0,0,0,0.0,0,0,0,0,0,0,0,0,0,1,1,1,0.6818892786096165,0.8005977294505772,0.6555944055944056,0.6120169888999683,0.9370152917114698,0.6176822340610958,1.0,0.22202797202797203,0.6136363636363636,0.9737762237762237,0.0506993006993007,0.923076923076923,3.7429000000000148,0,0,0,0.0,0.0,none,0.0,0.0,0.0,0,0,0,1,0,1,291,1,no_bridge,291,1,1,0,0,0,0,0,0,0,0,0,,
confirmation,30049,neutral,curiosity,curiosity,"7,5,0,9,3,13",6,chain,m2,m1,p7>p5>p7>p2,4,context_comp,A>B>A>C,1,7,A>B>C>D>E>F>X,0,600,1,1.0,1.0,0.6666666666666666,1,1,4,49,0.0175,1,302,601,0,1,0,1,1,0.9846793457865332,-0.0024126865799173817,42,1,0,0,0,0.0,0,0,0,0,0,0,0,0,0,1,1,1,0.6818394922861558,0.8012454684324487,0.6468531468531469,0.0,0.0,0.0,0.0,0.2202797202797203,0.3916083916083916,0.12937062937062938,0.13076923076923078,-0.0013986013986014012,3.7352000000000167,0,0,0,0.0,0.0,none,0.0,0.0,0.0,0,0,0,1,0,,,,,,,,,,,,,,,,,,
confirmation,30049,neutral,no_need,none,"7,5,0,9,3,13",6,chain,m2,m1,p7>p5>p7>p2,4,context_comp,A>B>A>C,1,7,A>B>C>D>E>F>X,0,600,1,1.0,1.0,0.6666666666666666,1,1,4,49,0.0175,1,391,601,0,1,0,1,1,0.9846834850871216,-0.002074920832812454,45,1,0,0,0,0.0,0,0,0,0,0,0,0,0,0,1,1,1,0.6827138938084288,0.8036362222341751,0.5,0.0,0.0,0.0,0.0,0.18356643356643357,0.3916083916083916,0.12937062937062938,0.13076923076923078,-0.0013986013986014012,3.573500000000017,0,0,0,0.0,0.0,none,0.0,0.0,0.0,0,0,0,1,0,,,,,,,,,,,,,,,,,,
confirmation,30049,neutral,yoked_need,yoked,"7,5,0,9,3,13",6,chain,m2,m1,p7>p5>p7>p2,4,context_comp,A>B>A>C,1,7,A>B>C>D>E>F>X,0,600,1,1.0,1.0,0.6666666666666666,1,1,4,49,0.0175,1,291,601,0,1,0,1,1,0.9823361229744693,-0.003350183710411502,44,1,0,0,0,0.0,0,0,0,0,0,0,0,0,0,1,1,1,0.681780589772574,0.8021804116026189,0.6625874125874126,0.005906375332466872,0.6922984222393512,0.31634306775155036,1.0,0.22377622377622378,0.5812937062937062,0.09615384615384616,0.2132867132867133,-0.11713286713286715,3.750600000000016,0,0,0,0.0,0.0,none,0.0,0.0,0.0,0,0,0,1,0,1,291,1,no_bridge,291,1,1,0,0,0,0,0,0,0,0,0,30061,4
confirmation,30049,self_relevant,actual_need,actual,"7,5,0,9,3,13",6,chain,m2,m1,p7>p5>p7>p2,4,context_comp,A>B>A>C,1,7,A>B>C>D>E>F>X,0,600,1,1.0,1.0,0.6666666666666666,1,1,4,49,0.0175,1,344,601,0,1,1,1,0,0.9810413895377211,-0.00020244058037180608,45,1,0,0,0,0.0,0,0,0,0,0,0,0,0,0,0,0,0,0.7857432206678447,0.8225423575280185,0.5909090909090909,0.2725228682725312,0.5426209300019135,0.5441093658241972,1.0,0.2062937062937063,0.44755244755244755,0.4090909090909091,0.0972027972027972,0.31188811188811194,3.673600000000015,0,0,0,0.0,0.0,none,0.0,0.0,0.0,0,0,0,1,0,1,344,1,no_bridge,344,1,0,0,0,0,0,0,0,0,0,0,,
confirmation,30049,self_relevant,curiosity,curiosity,"7,5,0,9,3,13",6,chain,m2,m1,p7>p5>p7>p2,4,context_comp,A>B>A>C,1,7,A>B>C>D>E>F>X,0,600,1,1.0,1.0,0.6666666666666666,1,1,4,49,0.0175,1,305,601,0,1,1,1,0,0.9713091787880134,0.0002509041951155542,42,1,0,0,0,0.0,0,0,0,0,0,0,0,0,0,0,0,0,0.8011678137100673,0.83854115689372,0.6538461538461539,0.0,0.0,0.0,0.0,0.22202797202797203,0.3916083916083916,0.12937062937062938,0.13076923076923078,-0.0013986013986014012,3.742900000000016,0,0,0,0.0,0.0,none,0.0,0.0,0.0,0,0,0,1,0,,,,,,,,,,,,,,,,,,
confirmation,30049,self_relevant,no_need,none,"7,5,0,9,3,13",6,chain,m2,m1,p7>p5>p7>p2,4,context_comp,A>B>A>C,1,7,A>B>C>D>E>F>X,0,600,1,1.0,1.0,0.6666666666666666,1,1,4,49,0.0175,1,588,601,0,1,1,1,0,0.9819454190835505,0.0013381265309855956,84,1,0,0,0,0.0,0,0,0,0,0,0,0,0,0,0,0,0,0.8065123329452559,0.8459744532623628,0.5,0.0,0.0,0.0,0.0,0.18356643356643357,0.3916083916083916,0.12937062937062938,0.13076923076923078,-0.0013986013986014012,3.573500000000017,0,0,0,0.0,0.0,none,0.0,0.0,0.0,0,0,0,1,0,,,,,,,,,,,,,,,,,,
confirmation,30049,self_relevant,yoked_need,yoked,"7,5,0,9,3,13",6,chain,m2,m1,p7>p5>p7>p2,4,context_comp,A>B>A>C,1,7,A>B>C>D>E>F>X,0,600,1,1.0,1.0,0.6666666666666666,1,1,4,49,0.0175,1,283,283,1,0,0,1,1,0.9777451496700089,0.004544163605319514,42,1,1,1,0,0.030415012669197623,1,1,0,1,1,1,1,1,0,0,0,1,0.8552245841803324,0.8895051399333366,0.5979020979020979,0.00274636045522678,0.7705304617199317,0.39869388668295047,1.0,0.20804195804195805,0.5673076923076923,0.05419580419580419,0.21608391608391608,-0.1618881118881119,3.763700000000019,0,0,0,0.0,0.0,none,0.0,0.0,0.0,0,0,0,1,0,1,283,1,bridge,283,1,1,1,1,1,1,1,1,1,1,0,30061,4
confirmation,30050,neutral,actual_need,actual,"5,7,4,13,11",5,dense,m3,m0,p4>p1>p2,3,branch_comp,A>C>B,1,5,A>B>C>D>E,0,600,1,1.0,1.0,1.0,0,0,4,41,0.052564102564102565,1,272,601,0,1,0,0,1,0.7728959417021629,0.00022646161083168781,47,1,1,0,0,0.0007521914431839232,0,0,0,0,0,0,0,0,0,1,1,1,0.647027724500348,0.7642315291783919,0.6468531468531469,0.36531737419047594,0.9573608841604945,0.3288694805278186,1.0,0.18181818181818182,0.5227272727272727,0.6520979020979021,0.09833916083916085,0.5537587412587412,3.5683500000000206,0,0,0,0.0,0.0,none,0.0,0.0,0.0,0,0,0,1,0,1,272,1,no_bridge,272,0,1,1,0,0,0,0,0,0,0,0,,
confirmation,30050,neutral,curiosity,curiosity,"5,7,4,13,11",5,dense,m3,m0,p4>p1>p2,3,branch_comp,A>C>B,1,5,A>B>C>D>E,0,600,1,1.0,1.0,1.0,0,0,4,41,0.052564102564102565,1,285,601,0,1,0,0,1,0.7739617135882684,-0.0007451221241210229,43,1,0,0,0,0.0,0,0,0,0,0,0,0,0,0,1,1,1,0.6463837178682003,0.7643458759301227,0.6486013986013986,0.0,0.0,0.0,0.0,0.18181818181818182,0.2937062937062937,0.16083916083916083,0.10664335664335664,0.05419580419580419,3.543950000000021,0,0,0,0.0,0.0,none,0.0,0.0,0.0,0,0,0,1,0,,,,,,,,,,,,,,,,,,
confirmation,30050,neutral,no_need,none,"5,7,4,13,11",5,dense,m3,m0,p4>p1>p2,3,branch_comp,A>C>B,1,5,A>B>C>D>E,0,600,1,1.0,1.0,1.0,0,0,4,41,0.052564102564102565,1,363,601,0,1,0,0,1,0.7797744124035381,-0.0010457662395805456,46,1,0,0,0,0.0,0,0,0,0,0,0,0,0,0,1,1,1,0.6498700558922891,0.7680541133827272,0.5,0.0,0.0,0.0,0.0,0.14685314685314685,0.2937062937062937,0.16083916083916083,0.10664335664335664,0.05419580419580419,3.44000000000002,0,0,0,0.0,0.0,none,0.0,0.0,0.0,0,0,0,1,0,,,,,,,,,,,,,,,,,,
confirmation,30050,neutral,yoked_need,yoked,"5,7,4,13,11",5,dense,m3,m0,p4>p1>p2,3,branch_comp,A>C>B,1,5,A>B>C>D>E,0,600,1,1.0,1.0,1.0,0,0,4,41,0.052564102564102565,1,277,601,0,1,0,0,1,0.7707474322845891,-0.0006985902793026455,47,1,0,0,0,0.0,0,0,0,0,0,0,0,0,0,1,1,1,0.6442874121218259,0.7607153081243794,0.6625874125874126,0.001043168726080044,0.3987578523573946,0.31174432223310355,1.0,0.1853146853146853,0.26048951048951047,0.11713286713286714,0.10096153846153846,0.016171328671328672,3.5538500000000197,0,0,0,0.0,0.0,none,0.0,0.0,0.0,0,0,0,1,0,1,277,1,no_bridge,277,0,1,0,0,0,0,0,0,0,0,0,30056,11
confirmation,30050,self_relevant,actual_need,actual,"5,7,4,13,11",5,dense,m3,m0,p4>p1>p2,3,branch_comp,A>C>B,1,5,A>B>C>D>E,0,600,1,1.0,1.0,1.0,1,1,4,41,0.052564102564102565,1,267,267,1,0,0,1,1,0.7144376586243474,0.0066640447491823455,47,1,1,1,0,0.026332555393850297,1,1,0,1,1,1,1,1,0,0,0,1,0.799571020528137,0.8385793456352164,0.534965034965035,0.07993486150569586,0.4811866460282349,0.4660672397866762,1.0,0.1555944055944056,0.3312937062937063,0.15384615384615385,0.1271853146853147,0.026660839160839167,3.545150000000021,0,0,0,0.0,0.0,none,0.0,0.0,0.0,0,0,0,1,0,1,267,1,bridge,267,1,1,1,1,1,1,1,1,1,1,0,,
confirmation,30050,self_relevant,curiosity,curiosity,"5,7,4,13,11",5,dense,m3,m0,p4>p1>p2,3,branch_comp,A>C>B,1,5,A>B>C>D>E,0,600,1,1.0,1.0,1.0,0,0,4,42,0.05384615384615385,1,292,601,0,1,1,0,0,0.786772913529507,-0.00043175909953106583,46,1,0,0,0,0.0,0,0,0,0,0,0,0,0,0,0,0,0,0.7764943520706605,0.8058366366614266,0.6503496503496503,0.0,0.0,0.0,0.0,0.18356643356643357,0.2937062937062937,0.16083916083916083,0.10664335664335664,0.05419580419580419,3.543950000000021,0,0,0,0.0,0.0,none,0.0,0.0,0.0,0,0,0,1,0,,,,,,,,,,,,,,,,,,
confirmation,30050,self_relevant,no_need,none,"5,7,4,13,11",5,dense,m3,m0,p4>p1>p2,3,branch_comp,A>C>B,1,5,A>B>C>D>E,0,600,1,1.0,1.0,1.0,0,0,4,41,0.052564102564102565,1,371,601,0,1,1,0,0,0.7805783419486321,-0.0007085952892425021,48,1,0,0,0,0.0,0,0,0,0,0,0,0,0,0,0,0,0,0.8181000132496666,0.8360544001120329,0.5,0.0,0.0,0.0,0.0,0.14685314685314685,0.2937062937062937,0.16083916083916083,0.10664335664335664,0.05419580419580419,3.44000000000002,0,0,0,0.0,0.0,none,0.0,0.0,0.0,0,0,0,1,0,,,,,,,,,,,,,,,,,,
confirmation,30050,self_relevant,yoked_need,yoked,"5,7,4,13,11",5,dense,m3,m0,p4>p1>p2,3,branch_comp,A>C>B,1,5,A>B>C>D>E,0,600,1,1.0,1.0,1.0,0,0,4,41,0.052564102564102565,1,409,601,0,1,1,0,0,0.788631810943411,-0.00025655573714329215,63,1,0,0,0,0.0,0,0,0,0,0,0,0,0,0,0,0,0,0.7897852380706337,0.8159776972887652,0.548951048951049,0.017094325128678048,0.5932682805664815,0.44941307384523316,1.0,0.15734265734265734,0.42744755244755245,0.11713286713286714,0.18444055944055945,-0.06730769230769232,3.474650000000018,0,0,0,0.0,0.0,none,0.0,0.0,0.0,0,0,0,1,0,1,409,1,no_bridge,409,0,0,0,0,0,0,0,0,0,0,0,30056,11
confirmation,30051,neutral,actual_need,actual,"3,1,11,8,4,9",6,ring,m1,m2,p4>p0>p4>p3,4,context_comp,A>B>A>C,1,7,A>B>C>D>E>F>X,1,600,1,1.0,1.0,1.0,0,0,4,49,0.0175,1,287,601,0,1,0,0,1,0.9776386809428774,-0.0029841883421880514,42,1,0,0,0,0.0,0,0,0,0,0,0,0,0,0,1,1,1,0.5832204875004366,0.7815966843328327,0.666083916083916,0.6316442267643948,0.963825964574266,0.6284138811895761,1.0,0.1888111888111888,0.6416083916083916,0.9423076923076923,0.06818181818181818,0.8741258741258742,3.7583000000000157,0,0,0,0.0,0.0,none,0.0,0.0,0.0,0,0,0,1,0,1,287,1,no_bridge,287,0,1,0,0,0,0,0,0,0,0,0,,
confirmation,30051,neutral,curiosity,curiosity,"3,1,11,8,4,9",6,ring,m1,m2,p4>p0>p4>p3,4,context_comp,A>B>A>C,1,7,A>B>C>D>E>F>X,1,600,1,1.0,1.0,1.0,0,0,4,49,0.0175,1,301,601,0,1,0,0,1,0.9788631951206612,-0.0022858003308116235,42,1,0,0,0,0.0,0,0,0,0,0,0,0,0,0,1,1,1,0.5843080870511761,0.7827593708350706,0.6486013986013986,0.0,0.0,0.0,0.0,0.18356643356643357,0.3968531468531469,0.15384615384615385,0.12797202797202797,0.02587412587412588,3.735200000000017,0,0,0,0.0,0.0,none,0.0,0.0,0.0,0,0,0,1,0,,,,,,,,,,,,,,,,,,
confirmation,30051,neutral,no_need,none,"3,1,11,8,4,9",6,ring,m1,m2,p4>p0>p4>p3,4,context_comp,A>B>A>C,1,7,A>B>C>D>E>F>X,1,600,1,1.0,1.0,1.0,0,0,4,49,0.0175,1,391,601,0,1,0,0,1,0.9751469701552218,-0.0029607805367849694,45,1,0,0,0,0.0,0,0,0,0,0,0,0,0,0,1,1,1,0.5867415335805118,0.7853432239589889,0.5,0.0,0.0,0.0,0.0,0.14685314685314685,0.3968531468531469,0.15384615384615385,0.12797202797202797,0.02587412587412588,3.573500000000017,0,0,0,0.0,0.0,none,0.0,0.0,0.0,0,0,0,1,0,,,,,,,,,,,,,,,,,,
confirmation,30051,neutral,yoked_need,yoked,"3,1,11,8,4,9",6,ring,m1,m2,p4>p0>p4>p3,4,context_comp,A>B>A>C,1,7,A>B>C>D>E>F>X,1,600,1,1.0,1.0,1.0,0,0,4,49,0.0175,1,286,601,0,1,0,0,1,0.9829332477985874,-0.0018013956832943039,42,1,0,0,0,0.0,0,0,0,0,0,0,0,0,0,1,1,1,0.5839439604090929,0.7819971353221437,0.6643356643356644,0.0017572622325966504,0.7357975584123609,0.4078459691784743,1.0,0.1888111888111888,0.5743006993006993,0.10314685314685315,0.2090909090909091,-0.10594405594405595,3.7583000000000157,0,0,0,0.0,0.0,none,0.0,0.0,0.0,0,0,0,1,0,1,286,1,no_bridge,286,0,1,0,0,0,0,0,0,0,0,0,30063,12
confirmation,30051,self_relevant,actual_need,actual,"3,1,11,8,4,9",6,ring,m1,m2,p4>p0>p4>p3,4,context_comp,A>B>A>C,1,7,A>B>C>D>E>F>X,1,600,1,1.0,1.0,1.0,1,1,4,49,0.0175,1,353,353,1,0,0,1,1,0.8472239318459979,0.004664622944337775,45,1,1,1,0,0.029999384606602467,1,1,0,1,1,1,1,1,0,0,0,1,0.8574431873692957,0.883801833157718,0.5087412587412588,0.17304619072893876,0.4224114146697683,0.3858082772570119,1.0,0.1486013986013986,0.42832167832167833,0.3006993006993007,0.11118881118881119,0.1895104895104895,3.663600000000016,0,0,0,0.0,0.0,none,0.0,0.0,0.0,0,0,0,1,0,1,353,1,bridge,353,1,1,1,1,1,1,1,1,1,1,0,,
confirmation,30051,self_relevant,curiosity,curiosity,"3,1,11,8,4,9",6,ring,m1,m2,p4>p0>p4>p3,4,context_comp,A>B>A>C,1,7,A>B>C>D>E>F>X,1,600,1,1.0,1.0,1.0,0,0,4,49,0.0175,1,303,601,0,1,1,0,0,0.9798129297088449,-0.0033282542968381765,42,1,0,0,0,0.0,0,0,0,0,0,0,0,0,0,0,0,0,0.8038059493203978,0.8413655149081872,0.6486013986013986,0.0,0.0,0.0,0.0,0.18356643356643357,0.3968531468531469,0.15384615384615385,0.12797202797202797,0.02587412587412588,3.7352000000000167,0,0,0,0.0,0.0,none,0.0,0.0,0.0,0,0,0,1,0,,,,,,,,,,,,,,,,,,
confirmation,30051,self_relevant,no_need,none,"3,1,11,8,4,9",6,ring,m1,m2,p4>p0>p4>p3,4,context_comp,A>B>A>C,1,7,A>B>C>D>E>F>X,1,600,1,1.0,1.0,1.0,0,0,4,49,0.0175,1,391,601,0,1,1,0,0,0.9751469701552218,-0.002407254576630659,45,1,0,0,0,0.0,0,0,0,0,0,0,0,0,0,0,0,0,0.829195327973395,0.8569038386581772,0.5,0.0,0.0,0.0,0.0,0.14685314685314685,0.3968531468531469,0.15384615384615385,0.12797202797202797,0.02587412587412588,3.573500000000017,0,0,0,0.0,0.0,none,0.0,0.0,0.0,0,0,0,1,0,,,,,,,,,,,,,,,,,,
confirmation,30051,self_relevant,yoked_need,yoked,"3,1,11,8,4,9",6,ring,m1,m2,p4>p0>p4>p3,4,context_comp,A>B>A>C,1,7,A>B>C>D>E>F>X,1,600,1,1.0,1.0,1.0,0,0,4,49,0.0175,1,289,601,0,1,1,0,0,0.9772141255008779,-0.0022783446690932204,42,1,0,0,0,0.0,0,0,0,0,0,0,0,0,0,0,0,0,0.8172045271102873,0.8482587051358038,0.5786713286713286,0.00789838637783494,0.8027505819094585,0.5840390226133715,1.0,0.1660839160839161,0.5629370629370629,0.05419580419580419,0.21433566433566434,-0.16013986013986015,3.6582000000000154,0,0,0,0.0,0.0,none,0.0,0.0,0.0,0,0,0,1,0,1,289,1,no_bridge,289,0,0,0,0,0,0,0,0,0,0,0,30063,12
confirmation,30052,neutral,actual_need,actual,"2,10,12,4,3",5,chain,m0,m1,p0>p1>p4,3,branch_comp,A>C>B,1,5,A>B>C>D>E,0,600,1,1.0,1.0,1.0,1,1,4,42,0.05384615384615385,1,282,601,0,1,0,1,1,0.785920374868877,0.004582041881501734,52,1,1,0,0,0.0,0,0,0,0,0,0,0,0,0,1,1,1,0.6643313596285251,0.8133242117088717,0.6451048951048951,0.5532680161704752,0.8598650459009433,0.543449680849471,1.0,0.20804195804195805,0.5270979020979021,0.8776223776223776,0.04414335664335664,0.8334790209790209,3.563400000000021,0,0,0,0.0,0.0,none,0.0,0.0,0.0,0,0,0,1,0,1,282,1,no_bridge,282,1,1,1,0,0,0,0,0,0,0,0,,
confirmation,30052,neutral,curiosity,curiosity,"2,10,12,4,3",5,chain,m0,m1,p0>p1>p4,3,branch_comp,A>C>B,1,5,A>B>C>D>E,0,600,1,1.0,1.0,1.0,1,1,4,41,0.052564102564102565,1,292,601,0,1,0,1,1,0.7829022833638781,0.0014138921344046735,50,1,0,0,0,0.0,0,0,0,0,0,0,0,0,0,1,1,1,0.6651697339737639,0.8142404393341034,0.6416083916083916,0.0,0.0,0.0,0.0,0.2062937062937063,0.2403846153846154,0.12062937062937062,0.09003496503496504,0.030594405594405585,3.5390000000000192,0,0,0,0.0,0.0,none,0.0,0.0,0.0,0,0,0,1,0,,,,,,,,,,,,,,,,,,
confirmation,30052,neutral,no_need,none,"2,10,12,4,3",5,chain,m0,m1,p0>p1>p4,3,branch_comp,A>C>B,1,5,A>B>C>D>E,0,600,1,1.0,1.0,1.0,1,1,4,42,0.05384615384615385,1,363,601,0,1,0,1,1,0.7965231081692574,-0.00026297424262326503,46,1,0,0,0,0.0,0,0,0,0,0,0,0,0,0,1,1,1,0.6659441921758765,0.8135696095703467,0.5,0.0,0.0,0.0,0.0,0.17132867132867133,0.2403846153846154,0.12062937062937062,0.09003496503496504,0.030594405594405585,3.44000000000002,0,0,0,0.0,0.0,none,0.0,0.0,0.0,0,0,0,1,0,,,,,,,,,,,,,,,,,,
confirmation,30052,neutral,yoked_need,yoked,"2,10,12,4,3",5,chain,m0,m1,p0>p1>p4,3,branch_comp,A>C>B,1,5,A>B>C>D>E,0,600,1,1.0,1.0,1.0,1,1,4,41,0.052564102564102565,1,293,601,0,1,0,1,1,0.7859379377152538,-0.0017373631770575368,51,1,1,0,0,0.0007521914431839232,0,0,0,0,0,0,0,0,0,1,1,1,0.6658791979463567,0.8138124144358574,0.6590909090909091,0.1002466302287676,0.6290594385677022,0.44454108219060273,1.0,0.21153846153846154,0.48951048951048953,0.05419580419580419,0.23120629370629373,-0.17701048951048953,3.5733000000000206,0,0,0,0.0,0.0,none,0.0,0.0,0.0,0,0,0,1,0,1,293,1,no_bridge,293,1,1,1,0,0,0,0,0,0,0,0,30058,6
confirmation,30052,self_relevant,actual_need,actual,"2,10,12,4,3",5,chain,m0,m1,p0>p1>p4,3,branch_comp,A>C>B,1,5,A>B>C>D>E,0,600,1,1.0,1.0,1.0,1,1,4,41,0.052564102564102565,1,266,266,1,0,0,1,1,0.7757472433291148,0.005716221821576383,44,1,1,1,0,0.026467770360417548,1,1,0,1,1,1,1,1,0,0,0,1,0.8676921522419453,0.8892423859911445,0.5367132867132867,0.1529292155767336,0.46653655974960495,0.3458533136891819,1.0,0.18181818181818182,0.3312937062937063,0.3076923076923077,0.08872377622377622,0.21896853146853149,3.545150000000021,0,0,0,0.0,0.0,none,0.0,0.0,0.0,0,0,0,1,0,1,266,1,bridge,266,1,1,1,1,1,1,1,1,1,1,0,,
confirmation,30052,self_relevant,curiosity,curiosity,"2,10,12,4,3",5,chain,m0,m1,p0>p1>p4,3,branch_comp,A>C>B,1,5,A>B>C>D>E,0,600,1,1.0,1.0,1.0,1,1,4,41,0.052564102564102565,1,264,264,1,0,0,1,1,0.7705540126765403,0.006367625729635744,44,1,1,1,0,0.027307360990410964,1,1,0,1,1,1,1,1,0,0,0,1,0.8544832481087669,0.8713698802749201,0.6101398601398601,0.0,0.0,0.0,0.0,0.1993006993006993,0.2403846153846154,0.12062937062937062,0.09003496503496504,0.030594405594405585,3.5946500000000223,0,0,0,0.0,0.0,none,0.0,0.0,0.0,0,0,0,1,0,,,,,,,,,,,,,,,,,,
confirmation,30052,self_relevant,no_need,none,"2,10,12,4,3",5,chain,m0,m1,p0>p1>p4,3,branch_comp,A>C>B,1,5,A>B>C>D>E,0,600,1,1.0,1.0,1.0,1,1,4,42,0.05384615384615385,1,363,601,0,1,1,1,0,0.7965231081692574,-7.30759865220339e-05,46,1,0,0,0,0.0,0,0,0,0,0,0,0,0,0,0,0,0,0.8295544222288566,0.8527361200948717,0.5,0.0,0.0,0.0,0.0,0.17132867132867133,0.2403846153846154,0.12062937062937062,0.09003496503496504,0.030594405594405585,3.44000000000002,0,0,0,0.0,0.0,none,0.0,0.0,0.0,0,0,0,1,0,,,,,,,,,,,,,,,,,,
confirmation,30052,self_relevant,yoked_need,yoked,"2,10,12,4,3",5,chain,m0,m1,p0>p1>p4,3,branch_comp,A>C>B,1,5,A>B>C>D>E,0,600,1,1.0,1.0,1.0,1,1,4,41,0.052564102564102565,1,260,260,1,0,0,1,1,0.7773673131486333,0.011807073505718583,44,1,1,1,0,0.025887862518304716,1,1,0,1,1,1,1,1,0,0,0,1,0.860639347688422,0.8756384186780662,0.6625874125874126,0.09153835449652703,0.6100696383346262,0.3458544901460913,1.0,0.21328671328671328,0.46765734265734266,0.07517482517482517,0.21503496503496505,-0.1398601398601399,3.634250000000023,0,0,0,0.0,0.0,none,0.0,0.0,0.0,0,0,0,1,0,1,260,1,bridge,260,1,1,1,1,1,1,1,1,1,1,0,30058,6
confirmation,30053,neutral,actual_need,actual,"8,1,0,11,9,5",6,dense,m0,m3,p2>p0>p2>p4,4,context_comp,A>B>A>C,1,7,A>B>C>D>E>F>X,0,600,1,1.0,1.0,1.0,1,1,4,49,0.0175,1,461,601,0,1,0,1,1,0.9437974053864038,0.0013057257050764718,78,1,0,0,0,0.0,0,0,0,0,0,0,0,0,0,1,1,1,0.6483389267736995,0.7855222050460355,0.6206293706293706,0.6797975908180557,0.8745977116314211,0.6776664143403563,1.0,0.21328671328671328,0.6284965034965035,0.8601398601398601,0.07937062937062937,0.7807692307692308,3.7044000000000157,0,0,0,0.0,0.0,none,0.0,0.0,0.0,0,0,0,1,0,1,461,1,no_bridge,461,1,1,0,0,0,0,0,0,0,0,0,,
confirmation,30053,neutral,curiosity,curiosity,"8,1,0,11,9,5",6,dense,m0,m3,p2>p0>p2>p4,4,context_comp,A>B>A>C,1,7,A>B>C>D>E>F>X,0,600,1,1.0,1.0,1.0,1,1,4,49,0.0175,1,304,601,0,1,0,1,1,0.9098898914548679,-0.000413950527259164,46,1,0,0,0,0.0,0,0,0,0,0,0,0,0,0,1,1,1,0.6491432106333503,0.7876240238437954,0.6346153846153846,0.0,0.0,0.0,0.0,0.21678321678321677,0.4143356643356643,0.1660839160839161,0.13251748251748252,0.03356643356643357,3.719800000000017,0,0,0,0.0,0.0,none,0.0,0.0,0.0,0,0,0,1,0,,,,,,,,,,,,,,,,,,
confirmation,30053,neutral,no_need,none,"8,1,0,11,9,5",6,dense,m0,m3,p2>p0>p2>p4,4,context_comp,A>B>A>C,1,7,A>B>C>D>E>F>X,0,600,1,1.0,1.0,1.0,1,1,4,49,0.0175,1,391,601,0,1,0,1,1,0.9075528722760895,1.9705834296857662e-05,46,1,0,0,0,0.0,0,0,0,0,0,0,0,0,0,1,1,1,0.6483837989718664,0.7859572735873801,0.5,0.0,0.0,0.0,0.0,0.18356643356643357,0.4143356643356643,0.1660839160839161,0.13251748251748252,0.03356643356643357,3.573500000000017,0,0,0,0.0,0.0,none,0.0,0.0,0.0,0,0,0,1,0,,,,,,,,,,,,,,,,,,
confirmation,30053,neutral,yoked_need,yoked,"8,1,0,11,9,5",6,dense,m0,m3,p2>p0>p2>p4,4,context_comp,A>B>A>C,1,7,A>B>C>D>E>F>X,0,600,1,1.0,1.0,1.0,1,1,4,49,0.0175,1,366,601,0,1,0,1,1,0.9119644417578288,-0.0003384305236105433,46,1,0,0,0,0.0,0,0,0,0,0,0,0,0,0,1,1,1,0.6482076209544093,0.7864368040186859,0.6031468531468531,0.005454793945357895,0.20159114537861075,0.631047666219689,1.0,0.2097902097902098,0.2508741258741259,0.10314685314685315,0.07972027972027972,0.023426573426573435,3.6890000000000125,0,0,0,0.0,0.0,none,0.0,0.0,0.0,0,0,0,1,0,1,366,1,no_bridge,366,1,1,0,0,0,0,0,0,0,0,0,30065,7
confirmation,30053,self_relevant,actual_need,actual,"8,1,0,11,9,5",6,dense,m0,m3,p2>p0>p2>p4,4,context_comp,A>B>A>C,1,7,A>B>C>D>E>F>X,0,600,1,1.0,1.0,1.0,1,1,4,49,0.0175,1,384,601,0,1,1,1,0,0.9195421566833573,0.0014985382965342206,50,1,0,0,0,0.0,0,0,0,0,0,0,0,0,0,0,0,0,0.8064584753527608,0.8519259403401903,0.534965034965035,0.037501007392501236,0.2127575634213751,0.6402207484710684,1.0,0.19230769230769232,0.2902097902097902,0.12062937062937062,0.09195804195804196,0.02867132867132867,3.612000000000016,0,0,0,0.0,0.0,none,0.0,0.0,0.0,0,0,0,1,0,1,384,1,no_bridge,384,1,0,0,0,0,0,0,0,0,0,0,,
confirmation,30053,self_relevant,curiosity,curiosity,"8,1,0,11,9,5",6,dense,m0,m3,p2>p0>p2>p4,4,context_comp,A>B>A>C,1,7,A>B>C>D>E>F>X,0,600,1,1.0,1.0,1.0,1,1,4,49,0.0175,1,332,601,0,1,1,1,0,0.9230837251955382,0.0014891104081156924,56,1,0,0,0,0.0,0,0,0,0,0,0,0,0,0,0,0,0,0.7859543152865446,0.8418222301420849,0.6416083916083916,0.0,0.0,0.0,0.0,0.21853146853146854,0.4143356643356643,0.1660839160839161,0.13251748251748252,0.03356643356643357,3.727500000000017,0,0,0,0.0,0.0,none,0.0,0.0,0.0,0,0,0,1,0,,,,,,,,,,,,,,,,,,
confirmation,30053,self_relevant,no_need,none,"8,1,0,11,9,5",6,dense,m0,m3,p2>p0>p2>p4,4,context_comp,A>B>A>C,1,7,A>B>C>D>E>F>X,0,600,1,1.0,1.0,1.0,1,1,4,49,0.0175,1,391,601,0,1,1,1,0,0.9075528722760895,8.810707399811279e-05,46,1,0,0,0,0.0,0,0,0,0,0,0,0,0,0,0,0,0,0.7895712989647714,0.8509656219932746,0.5,0.0,0.0,0.0,0.0,0.18356643356643357,0.4143356643356643,0.1660839160839161,0.13251748251748252,0.03356643356643357,3.573500000000017,0,0,0,0.0,0.0,none,0.0,0.0,0.0,0,0,0,1,0,,,,,,,,,,,,,,,,,,
confirmation,30053,self_relevant,yoked_need,yoked,"8,1,0,11,9,5",6,dense,m0,m3,p2>p0>p2>p4,4,context_comp,A>B>A>C,1,7,A>B>C>D>E>F>X,0,600,1,1.0,1.0,1.0,1,1,4,49,0.0175,1,385,601,0,1,1,1,0,0.9057534850249922,-0.0002212979336079426,46,1,0,0,0,0.0,0,0,0,0,0,0,0,0,0,0,0,0,0.7917286471766372,0.8505288369629951,0.513986013986014,0.026264920938715713,0.3548716436549019,0.621539579195646,1.0,0.18706293706293706,0.31643356643356646,0.09965034965034965,0.10664335664335664,-0.006993006993006992,3.5889000000000166,0,0,0,0.0,0.0,none,0.0,0.0,0.0,0,0,0,1,0,1,385,1,no_bridge,385,1,0,0,0,0,0,0,0,0,0,0,30065,7
confirmation,30054,neutral,actual_need,actual,"3,1,4,6,12",5,ring,m2,m0,p6>p7>p3,3,branch_comp,A>C>B,1,5,A>B>C>D>E,0,600,1,1.0,1.0,1.0,1,1,4,42,0.05384615384615385,1,285,601,0,1,0,1,1,0.863281755738891,-0.002458896889550587,45,1,0,0,0,0.0,0,0,0,0,0,0,0,0,0,1,1,1,0.6572891724428718,0.7776702221379188,0.6486013986013986,0.433721103462683,0.9486201434839303,0.41214574929399533,1.0,0.2097902097902098,0.6118881118881119,0.7255244755244755,0.12456293706293706,0.6009615384615384,3.5439500000000197,0,0,0,0.0,0.0,none,0.0,0.0,0.0,0,0,0,1,0,1,285,1,no_bridge,285,1,1,0,0,0,0,0,0,0,0,0,,
confirmation,30054,neutral,curiosity,curiosity,"3,1,4,6,12",5,ring,m2,m0,p6>p7>p3,3,branch_comp,A>C>B,1,5,A>B>C>D>E,0,600,1,1.0,1.0,1.0,1,1,4,41,0.052564102564102565,1,282,601,0,1,0,1,1,0.8621337302325732,-0.0007305363465589614,45,1,0,0,0,0.0,0,0,0,0,0,0,0,0,0,1,1,1,0.6541219673439294,0.7751078504845207,0.6503496503496503,0.0,0.0,0.0,0.0,0.2097902097902098,0.3968531468531469,0.1486013986013986,0.16127622377622378,-0.012674825174825183,3.54395000000002,0,0,0,0.0,0.0,none,0.0,0.0,0.0,0,0,0,1,0,,,,,,,,,,,,,,,,,,
confirmation,30054,neutral,no_need,none,"3,1,4,6,12",5,ring,m2,m0,p6>p7>p3,3,branch_comp,A>C>B,1,5,A>B>C>D>E,0,600,1,1.0,1.0,1.0,1,1,4,42,0.05384615384615385,1,363,601,0,1,0,1,1,0.8685529505144313,0.0002546560653634368,44,1,0,0,0,0.0,0,0,0,0,0,0,0,0,0,1,1,1,0.6574545349602194,0.777761470241032,0.5,0.0,0.0,0.0,0.0,0.17132867132867133,0.3968531468531469,0.1486013986013986,0.16127622377622378,-0.012674825174825183,3.44000000000002,0,0,0,0.0,0.0,none,0.0,0.0,0.0,0,0,0,1,0,,,,,,,,,,,,,,,,,,
confirmation,30054,neutral,yoked_need,yoked,"3,1,4,6,12",5,ring,m2,m0,p6>p7>p3,3,branch_comp,A>C>B,1,5,A>B>C>D>E,0,600,1,1.0,1.0,1.0,1,1,4,44,0.05641025641025641,1,282,601,0,1,0,1,1,0.8621393061594677,-0.0013720238937381187,45,1,0,0,0,0.0,0,0,0,0,0,0,0,0,0,1,1,1,0.6560264375065272,0.7774772010120136,0.6590909090909091,0.03383786285153803,0.2235439573453627,0.3007546974472639,1.0,0.21153846153846154,0.2867132867132867,0.11188811188811189,0.11538461538461539,-0.003496503496503503,3.5489000000000197,0,0,0,0.0,0.0,none,0.0,0.0,0.0,0,0,0,1,0,1,282,1,no_bridge,282,1,1,0,0,0,0,0,0,0,0,0,30060,1
confirmation,30054,self_relevant,actual_need,actual,"3,1,4,6,12",5,ring,m2,m0,p6>p7>p3,3,branch_comp,A>C>B,1,5,A>B>C>D>E,0,600,1,1.0,1.0,1.0,1,1,4,42,0.05384615384615385,1,333,333,1,0,0,1,1,0.8669622552949359,0.009540236967178619,45,1,1,1,0,0.02664585716776299,1,1,0,1,1,1,1,1,0,0,0,1,0.8616491131996393,0.8826209457468803,0.5034965034965035,0.07436408871480323,0.6293555067302505,0.4362189434776371,1.0,0.17307692307692307,0.5043706293706294,0.12762237762237763,0.2202797202797203,-0.09265734265734266,3.520400000000018,0,0,0,0.0,0.0,none,0.0,0.0,0.0,0,0,0,1,0,1,333,1,bridge,333,1,1,1,1,1,1,1,1,1,1,0,,
confirmation,30054,self_relevant,curiosity,curiosity,"3,1,4,6,12",5,ring,m2,m0,p6>p7>p3,3,branch_comp,A>C>B,1,5,A>B>C>D>E,0,600,1,1.0,1.0,1.0,1,1,4,41,0.052564102564102565,1,529,601,0,1,1,1,0,0.8623590737812611,0.0014899323687606126,107,1,0,0,0,0.0,0,0,0,0,0,0,0,0,0,0,0,0,0.7551816265987396,0.8202477700414066,0.6538461538461539,0.0,0.0,0.0,0.0,0.2097902097902098,0.3968531468531469,0.1486013986013986,0.16127622377622378,-0.012674825174825183,3.54890000000002,0,0,0,0.0,0.0,none,0.0,0.0,0.0,0,0,0,1,0,,,,,,,,,,,,,,,,,,
confirmation,30054,self_relevant,no_need,none,"3,1,4,6,12",5,ring,m2,m0,p6>p7>p3,3,branch_comp,A>C>B,1,5,A>B>C>D>E,0,600,1,1.0,1.0,1.0,1,1,4,42,0.05384615384615385,1,587,587,1,0,0,1,1,0.8664447237655771,0.004087509858767982,85,1,1,1,0,0.0253418885997661,1,1,0,1,1,1,1,1,0,0,0,1,0.8012758076578729,0.846044760986198,0.5,0.0,0.0,0.0,0.0,0.17132867132867133,0.3968531468531469,0.1486013986013986,0.16127622377622378,-0.012674825174825183,3.52040000000002,0,0,0,0.0,0.0,none,0.0,0.0,0.0,0,0,0,1,0,,,,,,,,,,,,,,,,,,
confirmation,30054,self_relevant,yoked_need,yoked,"3,1,4,6,12",5,ring,m2,m0,p6>p7>p3,3,branch_comp,A>C>B,1,5,A>B>C>D>E,0,600,1,1.0,1.0,1.0,1,1,4,43,0.05512820512820513,1,311,311,1,0,0,1,1,0.8642241645992903,0.004089543058351593,55,1,1,1,0,0.025552964807937093,1,1,0,1,1,1,1,1,0,0,0,1,0.8288588594310621,0.8707720667059065,0.5804195804195804,0.02328960871344141,0.3947257053800844,0.34580860592939544,1.0,0.19230769230769232,0.44667832167832167,0.10664335664335664,0.19667832167832167,-0.09003496503496503,3.5748500000000227,0,0,0,0.0,0.0,none,0.0,0.0,0.0,0,0,0,1,0,1,311,1,bridge,311,1,1,1,1,1,1,1,1,1,1,0,30060,1
confirmation,30055,neutral,actual_need,actual,"10,8,0,12,11,1",6,chain,m3,m2,p1>p4>p1>p7,4,context_comp,A>B>A>C,1,7,A>B>C>D>E>F>X,1,600,1,1.0,1.0,0.6666666666666666,0,0,4,49,0.0175,1,289,601,0,1,0,0,1,0.9769772174971804,-0.0016771404016390453,42,1,1,0,0,0.00030508407600548376,0,0,0,0,0,0,0,0,0,1,1,1,0.7424583033926186,0.8156651665678432,0.6555944055944056,0.5908613618225605,0.9650244599881127,0.595671427980337,1.0,0.1853146853146853,0.6730769230769231,0.9737762237762237,0.07447552447552448,0.8993006993006992,3.767300000000017,0,0,0,0.0,0.0,none,0.0,0.0,0.0,0,0,0,1,0,1,289,0,,601,0,0,1,0,0,0,0,0,0,0,0,,
confirmation,30055,neutral,curiosity,curiosity,"10,8,0,12,11,1",6,chain,m3,m2,p1>p4>p1>p7,4,context_comp,A>B>A>C,1,7,A>B>C>D>E>F>X,1,600,1,1.0,1.0,0.6666666666666666,0,0,4,49,0.0175,1,303,601,0,1,0,0,1,0.9790793208430912,0.0005353541542220089,42,1,0,0,0,0.0,0,0,0,0,0,0,0,0,0,1,1,1,0.7424630926497128,0.8131847491073417,0.6486013986013986,0.0,0.0,0.0,0.0,0.18356643356643357,0.46940559440559443,0.13636363636363635,0.1604895104895105,-0.024125874125874136,3.7352000000000163,0,0,0,0.0,0.0,none,0.0,0.0,0.0,0,0,0,1,0,,,,,,,,,,,,,,,,,,
confirmation,30055,neutral,no_need,none,"10,8,0,12,11,1",6,chain,m3,m2,p1>p4>p1>p7,4,context_comp,A>B>A>C,1,7,A>B>C>D>E>F>X,1,600,1,1.0,1.0,0.6666666666666666,0,0,4,49,0.0175,1,391,601,0,1,0,0,1,0.977309069620358,0.00015225865741727703,45,1,0,0,0,0.0,0,0,0,0,0,0,0,0,0,1,1,1,0.7435353245198876,0.816290543315997,0.5,0.0,0.0,0.0,0.0,0.14685314685314685,0.46940559440559443,0.13636363636363635,0.1604895104895105,-0.024125874125874136,3.573500000000017,0,0,0,0.0,0.0,none,0.0,0.0,0.0,0,0,0,1,0,,,,,,,,,,,,,,,,,,
confirmation,30055,neutral,yoked_need,yoked,"10,8,0,12,11,1",6,chain,m3,m2,p1>p4>p1>p7,4,context_comp,A>B>A>C,1,7,A>B>C>D>E>F>X,1,600,1,1.0,1.0,0.6666666666666666,0,0,4,49,0.0175,1,288,601,0,1,0,0,1,0.9825748665520254,-0.00035404984401561374,42,1,0,0,0,0.0,0,0,0,0,0,0,0,0,0,1,1,1,0.7427384136023348,0.814592077045338,0.6573426573426573,0.0034472635982082315,0.17318139377336267,0.5814129889956835,1.0,0.1853146853146853,0.23076923076923078,0.07342657342657342,0.07762237762237761,-0.00419580419580419,3.7506000000000155,0,0,0,0.0,0.0,none,0.0,0.0,0.0,0,0,0,1,0,1,288,1,no_bridge,288,0,1,0,0,0,0,0,0,0,0,0,30067,2
confirmation,30055,self_relevant,actual_need,actual,"10,8,0,12,11,1",6,chain,m3,m2,p1>p4>p1>p7,4,context_comp,A>B>A>C,1,7,A>B>C>D>E>F>X,1,600,1,1.0,1.0,0.6666666666666666,1,1,4,49,0.0175,1,360,360,1,0,0,1,1,0.8425377118105856,0.005578196920077037,45,1,1,1,0,0.029472875075887046,1,1,0,1,1,1,1,1,0,0,0,1,0.8608831665701584,0.8930552964020232,0.5174825174825175,0.2729842874368619,0.576453798950694,0.41466957655858167,1.0,0.1520979020979021,0.48164335664335667,0.48426573426573427,0.0958041958041958,0.38846153846153847,3.6790000000000163,0,0,0,0.0,0.0,none,0.0,0.0,0.0,0,0,0,1,0,1,360,1,bridge,360,1,1,1,1,1,1,1,1,1,1,0,,
confirmation,30055,self_relevant,curiosity,curiosity,"10,8,0,12,11,1",6,chain,m3,m2,p1>p4>p1>p7,4,context_comp,A>B>A>C,1,7,A>B>C>D>E>F>X,1,600,1,1.0,1.0,0.6666666666666666,0,0,4,49,0.0175,1,316,601,0,1,1,0,0,0.979333695910147,0.00030847809793888644,47,1,0,0,0,0.0,0,0,0,0,0,0,0,0,0,0,0,0,0.8063435511459662,0.8398791835673823,0.6503496503496503,0.0,0.0,0.0,0.0,0.1853146853146853,0.46940559440559443,0.13636363636363635,0.1604895104895105,-0.024125874125874136,3.7429000000000165,0,0,0,0.0,0.0,none,0.0,0.0,0.0,0,0,0,1,0,,,,,,,,,,,,,,,,,,
confirmation,30055,self_relevant,no_need,none,"10,8,0,12,11,1",6,chain,m3,m2,p1>p4>p1>p7,4,context_comp,A>B>A>C,1,7,A>B>C>D>E>F>X,1,600,1,1.0,1.0,0.6666666666666666,1,1,4,49,0.0175,1,383,383,1,0,0,1,1,0.8474027013731836,0.004824416919627933,45,1,1,1,0,0.030165472563510157,1,1,0,1,1,1,1,1,0,0,0,1,0.8597485839084036,0.890539835448868,0.5,0.0,0.0,0.0,0.0,0.14685314685314685,0.46940559440559443,0.13636363636363635,0.1604895104895105,-0.024125874125874136,3.655900000000017,0,0,0,0.0,0.0,none,0.0,0.0,0.0,0,0,0,1,0,,,,,,,,,,,,,,,,,,
confirmation,30055,self_relevant,yoked_need,yoked,"10,8,0,12,11,1",6,chain,m3,m2,p1>p4>p1>p7,4,context_comp,A>B>A>C,1,7,A>B>C>D>E>F>X,1,600,1,1.0,1.0,0.6666666666666666,0,0,4,49,0.0175,1,360,601,0,1,1,0,0,0.9803752916707994,-0.00035449052781847865,45,1,0,0,0,0.0,0,0,0,0,0,0,0,0,0,0,0,0,0.8692213601177112,0.8927709291285365,0.5332167832167832,0.059755036420015915,0.23671080588432233,0.45340289748024215,1.0,0.15384615384615385,0.3304195804195804,0.12762237762237763,0.10664335664335664,0.02097902097902099,3.6120000000000143,0,0,0,0.0,0.0,none,0.0,0.0,0.0,0,0,0,1,0,1,360,1,no_bridge,360,0,0,0,0,0,0,0,0,0,0,0,30067,2
confirmation,30056,neutral,actual_need,actual,"8,11,13,9,2",5,dense,m2,m1,p2>p7>p0,3,branch_comp,A>C>B,1,5,A>B>C>D>E,0,600,1,1.0,0.8333333333333334,1.0,1,1,4,41,0.052564102564102565,1,283,601,0,1,0,1,1,0.8597938160170461,0.004077618671891555,48,1,1,0,0,0.0,0,0,0,0,0,0,0,0,0,1,1,1,0.6794632743718128,0.7906180871732498,0.666083916083916,0.34976331623452445,0.8098872089927307,0.2965710372173086,1.0,0.21328671328671328,0.4781468531468531,0.5856643356643356,0.09265734265734266,0.49300699300699297,3.5782500000000206,0,0,0,0.0,0.0,none,0.0,0.0,0.0,0,0,0,1,0,1,283,0,,601,0,0,1,0,0,0,0,0,0,0,0,,
confirmation,30056,neutral,curiosity,curiosity,"8,11,13,9,2",5,dense,m2,m1,p2>p7>p0,3,branch_comp,A>C>B,1,5,A>B>C>D>E,0,600,1,1.0,0.8333333333333334,1.0,1,1,4,41,0.052564102564102565,1,280,601,0,1,0,1,1,0.8532238601231297,-0.0020881622707457598,42,1,0,0,0,0.0,0,0,0,0,0,0,0,0,0,1,1,1,0.6791053596518147,0.7892820321528393,0.6538461538461539,0.0,0.0,0.0,0.0,0.2097902097902098,0.27797202797202797,0.13636363636363635,0.1048951048951049,0.03146853146853146,3.54890000000002,0,0,0,0.0,0.0,none,0.0,0.0,0.0,0,0,0,1,0,,,,,,,,,,,,,,,,,,
confirmation,30056,neutral,no_need,none,"8,11,13,9,2",5,dense,m2,m1,p2>p7>p0,3,branch_comp,A>C>B,1,5,A>B>C>D>E,0,600,1,1.0,0.8333333333333334,1.0,1,1,4,41,0.052564102564102565,1,363,601,0,1,0,1,1,0.8620362252479977,0.00045200663641743966,45,1,0,0,0,0.0,0,0,0,0,0,0,0,0,0,1,1,1,0.6808077558181181,0.7914434639596811,0.5,0.0,0.0,0.0,0.0,0.17132867132867133,0.27797202797202797,0.13636363636363635,0.1048951048951049,0.03146853146853146,3.44000000000002,0,0,0,0.0,0.0,none,0.0,0.0,0.0,0,0,0,1,0,,,,,,,,,,,,,,,,,,
confirmation,30056,neutral,yoked_need,yoked,"8,11,13,9,2",5,dense,m2,m1,p2>p7>p0,3,branch_comp,A>C>B,1,5,A>B>C>D>E,0,600,1,1.0,0.8333333333333334,1.0,1,1,4,42,0.05384615384615385,1,270,601,0,1,0,1,1,0.8575275003589891,-0.0010763250592817348,42,1,0,0,0,0.0,0,0,0,0,0,0,0,0,0,1,1,1,0.679073462102418,0.7894372146559736,0.6503496503496503,0.011699888774492578,0.11028957688629464,0.5143446164976668,1.0,0.2097902097902098,0.17220279720279721,0.08391608391608392,0.06512237762237762,0.018793706293706303,3.5439500000000197,0,0,0,0.0,0.0,none,0.0,0.0,0.0,0,0,0,1,0,1,270,1,no_bridge,270,1,1,0,0,0,0,0,0,0,0,0,30062,9
confirmation,30056,self_relevant,actual_need,actual,"8,11,13,9,2",5,dense,m2,m1,p2>p7>p0,3,branch_comp,A>C>B,1,5,A>B>C>D>E,0,600,1,1.0,0.8333333333333334,1.0,1,1,4,41,0.052564102564102565,1,321,321,1,0,0,1,1,0.8555278739995128,0.004256557778434111,41,1,1,1,0,0.025748220757789448,1,1,0,1,1,1,1,1,0,0,0,1,0.847254673484045,0.8683362857167548,0.5332167832167832,0.07746391717053891,0.3955887480735261,0.44963384550423674,1.0,0.18006993006993008,0.30506993006993005,0.1451048951048951,0.11625874125874126,0.02884615384615384,3.540200000000021,0,0,0,0.0,0.0,none,0.0,0.0,0.0,0,0,0,1,0,1,321,1,bridge,321,1,1,1,1,1,1,1,1,1,1,0,,
confirmation,30056,self_relevant,curiosity,curiosity,"8,11,13,9,2",5,dense,m2,m1,p2>p7>p0,3,branch_comp,A>C>B,1,5,A>B>C>D>E,0,600,1,1.0,0.8333333333333334,1.0,1,1,4,41,0.052564102564102565,1,313,601,0,1,1,1,0,0.8542088394579219,0.0014848366025798513,56,1,0,0,0,0.0,0,0,0,0,0,0,0,0,0,0,0,0,0.8155108787463705,0.8331104379467066,0.6503496503496503,0.0,0.0,0.0,0.0,0.2097902097902098,0.27797202797202797,0.13636363636363635,0.1048951048951049,0.03146853146853146,3.54395000000002,0,0,0,0.0,0.0,none,0.0,0.0,0.0,0,0,0,1,0,,,,,,,,,,,,,,,,,,
confirmation,30056,self_relevant,no_need,none,"8,11,13,9,2",5,dense,m2,m1,p2>p7>p0,3,branch_comp,A>C>B,1,5,A>B>C>D>E,0,600,1,1.0,0.8333333333333334,1.0,1,1,4,41,0.052564102564102565,1,367,601,0,1,1,1,0,0.8610466673943433,0.0012023048125375795,47,1,0,0,0,0.0,0,0,0,0,0,0,0,0,0,0,0,0,0.8337947607498419,0.851952785930874,0.5,0.0,0.0,0.0,0.0,0.17132867132867133,0.27797202797202797,0.13636363636363635,0.1048951048951049,0.03146853146853146,3.44000000000002,0,0,0,0.0,0.0,none,0.0,0.0,0.0,0,0,0,1,0,,,,,,,,,,,,,,,,,,
confirmation,30056,self_relevant,yoked_need,yoked,"8,11,13,9,2",5,dense,m2,m1,p2>p7>p0,3,branch_comp,A>C>B,1,5,A>B>C>D>E,0,600,1,1.0,0.8333333333333334,1.0,1,1,4,42,0.05384615384615385,1,332,601,0,1,1,1,0,0.8531404698810681,0.001323298666425943,47,1,0,0,0,0.0,0,0,0,0,0,0,0,0,0,0,0,0,0.7790628568283186,0.803573467925545,0.583916083916084,0.007478459041839748,0.12090253736334304,0.3786906725329491,1.0,0.19230769230769232,0.19405594405594406,0.0944055944055944,0.07342657342657342,0.020979020979020976,3.499400000000018,0,0,0,0.0,0.0,none,0.0,0.0,0.0,0,0,0,1,0,1,332,1,no_bridge,332,1,0,0,0,0,0,0,0,0,0,0,30062,9
confirmation,30057,neutral,actual_need,actual,"3,12,8,9,6,0",6,ring,m0,m3,p2>p7>p2>p6,4,context_comp,A>B>A>C,1,7,A>B>C>D>E>F>X,0,600,1,1.0,1.0,1.0,1,1,4,49,0.0175,1,289,601,0,1,0,1,1,0.8952962049292821,-0.002730539884022136,43,1,0,0,0,0.0,0,0,0,0,0,0,0,0,0,1,1,1,0.7176455266299269,0.8113542743102481,0.6573426573426573,0.33599815027863916,0.7465576226044907,0.35572544487456514,1.0,0.22377622377622378,0.6311188811188811,0.8653846153846154,0.07937062937062937,0.7860139860139861,3.7506000000000155,0,0,0,0.0,0.0,none,0.0,0.0,0.0,0,0,0,1,0,1,289,1,no_bridge,289,1,1,0,0,0,0,0,0,0,0,0,,
confirmation,30057,neutral,curiosity,curiosity,"3,12,8,9,6,0",6,ring,m0,m3,p2>p7>p2>p6,4,context_comp,A>B>A>C,1,7,A>B>C>D>E>F>X,0,600,1,1.0,1.0,1.0,1,1,4,49,0.0175,1,301,601,0,1,0,1,1,0.8919745248578064,-0.003676828405973866,42,1,0,0,0,0.0,0,0,0,0,0,0,0,0,0,1,1,1,0.7166830047367537,0.8112138017319618,0.6451048951048951,0.0,0.0,0.0,0.0,0.2202797202797203,0.40646853146853146,0.08916083916083917,0.14475524475524476,-0.055594405594405594,3.7352000000000167,0,0,0,0.0,0.0,none,0.0,0.0,0.0,0,0,0,1,0,,,,,,,,,,,,,,,,,,
confirmation,30057,neutral,no_need,none,"3,12,8,9,6,0",6,ring,m0,m3,p2>p7>p2>p6,4,context_comp,A>B>A>C,1,7,A>B>C>D>E>F>X,0,600,1,1.0,1.0,1.0,1,1,4,49,0.0175,1,391,601,0,1,0,1,1,0.9112349636546422,-0.003148955113645396,46,1,0,0,0,0.0,0,0,0,0,0,0,0,0,0,1,1,1,0.7173928593514027,0.8118243792673353,0.5,0.0,0.0,0.0,0.0,0.18356643356643357,0.40646853146853146,0.08916083916083917,0.14475524475524476,-0.055594405594405594,3.573500000000017,0,0,0,0.0,0.0,none,0.0,0.0,0.0,0,0,0,1,0,,,,,,,,,,,,,,,,,,
confirmation,30057,neutral,yoked_need,yoked,"3,12,8,9,6,0",6,ring,m0,m3,p2>p7>p2>p6,4,context_comp,A>B>A>C,1,7,A>B>C>D>E>F>X,0,600,1,1.0,1.0,1.0,1,1,4,49,0.0175,1,286,601,0,1,0,1,1,0.8992780290249321,-0.0038673375998079075,43,1,0,0,0,0.0,0,0,0,0,0,0,0,0,0,1,1,1,0.7162826626540768,0.8105331990917043,0.6608391608391608,0.0359411529416247,0.2532604374910907,0.37042236367945736,1.0,0.22377622377622378,0.24562937062937062,0.01048951048951049,0.09615384615384616,-0.08566433566433566,3.7506000000000155,0,0,0,0.0,0.0,none,0.0,0.0,0.0,0,0,0,1,0,1,286,1,no_bridge,286,1,1,0,0,0,0,0,0,0,0,0,30069,10
confirmation,30057,self_relevant,actual_need,actual,"3,12,8,9,6,0",6,ring,m0,m3,p2>p7>p2>p6,4,context_comp,A>B>A>C,1,7,A>B>C>D>E>F>X,0,600,1,1.0,1.0,1.0,1,1,4,49,0.0175,1,296,601,0,1,1,1,0,0.8982100136153559,-0.0017789789367420811,43,1,0,0,0,0.0,0,0,0,0,0,0,0,0,0,0,0,0,0.7996113721760234,0.8373874816534124,0.6503496503496503,0.0334057945298309,0.4594900203670883,0.20647244838376888,1.0,0.2202797202797203,0.38986013986013984,0.02097902097902098,0.15174825174825174,-0.13076923076923075,3.7429000000000157,0,0,0,0.0,0.0,none,0.0,0.0,0.0,0,0,0,1,0,1,296,1,no_bridge,296,1,0,0,0,0,0,0,0,0,0,0,,
confirmation,30057,self_relevant,curiosity,curiosity,"3,12,8,9,6,0",6,ring,m0,m3,p2>p7>p2>p6,4,context_comp,A>B>A>C,1,7,A>B>C>D>E>F>X,0,600,1,1.0,1.0,1.0,1,1,4,49,0.0175,1,304,601,0,1,1,1,0,0.8933437423038477,-0.002562632750009631,43,1,0,0,0,0.0,0,0,0,0,0,0,0,0,0,0,0,0,0.8067524486817024,0.8428335091893628,0.6486013986013986,0.0,0.0,0.0,0.0,0.2202797202797203,0.40646853146853146,0.08916083916083917,0.14475524475524476,-0.055594405594405594,3.7352000000000163,0,0,0,0.0,0.0,none,0.0,0.0,0.0,0,0,0,1,0,,,,,,,,,,,,,,,,,,
confirmation,30057,self_relevant,no_need,none,"3,12,8,9,6,0",6,ring,m0,m3,p2>p7>p2>p6,4,context_comp,A>B>A>C,1,7,A>B>C>D>E>F>X,0,600,1,1.0,1.0,1.0,1,1,4,49,0.0175,1,391,601,0,1,1,1,0,0.9112349636546422,0.00016304081388588808,46,1,0,0,0,0.0,0,0,0,0,0,0,0,0,0,0,0,0,0.822954183514859,0.8494496790540013,0.5,0.0,0.0,0.0,0.0,0.18356643356643357,0.40646853146853146,0.08916083916083917,0.14475524475524476,-0.055594405594405594,3.573500000000017,0,0,0,0.0,0.0,none,0.0,0.0,0.0,0,0,0,1,0,,,,,,,,,,,,,,,,,,
confirmation,30057,self_relevant,yoked_need,yoked,"3,12,8,9,6,0",6,ring,m0,m3,p2>p7>p2>p6,4,context_comp,A>B>A>C,1,7,A>B>C>D>E>F>X,0,600,1,1.0,1.0,1.0,1,1,4,49,0.0175,1,310,601,0,1,1,1,0,0.89496497118808,-0.001783756982654192,42,1,0,0,0,0.0,0,0,0,0,0,0,0,0,0,0,0,0,0.7572748511770839,0.819592828346131,0.6538461538461539,0.08108299289406955,0.5319799592241944,0.2195710885240014,1.0,0.22202797202797203,0.4117132867132867,0.11363636363636363,0.14195804195804196,-0.028321678321678326,3.742900000000014,0,0,0,0.0,0.0,none,0.0,0.0,0.0,0,0,0,1,0,1,310,1,no_bridge,310,1,0,0,0,0,0,0,0,0,0,0,30069,10
confirmation,30058,neutral,actual_need,actual,"12,8,11,2,9",5,chain,m1,m2,p0>p6>p5,3,branch_comp,A>C>B,1,5,A>B>C>D>E,0,600,1,1.0,0.8333333333333334,1.0,0,0,4,41,0.052564102564102565,1,268,601,0,1,0,0,1,0.847826284664202,-0.0034077377549315635,42,1,1,0,0,0.0,0,0,0,0,0,0,0,0,0,1,1,1,0.6412569597646127,0.8121210047211429,0.6713286713286714,0.4509091204622683,0.7632784075236404,0.4378627358023338,1.0,0.1888111888111888,0.5568181818181818,0.8793706293706294,0.05856643356643356,0.8208041958041958,3.5832000000000206,0,0,0,0.0,0.0,none,0.0,0.0,0.0,0,0,0,1,0,1,268,0,,601,0,0,1,0,0,0,0,0,0,0,0,,
confirmation,30058,neutral,curiosity,curiosity,"12,8,11,2,9",5,chain,m1,m2,p0>p6>p5,3,branch_comp,A>C>B,1,5,A>B>C>D>E,0,600,1,1.0,0.8333333333333334,1.0,0,0,4,42,0.05384615384615385,1,489,601,0,1,0,0,1,0.8485655002229031,-0.001200423458126056,101,1,0,0,0,0.0,0,0,0,0,0,0,0,0,0,1,1,1,0.6461713559588173,0.8148714485853791,0.6590909090909091,0.0,0.0,0.0,0.0,0.1853146853146853,0.3076923076923077,0.12062937062937062,0.12368881118881118,-0.00305944055944056,3.54890000000002,0,0,0,0.0,0.0,none,0.0,0.0,0.0,0,0,0,1,0,,,,,,,,,,,,,,,,,,
confirmation,30058,neutral,no_need,none,"12,8,11,2,9",5,chain,m1,m2,p0>p6>p5,3,branch_comp,A>C>B,1,5,A>B>C>D>E,0,600,1,1.0,0.8333333333333334,1.0,0,0,4,42,0.05384615384615385,1,363,601,0,1,0,0,1,0.8532754120164305,-0.00020062679207505062,45,1,0,0,0,0.0,0,0,0,0,0,0,0,0,0,1,1,1,0.649904788355929,0.8179043361446847,0.5,0.0,0.0,0.0,0.0,0.14685314685314685,0.3076923076923077,0.12062937062937062,0.12368881118881118,-0.00305944055944056,3.44000000000002,0,0,0,0.0,0.0,none,0.0,0.0,0.0,0,0,0,1,0,,,,,,,,,,,,,,,,,,
confirmation,30058,neutral,yoked_need,yoked,"12,8,11,2,9",5,chain,m1,m2,p0>p6>p5,3,branch_comp,A>C>B,1,5,A>B>C>D>E,0,600,1,1.0,0.8333333333333334,1.0,0,0,4,41,0.052564102564102565,1,270,601,0,1,0,0,1,0.8476181661445576,-0.0008108016861109996,44,1,0,0,0,0.0,0,0,0,0,0,0,0,0,0,1,1,1,0.6450554774141569,0.813801948246464,0.6625874125874126,0.07286595162375219,0.23237645329054754,0.5096482095195777,1.0,0.1853146853146853,0.1555944055944056,0.08216783216783216,0.05725524475524475,0.02491258741258741,3.5538500000000197,0,0,0,0.0,0.0,none,0.0,0.0,0.0,0,0,0,1,0,1,270,1,no_bridge,270,0,1,0,0,0,0,0,0,0,0,0,30064,4
confirmation,30058,self_relevant,actual_need,actual,"12,8,11,2,9",5,chain,m1,m2,p0>p6>p5,3,branch_comp,A>C>B,1,5,A>B>C>D>E,0,600,1,1.0,0.8333333333333334,1.0,1,1,4,41,0.052564102564102565,1,265,265,1,0,0,1,1,0.7277111265135445,0.0061030527545564844,48,1,1,1,0,0.025688787989483697,1,1,0,1,1,1,0,0,0,0,0,1,0.812182529052072,0.8566866557651176,0.6625874125874126,0.3585096563341675,0.6858353915835431,0.33529028973126124,1.0,0.1853146853146853,0.5026223776223776,0.7115384615384616,0.07342657342657342,0.6381118881118881,3.634250000000023,0,0,0,0.0,0.0,none,0.0,0.0,0.0,0,0,0,1,0,1,265,1,bridge,265,1,1,1,1,1,1,1,1,0,0,0,,
confirmation,30058,self_relevant,curiosity,curiosity,"12,8,11,2,9",5,chain,m1,m2,p0>p6>p5,3,branch_comp,A>C>B,1,5,A>B>C>D>E,0,600,1,1.0,0.8333333333333334,1.0,1,1,4,42,0.05384615384615385,1,279,279,1,0,0,1,1,0.7189608815207624,0.007827719648402018,47,1,1,1,0,0.027858279977382966,1,1,0,1,1,1,1,1,0,0,0,1,0.8626249955481794,0.8827621459976303,0.6171328671328671,0.0,0.0,0.0,0.0,0.17482517482517482,0.3076923076923077,0.12062937062937062,0.12368881118881118,-0.00305944055944056,3.5996000000000232,0,0,0,0.0,0.0,none,0.0,0.0,0.0,0,0,0,1,0,,,,,,,,,,,,,,,,,,
confirmation,30058,self_relevant,no_need,none,"12,8,11,2,9",5,chain,m1,m2,p0>p6>p5,3,branch_comp,A>C>B,1,5,A>B>C>D>E,0,600,1,1.0,0.8333333333333334,1.0,1,1,4,42,0.05384615384615385,1,355,355,1,0,0,1,1,0.732373550866087,0.008277963839210268,45,1,1,1,0,0.025529145740863023,1,1,0,1,1,1,0,0,0,0,0,1,0.8489896221084335,0.8774502328289173,0.5,0.0,0.0,0.0,0.0,0.14685314685314685,0.3076923076923077,0.12062937062937062,0.12368881118881118,-0.00305944055944056,3.52040000000002,0,0,0,0.0,0.0,none,0.0,0.0,0.0,0,0,0,1,0,,,,,,,,,,,,,,,,,,
confirmation,30058,self_relevant,yoked_need,yoked,"12,8,11,2,9",5,chain,m1,m2,p0>p6>p5,3,branch_comp,A>C>B,1,5,A>B>C>D>E,0,600,1,1.0,0.8333333333333334,1.0,1,1,4,41,0.052564102564102565,1,272,272,1,0,0,1,1,0.7270249378196201,0.00672692652583357,48,1,1,1,0,0.026187735450182298,1,1,0,1,1,1,1,1,0,0,0,1,0.8673427059297653,0.889687803146485,0.5664335664335665,0.03063049082001944,0.44206744094200484,0.4709609216761141,1.0,0.16258741258741258,0.30244755244755245,0.07692307692307693,0.131993006993007,-0.05506993006993008,3.5649500000000223,0,0,0,0.0,0.0,none,0.0,0.0,0.0,0,0,0,1,0,1,272,1,bridge,272,1,1,1,1,1,1,1,1,1,1,0,30064,4
confirmation,30059,neutral,actual_need,actual,"9,6,10,7,8,13",6,dense,m3,m0,p2>p5>p2>p7,4,context_comp,A>B>A>C,1,7,A>B>C>D>E>F>X,1,600,1,1.0,0.8571428571428571,1.0,0,0,4,49,0.0175,1,307,601,0,1,0,0,1,0.9124179807616521,0.0009845409129746877,46,1,0,0,0,0.0,0,0,0,0,0,0,0,0,0,1,1,1,0.6885642143417658,0.8004748576080586,0.666083916083916,0.32492901766491666,0.7809592985925662,0.3269977385204528,1.0,0.1888111888111888,0.5218531468531469,0.6468531468531469,0.07937062937062937,0.5674825174825175,3.7583000000000153,0,0,0,0.0,0.0,none,0.0,0.0,0.0,0,0,0,1,0,1,307,1,no_bridge,307,0,1,0,0,0,0,0,0,0,0,0,,
confirmation,30059,neutral,curiosity,curiosity,"9,6,10,7,8,13",6,dense,m3,m0,p2>p5>p2>p7,4,context_comp,A>B>A>C,1,7,A>B>C>D>E>F>X,1,600,1,1.0,0.8571428571428571,1.0,0,0,4,49,0.0175,1,305,601,0,1,0,0,1,0.9098074027103209,-0.0009017644189015117,46,1,0,0,0,0.0,0,0,0,0,0,0,0,0,0,1,1,1,0.6889961115909895,0.8003280723255092,0.6381118881118881,0.0,0.0,0.0,0.0,0.18181818181818182,0.2762237762237762,0.11013986013986014,0.08846153846153847,0.021678321678321677,3.727500000000016,0,0,0,0.0,0.0,none,0.0,0.0,0.0,0,0,0,1,0,,,,,,,,,,,,,,,,,,
confirmation,30059,neutral,no_need,none,"9,6,10,7,8,13",6,dense,m3,m0,p2>p5>p2>p7,4,context_comp,A>B>A>C,1,7,A>B>C>D>E>F>X,1,600,1,1.0,0.8571428571428571,1.0,0,0,4,49,0.0175,1,391,601,0,1,0,0,1,0.9109694827084689,0.0005241009647321195,46,1,0,0,0,0.0,0,0,0,0,0,0,0,0,0,1,1,1,0.6917527838793606,0.8044567129323413,0.5,0.0,0.0,0.0,0.0,0.14685314685314685,0.2762237762237762,0.11013986013986014,0.08846153846153847,0.021678321678321677,3.573500000000017,0,0,0,0.0,0.0,none,0.0,0.0,0.0,0,0,0,1,0,,,,,,,,,,,,,,,,,,
confirmation,30059,neutral,yoked_need,yoked,"9,6,10,7,8,13",6,dense,m3,m0,p2>p5>p2>p7,4,context_comp,A>B>A>C,1,7,A>B>C>D>E>F>X,1,600,1,1.0,0.8571428571428571,1.0,0,0,4,49,0.0175,1,304,601,0,1,0,0,1,0.9116983703179873,-0.0014970597596192417,46,1,0,0,0,0.0,0,0,0,0,0,0,0,0,0,1,1,1,0.6892590787125688,0.8023887808827489,0.6416083916083916,0.006213764457906176,0.1627067238194518,0.4939256164510683,1.0,0.18181818181818182,0.17657342657342656,0.06643356643356643,0.057342657342657345,0.009090909090909087,3.727500000000016,0,0,0,0.0,0.0,none,0.0,0.0,0.0,0,0,0,1,0,1,304,1,no_bridge,304,0,1,0,0,0,0,0,0,0,0,0,30071,5
confirmation,30059,self_relevant,actual_need,actual,"9,6,10,7,8,13",6,dense,m3,m0,p2>p5>p2>p7,4,context_comp,A>B>A>C,1,7,A>B>C>D>E>F>X,1,600,1,1.0,0.8571428571428571,1.0,1,1,4,49,0.0175,1,306,306,1,0,0,1,1,0.8360510048287673,0.00844958010578759,45,1,1,1,0,0.03012864089939271,1,1,0,1,1,1,1,1,0,0,0,1,0.868395951497647,0.8898601400120012,0.5786713286713286,0.028774833117629867,0.3690573321992728,0.5942370233751828,1.0,0.1660839160839161,0.2867132867132867,0.05244755244755245,0.1041958041958042,-0.05174825174825175,3.7406000000000192,0,0,0,0.0,0.0,none,0.0,0.0,0.0,0,0,0,1,0,1,306,1,bridge,306,1,1,1,1,1,1,1,1,1,1,0,,
confirmation,30059,self_relevant,curiosity,curiosity,"9,6,10,7,8,13",6,dense,m3,m0,p2>p5>p2>p7,4,context_comp,A>B>A>C,1,7,A>B>C>D>E>F>X,1,600,1,1.0,0.8571428571428571,1.0,0,0,4,49,0.0175,1,302,601,0,1,1,0,0,0.907023214533234,-0.0016871696992898728,46,1,0,0,0,0.0,0,0,0,0,0,0,0,0,0,0,0,0,0.8054449568275629,0.8486751846209387,0.6451048951048951,0.0,0.0,0.0,0.0,0.18181818181818182,0.2762237762237762,0.11013986013986014,0.08846153846153847,0.021678321678321677,3.7352000000000167,0,0,0,0.0,0.0,none,0.0,0.0,0.0,0,0,0,1,0,,,,,,,,,,,,,,,,,,
confirmation,30059,self_relevant,no_need,none,"9,6,10,7,8,13",6,dense,m3,m0,p2>p5>p2>p7,4,context_comp,A>B>A>C,1,7,A>B>C>D>E>F>X,1,600,1,1.0,0.8571428571428571,1.0,0,0,4,49,0.0175,1,529,601,0,1,1,0,0,0.931598619380872,0.0005938049355504228,76,1,0,0,0,0.0,0,0,0,0,0,0,0,0,0,0,0,0,0.8219116392500573,0.8594058654590574,0.5,0.0,0.0,0.0,0.0,0.14685314685314685,0.2762237762237762,0.11013986013986014,0.08846153846153847,0.021678321678321677,3.573500000000017,0,0,0,0.0,0.0,none,0.0,0.0,0.0,0,0,0,1,0,,,,,,,,,,,,,,,,,,
confirmation,30059,self_relevant,yoked_need,yoked,"9,6,10,7,8,13",6,dense,m3,m0,p2>p5>p2>p7,4,context_comp,A>B>A>C,1,7,A>B>C>D>E>F>X,1,600,1,1.0,0.8571428571428571,1.0,0,0,4,49,0.0175,1,355,601,0,1,1,0,0,0.9133868303993874,-0.0001751075282001584,52,1,0,0,0,0.0,0,0,0,0,0,0,0,0,0,0,0,0,0.8210447154225211,0.8556482250965565,0.6136363636363636,0.002294634792459592,0.25206293962504395,0.4412378211968256,1.0,0.17482517482517482,0.21416083916083917,0.045454545454545456,0.07657342657342657,-0.031118881118881114,3.6967000000000145,0,0,0,0.0,0.0,none,0.0,0.0,0.0,0,0,0,1,0,1,355,1,no_bridge,355,0,0,0,0,0,0,0,0,0,0,0,30071,5
confirmation,30060,neutral,actual_need,actual,"11,8,9,10,1",5,ring,m0,m1,p0>p4>p3,3,branch_comp,A>C>B,1,5,A>B>C>D>E,0,600,1,1.0,1.0,1.0,1,1,4,41,0.052564102564102565,1,263,601,0,1,0,1,1,0.789265282081041,-0.0021908450461919715,44,1,0,0,0,0.0,0,0,0,0,0,0,0,0,0,1,1,1,0.6653476088721384,0.7681840705821813,0.6678321678321678,0.3504820334975756,0.9261594543190004,0.3126144194833656,1.0,0.21328671328671328,0.5506993006993007,0.6346153846153846,0.11669580419580419,0.5179195804195804,3.5588000000000197,0,0,0,0.0,0.0,none,0.0,0.0,0.0,0,0,0,1,0,1,263,1,no_bridge,263,1,1,0,0,0,0,0,0,0,0,0,,
confirmation,30060,neutral,curiosity,curiosity,"11,8,9,10,1",5,ring,m0,m1,p0>p4>p3,3,branch_comp,A>C>B,1,5,A>B>C>D>E,0,600,1,1.0,1.0,1.0,1,1,4,41,0.052564102564102565,1,277,601,0,1,0,1,1,0.7763145857037488,-0.0011754174740494997,43,1,0,0,0,0.0,0,0,0,0,0,0,0,0,0,1,1,1,0.6649088715335065,0.7717349554480262,0.6503496503496503,0.0,0.0,0.0,0.0,0.2097902097902098,0.32867132867132864,0.24475524475524477,0.10314685314685315,0.14160839160839161,3.54395000000002,0,0,0,0.0,0.0,none,0.0,0.0,0.0,0,0,0,1,0,,,,,,,,,,,,,,,,,,
confirmation,30060,neutral,no_need,none,"11,8,9,10,1",5,ring,m0,m1,p0>p4>p3,3,branch_comp,A>C>B,1,5,A>B>C>D>E,0,600,1,1.0,1.0,1.0,1,1,4,43,0.05512820512820513,1,363,601,0,1,0,1,1,0.7966144311387803,-0.0042558617340659995,46,1,0,0,0,0.0,0,0,0,0,0,0,0,0,0,1,1,1,0.6655704455862553,0.7713095437571097,0.5,0.0,0.0,0.0,0.0,0.17132867132867133,0.32867132867132864,0.24475524475524477,0.10314685314685315,0.14160839160839161,3.44000000000002,0,0,0,0.0,0.0,none,0.0,0.0,0.0,0,0,0,1,0,,,,,,,,,,,,,,,,,,
confirmation,30060,neutral,yoked_need,yoked,"11,8,9,10,1",5,ring,m0,m1,p0>p4>p3,3,branch_comp,A>C>B,1,5,A>B>C>D>E,0,600,1,1.0,1.0,1.0,1,1,4,41,0.052564102564102565,1,274,601,0,1,0,1,1,0.7982393435946248,-0.0017865605432791374,47,1,0,0,0,0.0,0,0,0,0,0,0,0,0,0,1,1,1,0.6651188061667832,0.7691453971633078,0.6608391608391608,0.0014123316577941054,0.5428853775499147,0.3469532766018256,1.0,0.21328671328671328,0.27797202797202797,0.11363636363636363,0.11057692307692307,0.00305944055944056,3.5538500000000197,0,0,0,0.0,0.0,none,0.0,0.0,0.0,0,0,0,1,0,1,274,1,no_bridge,274,1,1,0,0,0,0,0,0,0,0,0,30066,12
confirmation,30060,self_relevant,actual_need,actual,"11,8,9,10,1",5,ring,m0,m1,p0>p4>p3,3,branch_comp,A>C>B,1,5,A>B>C>D>E,0,600,1,1.0,1.0,1.0,1,1,4,42,0.05384615384615385,1,259,259,1,0,0,1,1,0.77513818985557,0.004730894347454676,44,1,1,1,0,0.02507134651342369,1,1,0,1,1,1,1,1,0,0,0,1,0.8198341820311951,0.8492766583671048,0.5786713286713286,0.15213740709875662,0.7941707388603302,0.34659795920350345,1.0,0.19230769230769232,0.5270979020979021,0.2097902097902098,0.21110139860139862,-0.0013111888111888292,3.5748500000000227,0,0,0,0.0,0.0,none,0.0,0.0,0.0,0,0,0,1,0,1,259,1,bridge,259,1,1,1,1,1,1,1,1,1,1,0,,
confirmation,30060,self_relevant,curiosity,curiosity,"11,8,9,10,1",5,ring,m0,m1,p0>p4>p3,3,branch_comp,A>C>B,1,5,A>B>C>D>E,0,600,1,1.0,1.0,1.0,1,1,4,42,0.05384615384615385,1,338,338,1,0,0,1,1,0.8148169022244135,0.004032844655095901,64,1,1,1,0,0.026497808439443937,1,1,0,1,1,1,1,1,0,0,0,1,0.8503136050010001,0.8766774183724193,0.6153846153846154,0.0,0.0,0.0,0.0,0.20104895104895104,0.32867132867132864,0.24475524475524477,0.10314685314685315,0.14160839160839161,3.5996000000000197,0,0,0,0.0,0.0,none,0.0,0.0,0.0,0,0,0,1,0,,,,,,,,,,,,,,,,,,
confirmation,30060,self_relevant,no_need,none,"11,8,9,10,1",5,ring,m0,m1,p0>p4>p3,3,branch_comp,A>C>B,1,5,A>B>C>D>E,0,600,1,1.0,1.0,1.0,1,1,4,43,0.05512820512820513,1,367,601,0,1,1,1,0,0.7967673418840092,0.0014395279672165559,48,1,0,0,0,0.0,0,0,0,0,0,0,0,0,0,0,0,0,0.8098167879057359,0.8329517208282805,0.5,0.0,0.0,0.0,0.0,0.17132867132867133,0.32867132867132864,0.24475524475524477,0.10314685314685315,0.14160839160839161,3.44000000000002,0,0,0,0.0,0.0,none,0.0,0.0,0.0,0,0,0,1,0,,,,,,,,,,,,,,,,,,
confirmation,30060,self_relevant,yoked_need,yoked,"11,8,9,10,1",5,ring,m0,m1,p0>p4>p3,3,branch_comp,A>C>B,1,5,A>B>C>D>E,0,600,1,1.0,1.0,1.0,1,1,4,41,0.052564102564102565,1,263,263,1,0,0,1,1,0.794751495627497,0.004052407251675724,44,1,1,1,0,0.026227593127136864,1,1,0,1,1,1,1,1,0,0,0,1,0.8619332187839384,0.8805280862177159,0.6048951048951049,0.0032235027645005666,0.7686444294038567,0.3430260037258601,1.0,0.1993006993006993,0.590034965034965,0.11538461538461539,0.26617132867132864,-0.15078671328671325,3.5946500000000228,0,0,0,0.0,0.0,none,0.0,0.0,0.0,0,0,0,1,0,1,263,1,bridge,263,1,1,1,1,1,1,1,1,1,1,0,30066,12
confirmation,30061,neutral,actual_need,actual,"2,13,9,3,6,7",6,chain,m2,m0,p1>p3>p1>p7,4,context_comp,A>B>A>C,1,7,A>B>C>D>E>F>X,0,600,1,1.0,1.0,1.0,1,1,4,49,0.0175,1,298,601,0,1,0,1,1,0.9741744956577321,-0.010344815384466365,48,1,0,0,0,0.0,0,0,0,0,0,0,0,0,0,1,1,1,0.6599827819940064,0.7915393803831532,0.6590909090909091,0.3237897578664725,0.8633626199990255,0.31786975561385744,1.0,0.22552447552447552,0.6477272727272727,0.6538461538461539,0.12832167832167832,0.5255244755244756,3.719800000000015,0,0,0,0.0,0.0,none,0.0,0.0,0.0,0,0,0,1,0,1,298,1,no_bridge,298,1,1,0,0,0,0,0,0,0,0,0,,
confirmation,30061,neutral,curiosity,curiosity,"2,13,9,3,6,7",6,chain,m2,m0,p1>p3>p1>p7,4,context_comp,A>B>A>C,1,7,A>B>C>D>E>F>X,0,600,1,1.0,1.0,1.0,1,1,4,49,0.0175,1,299,601,0,1,0,1,1,0.9798066155826242,-0.0022821321580514314,44,1,0,0,0,0.0,0,0,0,0,0,0,0,0,0,1,1,1,0.6633992646678092,0.7925272482684528,0.6416083916083916,0.0,0.0,0.0,0.0,0.2202797202797203,0.34527972027972026,0.0034965034965034965,0.1374125874125874,-0.13391608391608392,3.696700000000016,0,0,0,0.0,0.0,none,0.0,0.0,0.0,0,0,0,1,0,,,,,,,,,,,,,,,,,,
confirmation,30061,neutral,no_need,none,"2,13,9,3,6,7",6,chain,m2,m0,p1>p3>p1>p7,4,context_comp,A>B>A>C,1,7,A>B>C>D>E>F>X,0,600,1,1.0,1.0,1.0,1,1,4,49,0.0175,1,391,601,0,1,0,1,1,0.985144276277578,-0.001360087624093941,45,1,0,0,0,0.0,0,0,0,0,0,0,0,0,0,1,1,1,0.668715595879857,0.7933985831129767,0.5,0.0,0.0,0.0,0.0,0.18356643356643357,0.34527972027972026,0.0034965034965034965,0.1374125874125874,-0.13391608391608392,3.573500000000017,0,0,0,0.0,0.0,none,0.0,0.0,0.0,0,0,0,1,0,,,,,,,,,,,,,,,,,,
confirmation,30061,neutral,yoked_need,yoked,"2,13,9,3,6,7",6,chain,m2,m0,p1>p3>p1>p7,4,context_comp,A>B>A>C,1,7,A>B>C>D>E>F>X,0,600,1,1.0,1.0,1.0,1,1,4,49,0.0175,1,284,601,0,1,0,1,1,0.983296176213459,-9.122676344150231e-05,44,1,0,0,0,0.0,0,0,0,0,0,0,0,0,0,1,1,1,0.648833183477104,0.78567081175318,0.6713286713286714,0.18335885748710623,0.3722779188605032,0.5198838185922955,1.0,0.229020979020979,0.21853146853146854,0.11538461538461539,0.06433566433566434,0.05104895104895105,3.735200000000014,0,0,0,0.0,0.0,none,0.0,0.0,0.0,0,0,0,1,0,1,284,1,no_bridge,284,1,1,0,0,0,0,0,0,0,0,0,30001,10
confirmation,30061,self_relevant,actual_need,actual,"2,13,9,3,6,7",6,chain,m2,m0,p1>p3>p1>p7,4,context_comp,A>B>A>C,1,7,A>B>C>D>E>F>X,0,600,1,1.0,1.0,1.0,1,1,4,49,0.0175,1,282,282,1,0,0,1,1,0.9819984559858062,0.0054679280699967,44,1,1,1,0,0.02841227758277878,1,1,0,1,1,1,1,1,0,0,0,1,0.8571859504864724,0.885585532414075,0.5926573426573427,0.044369781619449086,0.6026078803971189,0.4096586086425292,1.0,0.20804195804195805,0.3968531468531469,0.02972027972027972,0.1527972027972028,-0.12307692307692308,3.717500000000018,0,0,0,0.0,0.0,none,0.0,0.0,0.0,0,0,0,1,0,1,282,1,bridge,282,1,1,1,1,1,1,1,1,1,1,0,,
confirmation,30061,self_relevant,curiosity,curiosity,"2,13,9,3,6,7",6,chain,m2,m0,p1>p3>p1>p7,4,context_comp,A>B>A>C,1,7,A>B>C>D>E>F>X,0,600,1,1.0,1.0,1.0,1,1,4,49,0.0175,1,300,601,0,1,1,1,0,0.9850963352648191,-5.32444022033583e-05,44,1,0,0,0,0.0,0,0,0,0,0,0,0,0,0,0,0,0,0.7934380866111905,0.8307714145601642,0.6486013986013986,0.0,0.0,0.0,0.0,0.22202797202797203,0.34527972027972026,0.0034965034965034965,0.1374125874125874,-0.13391608391608392,3.712100000000016,0,0,0,0.0,0.0,none,0.0,0.0,0.0,0,0,0,1,0,,,,,,,,,,,,,,,,,,
confirmation,30061,self_relevant,no_need,none,"2,13,9,3,6,7",6,chain,m2,m0,p1>p3>p1>p7,4,context_comp,A>B>A>C,1,7,A>B>C>D>E>F>X,0,600,1,1.0,1.0,1.0,1,1,4,49,0.0175,1,439,601,0,1,1,1,0,0.9843891755040917,0.0014492789369284385,57,1,0,0,0,0.0,0,0,0,0,0,0,0,0,0,0,0,0,0.8175102955524238,0.8465658699491464,0.5,0.0,0.0,0.0,0.0,0.18356643356643357,0.34527972027972026,0.0034965034965034965,0.1374125874125874,-0.13391608391608392,3.573500000000017,0,0,0,0.0,0.0,none,0.0,0.0,0.0,0,0,0,1,0,,,,,,,,,,,,,,,,,,
confirmation,30061,self_relevant,yoked_need,yoked,"2,13,9,3,6,7",6,chain,m2,m0,p1>p3>p1>p7,4,context_comp,A>B>A>C,1,7,A>B>C>D>E>F>X,0,600,1,1.0,1.0,1.0,1,1,4,49,0.0175,1,338,601,0,1,1,1,0,0.9823318629840398,0.0010157678867060824,45,1,0,0,0,0.0,0,0,0,0,0,0,0,0,0,0,0,0,0.8215755392110173,0.8463862432584709,0.5769230769230769,0.11753574342509109,0.39313800971758395,0.23380752441645386,1.0,0.20454545454545456,0.32517482517482516,0.16083916083916083,0.0979020979020979,0.06293706293706293,3.6351000000000147,0,0,0,0.0,0.0,none,0.0,0.0,0.0,0,0,0,1,0,1,338,1,no_bridge,338,1,0,0,0,0,0,0,0,0,0,0,30001,10
confirmation,30062,neutral,actual_need,actual,"5,7,4,8,11",5,dense,m0,m2,p1>p5>p7,3,branch_comp,A>C>B,1,5,A>B>C>D>E,0,600,1,1.0,1.0,1.0,0,0,4,41,0.052564102564102565,1,303,601,0,1,0,0,1,0.8603590607004623,0.004465051251695885,51,1,1,0,0,0.0,0,0,0,0,0,0,0,0,0,1,1,1,0.741595322294746,0.8070320885724925,0.6451048951048951,0.5372838176861358,0.9442652439334897,0.5309685179943199,1.0,0.18181818181818182,0.5480769230769231,0.8986013986013986,0.04938811188811189,0.8492132867132868,3.56340000000002,0,0,0,0.0,0.0,none,0.0,0.0,0.0,0,0,0,1,0,1,303,0,,601,0,0,1,0,0,0,0,0,0,0,0,,
confirmation,30062,neutral,curiosity,curiosity,"5,7,4,8,11",5,dense,m0,m2,p1>p5>p7,3,branch_comp,A>C>B,1,5,A>B>C>D>E,0,600,1,1.0,1.0,1.0,0,0,4,41,0.052564102564102565,1,281,601,0,1,0,0,1,0.8648717130298769,-0.002844487532513225,42,1,0,0,0,0.0,0,0,0,0,0,0,0,0,0,1,1,1,0.7404696650858649,0.8055350217211508,0.6555944055944056,0.0,0.0,0.0,0.0,0.1853146853146853,0.28321678321678323,0.16783216783216784,0.09965034965034965,0.06818181818181819,3.54890000000002,0,0,0,0.0,0.0,none,0.0,0.0,0.0,0,0,0,1,0,,,,,,,,,,,,,,,,,,
confirmation,30062,neutral,no_need,none,"5,7,4,8,11",5,dense,m0,m2,p1>p5>p7,3,branch_comp,A>C>B,1,5,A>B>C>D>E,0,600,1,1.0,1.0,1.0,0,0,4,41,0.052564102564102565,1,363,601,0,1,0,0,1,0.8579127711087376,-0.002335707926440773,45,1,0,0,0,0.0,0,0,0,0,0,0,0,0,0,1,1,1,0.7422476674465845,0.8075251784077269,0.5,0.0,0.0,0.0,0.0,0.14685314685314685,0.28321678321678323,0.16783216783216784,0.09965034965034965,0.06818181818181819,3.44000000000002,0,0,0,0.0,0.0,none,0.0,0.0,0.0,0,0,0,1,0,,,,,,,,,,,,,,,,,,
confirmation,30062,neutral,yoked_need,yoked,"5,7,4,8,11",5,dense,m0,m2,p1>p5>p7,3,branch_comp,A>C>B,1,5,A>B>C>D>E,0,600,1,1.0,1.0,1.0,0,0,4,41,0.052564102564102565,1,274,601,0,1,0,0,1,0.8613307706638028,0.00034028607277345455,42,1,0,0,0,0.0,0,0,0,0,0,0,0,0,0,1,1,1,0.7409904300260476,0.8040892043565451,0.6468531468531469,0.0012084184488892601,0.27789753677729295,0.5882034654571713,1.0,0.18181818181818182,0.16958041958041958,0.11188811188811189,0.056818181818181816,0.05506993006993007,3.5439500000000193,0,0,0,0.0,0.0,none,0.0,0.0,0.0,0,0,0,1,0,1,274,1,no_bridge,274,0,1,0,0,0,0,0,0,0,0,0,30068,7
confirmation,30062,self_relevant,actual_need,actual,"5,7,4,8,11",5,dense,m0,m2,p1>p5>p7,3,branch_comp,A>C>B,1,5,A>B>C>D>E,0,600,1,1.0,1.0,1.0,0,0,4,41,0.052564102564102565,1,343,601,0,1,1,0,0,0.8642975257559632,-0.00016553121679429618,51,1,0,0,0,0.0,0,0,0,0,0,0,0,0,0,0,0,0,0.7988181814003986,0.8172047803135758,0.5786713286713286,0.24125691338469646,0.650826637711084,0.3843066431987265,1.0,0.16433566433566432,0.44667832167832167,0.4125874125874126,0.1201923076923077,0.2923951048951049,3.494450000000018,0,0,0,0.0,0.0,none,0.0,0.0,0.0,0,0,0,1,0,1,343,1,no_bridge,343,0,0,0,0,0,0,0,0,0,0,0,,
confirmation,30062,self_relevant,curiosity,curiosity,"5,7,4,8,11",5,dense,m0,m2,p1>p5>p7,3,branch_comp,A>C>B,1,5,A>B>C>D>E,0,600,1,1.0,1.0,1.0,0,0,4,41,0.052564102564102565,1,286,601,0,1,1,0,0,0.863617413179938,-0.0037139337878580097,44,1,0,0,0,0.0,0,0,0,0,0,0,0,0,0,0,0,0,0.8169433471242927,0.8319558717923267,0.6468531468531469,0.0,0.0,0.0,0.0,0.18181818181818182,0.28321678321678323,0.16783216783216784,0.09965034965034965,0.06818181818181819,3.54395000000002,0,0,0,0.0,0.0,none,0.0,0.0,0.0,0,0,0,1,0,,,,,,,,,,,,,,,,,,
confirmation,30062,self_relevant,no_need,none,"5,7,4,8,11",5,dense,m0,m2,p1>p5>p7,3,branch_comp,A>C>B,1,5,A>B>C>D>E,0,600,1,1.0,1.0,1.0,1,1,4,41,0.052564102564102565,1,355,355,1,0,0,1,1,0.7942208322267374,0.006524092730339534,44,1,1,1,0,0.025415071573407163,1,1,0,1,1,1,1,1,0,0,0,1,0.8623270415988019,0.8826421002873556,0.5,0.0,0.0,0.0,0.0,0.1451048951048951,0.28321678321678323,0.16783216783216784,0.09965034965034965,0.06818181818181819,3.52040000000002,0,0,0,0.0,0.0,none,0.0,0.0,0.0,0,0,0,1,0,,,,,,,,,,,,,,,,,,
confirmation,30062,self_relevant,yoked_need,yoked,"5,7,4,8,11",5,dense,m0,m2,p1>p5>p7,3,branch_comp,A>C>B,1,5,A>B>C>D>E,0,600,1,1.0,1.0,1.0,1,1,4,41,0.052564102564102565,1,339,339,1,0,0,1,1,0.7935703739708084,0.004039399219136892,44,1,1,1,0,0.026972696687449903,1,1,0,1,1,1,1,1,0,0,0,1,0.8683216145428715,0.8880979822097957,0.6118881118881119,0.005939447316132889,0.3933756952001212,0.419869288433788,1.0,0.17307692307692307,0.28583916083916083,0.11188811188811189,0.11494755244755245,-0.00305944055944056,3.599600000000018,0,0,0,0.0,0.0,none,0.0,0.0,0.0,0,0,0,1,0,1,339,1,bridge,339,1,1,1,1,1,1,1,1,1,1,0,30068,7
confirmation,30063,neutral,actual_need,actual,"7,2,9,0,13,5",6,ring,m1,m2,p2>p7>p2>p6,4,context_comp,A>B>A>C,1,7,A>B>C>D>E>F>X,1,600,1,1.0,1.0,1.0,0,0,4,49,0.0175,1,313,601,0,1,0,0,1,0.9786507991162507,0.004019035062750779,48,1,1,0,0,0.000841207831299557,0,0,0,0,0,0,0,0,0,1,1,1,0.6495330478704013,0.8023620149213716,0.6695804195804196,0.4683522709940391,0.9038823871180361,0.4450623311401691,1.0,0.1888111888111888,0.6005244755244755,0.8181818181818182,0.07657342657342657,0.7416083916083916,3.7827000000000166,0,0,0,0.0,0.0,none,0.0,0.0,0.0,0,0,0,1,0,1,313,0,,601,0,0,1,0,0,0,0,0,0,0,0,,
confirmation,30063,neutral,curiosity,curiosity,"7,2,9,0,13,5",6,ring,m1,m2,p2>p7>p2>p6,4,context_comp,A>B>A>C,1,7,A>B>C>D>E>F>X,1,600,1,1.0,1.0,1.0,0,0,4,49,0.0175,1,297,601,0,1,0,0,1,0.9813197908240312,-0.005951936877772104,42,1,0,0,0,0.0,0,0,0,0,0,0,0,0,0,1,1,1,0.6513592185082688,0.8040304087650055,0.6520979020979021,0.0,0.0,0.0,0.0,0.1853146853146853,0.36713286713286714,0.1555944055944056,0.11573426573426573,0.039860139860139865,3.7429000000000165,0,0,0,0.0,0.0,none,0.0,0.0,0.0,0,0,0,1,0,,,,,,,,,,,,,,,,,,
confirmation,30063,neutral,no_need,none,"7,2,9,0,13,5",6,ring,m1,m2,p2>p7>p2>p6,4,context_comp,A>B>A>C,1,7,A>B>C>D>E>F>X,1,600,1,1.0,1.0,1.0,0,0,4,49,0.0175,1,391,601,0,1,0,0,1,0.9813632089088106,-0.002226634728473946,45,1,0,0,0,0.0,0,0,0,0,0,0,0,0,0,1,1,1,0.6601171830252365,0.807601375370831,0.5,0.0,0.0,0.0,0.0,0.14685314685314685,0.36713286713286714,0.1555944055944056,0.11573426573426573,0.039860139860139865,3.573500000000017,0,0,0,0.0,0.0,none,0.0,0.0,0.0,0,0,0,1,0,,,,,,,,,,,,,,,,,,
confirmation,30063,neutral,yoked_need,yoked,"7,2,9,0,13,5",6,ring,m1,m2,p2>p7>p2>p6,4,context_comp,A>B>A>C,1,7,A>B>C>D>E>F>X,1,600,1,1.0,1.0,1.0,0,0,4,49,0.0175,1,288,601,0,1,0,0,1,0.9882385321558453,-0.0032242384282684224,42,1,0,0,0,0.0,0,0,0,0,0,0,0,0,0,1,1,1,0.6534778555606443,0.8039804265948781,0.6590909090909091,0.11185280428423619,0.3417807228081532,0.27644075038409877,1.0,0.1853146853146853,0.33653846153846156,0.12062937062937062,0.11048951048951049,0.010139860139860138,3.7506000000000155,0,0,0,0.0,0.0,none,0.0,0.0,0.0,0,0,0,1,0,1,288,1,no_bridge,288,0,1,0,0,0,0,0,0,0,0,0,30003,5
confirmation,30063,self_relevant,actual_need,actual,"7,2,9,0,13,5",6,ring,m1,m2,p2>p7>p2>p6,4,context_comp,A>B>A>C,1,7,A>B>C>D>E>F>X,1,600,1,1.0,1.0,1.0,1,1,4,49,0.0175,1,288,288,1,0,0,1,1,0.8388170778065005,0.005818677722091093,47,1,1,1,0,0.029195090753835126,1,1,0,1,1,1,1,1,0,0,0,1,0.8578965301136233,0.8853030694434799,0.5629370629370629,0.15654310558373463,0.4439291177379376,0.5852612028805054,1.0,0.16258741258741258,0.3741258741258741,0.24125874125874125,0.10139860139860139,0.13986013986013984,3.7252000000000196,0,0,0,0.0,0.0,none,0.0,0.0,0.0,0,0,0,1,0,1,288,1,bridge,288,1,1,1,1,1,1,1,1,1,1,0,,
confirmation,30063,self_relevant,curiosity,curiosity,"7,2,9,0,13,5",6,ring,m1,m2,p2>p7>p2>p6,4,context_comp,A>B>A>C,1,7,A>B>C>D>E>F>X,1,600,1,1.0,1.0,1.0,0,0,4,49,0.0175,1,296,601,0,1,1,0,0,0.9819444207629497,-0.0038886824829640026,42,1,0,0,0,0.0,0,0,0,0,0,0,0,0,0,0,0,0,0.7869073899860801,0.8357527940390415,0.6468531468531469,0.0,0.0,0.0,0.0,0.18356643356643357,0.36713286713286714,0.1555944055944056,0.11573426573426573,0.039860139860139865,3.7352000000000167,0,0,0,0.0,0.0,none,0.0,0.0,0.0,0,0,0,1,0,,,,,,,,,,,,,,,,,,
confirmation,30063,self_relevant,no_need,none,"7,2,9,0,13,5",6,ring,m1,m2,p2>p7>p2>p6,4,context_comp,A>B>A>C,1,7,A>B>C>D>E>F>X,1,600,1,1.0,1.0,1.0,0,0,4,49,0.0175,1,391,601,0,1,1,0,0,0.9813632089088106,-0.0036939396654582786,45,1,0,0,0,0.0,0,0,0,0,0,0,0,0,0,0,0,0,0.8176473851092403,0.85170074660035,0.5,0.0,0.0,0.0,0.0,0.14685314685314685,0.36713286713286714,0.1555944055944056,0.11573426573426573,0.039860139860139865,3.573500000000017,0,0,0,0.0,0.0,none,0.0,0.0,0.0,0,0,0,1,0,,,,,,,,,,,,,,,,,,
confirmation,30063,self_relevant,yoked_need,yoked,"7,2,9,0,13,5",6,ring,m1,m2,p2>p7>p2>p6,4,context_comp,A>B>A>C,1,7,A>B>C>D>E>F>X,1,600,1,1.0,1.0,1.0,0,0,4,49,0.0175,1,287,601,0,1,1,0,0,0.9780652086024397,-0.0027319377312272166,42,1,0,0,0,0.0,0,0,0,0,0,0,0,0,0,0,0,0,0.7983404725647427,0.8416181331141329,0.6590909090909091,0.11319137499005798,0.36503988600262605,0.21831241138929378,1.0,0.1853146853146853,0.38548951048951047,0.13111888111888112,0.12797202797202797,0.0031468531468531458,3.750600000000016,0,0,0,0.0,0.0,none,0.0,0.0,0.0,0,0,0,1,0,1,287,1,no_bridge,287,0,0,0,0,0,0,0,0,0,0,0,30003,5
confirmation,30064,neutral,actual_need,actual,"4,9,3,8,2",5,chain,m3,m2,p3>p4>p2,3,branch_comp,A>C>B,1,5,A>B>C>D>E,0,600,1,1.0,1.0,0.8,0,0,4,42,0.05384615384615385,1,283,601,0,1,0,0,1,0.8550098304210114,-0.0009578148286899354,45,1,0,0,0,0.0,0,0,0,0,0,0,0,0,0,1,1,1,0.6093180795490521,0.7425267758492798,0.6713286713286714,0.5294962778624752,0.9432885598390947,0.577958447796365,1.0,0.1888111888111888,0.7980769230769231,0.986013986013986,0.15253496503496503,0.833479020979021,3.5588000000000197,0,0,0,0.0,0.0,none,0.0,0.0,0.0,0,0,0,1,0,1,283,1,no_bridge,283,0,1,0,0,0,0,0,0,0,0,0,,
confirmation,30064,neutral,curiosity,curiosity,"4,9,3,8,2",5,chain,m3,m2,p3>p4>p2,3,branch_comp,A>C>B,1,5,A>B>C>D>E,0,600,1,1.0,1.0,0.8,0,0,4,41,0.052564102564102565,1,282,601,0,1,0,0,1,0.8659239607315466,-0.003128417672121883,45,1,0,0,0,0.0,0,0,0,0,0,0,0,0,0,1,1,1,0.6146627206019225,0.7470933098957879,0.6416083916083916,0.0,0.0,0.0,0.0,0.18181818181818182,0.5620629370629371,0.0,0.28103146853146854,-0.28103146853146854,3.53900000000002,0,0,0,0.0,0.0,none,0.0,0.0,0.0,0,0,0,1,0,,,,,,,,,,,,,,,,,,
confirmation,30064,neutral,no_need,none,"4,9,3,8,2",5,chain,m3,m2,p3>p4>p2,3,branch_comp,A>C>B,1,5,A>B>C>D>E,0,600,1,1.0,1.0,0.8,0,0,4,41,0.052564102564102565,1,363,601,0,1,0,0,1,0.8582358571183815,-0.0025457285952334655,44,1,0,0,0,0.0,0,0,0,0,0,0,0,0,0,1,1,1,0.6175217771691568,0.7494512044913305,0.5,0.0,0.0,0.0,0.0,0.14685314685314685,0.5620629370629371,0.0,0.28103146853146854,-0.28103146853146854,3.44000000000002,0,0,0,0.0,0.0,none,0.0,0.0,0.0,0,0,0,1,0,,,,,,,,,,,,,,,,,,
confirmation,30064,neutral,yoked_need,yoked,"4,9,3,8,2",5,chain,m3,m2,p3>p4>p2,3,branch_comp,A>C>B,1,5,A>B>C>D>E,0,600,1,1.0,1.0,0.8,0,0,4,41,0.052564102564102565,1,283,601,0,1,0,0,1,0.8578389528413208,-0.0031914101754857427,45,1,0,0,0,0.0,0,0,0,0,0,0,0,0,0,1,1,1,0.6113152777486641,0.7441355030362338,0.6608391608391608,0.07444032559749447,0.5321965145997648,0.39182933047732393,1.0,0.1853146853146853,0.5576923076923077,0.005244755244755245,0.27753496503496505,-0.2722902097902098,3.5538500000000197,0,0,0,0.0,0.0,none,0.0,0.0,0.0,0,0,0,1,0,1,283,1,no_bridge,283,0,1,0,0,0,0,0,0,0,0,0,30070,2
confirmation,30064,self_relevant,actual_need,actual,"4,9,3,8,2",5,chain,m3,m2,p3>p4>p2,3,branch_comp,A>C>B,1,5,A>B>C>D>E,0,600,1,1.0,1.0,0.8,0,0,4,43,0.05512820512820513,1,269,601,0,1,1,0,0,0.8575921934183954,-0.003426839026725718,42,1,0,0,0,0.0,0,0,0,0,0,0,0,0,0,0,0,0,0.8400074467254476,0.872338167971139,0.5716783216783217,0.26164058533601003,0.7818209542640772,0.5107364063950225,1.0,0.16433566433566432,0.6844405594405595,0.4825174825174825,0.2215909090909091,0.26092657342657344,3.4895000000000187,0,0,0,0.0,0.0,none,0.0,0.0,0.0,0,0,0,1,0,1,269,1,no_bridge,269,0,0,0,0,0,0,0,0,0,0,0,,
confirmation,30064,self_relevant,curiosity,curiosity,"4,9,3,8,2",5,chain,m3,m2,p3>p4>p2,3,branch_comp,A>C>B,1,5,A>B>C>D>E,0,600,1,1.0,1.0,0.8,0,0,4,41,0.052564102564102565,1,279,601,0,1,1,0,0,0.8615525644857969,-0.004007380397400212,42,1,0,0,0,0.0,0,0,0,0,0,0,0,0,0,0,0,0,0.7546090531019576,0.8299339032345265,0.6486013986013986,0.0,0.0,0.0,0.0,0.18181818181818182,0.5620629370629371,0.0,0.28103146853146854,-0.28103146853146854,3.54395000000002,0,0,0,0.0,0.0,none,0.0,0.0,0.0,0,0,0,1,0,,,,,,,,,,,,,,,,,,
confirmation,30064,self_relevant,no_need,none,"4,9,3,8,2",5,chain,m3,m2,p3>p4>p2,3,branch_comp,A>C>B,1,5,A>B>C>D>E,0,600,1,1.0,1.0,0.8,0,0,4,41,0.052564102564102565,1,363,601,0,1,1,0,0,0.8582358571183815,-0.002747021426239351,45,1,0,0,0,0.0,0,0,0,0,0,0,0,0,0,0,0,0,0.7760741249255818,0.8433813160479227,0.5,0.0,0.0,0.0,0.0,0.14685314685314685,0.5620629370629371,0.0,0.28103146853146854,-0.28103146853146854,3.44000000000002,0,0,0,0.0,0.0,none,0.0,0.0,0.0,0,0,0,1,0,,,,,,,,,,,,,,,,,,
confirmation,30064,self_relevant,yoked_need,yoked,"4,9,3,8,2",5,chain,m3,m2,p3>p4>p2,3,branch_comp,A>C>B,1,5,A>B>C>D>E,0,600,1,1.0,1.0,0.8,0,0,4,42,0.05384615384615385,1,278,601,0,1,1,0,0,0.8516472141648281,-0.00451995061720573,42,1,0,0,0,0.0,0,0,0,0,0,0,0,0,0,0,0,0,0.7858780585273266,0.8457043020074707,0.5769230769230769,0.01580657140149454,0.08662098488692055,0.34617744355156704,1.0,0.16433566433566432,0.3243006993006993,0.0034965034965034965,0.16127622377622378,-0.1577797202797203,3.4944500000000187,0,0,0,0.0,0.0,none,0.0,0.0,0.0,0,0,0,1,0,1,278,1,no_bridge,278,0,0,0,0,0,0,0,0,0,0,0,30070,2
confirmation,30065,neutral,actual_need,actual,"2,3,9,11,1,6",6,dense,m3,m0,p0>p7>p0>p3,4,context_comp,A>B>A>C,1,7,A>B>C>D>E>F>X,0,600,1,1.0,1.0,1.0,0,0,4,49,0.0175,1,366,601,0,1,0,0,1,0.9019655933697586,-0.0029931014244925494,46,1,0,0,0,0.0,0,0,0,0,0,0,0,0,0,1,1,1,0.748664899337151,0.8114077128242473,0.6013986013986014,0.5971143435124349,0.7799029132816251,0.6288236514869009,1.0,0.17132867132867133,0.5865384615384616,0.7727272727272727,0.08006993006993007,0.6926573426573426,3.6890000000000125,0,0,0,0.0,0.0,none,0.0,0.0,0.0,0,0,0,1,0,1,366,1,no_bridge,366,0,1,0,0,0,0,0,0,0,0,0,,
confirmation,30065,neutral,curiosity,curiosity,"2,3,9,11,1,6",6,dense,m3,m0,p0>p7>p0>p3,4,context_comp,A>B>A>C,1,7,A>B>C>D>E>F>X,0,600,1,1.0,1.0,1.0,0,0,4,49,0.0175,1,299,601,0,1,0,0,1,0.9085732664229014,-0.0018900678278954328,46,1,0,0,0,0.0,0,0,0,0,0,0,0,0,0,1,1,1,0.7504084503744686,0.8124915466291084,0.6451048951048951,0.0,0.0,0.0,0.0,0.18181818181818182,0.3557692307692308,0.12937062937062938,0.11643356643356643,0.01293706293706294,3.7352000000000167,0,0,0,0.0,0.0,none,0.0,0.0,0.0,0,0,0,1,0,,,,,,,,,,,,,,,,,,
confirmation,30065,neutral,no_need,none,"2,3,9,11,1,6",6,dense,m3,m0,p0>p7>p0>p3,4,context_comp,A>B>A>C,1,7,A>B>C>D>E>F>X,0,600,1,1.0,1.0,1.0,0,0,4,49,0.0175,1,391,601,0,1,0,0,1,0.9050810794370425,-8.2257782415433e-05,46,1,0,0,0,0.0,0,0,0,0,0,0,0,0,0,1,1,1,0.753459910524502,0.8173086277141802,0.5,0.0,0.0,0.0,0.0,0.14685314685314685,0.3557692307692308,0.12937062937062938,0.11643356643356643,0.01293706293706294,3.573500000000017,0,0,0,0.0,0.0,none,0.0,0.0,0.0,0,0,0,1,0,,,,,,,,,,,,,,,,,,
confirmation,30065,neutral,yoked_need,yoked,"2,3,9,11,1,6",6,dense,m3,m0,p0>p7>p0>p3,4,context_comp,A>B>A>C,1,7,A>B>C>D>E>F>X,0,600,1,1.0,1.0,1.0,0,0,4,49,0.0175,1,304,601,0,1,0,0,1,0.9052311022719214,0.0007249660301326288,46,1,0,0,0,0.0,0,0,0,0,0,0,0,0,0,1,1,1,0.7502103577920023,0.8125319990805902,0.6608391608391608,0.04378659315973224,0.11619203306126574,0.44889330449229126,1.0,0.18706293706293706,0.24825174825174826,0.07692307692307693,0.08391608391608392,-0.006993006993006992,3.7506000000000155,0,0,0,0.0,0.0,none,0.0,0.0,0.0,0,0,0,1,0,1,304,1,no_bridge,304,0,1,0,0,0,0,0,0,0,0,0,30005,13
confirmation,30065,self_relevant,actual_need,actual,"2,3,9,11,1,6",6,dense,m3,m0,p0>p7>p0>p3,4,context_comp,A>B>A>C,1,7,A>B>C>D>E>F>X,0,600,1,1.0,1.0,1.0,0,0,4,49,0.0175,1,484,601,0,1,1,0,0,0.9309882450910085,-0.0006872528207936175,66,1,0,0,0,0.0,0,0,0,0,0,0,0,0,0,0,0,0,0.8097496625729396,0.8553612957477927,0.513986013986014,0.01777534750260711,0.2832068399512962,0.6253069821479035,1.0,0.15034965034965034,0.3277972027972028,0.04195804195804196,0.12272727272727273,-0.08076923076923076,3.5889000000000166,0,0,0,0.0,0.0,none,0.0,0.0,0.0,0,0,0,1,0,1,484,1,no_bridge,484,0,0,0,0,0,0,0,0,0,0,0,,
confirmation,30065,self_relevant,curiosity,curiosity,"2,3,9,11,1,6",6,dense,m3,m0,p0>p7>p0>p3,4,context_comp,A>B>A>C,1,7,A>B>C>D>E>F>X,0,600,1,1.0,1.0,1.0,0,0,4,49,0.0175,1,460,601,0,1,1,0,0,0.9425472435215333,-0.0004856119989109592,93,1,0,0,0,0.0,0,0,0,0,0,0,0,0,0,0,0,0,0.7924444406643548,0.8429896375517171,0.6486013986013986,0.0,0.0,0.0,0.0,0.18356643356643357,0.3557692307692308,0.12937062937062938,0.11643356643356643,0.01293706293706294,3.7352000000000163,0,0,0,0.0,0.0,none,0.0,0.0,0.0,0,0,0,1,0,,,,,,,,,,,,,,,,,,
confirmation,30065,self_relevant,no_need,none,"2,3,9,11,1,6",6,dense,m3,m0,p0>p7>p0>p3,4,context_comp,A>B>A>C,1,7,A>B>C>D>E>F>X,0,600,1,1.0,1.0,1.0,0,0,4,49,0.0175,1,560,601,0,1,1,0,0,0.9347663937374585,-0.00028293479359465303,80,1,0,0,0,0.0,0,0,0,0,0,0,0,0,0,0,0,0,0.8109029143727083,0.8521719085865307,0.5,0.0,0.0,0.0,0.0,0.14685314685314685,0.3557692307692308,0.12937062937062938,0.11643356643356643,0.01293706293706294,3.573500000000017,0,0,0,0.0,0.0,none,0.0,0.0,0.0,0,0,0,1,0,,,,,,,,,,,,,,,,,,
confirmation,30065,self_relevant,yoked_need,yoked,"2,3,9,11,1,6",6,dense,m3,m0,p0>p7>p0>p3,4,context_comp,A>B>A>C,1,7,A>B>C>D>E>F>X,0,600,1,1.0,1.0,1.0,0,0,4,49,0.0175,1,353,601,0,1,1,0,0,0.9092215497499888,-0.0007883913354626689,46,1,0,0,0,0.0,0,0,0,0,0,0,0,0,0,0,0,0,0.8055142841793006,0.8618099484535723,0.548951048951049,0.029206535054970076,0.31080468891181423,0.28496407501405024,1.0,0.1590909090909091,0.3269230769230769,0.11013986013986014,0.10874125874125874,0.0013986013986014012,3.627400000000015,0,0,0,0.0,0.0,none,0.0,0.0,0.0,0,0,0,1,0,1,353,1,no_bridge,353,0,0,0,0,0,0,0,0,0,0,0,30005,13
confirmation,30066,neutral,actual_need,actual,"12,5,3,1,13",5,ring,m1,m2,p1>p5>p0,3,branch_comp,A>C>B,1,5,A>B>C>D>E,0,600,1,1.0,1.0,1.0,0,0,4,42,0.05384615384615385,1,266,601,0,1,0,0,1,0.847999493390236,1.0390074963693551e-05,42,1,0,0,0,0.0,0,0,0,0,0,0,0,0,0,1,1,1,0.7634401649561947,0.8063748986777961,0.6643356643356644,0.3636467289053012,0.9528412719537583,0.34204038123591657,1.0,0.18706293706293706,0.5882867132867133,0.6888111888111889,0.12194055944055944,0.5668706293706294,3.5538500000000197,0,0,0,0.0,0.0,none,0.0,0.0,0.0,0,0,0,1,0,1,266,1,no_bridge,266,0,1,0,0,0,0,0,0,0,0,0,,
confirmation,30066,neutral,curiosity,curiosity,"12,5,3,1,13",5,ring,m1,m2,p1>p5>p0,3,branch_comp,A>C>B,1,5,A>B>C>D>E,0,600,1,1.0,1.0,1.0,0,0,4,41,0.052564102564102565,1,289,601,0,1,0,0,1,0.8601653063895272,-0.00020201940374003712,44,1,0,0,0,0.0,0,0,0,0,0,0,0,0,0,1,1,1,0.7632985848137076,0.8048181160450689,0.6520979020979021,0.0,0.0,0.0,0.0,0.18356643356643357,0.31643356643356646,0.13286713286713286,0.125,0.007867132867132864,3.5439500000000206,0,0,0,0.0,0.0,none,0.0,0.0,0.0,0,0,0,1,0,,,,,,,,,,,,,,,,,,
confirmation,30066,neutral,no_need,none,"12,5,3,1,13",5,ring,m1,m2,p1>p5>p0,3,branch_comp,A>C>B,1,5,A>B>C>D>E,0,600,1,1.0,1.0,1.0,0,0,4,42,0.05384615384615385,1,387,601,0,1,0,0,1,0.8482650897076967,-0.000501146479043105,51,1,0,0,0,0.0,0,0,0,0,0,0,0,0,0,1,1,1,0.7645305217981418,0.8073301145948845,0.5,0.0,0.0,0.0,0.0,0.14685314685314685,0.31643356643356646,0.13286713286713286,0.125,0.007867132867132864,3.44000000000002,0,0,0,0.0,0.0,none,0.0,0.0,0.0,0,0,0,1,0,,,,,,,,,,,,,,,,,,
confirmation,30066,neutral,yoked_need,yoked,"12,5,3,1,13",5,ring,m1,m2,p1>p5>p0,3,branch_comp,A>C>B,1,5,A>B>C>D>E,0,600,1,1.0,1.0,1.0,0,0,4,41,0.052564102564102565,1,268,601,0,1,0,0,1,0.8443733985844594,-0.00188593763434962,42,1,0,0,0,0.0,0,0,0,0,0,0,0,0,0,1,1,1,0.763496588696659,0.805205593859497,0.6625874125874126,0.13967517466538812,0.6084683001891005,0.29063686506140335,1.0,0.1853146853146853,0.4737762237762238,0.13286713286713286,0.20367132867132867,-0.07080419580419581,3.5538500000000197,0,0,0,0.0,0.0,none,0.0,0.0,0.0,0,0,0,1,0,1,268,1,no_bridge,268,0,1,0,0,0,0,0,0,0,0,0,30000,7
confirmation,30066,self_relevant,actual_need,actual,"12,5,3,1,13",5,ring,m1,m2,p1>p5>p0,3,branch_comp,A>C>B,1,5,A>B>C>D>E,0,600,1,1.0,1.0,1.0,0,0,4,42,0.05384615384615385,1,304,601,0,1,1,0,0,0.8574293652653743,-0.0020287188944279728,54,1,0,0,0,0.0,0,0,0,0,0,0,0,0,0,0,0,0,0.8519478738362292,0.8690992064159915,0.6066433566433567,0.1043355605859159,0.9231303527431343,0.36886129650997246,1.0,0.17132867132867133,0.5655594405594405,0.0472027972027972,0.270979020979021,-0.2237762237762238,3.514250000000019,0,0,0,0.0,0.0,none,0.0,0.0,0.0,0,0,0,1,0,1,304,1,no_bridge,304,0,0,0,0,0,0,0,0,0,0,0,,
confirmation,30066,self_relevant,curiosity,curiosity,"12,5,3,1,13",5,ring,m1,m2,p1>p5>p0,3,branch_comp,A>C>B,1,5,A>B>C>D>E,0,600,1,1.0,1.0,1.0,0,0,4,41,0.052564102564102565,1,293,601,0,1,1,0,0,0.8537173577081545,-0.00042816187224334215,46,1,0,0,0,0.0,0,0,0,0,0,0,0,0,0,0,0,0,0.7883259610794224,0.819861392352005,0.6520979020979021,0.0,0.0,0.0,0.0,0.18356643356643357,0.31643356643356646,0.13286713286713286,0.125,0.007867132867132864,3.543950000000021,0,0,0,0.0,0.0,none,0.0,0.0,0.0,0,0,0,1,0,,,,,,,,,,,,,,,,,,
confirmation,30066,self_relevant,no_need,none,"12,5,3,1,13",5,ring,m1,m2,p1>p5>p0,3,branch_comp,A>C>B,1,5,A>B>C>D>E,0,600,1,1.0,1.0,1.0,0,0,4,42,0.05384615384615385,0,601,601,0,0,0,0,0,0.0,0.0,0,0,0,0,0,0.0,0,0,0,0,0,0,0,0,0,0,0,0,0.8292999777800703,0.844630598630044,0.5,0.0,0.0,0.0,0.0,0.14685314685314685,0.31643356643356646,0.13286713286713286,0.125,0.007867132867132864,3.44000000000002,0,0,0,0.0,0.0,none,0.0,0.0,0.0,0,0,0,1,0,,,,,,,,,,,,,,,,,,
confirmation,30066,self_relevant,yoked_need,yoked,"12,5,3,1,13",5,ring,m1,m2,p1>p5>p0,3,branch_comp,A>C>B,1,5,A>B>C>D>E,0,600,1,1.0,1.0,1.0,0,0,4,41,0.052564102564102565,1,294,601,0,1,1,0,0,0.8446300950087998,-0.000971450870365492,50,1,0,0,0,0.0,0,0,0,0,0,0,0,0,0,0,0,0,0.7474157218882238,0.7952168076721199,0.666083916083916,0.05677266187227078,0.34243300840431284,0.3180594123196958,1.0,0.18706293706293706,0.23601398601398602,0.08041958041958042,0.0979020979020979,-0.017482517482517487,3.5538500000000193,0,0,0,0.0,0.0,none,0.0,0.0,0.0,0,0,0,1,0,1,294,1,no_bridge,294,0,0,0,0,0,0,0,0,0,0,0,30000,7
confirmation,30067,neutral,actual_need,actual,"4,2,3,11,6,1",6,chain,m2,m3,p1>p0>p1>p4,4,context_comp,A>B>A>C,1,7,A>B>C>D>E>F>X,1,600,1,1.0,1.0,0.8333333333333334,1,1,4,49,0.0175,1,288,601,0,1,0,1,1,0.9853199958301677,-0.004839203300725256,42,1,0,0,0,0.0,0,0,0,0,0,0,0,0,0,1,1,1,0.6935452563221969,0.8047872798351595,0.6608391608391608,0.5671277790093318,0.9739323801414685,0.5686743284745328,1.0,0.22377622377622378,0.6118881118881119,0.9545454545454546,0.05384615384615385,0.9006993006993007,3.750600000000016,0,0,0,0.0,0.0,none,0.0,0.0,0.0,0,0,0,1,0,1,288,1,no_bridge,288,1,1,0,0,0,0,0,0,0,0,0,,
confirmation,30067,neutral,curiosity,curiosity,"4,2,3,11,6,1",6,chain,m2,m3,p1>p0>p1>p4,4,context_comp,A>B>A>C,1,7,A>B>C>D>E>F>X,1,600,1,1.0,1.0,0.8333333333333334,1,1,4,49,0.0175,1,300,601,0,1,0,1,1,0.9877160736644395,0.0010437727106518992,42,1,0,0,0,0.0,0,0,0,0,0,0,0,0,0,1,1,1,0.6931699248716545,0.8049320584265963,0.6398601398601399,0.0,0.0,0.0,0.0,0.21853146853146854,0.3916083916083916,0.12412587412587413,0.13181818181818183,-0.007692307692307707,3.727500000000017,0,0,0,0.0,0.0,none,0.0,0.0,0.0,0,0,0,1,0,,,,,,,,,,,,,,,,,,
confirmation,30067,neutral,no_need,none,"4,2,3,11,6,1",6,chain,m2,m3,p1>p0>p1>p4,4,context_comp,A>B>A>C,1,7,A>B>C>D>E>F>X,1,600,1,1.0,1.0,0.8333333333333334,1,1,4,49,0.0175,1,391,601,0,1,0,1,1,0.9836175385644388,-0.0005711519804571383,45,1,0,0,0,0.0,0,0,0,0,0,0,0,0,0,1,1,1,0.6959473335231261,0.8078223268208617,0.5,0.0,0.0,0.0,0.0,0.18356643356643357,0.3916083916083916,0.12412587412587413,0.13181818181818183,-0.007692307692307707,3.573500000000017,0,0,0,0.0,0.0,none,0.0,0.0,0.0,0,0,0,1,0,,,,,,,,,,,,,,,,,,
confirmation,30067,neutral,yoked_need,yoked,"4,2,3,11,6,1",6,chain,m2,m3,p1>p0>p1>p4,4,context_comp,A>B>A>C,1,7,A>B>C>D>E>F>X,1,600,1,1.0,1.0,0.8333333333333334,1,1,4,49,0.0175,1,290,601,0,1,0,1,1,0.9817465297534399,0.0001327754330883951,42,1,0,0,0,0.0,0,0,0,0,0,0,0,0,0,1,1,1,0.6937057138158012,0.805658524698575,0.6765734265734266,0.004660639190778052,0.2501412842324267,0.40565922624676876,1.0,0.22727272727272727,0.2465034965034965,0.09265734265734266,0.08006993006993007,0.012587412587412583,3.7660000000000156,0,0,0,0.0,0.0,none,0.0,0.0,0.0,0,0,0,1,0,1,290,1,no_bridge,290,1,1,0,0,0,0,0,0,0,0,0,30007,8
confirmation,30067,self_relevant,actual_need,actual,"4,2,3,11,6,1",6,chain,m2,m3,p1>p0>p1>p4,4,context_comp,A>B>A>C,1,7,A>B>C>D>E>F>X,1,600,1,1.0,1.0,0.8333333333333334,1,1,4,49,0.0175,1,403,601,0,1,1,1,0,0.9824694868367043,0.001384754831584581,67,1,0,0,0,0.0,0,0,0,0,0,0,0,0,0,0,0,0,0.866351170503947,0.8916351497070649,0.5367132867132867,0.36226580875877973,0.7726943405629871,0.45595263807421027,1.0,0.19230769230769232,0.5297202797202797,0.4982517482517482,0.11223776223776225,0.38601398601398595,3.6120000000000143,0,0,0,0.0,0.0,none,0.0,0.0,0.0,0,0,0,1,0,1,403,1,no_bridge,403,1,0,0,0,0,0,0,0,0,0,0,,
confirmation,30067,self_relevant,curiosity,curiosity,"4,2,3,11,6,1",6,chain,m2,m3,p1>p0>p1>p4,4,context_comp,A>B>A>C,1,7,A>B>C>D>E>F>X,1,600,1,1.0,1.0,0.8333333333333334,1,1,4,49,0.0175,1,506,601,0,1,1,1,0,0.985735667879144,0.0011601600263354689,102,1,0,0,0,0.0,0,0,0,0,0,0,0,0,0,0,0,0,0.7917098808585495,0.8305775462501201,0.6573426573426573,0.0,0.0,0.0,0.0,0.22377622377622378,0.3916083916083916,0.12412587412587413,0.13181818181818183,-0.007692307692307707,3.7506000000000164,0,0,0,0.0,0.0,none,0.0,0.0,0.0,0,0,0,1,0,,,,,,,,,,,,,,,,,,
confirmation,30067,self_relevant,no_need,none,"4,2,3,11,6,1",6,chain,m2,m3,p1>p0>p1>p4,4,context_comp,A>B>A>C,1,7,A>B>C>D>E>F>X,1,600,1,1.0,1.0,0.8333333333333334,1,1,4,49,0.0175,1,391,391,1,0,0,1,1,0.9836175385644388,0.014929130940154696,45,1,1,1,0,0.027800303716171287,1,1,0,1,1,1,1,1,0,0,0,1,0.8625578244414818,0.8908593678858358,0.5,0.0,0.0,0.0,0.0,0.18356643356643357,0.3916083916083916,0.12412587412587413,0.13181818181818183,-0.007692307692307707,3.655900000000017,0,0,0,0.0,0.0,none,0.0,0.0,0.0,0,0,0,1,0,,,,,,,,,,,,,,,,,,
confirmation,30067,self_relevant,yoked_need,yoked,"4,2,3,11,6,1",6,chain,m2,m3,p1>p0>p1>p4,4,context_comp,A>B>A>C,1,7,A>B>C>D>E>F>X,1,600,1,1.0,1.0,0.8333333333333334,1,1,4,49,0.0175,1,292,601,0,1,1,1,0,0.9848172279418307,0.0009977964231023182,42,1,0,0,0,0.0,0,0,0,0,0,0,0,0,0,0,0,0,0.8452841487242052,0.869249579663383,0.5332167832167832,0.010062080108884368,0.3430393553876852,0.36942841048044345,1.0,0.19230769230769232,0.30594405594405594,0.08566433566433566,0.10524475524475525,-0.01958041958041959,3.6120000000000183,0,0,0,0.0,0.0,none,0.0,0.0,0.0,0,0,0,1,0,1,292,1,no_bridge,292,1,0,0,0,0,0,0,0,0,0,0,30007,8
confirmation,30068,neutral,actual_need,actual,"2,5,11,7,1",5,dense,m1,m0,p3>p4>p2,3,branch_comp,A>C>B,1,5,A>B>C>D>E,0,600,1,1.0,1.0,1.0,0,0,4,42,0.05384615384615385,1,275,601,0,1,0,0,1,0.7669011221960507,-0.0033075249158078224,44,1,1,0,0,0.0,0,0,0,0,0,0,0,0,0,1,1,1,0.6958766971481603,0.787968620964971,0.6503496503496503,0.6058674127523901,0.941135056996502,0.5852994405860481,1.0,0.18356643356643357,0.5603146853146853,0.8479020979020979,0.06818181818181818,0.7797202797202798,3.5683500000000206,0,0,0,0.0,0.0,none,0.0,0.0,0.0,0,0,0,1,0,1,275,0,,601,0,0,1,0,0,0,0,0,0,0,0,,
confirmation,30068,neutral,curiosity,curiosity,"2,5,11,7,1",5,dense,m1,m0,p3>p4>p2,3,branch_comp,A>C>B,1,5,A>B>C>D>E,0,600,1,1.0,1.0,1.0,0,0,4,42,0.05384615384615385,1,284,601,0,1,0,0,1,0.769210945270713,-0.001919211796137397,43,1,0,0,0,0.0,0,0,0,0,0,0,0,0,0,1,1,1,0.700868033588939,0.7903552958438723,0.6486013986013986,0.0,0.0,0.0,0.0,0.18181818181818182,0.291958041958042,0.12412587412587413,0.11494755244755245,0.00917832167832168,3.5439500000000197,0,0,0,0.0,0.0,none,0.0,0.0,0.0,0,0,0,1,0,,,,,,,,,,,,,,,,,,
confirmation,30068,neutral,no_need,none,"2,5,11,7,1",5,dense,m1,m0,p3>p4>p2,3,branch_comp,A>C>B,1,5,A>B>C>D>E,0,600,1,1.0,1.0,1.0,0,0,4,41,0.052564102564102565,1,439,601,0,1,0,0,1,0.7937144852181204,-0.0028187408052953,63,1,0,0,0,0.0,0,0,0,0,0,0,0,0,0,1,1,1,0.7072805237018613,0.7948324691012203,0.5,0.0,0.0,0.0,0.0,0.14685314685314685,0.291958041958042,0.12412587412587413,0.11494755244755245,0.00917832167832168,3.44000000000002,0,0,0,0.0,0.0,none,0.0,0.0,0.0,0,0,0,1,0,,,,,,,,,,,,,,,,,,
confirmation,30068,neutral,yoked_need,yoked,"2,5,11,7,1",5,dense,m1,m0,p3>p4>p2,3,branch_comp,A>C>B,1,5,A>B>C>D>E,0,600,1,1.0,1.0,1.0,0,0,4,41,0.052564102564102565,1,283,601,0,1,0,0,1,0.774825255399092,-0.0023835740363961034,49,1,0,0,0,0.0,0,0,0,0,0,0,0,0,0,1,1,1,0.6994238438483331,0.7897199024674906,0.666083916083916,0.016603704858465813,0.132314231896346,0.4038129492915493,1.0,0.18706293706293706,0.1652097902097902,0.033216783216783216,0.0743006993006993,-0.04108391608391608,3.5538500000000197,0,0,0,0.0,0.0,none,0.0,0.0,0.0,0,0,0,1,0,1,283,1,no_bridge,283,0,1,0,0,0,0,0,0,0,0,0,30002,2
confirmation,30068,self_relevant,actual_need,actual,"2,5,11,7,1",5,dense,m1,m0,p3>p4>p2,3,branch_comp,A>C>B,1,5,A>B>C>D>E,0,600,1,1.0,1.0,1.0,0,0,4,42,0.05384615384615385,1,346,601,0,1,1,0,0,0.7849914398628693,1.4146415361334015e-05,46,1,0,0,0,0.0,0,0,0,0,0,0,0,0,0,0,0,0,0.8199563700357686,0.838790826976487,0.6153846153846154,0.20696256423073545,0.5843386813803118,0.41750660888057617,1.0,0.17482517482517482,0.42045454545454547,0.3006993006993007,0.13505244755244755,0.16564685314685312,3.519200000000018,0,0,0,0.0,0.0,none,0.0,0.0,0.0,0,0,0,1,0,1,346,1,no_bridge,346,0,0,0,0,0,0,0,0,0,0,0,,
confirmation,30068,self_relevant,curiosity,curiosity,"2,5,11,7,1",5,dense,m1,m0,p3>p4>p2,3,branch_comp,A>C>B,1,5,A>B>C>D>E,0,600,1,1.0,1.0,1.0,1,1,4,42,0.05384615384615385,1,285,285,1,0,0,1,1,0.7112219285385293,0.005490482548636554,47,1,1,1,0,0.025799392357358304,1,1,0,1,1,1,1,1,0,0,0,1,0.843848991394939,0.8605779880966754,0.6066433566433567,0.0,0.0,0.0,0.0,0.17307692307692307,0.291958041958042,0.12412587412587413,0.11494755244755245,0.00917832167832168,3.5946500000000228,0,0,0,0.0,0.0,none,0.0,0.0,0.0,0,0,0,1,0,,,,,,,,,,,,,,,,,,
confirmation,30068,self_relevant,no_need,none,"2,5,11,7,1",5,dense,m1,m0,p3>p4>p2,3,branch_comp,A>C>B,1,5,A>B>C>D>E,0,600,1,1.0,1.0,1.0,1,1,4,41,0.052564102564102565,1,355,355,1,0,0,1,1,0.7164121258577759,0.016139439212426256,45,1,1,1,0,0.026823470870048816,1,1,0,1,1,1,1,1,0,0,0,1,0.8535376446931399,0.8692365531049797,0.5,0.0,0.0,0.0,0.0,0.1451048951048951,0.291958041958042,0.12412587412587413,0.11494755244755245,0.00917832167832168,3.52040000000002,0,0,0,0.0,0.0,none,0.0,0.0,0.0,0,0,0,1,0,,,,,,,,,,,,,,,,,,
confirmation,30068,self_relevant,yoked_need,yoked,"2,5,11,7,1",5,dense,m1,m0,p3>p4>p2,3,branch_comp,A>C>B,1,5,A>B>C>D>E,0,600,1,1.0,1.0,1.0,0,0,4,42,0.05384615384615385,1,469,601,0,1,1,0,0,0.8063842478294225,-0.0010254562191796919,76,1,0,0,0,0.0,0,0,0,0,0,0,0,0,0,0,0,0,0.7768229692964981,0.8248649023615615,0.5437062937062938,0.006281636533340422,0.20797831780337128,0.36916079395510454,1.0,0.15734265734265734,0.1888111888111888,0.05244755244755245,0.0812937062937063,-0.028846153846153855,3.4697000000000178,0,0,0,0.0,0.0,none,0.0,0.0,0.0,0,0,0,1,0,1,469,1,no_bridge,469,0,0,0,0,0,0,0,0,0,0,0,30002,2
confirmation,30069,neutral,actual_need,actual,"3,8,9,12,5,0",6,ring,m2,m0,p7>p3>p7>p5,4,context_comp,A>B>A>C,1,7,A>B>C>D>E>F>X,0,600,1,1.0,1.0,1.0,1,1,4,49,0.0175,1,283,601,0,1,0,1,1,0.9861841563752078,-0.0036921234174894556,44,1,0,0,0,0.0,0,0,0,0,0,0,0,0,0,1,1,1,0.7258763601674667,0.8090728544503744,0.6625874125874126,0.3651267680765026,0.7848132424672039,0.3778977765915204,1.0,0.22552447552447552,0.6433566433566433,0.8251748251748252,0.09230769230769231,0.7328671328671329,3.7275000000000142,0,0,0,0.0,0.0,none,0.0,0.0,0.0,0,0,0,1,0,1,283,1,no_bridge,283,1,1,0,0,0,0,0,0,0,0,0,,
confirmation,30069,neutral,curiosity,curiosity,"3,8,9,12,5,0",6,ring,m2,m0,p7>p3>p7>p5,4,context_comp,A>B>A>C,1,7,A>B>C>D>E>F>X,0,600,1,1.0,1.0,1.0,1,1,4,49,0.0175,1,300,601,0,1,0,1,1,0.9800285123379696,-0.0019796868020373884,44,1,0,0,0,0.0,0,0,0,0,0,0,0,0,0,1,1,1,0.7275342808601927,0.8098414258376154,0.6503496503496503,0.0,0.0,0.0,0.0,0.22202797202797203,0.40559440559440557,0.09965034965034965,0.1423076923076923,-0.04265734265734265,3.719800000000016,0,0,0,0.0,0.0,none,0.0,0.0,0.0,0,0,0,1,0,,,,,,,,,,,,,,,,,,
confirmation,30069,neutral,no_need,none,"3,8,9,12,5,0",6,ring,m2,m0,p7>p3>p7>p5,4,context_comp,A>B>A>C,1,7,A>B>C>D>E>F>X,0,600,1,1.0,1.0,1.0,1,1,4,49,0.0175,1,391,601,0,1,0,1,1,0.976422600270552,-0.0028889268693246474,45,1,0,0,0,0.0,0,0,0,0,0,0,0,0,0,1,1,1,0.7259451074171926,0.8089061148984804,0.5,0.0,0.0,0.0,0.0,0.18356643356643357,0.40559440559440557,0.09965034965034965,0.1423076923076923,-0.04265734265734265,3.573500000000017,0,0,0,0.0,0.0,none,0.0,0.0,0.0,0,0,0,1,0,,,,,,,,,,,,,,,,,,
confirmation,30069,neutral,yoked_need,yoked,"3,8,9,12,5,0",6,ring,m2,m0,p7>p3>p7>p5,4,context_comp,A>B>A>C,1,7,A>B>C>D>E>F>X,0,600,1,1.0,1.0,1.0,1,1,4,49,0.0175,1,280,601,0,1,0,1,1,0.9871229023506182,-0.000581608075833582,44,1,0,0,0,0.0,0,0,0,0,0,0,0,0,0,1,1,1,0.7263272315435267,0.809218307090918,0.6643356643356644,0.3957173458730979,0.6114501396464357,0.3730512386580454,1.0,0.22552447552447552,0.5227272727272727,0.6416083916083916,0.08076923076923077,0.5608391608391607,3.735200000000015,0,0,0,0.0,0.0,none,0.0,0.0,0.0,0,0,0,1,0,1,280,1,no_bridge,280,1,1,0,0,0,0,0,0,0,0,0,30009,3
confirmation,30069,self_relevant,actual_need,actual,"3,8,9,12,5,0",6,ring,m2,m0,p7>p3>p7>p5,4,context_comp,A>B>A>C,1,7,A>B>C>D>E>F>X,0,600,1,1.0,1.0,1.0,1,1,4,49,0.0175,1,310,601,0,1,1,1,0,0.9820335491787909,-0.0017433332250026466,44,1,0,0,0,0.0,0,0,0,0,0,0,0,0,0,0,0,0,0.7885094961230337,0.8320700348125186,0.6520979020979021,0.015157194364409687,0.5073443569953242,0.225931486621605,1.0,0.22202797202797203,0.45367132867132864,0.02972027972027972,0.17552447552447553,-0.14580419580419582,3.7275000000000134,0,0,0,0.0,0.0,none,0.0,0.0,0.0,0,0,0,1,0,1,310,1,no_bridge,310,1,0,0,0,0,0,0,0,0,0,0,,
confirmation,30069,self_relevant,curiosity,curiosity,"3,8,9,12,5,0",6,ring,m2,m0,p7>p3>p7>p5,4,context_comp,A>B>A>C,1,7,A>B>C>D>E>F>X,0,600,1,1.0,1.0,1.0,1,1,4,49,0.0175,1,302,601,0,1,1,1,0,0.9826929580284002,0.0006754716230393902,44,1,0,0,0,0.0,0,0,0,0,0,0,0,0,0,0,0,0,0.8084749807979893,0.8440156638205257,0.6486013986013986,0.0,0.0,0.0,0.0,0.22202797202797203,0.40559440559440557,0.09965034965034965,0.1423076923076923,-0.04265734265734265,3.7121000000000155,0,0,0,0.0,0.0,none,0.0,0.0,0.0,0,0,0,1,0,,,,,,,,,,,,,,,,,,
confirmation,30069,self_relevant,no_need,none,"3,8,9,12,5,0",6,ring,m2,m0,p7>p3>p7>p5,4,context_comp,A>B>A>C,1,7,A>B>C>D>E>F>X,0,600,1,1.0,1.0,1.0,1,1,4,49,0.0175,1,391,601,0,1,1,1,0,0.976422600270552,-0.0002179247634547933,45,1,0,0,0,0.0,0,0,0,0,0,0,0,0,0,0,0,0,0.8228978604154582,0.8506899086639281,0.5,0.0,0.0,0.0,0.0,0.18356643356643357,0.40559440559440557,0.09965034965034965,0.1423076923076923,-0.04265734265734265,3.573500000000017,0,0,0,0.0,0.0,none,0.0,0.0,0.0,0,0,0,1,0,,,,,,,,,,,,,,,,,,
confirmation,30069,self_relevant,yoked_need,yoked,"3,8,9,12,5,0",6,ring,m2,m0,p7>p3>p7>p5,4,context_comp,A>B>A>C,1,7,A>B>C>D>E>F>X,0,600,1,1.0,1.0,1.0,1,1,4,49,0.0175,1,308,601,0,1,1,1,0,0.9849293388626781,0.001249304188642721,52,1,0,0,0,0.0,0,0,0,0,0,0,0,0,0,0,0,0,0.8023883242209096,0.8424378824917572,0.6118881118881119,0.15526092556578547,0.35753120817197176,0.43043259062129907,1.0,0.21328671328671328,0.30506993006993005,0.17657342657342656,0.08671328671328671,0.08986013986013985,3.6736000000000155,0,0,0,0.0,0.0,none,0.0,0.0,0.0,0,0,0,1,0,1,308,1,no_bridge,308,1,0,0,0,0,0,0,0,0,0,0,30009,3
confirmation,30070,neutral,actual_need,actual,"13,8,0,7,1",5,chain,m0,m2,p4>p2>p0,3,branch_comp,A>C>B,1,5,A>B>C>D>E,0,600,1,1.0,1.0,0.8,0,0,4,41,0.052564102564102565,1,267,601,0,1,0,0,1,0.8610130493303128,5.0493479979017245e-05,42,1,0,0,0,0.0,0,0,0,0,0,0,0,0,0,1,1,1,0.6285224645634045,0.7569031996971202,0.6643356643356644,0.40458102803700924,0.8590795874245027,0.40566341492883046,1.0,0.18706293706293706,0.7027972027972028,0.7167832167832168,0.1722027972027972,0.5445804195804196,3.5538500000000197,0,0,0,0.0,0.0,none,0.0,0.0,0.0,0,0,0,1,0,1,267,1,no_bridge,267,0,1,0,0,0,0,0,0,0,0,0,,
confirmation,30070,neutral,curiosity,curiosity,"13,8,0,7,1",5,chain,m0,m2,p4>p2>p0,3,branch_comp,A>C>B,1,5,A>B>C>D>E,0,600,1,1.0,1.0,0.8,0,0,4,41,0.052564102564102565,1,287,601,0,1,0,0,1,0.8565247006851232,-0.0013708146994412217,42,1,0,0,0,0.0,0,0,0,0,0,0,0,0,0,1,1,1,0.6290243763015185,0.7574651800474346,0.6363636363636364,0.0,0.0,0.0,0.0,0.18006993006993008,0.5,0.0034965034965034965,0.24912587412587414,-0.24562937062937065,3.534050000000021,0,0,0,0.0,0.0,none,0.0,0.0,0.0,0,0,0,1,0,,,,,,,,,,,,,,,,,,
confirmation,30070,neutral,no_need,none,"13,8,0,7,1",5,chain,m0,m2,p4>p2>p0,3,branch_comp,A>C>B,1,5,A>B>C>D>E,0,600,1,1.0,1.0,0.8,0,0,4,41,0.052564102564102565,1,363,601,0,1,0,0,1,0.8575174671535759,0.0002191686394258853,45,1,0,0,0,0.0,0,0,0,0,0,0,0,0,0,1,1,1,0.630977123664089,0.7604820090348855,0.5,0.0,0.0,0.0,0.0,0.14685314685314685,0.5,0.0034965034965034965,0.24912587412587414,-0.24562937062937065,3.44000000000002,0,0,0,0.0,0.0,none,0.0,0.0,0.0,0,0,0,1,0,,,,,,,,,,,,,,,,,,
confirmation,30070,neutral,yoked_need,yoked,"13,8,0,7,1",5,chain,m0,m2,p4>p2>p0,3,branch_comp,A>C>B,1,5,A>B>C>D>E,0,600,1,1.0,1.0,0.8,0,0,4,41,0.052564102564102565,1,265,601,0,1,0,0,1,0.8512315875386629,-0.0010497480699059097,42,1,0,0,0,0.0,0,0,0,0,0,0,0,0,0,1,1,1,0.6275547691229434,0.7538964828193468,0.6678321678321678,0.002861084948174307,0.46944931324084915,0.35356919188825237,1.0,0.1888111888111888,0.2945804195804196,0.0,0.1472902097902098,-0.1472902097902098,3.5588000000000197,0,0,0,0.0,0.0,none,0.0,0.0,0.0,0,0,0,1,0,1,265,1,no_bridge,265,0,1,0,0,0,0,0,0,0,0,0,30004,10
confirmation,30070,self_relevant,actual_need,actual,"13,8,0,7,1",5,chain,m0,m2,p4>p2>p0,3,branch_comp,A>C>B,1,5,A>B>C>D>E,0,600,1,1.0,1.0,0.8,1,1,4,41,0.052564102564102565,1,265,265,1,0,0,1,1,0.7762831088991456,0.009894986291523331,45,1,1,1,0,0.025256020375111446,1,1,0,1,1,1,1,1,0,0,0,1,0.8620956518636635,0.8871544010633359,0.5681818181818182,0.019879579795100195,0.5831172120394711,0.3850094870856358,1.0,0.16258741258741258,0.5743006993006993,0.024475524475524476,0.28103146853146854,-0.25655594405594406,3.5649500000000214,0,0,0,0.0,0.0,none,0.0,0.0,0.0,0,0,0,1,0,1,265,1,bridge,265,1,1,1,1,1,1,1,1,1,1,0,,
confirmation,30070,self_relevant,curiosity,curiosity,"13,8,0,7,1",5,chain,m0,m2,p4>p2>p0,3,branch_comp,A>C>B,1,5,A>B>C>D>E,0,600,1,1.0,1.0,0.8,0,0,4,41,0.052564102564102565,1,291,601,0,1,1,0,0,0.8518437691495536,-0.00021327540351965293,47,1,0,0,0,0.0,0,0,0,0,0,0,0,0,0,0,0,0,0.7964287139517618,0.836310662517014,0.6451048951048951,0.0,0.0,0.0,0.0,0.18181818181818182,0.5,0.0034965034965034965,0.24912587412587414,-0.24562937062937065,3.5390000000000206,0,0,0,0.0,0.0,none,0.0,0.0,0.0,0,0,0,1,0,,,,,,,,,,,,,,,,,,
confirmation,30070,self_relevant,no_need,none,"13,8,0,7,1",5,chain,m0,m2,p4>p2>p0,3,branch_comp,A>C>B,1,5,A>B>C>D>E,0,600,1,1.0,1.0,0.8,0,0,4,41,0.052564102564102565,1,363,601,0,1,1,0,0,0.8575174671535759,-5.5715414905655423e-05,45,1,0,0,0,0.0,0,0,0,0,0,0,0,0,0,0,0,0,0.8149712705596844,0.8442377071340126,0.5,0.0,0.0,0.0,0.0,0.14685314685314685,0.5,0.0034965034965034965,0.24912587412587414,-0.24562937062937065,3.44000000000002,0,0,0,0.0,0.0,none,0.0,0.0,0.0,0,0,0,1,0,,,,,,,,,,,,,,,,,,
confirmation,30070,self_relevant,yoked_need,yoked,"13,8,0,7,1",5,chain,m0,m2,p4>p2>p0,3,branch_comp,A>C>B,1,5,A>B>C>D>E,0,600,1,1.0,1.0,0.8,0,0,4,41,0.052564102564102565,1,268,601,0,1,1,0,0,0.8522134148880072,-0.0013040018685577313,42,1,0,0,0,0.0,0,0,0,0,0,0,0,0,0,0,0,0,0.7573134884547361,0.8042735592143556,0.6555944055944056,0.003026146765723432,0.540098242773889,0.3042108520574921,1.0,0.1853146853146853,0.6346153846153846,0.0,0.3173076923076923,-0.3173076923076923,3.5489000000000193,0,0,0,0.0,0.0,none,0.0,0.0,0.0,0,0,0,1,0,1,268,1,no_bridge,268,0,0,0,0,0,0,0,0,0,0,0,30004,10
confirmation,30071,neutral,actual_need,actual,"4,6,5,9,11,2",6,dense,m2,m1,p4>p1>p4>p5,4,context_comp,A>B>A>C,1,7,A>B>C>D>E>F>X,1,600,1,1.0,0.8571428571428571,1.0,1,1,4,49,0.0175,1,303,601,0,1,0,1,1,0.978279306604253,-0.005514643440510932,45,1,0,0,0,0.0,0,0,0,0,0,0,0,0,0,1,1,1,0.7039043425619701,0.8068609156978733,0.6486013986013986,0.48611650312521015,0.6961759571314049,0.49137780849935064,1.0,0.2202797202797203,0.5375874125874126,0.8479020979020979,0.045454545454545456,0.8024475524475525,3.7352000000000163,0,0,0,0.0,0.0,none,0.0,0.0,0.0,0,0,0,1,0,1,303,1,no_bridge,303,1,1,0,0,0,0,0,0,0,0,0,,
confirmation,30071,neutral,curiosity,curiosity,"4,6,5,9,11,2",6,dense,m2,m1,p4>p1>p4>p5,4,context_comp,A>B>A>C,1,7,A>B>C>D>E>F>X,1,600,1,1.0,0.8571428571428571,1.0,1,1,4,49,0.0175,1,317,601,0,1,0,1,1,0.9780313973750023,-0.0038481036122038127,47,1,0,0,0,0.0,0,0,0,0,0,0,0,0,0,1,1,1,0.7044626505589499,0.8062600205048246,0.6468531468531469,0.0,0.0,0.0,0.0,0.2202797202797203,0.3006993006993007,0.11363636363636363,0.09755244755244755,0.016083916083916086,3.735200000000017,0,0,0,0.0,0.0,none,0.0,0.0,0.0,0,0,0,1,0,,,,,,,,,,,,,,,,,,
confirmation,30071,neutral,no_need,none,"4,6,5,9,11,2",6,dense,m2,m1,p4>p1>p4>p5,4,context_comp,A>B>A>C,1,7,A>B>C>D>E>F>X,1,600,1,1.0,0.8571428571428571,1.0,1,1,4,49,0.0175,1,391,601,0,1,0,1,1,0.9806674329342154,-0.0018237122842298566,45,1,0,0,0,0.0,0,0,0,0,0,0,0,0,0,1,1,1,0.7062255399071282,0.8086289560528749,0.5,0.0,0.0,0.0,0.0,0.18356643356643357,0.3006993006993007,0.11363636363636363,0.09755244755244755,0.016083916083916086,3.573500000000017,0,0,0,0.0,0.0,none,0.0,0.0,0.0,0,0,0,1,0,,,,,,,,,,,,,,,,,,
confirmation,30071,neutral,yoked_need,yoked,"4,6,5,9,11,2",6,dense,m2,m1,p4>p1>p4>p5,4,context_comp,A>B>A>C,1,7,A>B>C>D>E>F>X,1,600,1,1.0,0.8571428571428571,1.0,1,1,4,49,0.0175,1,333,601,0,1,0,1,1,0.9725056624933214,-0.0013448366418801578,45,1,0,0,0,0.0,0,0,0,0,0,0,0,0,0,1,1,1,0.7031431091931917,0.8036191356594719,0.6311188811188811,0.022402977499853302,0.30252485504773025,0.5628392258316605,1.0,0.21678321678321677,0.1354895104895105,0.008741258741258742,0.05244755244755245,-0.043706293706293704,3.719800000000014,0,0,0,0.0,0.0,none,0.0,0.0,0.0,0,0,0,1,0,1,333,1,no_bridge,333,1,1,0,0,0,0,0,0,0,0,0,30011,11
confirmation,30071,self_relevant,actual_need,actual,"4,6,5,9,11,2",6,dense,m2,m1,p4>p1>p4>p5,4,context_comp,A>B>A>C,1,7,A>B>C>D>E>F>X,1,600,1,1.0,0.8571428571428571,1.0,1,1,4,49,0.0175,1,334,601,0,1,1,1,0,0.9804481814797651,-0.00019010380784187158,45,1,0,0,0,0.0,0,0,0,0,0,0,0,0,0,0,0,0,0.8075949393304772,0.8488721538704939,0.6136363636363636,0.015047307420220335,0.2861616550738718,0.44885023843387456,1.0,0.21153846153846154,0.20716783216783216,0.019230769230769232,0.07902097902097902,-0.05979020979020978,3.6967000000000145,0,0,0,0.0,0.0,none,0.0,0.0,0.0,0,0,0,1,0,1,334,1,no_bridge,334,1,0,0,0,0,0,0,0,0,0,0,,
confirmation,30071,self_relevant,curiosity,curiosity,"4,6,5,9,11,2",6,dense,m2,m1,p4>p1>p4>p5,4,context_comp,A>B>A>C,1,7,A>B>C>D>E>F>X,1,600,1,1.0,0.8571428571428571,1.0,1,1,4,49,0.0175,1,301,601,0,1,1,1,0,0.9848194002428721,0.00016641800725753614,42,1,0,0,0,0.0,0,0,0,0,0,0,0,0,0,0,0,0,0.7937820656238542,0.8448389990494408,0.6503496503496503,0.0,0.0,0.0,0.0,0.2202797202797203,0.3006993006993007,0.11363636363636363,0.09755244755244755,0.016083916083916086,3.742900000000017,0,0,0,0.0,0.0,none,0.0,0.0,0.0,0,0,0,1,0,,,,,,,,,,,,,,,,,,
confirmation,30071,self_relevant,no_need,none,"4,6,5,9,11,2",6,dense,m2,m1,p4>p1>p4>p5,4,context_comp,A>B>A>C,1,7,A>B>C>D>E>F>X,1,600,1,1.0,0.8571428571428571,1.0,1,1,4,49,0.0175,1,391,391,1,0,0,1,1,0.9806674329342154,0.004395010532072142,45,1,1,1,0,0.030181230966514944,1,1,0,1,1,1,1,1,0,0,0,1,0.8674865313457187,0.8902020016941897,0.5,0.0,0.0,0.0,0.0,0.18356643356643357,0.3006993006993007,0.11363636363636363,0.09755244755244755,0.016083916083916086,3.655900000000017,0,0,0,0.0,0.0,none,0.0,0.0,0.0,0,0,0,1,0,,,,,,,,,,,,,,,,,,
confirmation,30071,self_relevant,yoked_need,yoked,"4,6,5,9,11,2",6,dense,m2,m1,p4>p1>p4>p5,4,context_comp,A>B>A>C,1,7,A>B>C>D>E>F>X,1,600,1,1.0,0.8571428571428571,1.0,1,1,4,49,0.0175,1,373,601,0,1,1,1,0,0.9770634954214543,-0.0005926800010899795,45,1,0,0,0,0.0,0,0,0,0,0,0,0,0,0,0,0,0,0.8205733974804719,0.8585175234884996,0.5227272727272727,0.11202660778539783,0.5059223775252049,0.42838216576823873,1.0,0.1888111888111888,0.3269230769230769,0.08041958041958042,0.11468531468531468,-0.03426573426573426,3.596600000000016,0,0,0,0.0,0.0,none,0.0,0.0,0.0,0,0,0,1,0,1,373,1,no_bridge,373,1,0,0,0,0,0,0,0,0,0,0,30011,11
