split,seed,relevance,mode,need_policy,core_indices,core_size,topology,causal_mechanism,nuisance_mechanism,true_program,program_length,grammar_family,role_program,label_permuted,primitive_cardinality,active_roles,nonstationary,steps_survived,alive_at_end,completion_rate,core_precision,core_recall,exact_program,functional_program,max_sequence_length_tested,unique_sequences_evaluated,search_space_fraction,diagnosis_made,diagnosis_observations,restoration_observations,diagnosis_kind_bridge,explicit_no_bridge,false_null,mechanism_correct,bridge_decision_correct,suppression,bridge_effect,evidence_rows,tested_scope_declared,validation_attempted,validation_passed,validation_bypassed,validation_effect,repair_attempted,repair_attempt_count,false_repair,repair_correct,organization_restored,replication_attempted,replication_success,replicated_restoration,failed_repairs,appropriate_abstention,scientific_null_result,decision_correct,final_min_core,final_mean_core,self_domain_observation_share,mean_need_target_mass_share,mean_need_true_core_mass_share,mean_sensed_need_mass_share,need_present_step_share,causal_isolating_observation_share,true_core_sensing_share,causal_target_sensing_share,other_core_mean_sensing_share,causal_target_sensing_selectivity,total_cost,crossworld_successes,crossworld_templates,macro_reuse,relational_alignment_cost,memory_energy,memory_strategy,alignment_entropy,alignment_support,mapping_trust,memory_proposal_tested,memory_changed_action,wrong_memory_detected_before_repair,local_beam_reserved,quarantined_count,yoke_donor_seed,yoke_component_shift
confirmation,30000,neutral,no_bridge_validation,actual,"11,4,5,8,6",5,ring,m3,m2,p4>p2>p3,3,branch_comp,A>C>B,1,5,A>B>C>D>E,0,600,1,1.0,1.0,1.0,0,0,4,43,0.05512820512820513,1,264,601,0,1,0,0,1,0.8531634167001945,-4.308053154717523e-05,42,1,0,0,0,0.0,0,0,0,0,0,0,0,0,0,1,1,1,0.6385121843054362,0.7742239779140521,0.6555944055944056,0.3359876922636802,0.9064989676476883,0.29530262586017747,1.0,0.1853146853146853,0.513986013986014,0.6136363636363636,0.10358391608391608,0.5100524475524476,3.5489000000000197,0,0,0,0.0,0.0,none,0.0,0.0,0.0,0,0,0,1,0,,
confirmation,30000,neutral,no_null,actual,"11,4,5,8,6",5,ring,m3,m2,p4>p2>p3,3,branch_comp,A>C>B,1,5,A>B>C>D>E,0,600,1,1.0,1.0,1.0,0,0,4,43,0.05512820512820513,0,601,601,0,0,0,0,0,0.0,0.0,0,0,1,0,0,0.0004679896510131282,0,0,0,0,0,0,0,0,0,1,0,1,0.6383591788069395,0.7736732580814725,0.6538461538461539,0.33438465330331363,0.9077040772458357,0.2917277467032766,1.0,0.1853146853146853,0.5104895104895105,0.6048951048951049,0.10402097902097902,0.5008741258741258,3.597700000000022,0,0,0,0.0,0.0,none,0.0,0.0,0.0,0,0,0,1,0,,
confirmation,30000,neutral,no_null_no_validation,actual,"11,4,5,8,6",5,ring,m3,m2,p4>p2>p3,3,branch_comp,A>C>B,1,5,A>B>C>D>E,0,600,1,1.0,1.0,1.0,0,0,4,43,0.05512820512820513,1,259,259,1,0,0,0,0,0.8531634167001945,-4.308053154717523e-05,42,1,0,1,1,0.0,1,1,1,1,1,1,1,1,0,0,0,0,0.6385451436325583,0.7755081176047913,0.6503496503496503,0.33194330460814725,0.8996296190462092,0.3022283310468137,1.0,0.18356643356643357,0.5174825174825175,0.6083916083916084,0.10664335664335664,0.5017482517482518,3.599950000000022,0,0,0,0.0,0.0,none,0.0,0.0,0.0,0,0,0,1,0,,
confirmation,30000,self_relevant,correlation_self_model,actual,"11,4,5,8,6",5,ring,m3,m2,p4>p2>p3,3,branch_comp,A>C>B,1,5,A>B>C>D>E,0,600,1,1.0,0.4166666666666667,1.0,0,0,4,41,0.052564102564102565,1,266,601,0,1,1,0,0,0.8485294240751853,0.0013530238743624501,42,1,0,0,0,0.0,0,0,0,0,0,0,0,0,0,0,0,0,0.7871323776673753,0.8197579714308272,0.6625874125874126,0.0481524853154128,0.24482039386782484,0.20454797513887596,1.0,0.1853146853146853,0.2508741258741259,0.12412587412587413,0.09440559440559441,0.029720279720279713,3.5538500000000197,0,0,0,0.0,0.0,none,0.0,0.0,0.0,0,0,0,1,0,,
confirmation,30000,self_relevant,pair_limited,actual,"11,4,5,8,6",5,ring,m3,m2,p4>p2>p3,3,branch_comp,A>C>B,1,5,A>B>C>D>E,0,600,1,1.0,1.0,1.0,0,0,2,27,0.03461538461538462,0,601,601,0,0,0,0,0,0.0,0.0,0,0,0,0,0,0.0,0,0,0,0,0,0,0,0,0,0,0,0,0.695516728003586,0.7740129464116425,0.6678321678321678,0.1863254973345917,0.8776348085868811,0.2580394087325322,1.0,0.17657342657342656,0.5087412587412588,0.23076923076923078,0.19667832167832167,0.034090909090909116,3.2422000000000053,0,0,0,0.0,0.0,none,0.0,0.0,0.0,0,0,0,1,0,,
confirmation,30000,self_relevant,passive_only,actual,"11,4,5,8,6",5,ring,m3,m2,p4>p2>p3,3,branch_comp,A>C>B,1,5,A>B>C>D>E,0,600,1,1.0,1.0,1.0,0,0,0,0,0.0,0,601,601,0,0,0,0,0,0.0,0.0,0,0,0,0,0,0.0,0,0,0,0,0,0,0,0,0,0,0,0,0.8716346293981656,0.8911888376768659,0.5769230769230769,0.011111241469760955,0.35366840538706573,0.28957080461966533,1.0,0.0,0.3723776223776224,0.11888111888111888,0.15646853146853146,-0.03758741258741258,2.909200000000006,0,0,0,0.0,0.0,none,0.0,0.0,0.0,0,0,0,0,0,,
confirmation,30001,neutral,no_bridge_validation,actual,"1,0,6,8,7,11",6,chain,m2,m0,p1>p0>p1>p5,4,context_comp,A>B>A>C,1,7,A>B>C>D>E>F>X,0,600,1,1.0,1.0,0.8333333333333334,1,1,4,49,0.0175,1,285,601,0,1,0,1,1,0.9756525256058897,0.0011462739117043136,44,1,0,0,0,0.0,0,0,0,0,0,0,0,0,0,1,1,1,0.6458172656402932,0.8012513296588852,0.6625874125874126,0.5169171099491057,0.9071313708817413,0.5326201878296486,1.0,0.22552447552447552,0.7263986013986014,0.9545454545454546,0.09965034965034965,0.8548951048951049,3.727500000000015,0,0,0,0.0,0.0,none,0.0,0.0,0.0,0,0,0,1,0,,
confirmation,30001,neutral,no_null,actual,"1,0,6,8,7,11",6,chain,m2,m0,p1>p0>p1>p5,4,context_comp,A>B>A>C,1,7,A>B>C>D>E>F>X,0,600,1,1.0,1.0,0.8333333333333334,0,0,4,49,0.0175,0,601,601,0,0,0,0,0,0.0,0.0,0,0,1,0,0,0.00019707776721400536,0,0,0,0,0,0,0,0,0,1,0,1,0.6437500392762083,0.7994341368082124,0.666083916083916,0.5168878253000767,0.9055268322096337,0.5323300916585427,1.0,0.22552447552447552,0.7263986013986014,0.9527972027972028,0.09999999999999999,0.8527972027972028,3.7840000000000167,0,0,0,0.0,0.0,none,0.0,0.0,0.0,0,0,0,1,0,,
confirmation,30001,neutral,no_null_no_validation,actual,"1,0,6,8,7,11",6,chain,m2,m0,p1>p0>p1>p5,4,context_comp,A>B>A>C,1,7,A>B>C>D>E>F>X,0,600,1,1.0,1.0,0.8333333333333334,0,0,4,49,0.0175,1,275,275,1,0,0,0,0,0.9017295918326923,0.002610846480870344,44,1,0,1,1,0.0,1,1,1,1,1,1,1,1,0,0,0,0,0.6464431078510359,0.8027673258218279,0.6678321678321678,0.537575551014762,0.9010139294226328,0.5567022108882648,1.0,0.22727272727272727,0.7263986013986014,0.958041958041958,0.09895104895104895,0.8590909090909091,3.7932000000000166,0,0,0,0.0,0.0,none,0.0,0.0,0.0,0,0,0,1,0,,
confirmation,30001,self_relevant,correlation_self_model,actual,"1,0,6,8,7,11",6,chain,m2,m0,p1>p0>p1>p5,4,context_comp,A>B>A>C,1,7,A>B>C>D>E>F>X,0,600,1,1.0,0.4166666666666667,0.8333333333333334,1,1,4,49,0.0175,1,337,601,0,1,1,1,0,0.976073762167549,0.0014768630799515963,59,1,0,0,0,0.0,0,0,0,0,0,0,0,0,0,0,0,0,0.803996678267077,0.837667324594665,0.6608391608391608,0.06103255979091425,0.16753078006833932,0.45997000264042254,1.0,0.22552447552447552,0.2674825174825175,0.10664335664335664,0.08566433566433566,0.020979020979020976,3.7275000000000147,0,0,0,0.0,0.0,none,0.0,0.0,0.0,0,0,0,1,0,,
confirmation,30001,self_relevant,pair_limited,actual,"1,0,6,8,7,11",6,chain,m2,m0,p1>p0>p1>p5,4,context_comp,A>B>A>C,1,7,A>B>C>D>E>F>X,0,600,1,1.0,1.0,0.8333333333333334,0,0,2,35,0.0125,0,601,601,0,0,0,0,0,0.0,0.0,0,0,0,0,0,0.0,0,0,0,0,0,0,0,0,0,0,0,0,0.7552023890582595,0.8140363654304981,0.6013986013986014,0.0661033951279589,0.49599599861425214,0.2646873067494115,1.0,0.19755244755244755,0.5,0.08916083916083917,0.18216783216783217,-0.093006993006993,3.2326000000000046,0,0,0,0.0,0.0,none,0.0,0.0,0.0,0,0,0,1,0,,
confirmation,30001,self_relevant,passive_only,actual,"1,0,6,8,7,11",6,chain,m2,m0,p1>p0>p1>p5,4,context_comp,A>B>A>C,1,7,A>B>C>D>E>F>X,0,600,1,1.0,1.0,0.8333333333333334,0,0,0,0,0.0,0,601,601,0,0,0,0,0,0.0,0.0,0,0,1,0,0,0.0007561045980201741,0,0,0,0,0,0,0,0,0,0,0,0,0.7556522991032524,0.8091322279717326,0.6678321678321678,0.37510677800477454,0.899716531174599,0.3668084298148208,1.0,0.1660839160839161,0.7263986013986014,0.548951048951049,0.18076923076923077,0.36818181818181817,2.9580000000000073,0,0,0,0.0,0.0,none,0.0,0.0,0.0,0,0,0,0,0,,
confirmation,30002,neutral,no_bridge_validation,actual,"7,13,2,11,1",5,dense,m2,m1,p3>p6>p1,3,branch_comp,A>C>B,1,5,A>B>C>D>E,0,600,1,1.0,1.0,1.0,1,1,4,41,0.052564102564102565,1,269,601,0,1,0,1,1,0.8571676432627243,-0.005660275556417905,42,1,0,0,0,0.0,0,0,0,0,0,0,0,0,0,1,1,1,0.6829166226126352,0.7798216858321444,0.6573426573426573,0.40864246870203724,0.9031587131094477,0.3988780591097475,1.0,0.21153846153846154,0.5515734265734266,0.791958041958042,0.0777972027972028,0.7141608391608392,3.5489000000000193,0,0,0,0.0,0.0,none,0.0,0.0,0.0,0,0,0,1,0,,
confirmation,30002,neutral,no_null,actual,"7,13,2,11,1",5,dense,m2,m1,p3>p6>p1,3,branch_comp,A>C>B,1,5,A>B>C>D>E,0,600,1,1.0,1.0,1.0,0,0,4,41,0.052564102564102565,0,601,601,0,0,0,0,0,0.0,0.0,0,0,1,0,0,5.000208709022401e-05,0,0,0,0,0,0,0,0,0,1,0,1,0.682785089561733,0.778664543323147,0.6503496503496503,0.4109798490942009,0.9038448230910556,0.40073356798366166,1.0,0.2097902097902098,0.5506993006993007,0.7867132867132867,0.07867132867132867,0.708041958041958,3.5927500000000214,0,0,0,0.0,0.0,none,0.0,0.0,0.0,0,0,0,1,0,,
confirmation,30002,neutral,no_null_no_validation,actual,"7,13,2,11,1",5,dense,m2,m1,p3>p6>p1,3,branch_comp,A>C>B,1,5,A>B>C>D>E,0,600,1,1.0,1.0,1.0,1,1,4,41,0.052564102564102565,1,263,263,1,0,0,1,0,0.8571676432627243,-0.005660275556417905,42,1,0,1,1,0.0,1,1,1,1,1,1,1,1,0,0,0,0,0.6840840833953303,0.7806028657261987,0.666083916083916,0.41796921318240715,0.8870146146481634,0.4248944102977893,1.0,0.21328671328671328,0.5533216783216783,0.7814685314685315,0.08129370629370629,0.7001748251748252,3.609850000000022,0,0,0,0.0,0.0,none,0.0,0.0,0.0,0,0,0,1,0,,
confirmation,30002,self_relevant,correlation_self_model,actual,"7,13,2,11,1",5,dense,m2,m1,p3>p6>p1,3,branch_comp,A>C>B,1,5,A>B>C>D>E,0,600,1,1.0,0.4166666666666667,1.0,1,1,4,42,0.05384615384615385,1,279,601,0,1,1,1,0,0.8550548707590665,0.00116199621396792,48,1,0,0,0,0.0,0,0,0,0,0,0,0,0,0,0,0,0,0.7963940406585646,0.8211973929372928,0.6608391608391608,0.024496971461723367,0.17861396225249632,0.24669575392359466,1.0,0.21328671328671328,0.21503496503496503,0.10839160839160839,0.08041958041958042,0.02797202797202797,3.5538500000000197,0,0,0,0.0,0.0,none,0.0,0.0,0.0,0,0,0,1,0,,
confirmation,30002,self_relevant,pair_limited,actual,"7,13,2,11,1",5,dense,m2,m1,p3>p6>p1,3,branch_comp,A>C>B,1,5,A>B>C>D>E,0,600,1,1.0,1.0,1.0,0,0,2,27,0.03461538461538462,0,601,601,0,0,0,0,0,0.0,0.0,0,0,0,0,0,0.0,0,0,0,0,0,0,0,0,0,0,0,0,0.8592394634802903,0.8766050841673664,0.5681818181818182,0.1461152936358299,0.7196710797675122,0.34979952843209156,1.0,0.17657342657342656,0.4729020979020979,0.1888111888111888,0.18924825174825177,-0.00043706293706297084,3.2002000000000046,0,0,0,0.0,0.0,none,0.0,0.0,0.0,0,0,0,1,0,,
confirmation,30002,self_relevant,passive_only,actual,"7,13,2,11,1",5,dense,m2,m1,p3>p6>p1,3,branch_comp,A>C>B,1,5,A>B>C>D>E,0,600,1,1.0,1.0,1.0,0,0,0,0,0.0,0,601,601,0,0,0,0,0,0.0,0.0,0,0,1,0,0,0.0015587998026462934,0,0,0,0,0,0,0,0,0,0,0,0,0.7337800558270753,0.7831886914702064,0.6713286713286714,0.20317679504675235,0.9213209721433006,0.31816827283699034,1.0,0.16783216783216784,0.5314685314685315,0.2097902097902098,0.21328671328671328,-0.003496503496503489,7.301200000000053,0,0,0,0.0,0.0,none,0.0,0.0,0.0,0,0,0,0,0,,
confirmation,30003,neutral,no_bridge_validation,actual,"9,12,10,6,13,5",6,ring,m3,m2,p1>p3>p1>p7,4,context_comp,A>B>A>C,1,7,A>B>C>D>E>F>X,1,600,1,1.0,0.8571428571428571,1.0,0,0,4,49,0.0175,1,287,601,0,1,0,0,1,0.979209912675132,-0.007125041785297228,42,1,0,0,0,0.0,0,0,0,0,0,0,0,0,0,1,1,1,0.5980816388265574,0.7864626343828417,0.6573426573426573,0.3032055720863731,0.8381923390865023,0.27339530486014085,1.0,0.1853146853146853,0.5236013986013986,0.7342657342657343,0.06258741258741259,0.6716783216783216,3.750600000000016,0,0,0,0.0,0.0,none,0.0,0.0,0.0,0,0,0,1,0,,
confirmation,30003,neutral,no_null,actual,"9,12,10,6,13,5",6,ring,m3,m2,p1>p3>p1>p7,4,context_comp,A>B>A>C,1,7,A>B>C>D>E>F>X,1,600,1,1.0,0.8571428571428571,1.0,0,0,4,49,0.0175,0,601,601,0,0,0,0,0,0.0,0.0,0,0,1,0,0,0.0,0,0,0,0,0,0,0,0,0,1,0,1,0.5841749267079626,0.7798112774940615,0.6678321678321678,0.3029212111415435,0.8366302617048889,0.2749301172591487,1.0,0.1888111888111888,0.5270979020979021,0.7412587412587412,0.06258741258741259,0.6786713286713286,3.807100000000017,0,0,0,0.0,0.0,none,0.0,0.0,0.0,0,0,0,1,0,,
confirmation,30003,neutral,no_null_no_validation,actual,"9,12,10,6,13,5",6,ring,m3,m2,p1>p3>p1>p7,4,context_comp,A>B>A>C,1,7,A>B>C>D>E>F>X,1,600,1,1.0,0.8571428571428571,1.0,0,0,4,49,0.0175,1,281,281,1,0,0,0,0,0.979209912675132,-0.007125041785297228,42,1,0,1,1,0.0,1,1,1,1,1,1,1,1,0,0,0,0,0.5933301918348712,0.7867218896730604,0.6625874125874126,0.32003336023706935,0.8262039432831477,0.3090779987123096,1.0,0.18706293706293706,0.5297202797202797,0.7972027972027972,0.05244755244755245,0.7447552447552448,3.8086000000000175,0,0,0,0.0,0.0,none,0.0,0.0,0.0,0,0,0,1,0,,
confirmation,30003,self_relevant,correlation_self_model,actual,"9,12,10,6,13,5",6,ring,m3,m2,p1>p3>p1>p7,4,context_comp,A>B>A>C,1,7,A>B>C>D>E>F>X,1,600,1,1.0,0.5,1.0,0,0,4,49,0.0175,1,292,601,0,1,1,0,0,0.9743951466618523,-0.004688474995902071,44,1,0,0,0,0.0,0,0,0,0,0,0,0,0,0,0,0,0,0.7707904737935785,0.8236546644558626,0.6608391608391608,0.12308214814505364,0.4236674134109258,0.18806089964243355,1.0,0.18706293706293706,0.32604895104895104,0.1993006993006993,0.09055944055944055,0.10874125874125874,3.7506000000000155,0,0,0,0.0,0.0,none,0.0,0.0,0.0,0,0,0,1,0,,
confirmation,30003,self_relevant,pair_limited,actual,"9,12,10,6,13,5",6,ring,m3,m2,p1>p3>p1>p7,4,context_comp,A>B>A>C,1,7,A>B>C>D>E>F>X,1,600,1,1.0,0.8571428571428571,1.0,0,0,2,35,0.0125,0,601,601,0,0,0,0,0,0.0,0.0,0,0,0,0,0,0.0,0,0,0,0,0,0,0,0,0,0,0,0,0.7336289267268893,0.8092112603370248,0.6678321678321678,0.22505381122923918,0.8055246362192964,0.21883109588380933,1.0,0.17657342657342656,0.5096153846153846,0.4370629370629371,0.11643356643356643,0.32062937062937064,3.257800000000006,0,0,0,0.0,0.0,none,0.0,0.0,0.0,0,0,0,1,0,,
confirmation,30003,self_relevant,passive_only,actual,"9,12,10,6,13,5",6,ring,m3,m2,p1>p3>p1>p7,4,context_comp,A>B>A>C,1,7,A>B>C>D>E>F>X,1,600,1,1.0,0.8571428571428571,1.0,0,0,0,0,0.0,0,601,601,0,0,0,0,0,0.0,0.0,0,0,1,0,0,0.0007188996613577556,0,0,0,0,0,0,0,0,0,0,0,0,0.8722648336542924,0.8938447113886071,0.6153846153846154,0.027084659952261038,0.5892636749716487,0.27247892016721215,1.0,0.0,0.38986013986013984,0.09615384615384616,0.13671328671328672,-0.040559440559440565,3.2508000000000212,0,0,0,0.0,0.0,none,0.0,0.0,0.0,0,0,0,0,0,,
confirmation,30004,neutral,no_bridge_validation,actual,"11,9,12,0,4",5,chain,m1,m0,p7>p1>p4,3,branch_comp,A>C>B,1,5,A>B>C>D>E,0,600,1,1.0,1.0,0.8,0,0,4,41,0.052564102564102565,1,284,601,0,1,0,0,1,0.8016727598680468,-0.0013956222661233864,46,1,0,0,0,0.0,0,0,0,0,0,0,0,0,0,1,1,1,0.6098110822727917,0.745465035953145,0.6573426573426573,0.36937919675951053,0.8615273795668082,0.4039113188988702,1.0,0.1853146853146853,0.840034965034965,0.7412587412587412,0.23470279720279721,0.5065559440559441,3.5489000000000193,0,0,0,0.0,0.0,none,0.0,0.0,0.0,0,0,0,1,0,,
confirmation,30004,neutral,no_null,actual,"11,9,12,0,4",5,chain,m1,m0,p7>p1>p4,3,branch_comp,A>C>B,1,5,A>B>C>D>E,0,600,1,1.0,1.0,0.8,0,0,4,41,0.052564102564102565,0,601,601,0,0,0,0,0,0.0,0.0,0,0,1,0,0,0.0002599031647089331,0,0,0,0,0,0,0,0,0,1,0,1,0.6077075454151225,0.7447213938342948,0.6538461538461539,0.37177952331827374,0.867599144157465,0.4050856904715484,1.0,0.1853146853146853,0.8382867132867133,0.7377622377622378,0.23470279720279721,0.5030594405594406,3.597700000000021,0,0,0,0.0,0.0,none,0.0,0.0,0.0,0,0,0,1,0,,
confirmation,30004,neutral,no_null_no_validation,actual,"11,9,12,0,4",5,chain,m1,m0,p7>p1>p4,3,branch_comp,A>C>B,1,5,A>B>C>D>E,0,600,1,1.0,1.0,0.8,1,1,4,41,0.052564102564102565,1,278,278,1,0,0,1,0,0.7276521012333872,-0.007007840178288301,45,1,0,1,1,0.0,1,1,1,1,1,1,1,1,0,0,0,0,0.6077178416431368,0.7457127072074984,0.6643356643356644,0.38679435188123934,0.8590337950600401,0.4266861377105869,1.0,0.18706293706293706,0.847027972027972,0.756993006993007,0.23426573426573427,0.5227272727272727,3.6098500000000215,0,0,0,0.0,0.0,none,0.0,0.0,0.0,0,0,0,1,0,,
confirmation,30004,self_relevant,correlation_self_model,actual,"11,9,12,0,4",5,chain,m1,m0,p7>p1>p4,3,branch_comp,A>C>B,1,5,A>B>C>D>E,0,600,1,1.0,0.4,0.8,1,1,4,41,0.052564102564102565,1,264,264,1,0,0,1,1,0.722980469913787,0.005711316732293938,46,1,1,1,0,0.025525928197125732,1,1,0,1,1,1,1,1,0,0,0,1,0.8303181505003148,0.8691646136539587,0.6608391608391608,0.08953219925339509,0.23900716442002098,0.30802765397913445,1.0,0.18706293706293706,0.29545454545454547,0.12412587412587413,0.11669580419580419,0.007430069930069935,3.634250000000023,0,0,0,0.0,0.0,none,0.0,0.0,0.0,0,0,0,1,0,,
confirmation,30004,self_relevant,pair_limited,actual,"11,9,12,0,4",5,chain,m1,m0,p7>p1>p4,3,branch_comp,A>C>B,1,5,A>B>C>D>E,0,600,1,1.0,1.0,0.8,0,0,2,27,0.03461538461538462,0,601,601,0,0,0,0,0,0.0,0.0,0,0,0,0,0,0.0,0,0,0,0,0,0,0,0,0,0,0,0,0.6579915064981423,0.7885263274031343,0.6713286713286714,0.30413308926976546,0.8153037835888793,0.3376787059571128,1.0,0.17657342657342656,0.7561188811188811,0.4597902097902098,0.2631118881118881,0.19667832167832167,3.2422000000000053,0,0,0,0.0,0.0,none,0.0,0.0,0.0,0,0,0,1,0,,
confirmation,30004,self_relevant,passive_only,actual,"11,9,12,0,4",5,chain,m1,m0,p7>p1>p4,3,branch_comp,A>C>B,1,5,A>B>C>D>E,0,600,1,1.0,1.0,0.8,0,0,0,0,0.0,0,601,601,0,0,0,0,0,0.0,0.0,0,0,0,0,0,0.0,0,0,0,0,0,0,0,0,0,0,0,0,0.8725351154046667,0.8956500722162513,0.6153846153846154,0.03647244310101012,0.35462285992357956,0.272799060796934,1.0,0.0,0.6293706293706294,0.19055944055944055,0.26704545454545453,-0.07648601398601398,2.909200000000006,0,0,0,0.0,0.0,none,0.0,0.0,0.0,0,0,0,0,0,,
confirmation,30005,neutral,no_bridge_validation,actual,"6,13,8,4,0,9",6,dense,m0,m2,p4>p2>p4>p1,4,context_comp,A>B>A>C,1,7,A>B>C>D>E>F>X,0,600,1,1.0,1.0,1.0,0,0,4,49,0.0175,1,301,601,0,1,0,0,1,0.9804172422872078,-0.002146053030287192,45,1,0,0,0,0.0,0,0,0,0,0,0,0,0,0,1,1,1,0.6092081455907148,0.7563777705351035,0.6695804195804196,0.4494457278211399,0.8724595886927163,0.43547744202480826,1.0,0.1888111888111888,0.583041958041958,0.7692307692307693,0.07937062937062937,0.6898601398601399,3.7583000000000153,0,0,0,0.0,0.0,none,0.0,0.0,0.0,0,0,0,1,0,,
confirmation,30005,neutral,no_null,actual,"6,13,8,4,0,9",6,dense,m0,m2,p4>p2>p4>p1,4,context_comp,A>B>A>C,1,7,A>B>C>D>E>F>X,0,600,1,1.0,1.0,1.0,0,0,4,49,0.0175,0,601,601,0,0,0,0,0,0.0,0.0,0,0,1,0,0,0.0008104229120630234,0,0,0,0,0,0,0,0,0,1,0,1,0.6088179255377719,0.7557727017033313,0.6730769230769231,0.4450400631160246,0.8772774990433203,0.4289846176619109,1.0,0.1888111888111888,0.5821678321678322,0.7604895104895105,0.08076923076923077,0.6797202797202797,3.8148000000000164,0,0,0,0.0,0.0,none,0.0,0.0,0.0,0,0,0,1,0,,
confirmation,30005,neutral,no_null_no_validation,actual,"6,13,8,4,0,9",6,dense,m0,m2,p4>p2>p4>p1,4,context_comp,A>B>A>C,1,7,A>B>C>D>E>F>X,0,600,1,1.0,1.0,1.0,1,1,4,49,0.0175,1,295,295,1,0,0,1,0,0.9031015337575511,-0.004196716562146101,44,1,0,1,1,0.0,1,1,1,1,1,1,1,1,0,0,0,0,0.6127281081351889,0.7623144604357259,0.6643356643356644,0.44753305170376245,0.8193230272324168,0.4410369596589721,1.0,0.18706293706293706,0.5812937062937062,0.756993006993007,0.08111888111888112,0.6758741258741259,3.816300000000016,0,0,0,0.0,0.0,none,0.0,0.0,0.0,0,0,0,1,0,,
confirmation,30005,self_relevant,correlation_self_model,actual,"6,13,8,4,0,9",6,dense,m0,m2,p4>p2>p4>p1,4,context_comp,A>B>A>C,1,7,A>B>C>D>E>F>X,0,600,1,1.0,0.6666666666666666,1.0,0,0,4,49,0.0175,1,286,601,0,1,1,0,0,0.9834906643880189,-0.0060804055043004925,42,1,0,0,0,0.0,0,0,0,0,0,0,0,0,0,0,0,0,0.7956254822523005,0.829032204542985,0.6590909090909091,0.07338933847691709,0.43974453653493356,0.33104385150677385,1.0,0.1853146853146853,0.30856643356643354,0.10839160839160839,0.10174825174825175,0.006643356643356635,3.7506000000000155,0,0,0,0.0,0.0,none,0.0,0.0,0.0,0,0,0,1,0,,
confirmation,30005,self_relevant,pair_limited,actual,"6,13,8,4,0,9",6,dense,m0,m2,p4>p2>p4>p1,4,context_comp,A>B>A>C,1,7,A>B>C>D>E>F>X,0,600,1,1.0,1.0,1.0,0,0,2,35,0.0125,0,601,601,0,0,0,0,0,0.0,0.0,0,0,0,0,0,0.0,0,0,0,0,0,0,0,0,0,0,0,0,0.8108930262758323,0.8336005528342348,0.6363636363636364,0.19539517488630542,0.6230340385391415,0.3302390747105646,1.0,0.16958041958041958,0.46853146853146854,0.2692307692307692,0.13356643356643358,0.13566433566433564,3.246600000000007,0,0,0,0.0,0.0,none,0.0,0.0,0.0,0,0,0,1,0,,
confirmation,30005,self_relevant,passive_only,actual,"6,13,8,4,0,9",6,dense,m0,m2,p4>p2>p4>p1,4,context_comp,A>B>A>C,1,7,A>B>C>D>E>F>X,0,600,1,1.0,1.0,1.0,0,0,0,0,0.0,0,601,601,0,0,0,0,0,0.0,0.0,0,0,1,0,0,0.0002387478833970937,0,0,0,0,0,0,0,0,0,0,0,0,0.6996002729253261,0.8018426532724142,0.5751748251748252,0.23699818267183104,0.5696307959204416,0.33409496502673774,1.0,0.1451048951048951,0.4833916083916084,0.34615384615384615,0.12412587412587413,0.22202797202797203,2.9580000000000073,0,0,0,0.0,0.0,none,0.0,0.0,0.0,0,0,0,0,0,,
confirmation,30006,neutral,no_bridge_validation,actual,"7,2,6,3,10",5,ring,m3,m2,p1>p2>p4,3,branch_comp,A>C>B,1,5,A>B>C>D>E,0,600,1,1.0,0.8333333333333334,1.0,1,1,4,41,0.052564102564102565,1,265,265,1,0,0,1,0,0.7334912642438882,0.004285825591216586,48,1,0,1,1,0.0,1,1,1,1,1,1,0,0,0,0,0,0,0.7451727884848754,0.8051275692838848,0.666083916083916,0.3897626247499292,0.7553439789406692,0.38184372964839536,1.0,0.18706293706293706,0.534965034965035,0.8216783216783217,0.062062937062937064,0.7596153846153846,3.609850000000022,0,0,0,0.0,0.0,none,0.0,0.0,0.0,0,0,0,1,0,,
confirmation,30006,neutral,no_null,actual,"7,2,6,3,10",5,ring,m3,m2,p1>p2>p4,3,branch_comp,A>C>B,1,5,A>B>C>D>E,0,600,1,1.0,0.8333333333333334,1.0,0,0,4,41,0.052564102564102565,0,601,601,0,0,0,0,0,0.0,0.0,0,0,1,0,0,0.0007678723247479986,0,0,0,0,0,0,0,0,0,1,0,1,0.7434705373372914,0.8008023630034282,0.6573426573426573,0.38313245736006074,0.7625497165082925,0.3725052884112793,1.0,0.1853146853146853,0.5393356643356644,0.8094405594405595,0.0673076923076923,0.7421328671328672,3.5977000000000214,0,0,0,0.0,0.0,none,0.0,0.0,0.0,0,0,0,1,0,,
confirmation,30006,neutral,no_null_no_validation,actual,"7,2,6,3,10",5,ring,m3,m2,p1>p2>p4,3,branch_comp,A>C>B,1,5,A>B>C>D>E,0,600,1,1.0,0.8333333333333334,1.0,0,0,4,41,0.052564102564102565,1,260,260,1,0,0,0,0,0.8707843564752569,-0.0024695397324134816,42,1,0,1,1,0.0,1,1,1,1,1,1,1,1,0,0,0,0,0.7450841391188071,0.8053383680371384,0.6573426573426573,0.3665691061761596,0.7412431567987573,0.3878065151804175,1.0,0.1853146853146853,0.541958041958042,0.777972027972028,0.07648601398601398,0.7014860139860141,3.604900000000022,0,0,0,0.0,0.0,none,0.0,0.0,0.0,0,0,0,1,0,,
confirmation,30006,self_relevant,correlation_self_model,actual,"7,2,6,3,10",5,ring,m3,m2,p1>p2>p4,3,branch_comp,A>C>B,1,5,A>B>C>D>E,0,600,1,1.0,0.4166666666666667,1.0,0,0,4,41,0.052564102564102565,1,287,601,0,1,1,0,0,0.8657719435792918,-0.0009346888451171947,50,1,0,0,0,0.0,0,0,0,0,0,0,0,0,0,0,0,0,0.7977446415666125,0.827674886975401,0.6643356643356644,0.0653195407635198,0.21575626183467864,0.2066672357090907,1.0,0.18706293706293706,0.2298951048951049,0.12062937062937062,0.08479020979020979,0.03583916083916083,3.5538500000000197,0,0,0,0.0,0.0,none,0.0,0.0,0.0,0,0,0,1,0,,
confirmation,30006,self_relevant,pair_limited,actual,"7,2,6,3,10",5,ring,m3,m2,p1>p2>p4,3,branch_comp,A>C>B,1,5,A>B>C>D>E,0,600,1,1.0,0.8333333333333334,1.0,0,0,2,27,0.03461538461538462,0,601,601,0,0,0,0,0,0.0,0.0,0,0,0,0,0,0.0,0,0,0,0,0,0,0,0,0,0,0,0,0.867354786510783,0.8843563823277414,0.5506993006993007,0.22454422379115616,0.6656566753769163,0.267740872384285,1.0,0.1451048951048951,0.4632867132867133,0.4195804195804196,0.12674825174825174,0.2928321678321678,3.1946000000000105,0,0,0,0.0,0.0,none,0.0,0.0,0.0,0,0,0,1,0,,
confirmation,30006,self_relevant,passive_only,actual,"7,2,6,3,10",5,ring,m3,m2,p1>p2>p4,3,branch_comp,A>C>B,1,5,A>B>C>D>E,0,600,1,1.0,0.8333333333333334,1.0,0,0,0,0,0.0,0,601,601,0,0,0,0,0,0.0,0.0,0,0,1,0,0,0.0006413918111836748,0,0,0,0,0,0,0,0,0,0,0,0,0.8777874485679236,0.8929860464203484,0.548951048951049,0.01634293461279297,0.1482752833092173,0.30968581371945947,1.0,0.0,0.2718531468531469,0.11538461538461539,0.10708041958041958,0.008304195804195807,3.153200000000017,0,0,0,0.0,0.0,none,0.0,0.0,0.0,0,0,0,0,0,,
confirmation,30007,neutral,no_bridge_validation,actual,"3,1,8,13,4,12",6,chain,m1,m0,p3>p5>p3>p6,4,context_comp,A>B>A>C,1,7,A>B>C>D>E>F>X,1,600,1,1.0,0.8333333333333334,0.8333333333333334,0,0,4,49,0.0175,1,286,601,0,1,0,0,1,0.8902889015862071,-0.005164329862851879,43,1,0,0,0,0.0,0,0,0,0,0,0,0,0,0,1,1,1,0.6964118215406322,0.7928538462408223,0.6573426573426573,0.44082944775265726,0.8504488304323127,0.437929967055621,1.0,0.1853146853146853,0.625,0.8741258741258742,0.07517482517482517,0.798951048951049,3.750600000000016,0,0,0,0.0,0.0,none,0.0,0.0,0.0,0,0,0,1,0,,
confirmation,30007,neutral,no_null,actual,"3,1,8,13,4,12",6,chain,m1,m0,p3>p5>p3>p6,4,context_comp,A>B>A>C,1,7,A>B>C>D>E>F>X,1,600,1,1.0,0.8333333333333334,0.8333333333333334,0,0,4,49,0.0175,0,601,601,0,0,0,0,0,0.0,0.0,0,0,1,0,0,0.0002599031647089331,0,0,0,0,0,0,0,0,0,1,0,1,0.6958300795540427,0.7919102305322787,0.666083916083916,0.4393297940932473,0.8483751215390171,0.43321299144258574,1.0,0.1888111888111888,0.625,0.8653846153846154,0.07692307692307693,0.7884615384615385,3.807100000000017,0,0,0,0.0,0.0,none,0.0,0.0,0.0,0,0,0,1,0,,
confirmation,30007,neutral,no_null_no_validation,actual,"3,1,8,13,4,12",6,chain,m1,m0,p3>p5>p3>p6,4,context_comp,A>B>A>C,1,7,A>B>C>D>E>F>X,1,600,1,1.0,0.8333333333333334,0.8333333333333334,0,0,4,49,0.0175,1,282,282,1,0,0,0,0,0.8902889015862071,-0.005164329862851879,43,1,0,1,1,0.0,1,1,1,1,1,1,1,1,0,0,0,0,0.7002626991048633,0.7970841008609181,0.6608391608391608,0.453058772575274,0.8494229276348629,0.45143144867064294,1.0,0.18706293706293706,0.6267482517482518,0.8776223776223776,0.07517482517482517,0.8024475524475524,3.808600000000017,0,0,0,0.0,0.0,none,0.0,0.0,0.0,0,0,0,1,0,,
confirmation,30007,self_relevant,correlation_self_model,actual,"3,1,8,13,4,12",6,chain,m1,m0,p3>p5>p3>p6,4,context_comp,A>B>A>C,1,7,A>B>C>D>E>F>X,1,600,1,1.0,0.14285714285714285,0.16666666666666666,1,1,4,49,0.0175,1,287,601,1,0,0,1,1,0.8381288676657764,0.0051060322731736425,46,1,1,1,0,0.03071984443978215,1,8,0,0,0,0,0,0,8,0,0,0,0.8525994103438895,0.884230279388888,0.6625874125874126,0.0017726366065891183,0.028992179554557296,0.2682764818353582,1.0,0.18706293706293706,0.2972027972027972,0.08741258741258741,0.10139860139860139,-0.013986013986013984,4.153800000000019,0,0,0,0.0,0.0,none,0.0,0.0,0.0,0,0,0,1,0,,
confirmation,30007,self_relevant,pair_limited,actual,"3,1,8,13,4,12",6,chain,m1,m0,p3>p5>p3>p6,4,context_comp,A>B>A>C,1,7,A>B>C>D>E>F>X,1,600,1,1.0,0.8333333333333334,0.8333333333333334,0,0,2,35,0.0125,0,601,601,0,0,0,0,0,0.0,0.0,0,0,0,0,0,0.0,0,0,0,0,0,0,0,0,0,0,0,0,0.7908198711847197,0.8291544905257183,0.6625874125874126,0.3932386584022059,0.8274452044344027,0.37153352418851415,1.0,0.17482517482517482,0.6101398601398601,0.6573426573426573,0.11258741258741259,0.5447552447552447,3.255000000000006,0,0,0,0.0,0.0,none,0.0,0.0,0.0,0,0,0,1,0,,
confirmation,30007,self_relevant,passive_only,actual,"3,1,8,13,4,12",6,chain,m1,m0,p3>p5>p3>p6,4,context_comp,A>B>A>C,1,7,A>B>C>D>E>F>X,1,600,1,1.0,0.8333333333333334,0.8333333333333334,0,0,0,0,0.0,0,601,601,0,0,0,0,0,0.0,0.0,0,0,1,0,0,0.0015587998026462934,0,0,0,0,0,0,0,0,0,0,0,0,0.870748240143311,0.8974238552109471,0.5157342657342657,0.08077031408224258,0.36504331141759766,0.31476092050776483,1.0,0.0,0.4020979020979021,0.16433566433566432,0.12797202797202797,0.03636363636363635,7.496400000000053,0,0,0,0.0,0.0,none,0.0,0.0,0.0,0,0,0,0,0,,
confirmation,30008,neutral,no_bridge_validation,actual,"7,3,10,9,4",5,dense,m1,m2,p0>p6>p7,3,branch_comp,A>C>B,1,5,A>B>C>D>E,0,600,1,1.0,1.0,1.0,0,0,4,42,0.05384615384615385,1,264,601,0,1,0,0,1,0.8578453351635342,-0.00013301954308797944,42,1,0,0,0,0.0,0,0,0,0,0,0,0,0,0,1,1,1,0.7266993320117497,0.7979399496953581,0.6730769230769231,0.5674734377907279,0.9625870001770511,0.5623377817009226,1.0,0.1888111888111888,0.5743006993006993,0.8986013986013986,0.0625,0.8361013986013986,3.55880000000002,0,0,0,0.0,0.0,none,0.0,0.0,0.0,0,0,0,1,0,,
confirmation,30008,neutral,no_null,actual,"7,3,10,9,4",5,dense,m1,m2,p0>p6>p7,3,branch_comp,A>C>B,1,5,A>B>C>D>E,0,600,1,1.0,1.0,1.0,0,0,4,42,0.05384615384615385,0,601,601,0,0,0,0,0,0.0,0.0,0,0,1,0,0,2.315699969704348e-05,0,0,0,0,0,0,0,0,0,1,0,1,0.7285286001410762,0.7994328379732702,0.6486013986013986,0.5640697123860379,0.9612536822980902,0.5586681899963694,1.0,0.18181818181818182,0.5743006993006993,0.8968531468531469,0.06293706293706293,0.833916083916084,3.592750000000022,0,0,0,0.0,0.0,none,0.0,0.0,0.0,0,0,0,1,0,,
confirmation,30008,neutral,no_null_no_validation,actual,"7,3,10,9,4",5,dense,m1,m2,p0>p6>p7,3,branch_comp,A>C>B,1,5,A>B>C>D>E,0,600,1,1.0,1.0,1.0,0,0,4,42,0.05384615384615385,1,259,259,1,0,0,0,0,0.8578453351635342,-0.00013301954308797944,42,1,0,1,1,0.0,1,1,1,1,1,1,1,1,0,0,0,0,0.7393216012202418,0.8047553197044376,0.6381118881118881,0.6270558186943815,0.9561588506901103,0.6287115173693915,1.0,0.18006993006993008,0.5743006993006993,0.9108391608391608,0.05944055944055944,0.8513986013986014,3.5900500000000224,0,0,0,0.0,0.0,none,0.0,0.0,0.0,0,0,0,1,0,,
confirmation,30008,self_relevant,correlation_self_model,actual,"7,3,10,9,4",5,dense,m1,m2,p0>p6>p7,3,branch_comp,A>C>B,1,5,A>B>C>D>E,0,600,1,1.0,0.5,1.0,1,1,4,41,0.052564102564102565,1,267,267,1,0,0,1,1,0.7160711413500902,0.006010537379494795,48,1,1,1,0,0.026386928291184355,1,1,0,1,1,1,1,1,0,0,0,1,0.8545220617132215,0.8801104015341832,0.6573426573426573,0.11345494659287693,0.22055651409273225,0.25554882995278605,1.0,0.1853146853146853,0.25524475524475526,0.16783216783216784,0.08566433566433566,0.08216783216783217,3.629300000000023,0,0,0,0.0,0.0,none,0.0,0.0,0.0,0,0,0,1,0,,
confirmation,30008,self_relevant,pair_limited,actual,"7,3,10,9,4",5,dense,m1,m2,p0>p6>p7,3,branch_comp,A>C>B,1,5,A>B>C>D>E,0,600,1,1.0,1.0,1.0,0,0,2,27,0.03461538461538462,0,601,601,0,0,0,0,0,0.0,0.0,0,0,0,0,0,0.0,0,0,0,0,0,0,0,0,0,0,0,0,0.6878515543039466,0.7630016192868432,0.5681818181818182,0.37936498760899884,0.7917608256337559,0.41526937920017465,1.0,0.15034965034965034,0.48164335664335667,0.5646853146853147,0.09965034965034965,0.46503496503496505,3.20020000000001,0,0,0,0.0,0.0,none,0.0,0.0,0.0,0,0,0,1,0,,
confirmation,30008,self_relevant,passive_only,actual,"7,3,10,9,4",5,dense,m1,m2,p0>p6>p7,3,branch_comp,A>C>B,1,5,A>B>C>D>E,0,600,1,1.0,1.0,1.0,0,0,0,0,0.0,0,601,601,0,0,0,0,0,0.0,0.0,0,0,0,0,0,0.0,0,0,0,0,0,0,0,0,0,0,0,0,0.8715723337149529,0.8906754859411716,0.5104895104895105,0.05206614232606165,0.14292198279999682,0.41393209107170664,1.0,0.0,0.2526223776223776,0.1520979020979021,0.08828671328671328,0.06381118881118883,2.909200000000006,0,0,0,0.0,0.0,none,0.0,0.0,0.0,0,0,0,0,0,,
confirmation,30009,neutral,no_bridge_validation,actual,"13,4,12,1,2,11",6,ring,m0,m3,p6>p5>p6>p1,4,context_comp,A>B>A>C,1,7,A>B>C>D>E>F>X,0,600,1,1.0,0.8571428571428571,1.0,1,1,4,49,0.0175,1,288,601,0,1,0,1,1,0.8906442839104283,-0.005075415321000646,43,1,0,0,0,0.0,0,0,0,0,0,0,0,0,0,1,1,1,0.6725921966155721,0.8061760884559616,0.6608391608391608,0.3957173458730979,0.8103560252342744,0.4043876379019152,1.0,0.22377622377622378,0.5743006993006993,0.9213286713286714,0.045454545454545456,0.8758741258741259,3.750600000000016,0,0,0,0.0,0.0,none,0.0,0.0,0.0,0,0,0,1,0,,
confirmation,30009,neutral,no_null,actual,"13,4,12,1,2,11",6,ring,m0,m3,p6>p5>p6>p1,4,context_comp,A>B>A>C,1,7,A>B>C>D>E>F>X,0,600,1,1.0,0.8571428571428571,1.0,0,0,4,49,0.0175,0,601,601,0,0,0,0,0,0.0,0.0,0,0,1,0,0,0.0,0,0,0,0,0,0,0,0,0,1,0,1,0.6706872457083372,0.8046662715961489,0.6695804195804196,0.3954550272668293,0.8137535932565296,0.40121140872546657,1.0,0.22552447552447552,0.5734265734265734,0.9125874125874126,0.04685314685314686,0.8657342657342657,3.807100000000017,0,0,0,0.0,0.0,none,0.0,0.0,0.0,0,0,0,1,0,,
confirmation,30009,neutral,no_null_no_validation,actual,"13,4,12,1,2,11",6,ring,m0,m3,p6>p5>p6>p1,4,context_comp,A>B>A>C,1,7,A>B>C>D>E>F>X,0,600,1,1.0,0.8571428571428571,1.0,1,1,4,49,0.0175,1,283,283,1,0,0,1,0,0.8906442839104283,-0.0010529557402468009,44,1,0,1,1,0.0,1,1,1,1,1,1,1,1,0,0,0,0,0.6757700220131392,0.8089921668871414,0.6608391608391608,0.399123232748935,0.8109878254322538,0.4134820172032508,1.0,0.22377622377622378,0.576048951048951,0.8951048951048951,0.0513986013986014,0.8437062937062937,3.8086000000000175,0,0,0,0.0,0.0,none,0.0,0.0,0.0,0,0,0,1,0,,
confirmation,30009,self_relevant,correlation_self_model,actual,"13,4,12,1,2,11",6,ring,m0,m3,p6>p5>p6>p1,4,context_comp,A>B>A>C,1,7,A>B>C>D>E>F>X,0,600,1,1.0,0.36363636363636365,0.6666666666666666,1,1,4,49,0.0175,1,281,281,1,0,0,1,1,0.8998248051913519,0.004283650211625976,44,1,1,1,0,0.028975657685320608,1,1,0,1,1,1,1,1,0,0,0,1,0.8488868182214013,0.8804101095321032,0.6590909090909091,0.029634734372783012,0.08438037671556864,0.2863924789732457,1.0,0.22377622377622378,0.2928321678321678,0.10839160839160839,0.09545454545454546,0.012937062937062926,3.8330000000000184,0,0,0,0.0,0.0,none,0.0,0.0,0.0,0,0,0,1,0,,
confirmation,30009,self_relevant,pair_limited,actual,"13,4,12,1,2,11",6,ring,m0,m3,p6>p5>p6>p1,4,context_comp,A>B>A>C,1,7,A>B>C>D>E>F>X,0,600,1,1.0,0.8571428571428571,1.0,0,0,2,35,0.0125,0,601,601,0,0,0,0,0,0.0,0.0,0,0,0,0,0,0.0,0,0,0,0,0,0,0,0,0,0,0,0,0.7664795338343827,0.8272322249278634,0.6608391608391608,0.3535546957114554,0.771338700467631,0.3694001076163223,1.0,0.21153846153846154,0.5646853146853147,0.7762237762237763,0.07062937062937064,0.7055944055944057,3.255000000000006,0,0,0,0.0,0.0,none,0.0,0.0,0.0,0,0,0,1,0,,
confirmation,30009,self_relevant,passive_only,actual,"13,4,12,1,2,11",6,ring,m0,m3,p6>p5>p6>p1,4,context_comp,A>B>A>C,1,7,A>B>C>D>E>F>X,0,600,1,1.0,0.8571428571428571,1.0,0,0,0,0,0.0,0,601,601,0,0,0,0,0,0.0,0.0,0,0,0,0,0,0.0,0,0,0,0,0,0,0,0,0,0,0,0,0.7316618632696528,0.8049586062526638,0.666083916083916,0.33803637179937446,0.787710298391896,0.30713131369628094,1.0,0.16783216783216784,0.5681818181818182,0.6993006993006993,0.08741258741258741,0.6118881118881119,2.909200000000006,0,0,0,0.0,0.0,none,0.0,0.0,0.0,0,0,0,0,0,,
confirmation,30010,neutral,no_bridge_validation,actual,"2,4,13,5,0",5,chain,m1,m2,p4>p5>p0,3,branch_comp,A>C>B,1,5,A>B>C>D>E,0,600,1,1.0,0.7142857142857143,1.0,1,1,4,41,0.052564102564102565,1,266,266,1,0,0,1,0,0.7120095916506002,0.004110249235702036,48,1,0,1,1,0.0,1,1,1,1,1,1,1,1,0,0,0,0,0.6443246183966536,0.7756912759783695,0.6468531468531469,0.34435119615690896,0.5911721772821374,0.35857465479647443,1.0,0.18356643356643357,0.4370629370629371,0.6923076923076923,0.045454545454545456,0.6468531468531469,3.5999500000000224,0,0,0,0.0,0.0,none,0.0,0.0,0.0,0,0,0,1,0,,
confirmation,30010,neutral,no_null,actual,"2,4,13,5,0",5,chain,m1,m2,p4>p5>p0,3,branch_comp,A>C>B,1,5,A>B>C>D>E,0,600,1,1.0,0.7142857142857143,1.0,0,0,4,41,0.052564102564102565,0,601,601,0,0,0,0,0,0.0,0.0,0,0,1,0,0,0.0,0,0,0,0,0,0,0,0,0,1,0,1,0.6433044974379409,0.7733373270041122,0.6573426573426573,0.3327922555875,0.5890237725538333,0.3407604373826511,1.0,0.1853146853146853,0.4344405594405594,0.6888111888111889,0.04501748251748252,0.6437937062937064,3.597700000000022,0,0,0,0.0,0.0,none,0.0,0.0,0.0,0,0,0,1,0,,
confirmation,30010,neutral,no_null_no_validation,actual,"2,4,13,5,0",5,chain,m1,m2,p4>p5>p0,3,branch_comp,A>C>B,1,5,A>B>C>D>E,0,600,1,1.0,0.7142857142857143,1.0,0,0,4,41,0.052564102564102565,1,259,259,1,0,0,0,0,0.8586869680628437,-0.0004069832798130925,42,1,0,1,1,0.0,1,1,1,1,1,1,1,1,0,0,0,0,0.6436435259066602,0.7743636582724092,0.6555944055944056,0.34681117543989237,0.5771655043034625,0.3583714147940408,1.0,0.1853146853146853,0.43356643356643354,0.6748251748251748,0.04807692307692307,0.6267482517482517,3.6049000000000224,0,0,0,0.0,0.0,none,0.0,0.0,0.0,0,0,0,1,0,,
confirmation,30010,self_relevant,correlation_self_model,actual,"2,4,13,5,0",5,chain,m1,m2,p4>p5>p0,3,branch_comp,A>C>B,1,5,A>B>C>D>E,0,600,1,1.0,0.4166666666666667,1.0,0,0,4,41,0.052564102564102565,1,352,601,0,1,1,0,0,0.8590333504269767,0.00031897229206304524,67,1,0,0,0,0.0,0,0,0,0,0,0,0,0,0,0,0,0,0.7917572998924239,0.8338774680797026,0.6608391608391608,0.05564006545189184,0.17532200392247213,0.22302981365936161,1.0,0.1853146853146853,0.24825174825174826,0.12237762237762238,0.09353146853146854,0.02884615384615384,3.5538500000000197,0,0,0,0.0,0.0,none,0.0,0.0,0.0,0,0,0,1,0,,
confirmation,30010,self_relevant,pair_limited,actual,"2,4,13,5,0",5,chain,m1,m2,p4>p5>p0,3,branch_comp,A>C>B,1,5,A>B>C>D>E,0,600,1,1.0,0.7142857142857143,1.0,0,0,2,27,0.03461538461538462,0,601,601,0,0,0,0,0,0.0,0.0,0,0,0,0,0,0.0,0,0,0,0,0,0,0,0,0,0,0,0,0.7395648492642724,0.7917603872121807,0.666083916083916,0.24313218933276398,0.5047031352374521,0.3229588999866014,1.0,0.17482517482517482,0.38723776223776224,0.38286713286713286,0.0979020979020979,0.28496503496503495,3.2394000000000047,0,0,0,0.0,0.0,none,0.0,0.0,0.0,0,0,0,1,0,,
confirmation,30010,self_relevant,passive_only,actual,"2,4,13,5,0",5,chain,m1,m2,p4>p5>p0,3,branch_comp,A>C>B,1,5,A>B>C>D>E,0,600,1,1.0,0.7142857142857143,1.0,0,0,0,0,0.0,0,601,601,0,0,0,0,0,0.0,0.0,0,0,0,0,0,0.0,0,0,0,0,0,0,0,0,0,0,0,0,0.8725298640372741,0.8959444679584875,0.6083916083916084,0.023001603470671067,0.0643789719666852,0.42724563910947483,1.0,0.0,0.16346153846153846,0.0944055944055944,0.05812937062937063,0.03627622377622377,2.909200000000006,0,0,0,0.0,0.0,none,0.0,0.0,0.0,0,0,0,0,0,,
confirmation,30011,neutral,no_bridge_validation,actual,"8,2,12,7,1,6",6,dense,m3,m0,p1>p0>p1>p7,4,context_comp,A>B>A>C,1,7,A>B>C>D>E>F>X,1,600,1,1.0,1.0,1.0,0,0,4,49,0.0175,1,330,601,0,1,0,0,1,0.9092594120551379,-0.004633744193153778,46,1,0,0,0,0.0,0,0,0,0,0,0,0,0,0,1,1,1,0.626123914104861,0.7816031847133548,0.6171328671328671,0.5441847738696465,0.8595313606403246,0.5482687465632043,1.0,0.17482517482517482,0.5917832167832168,0.7692307692307693,0.08286713286713288,0.6863636363636364,3.704400000000015,0,0,0,0.0,0.0,none,0.0,0.0,0.0,0,0,0,1,0,,
confirmation,30011,neutral,no_null,actual,"8,2,12,7,1,6",6,dense,m3,m0,p1>p0>p1>p7,4,context_comp,A>B>A>C,1,7,A>B>C>D>E>F>X,1,600,1,1.0,1.0,1.0,0,0,4,49,0.0175,0,601,601,0,0,0,0,0,0.0,0.0,0,0,1,0,0,0.0006421380441963753,0,0,0,0,0,0,0,0,0,1,0,1,0.6244032332004859,0.7799465443517657,0.6083916083916084,0.37570611478274385,0.7815690221914768,0.5019160624180287,1.0,0.17482517482517482,0.5655594405594405,0.548951048951049,0.11643356643356643,0.4325174825174825,3.745500000000015,0,0,0,0.0,0.0,none,0.0,0.0,0.0,0,0,0,1,0,,
confirmation,30011,neutral,no_null_no_validation,actual,"8,2,12,7,1,6",6,dense,m3,m0,p1>p0>p1>p7,4,context_comp,A>B>A>C,1,7,A>B>C>D>E>F>X,1,600,1,1.0,1.0,1.0,1,1,4,49,0.0175,1,326,326,1,0,0,1,0,0.8468897852565345,-0.0038536988543517448,45,1,0,1,1,0.0,1,1,1,1,1,1,1,1,0,0,0,0,0.6285125816832503,0.7853911283820009,0.6328671328671329,0.4974945172211838,0.7941481831576812,0.5440200442353421,1.0,0.18006993006993008,0.5603146853146853,0.6975524475524476,0.08461538461538462,0.612937062937063,3.7778000000000143,0,0,0,0.0,0.0,none,0.0,0.0,0.0,0,0,0,1,0,,
confirmation,30011,self_relevant,correlation_self_model,actual,"8,2,12,7,1,6",6,dense,m3,m0,p1>p0>p1>p7,4,context_comp,A>B>A>C,1,7,A>B>C>D>E>F>X,1,600,1,1.0,0.5,1.0,1,1,4,49,0.0175,1,286,286,1,0,0,1,1,0.842523383307236,0.0041298005916023915,46,1,1,1,0,0.02929541181725105,1,1,0,1,1,1,1,1,0,0,0,1,0.8579664075520206,0.883015313007837,0.6590909090909091,0.01861640628500683,0.15268745522672142,0.2769221201064856,1.0,0.18706293706293706,0.2875874125874126,0.10664335664335664,0.0937062937062937,0.01293706293706294,3.8330000000000184,0,0,0,0.0,0.0,none,0.0,0.0,0.0,0,0,0,1,0,,
confirmation,30011,self_relevant,pair_limited,actual,"8,2,12,7,1,6",6,dense,m3,m0,p1>p0>p1>p7,4,context_comp,A>B>A>C,1,7,A>B>C>D>E>F>X,1,600,1,1.0,1.0,1.0,0,0,2,35,0.0125,0,601,601,0,0,0,0,0,0.0,0.0,0,0,0,0,0,0.0,0,0,0,0,0,0,0,0,0,0,0,0,0.663319086461454,0.760195755575687,0.6398601398601399,0.01596814337516847,0.6100687533018097,0.5787674232671265,1.0,0.16958041958041958,0.5008741258741258,0.03671328671328671,0.193006993006993,-0.15629370629370629,3.2466000000000066,0,0,0,0.0,0.0,none,0.0,0.0,0.0,0,0,0,1,0,,
confirmation,30011,self_relevant,passive_only,actual,"8,2,12,7,1,6",6,dense,m3,m0,p1>p0>p1>p7,4,context_comp,A>B>A>C,1,7,A>B>C>D>E>F>X,1,600,1,1.0,1.0,1.0,0,0,0,0,0.0,0,601,601,0,0,0,0,0,0.0,0.0,0,0,1,0,0,0.0015587998026462934,0,0,0,0,0,0,0,0,0,0,0,0,0.8784512073523641,0.8947600798187972,0.5174825174825175,0.06689491778355079,0.4896829569869683,0.5063714760852381,1.0,0.0,0.4195804195804196,0.038461538461538464,0.16013986013986015,-0.12167832167832168,8.813999999999908,0,0,0,0.0,0.0,none,0.0,0.0,0.0,0,0,0,0,0,,
confirmation,30012,neutral,no_bridge_validation,actual,"9,6,4,8,11",5,ring,m2,m3,p1>p3>p7,3,branch_comp,A>C>B,1,5,A>B>C>D>E,0,600,1,1.0,1.0,1.0,0,0,4,41,0.052564102564102565,1,269,269,1,0,0,0,0,0.721539385925922,0.009359575067533463,48,1,0,1,1,0.0,1,1,1,1,1,1,1,1,0,0,0,0,0.5948637235505103,0.7710805284817651,0.666083916083916,0.494049846872215,0.931251010053169,0.4958059918886991,1.0,0.21328671328671328,0.5917832167832168,0.916083916083916,0.06687062937062938,0.8492132867132867,3.609850000000022,0,0,0,0.0,0.0,none,0.0,0.0,0.0,0,0,0,1,0,,
confirmation,30012,neutral,no_null,actual,"9,6,4,8,11",5,ring,m2,m3,p1>p3>p7,3,branch_comp,A>C>B,1,5,A>B>C>D>E,0,600,1,1.0,1.0,1.0,0,0,4,41,0.052564102564102565,0,601,601,0,0,0,0,0,0.0,0.0,0,0,1,0,0,9.24745763292908e-05,0,0,0,0,0,0,0,0,0,1,0,1,0.5903156088658655,0.7662155182488248,0.6538461538461539,0.47680058981478446,0.9379265802083534,0.47340802555489403,1.0,0.2097902097902098,0.5917832167832168,0.9283216783216783,0.06381118881118882,0.8645104895104895,3.5977000000000214,0,0,0,0.0,0.0,none,0.0,0.0,0.0,0,0,0,1,0,,
confirmation,30012,neutral,no_null_no_validation,actual,"9,6,4,8,11",5,ring,m2,m3,p1>p3>p7,3,branch_comp,A>C>B,1,5,A>B>C>D>E,0,600,1,1.0,1.0,1.0,1,1,4,41,0.052564102564102565,1,265,265,1,0,0,1,0,0.8463028411505431,0.0018232986286958381,42,1,0,1,1,0.0,1,1,1,1,1,1,1,1,0,0,0,0,0.5921093508436985,0.7682364541095945,0.6573426573426573,0.49473226115334235,0.9306859365387776,0.4926735198587901,1.0,0.21153846153846154,0.5917832167832168,0.9318181818181818,0.06293706293706294,0.8688811188811189,3.604900000000022,0,0,0,0.0,0.0,none,0.0,0.0,0.0,0,0,0,1,0,,
confirmation,30012,self_relevant,correlation_self_model,actual,"9,6,4,8,11",5,ring,m2,m3,p1>p3>p7,3,branch_comp,A>C>B,1,5,A>B>C>D>E,0,600,1,1.0,0.4166666666666667,1.0,1,1,4,41,0.052564102564102565,1,277,601,0,1,1,1,0,0.8512731768366381,-0.00015950905459034218,46,1,0,0,0,0.0,0,0,0,0,0,0,0,0,0,0,0,0,0.8025806646115534,0.8329060411460059,0.6625874125874126,0.09637543071880707,0.23598242106882733,0.17940120062913706,1.0,0.21328671328671328,0.2736013986013986,0.1486013986013986,0.09965034965034965,0.048951048951048945,3.5538500000000197,0,0,0,0.0,0.0,none,0.0,0.0,0.0,0,0,0,1,0,,
confirmation,30012,self_relevant,pair_limited,actual,"9,6,4,8,11",5,ring,m2,m3,p1>p3>p7,3,branch_comp,A>C>B,1,5,A>B>C>D>E,0,600,1,1.0,1.0,1.0,0,0,2,27,0.03461538461538462,0,601,601,0,0,0,0,0,0.0,0.0,0,0,0,0,0,0.0,0,0,0,0,0,0,0,0,0,0,0,0,0.7370497689003409,0.7946643311948666,0.6643356643356644,0.3680156877616746,0.9298388711051815,0.3462843226818819,1.0,0.20104895104895104,0.5865384615384616,0.6468531468531469,0.13155594405594406,0.5152972027972028,3.2394000000000056,0,0,0,0.0,0.0,none,0.0,0.0,0.0,0,0,0,1,0,,
confirmation,30012,self_relevant,passive_only,actual,"9,6,4,8,11",5,ring,m2,m3,p1>p3>p7,3,branch_comp,A>C>B,1,5,A>B>C>D>E,0,600,1,1.0,1.0,1.0,0,0,0,0,0.0,0,601,601,0,0,0,0,0,0.0,0.0,0,0,1,0,0,0.0015587998026462934,0,0,0,0,0,0,0,0,0,0,0,0,0.7288294683756076,0.7910432488380519,0.666083916083916,0.32171218753443426,0.9526498712860771,0.330831237504907,1.0,0.1660839160839161,0.5751748251748252,0.5017482517482518,0.16215034965034966,0.3395979020979021,7.106000000000053,0,0,0,0.0,0.0,none,0.0,0.0,0.0,0,0,0,0,0,,
confirmation,30013,neutral,no_bridge_validation,actual,"13,2,3,12,11,4",6,chain,m3,m0,p2>p7>p2>p4,4,context_comp,A>B>A>C,1,7,A>B>C>D>E>F>X,0,600,1,1.0,1.0,0.8333333333333334,0,0,4,49,0.0175,1,290,601,0,1,0,0,1,0.9011536877354278,-0.0075346484406960314,43,1,0,0,0,0.0,0,0,0,0,0,0,0,0,0,1,1,1,0.6721042991738367,0.7718351283008286,0.6643356643356644,0.4133081958259375,0.9513315948220223,0.4541551408443232,1.0,0.1888111888111888,0.8041958041958042,0.9493006993006993,0.13181818181818183,0.8174825174825174,3.7583000000000157,0,0,0,0.0,0.0,none,0.0,0.0,0.0,0,0,0,1,0,,
confirmation,30013,neutral,no_null,actual,"13,2,3,12,11,4",6,chain,m3,m0,p2>p7>p2>p4,4,context_comp,A>B>A>C,1,7,A>B>C>D>E>F>X,0,600,1,1.0,1.0,0.8333333333333334,0,0,4,49,0.0175,0,601,601,0,0,0,0,0,0.0,0.0,0,0,1,0,0,0.0,0,0,0,0,0,0,0,0,0,1,0,1,0.672273509115055,0.7756129968281268,0.6625874125874126,0.41295326261449067,0.9512935040121562,0.45413674371567214,1.0,0.18706293706293706,0.8041958041958042,0.9493006993006993,0.13181818181818183,0.8174825174825174,3.799400000000017,0,0,0,0.0,0.0,none,0.0,0.0,0.0,0,0,0,1,0,,
confirmation,30013,neutral,no_null_no_validation,actual,"13,2,3,12,11,4",6,chain,m3,m0,p2>p7>p2>p4,4,context_comp,A>B>A>C,1,7,A>B>C>D>E>F>X,0,600,1,1.0,1.0,0.8333333333333334,0,0,4,49,0.0175,1,283,283,1,0,0,0,0,0.9011536877354278,-0.0075346484406960314,43,1,0,1,1,0.0,1,1,1,1,1,1,1,1,0,0,0,0,0.6728483552038614,0.7753078161068818,0.6643356643356644,0.430097648866441,0.941859095169912,0.47067415921573275,1.0,0.1888111888111888,0.8015734265734266,0.9335664335664335,0.13391608391608392,0.7996503496503496,3.8163000000000173,0,0,0,0.0,0.0,none,0.0,0.0,0.0,0,0,0,1,0,,
confirmation,30013,self_relevant,correlation_self_model,actual,"13,2,3,12,11,4",6,chain,m3,m0,p2>p7>p2>p4,4,context_comp,A>B>A>C,1,7,A>B>C>D>E>F>X,0,600,1,1.0,0.5,1.0,0,0,4,49,0.0175,1,287,601,0,1,1,0,0,0.8990773022374402,-0.003362645780712141,43,1,0,0,0,0.0,0,0,0,0,0,0,0,0,0,0,0,0,0.8068209743947359,0.8264640726142672,0.6590909090909091,0.055648117048948356,0.19577558008210907,0.20984393930202672,1.0,0.1853146853146853,0.3347902097902098,0.13636363636363635,0.10664335664335664,0.029720279720279713,3.7506000000000155,0,0,0,0.0,0.0,none,0.0,0.0,0.0,0,0,0,1,0,,
confirmation,30013,self_relevant,pair_limited,actual,"13,2,3,12,11,4",6,chain,m3,m0,p2>p7>p2>p4,4,context_comp,A>B>A>C,1,7,A>B>C>D>E>F>X,0,600,1,1.0,1.0,0.8333333333333334,0,0,2,35,0.0125,0,601,601,0,0,0,0,0,0.0,0.0,0,0,0,0,0,0.0,0,0,0,0,0,0,0,0,0,0,0,0,0.7540510854388022,0.8022523895539265,0.666083916083916,0.39687295376066023,0.9138463835977005,0.4513907565112001,1.0,0.17657342657342656,0.7884615384615384,0.8776223776223776,0.13986013986013987,0.7377622377622377,3.2578000000000054,0,0,0,0.0,0.0,none,0.0,0.0,0.0,0,0,0,1,0,,
confirmation,30013,self_relevant,passive_only,actual,"13,2,3,12,11,4",6,chain,m3,m0,p2>p7>p2>p4,4,context_comp,A>B>A>C,1,7,A>B>C>D>E>F>X,0,600,1,1.0,1.0,0.8333333333333334,0,0,0,0,0.0,0,601,601,0,0,0,0,0,0.0,0.0,0,0,0,0,0,0.0,0,0,0,0,0,0,0,0,0,0,0,0,0.877219960291906,0.898954492296816,0.5227272727272727,0.07926379804395085,0.3959375257994653,0.27770960655644356,1.0,0.0,0.5078671328671329,0.08391608391608392,0.18636363636363637,-0.10244755244755245,2.909200000000006,0,0,0,0.0,0.0,none,0.0,0.0,0.0,0,0,0,0,0,,
confirmation,30014,neutral,no_bridge_validation,actual,"3,11,9,10,0",5,dense,m0,m1,p3>p7>p5,3,branch_comp,A>C>B,1,5,A>B>C>D>E,0,600,1,1.0,1.0,1.0,1,1,4,41,0.052564102564102565,1,280,280,1,0,0,1,0,0.7882178583902649,0.0053979249253735045,46,1,0,1,1,0.0,1,1,1,1,1,1,0,0,0,0,0,0,0.6400680456109182,0.7732747613384132,0.6503496503496503,0.5476034499433824,0.9582920233255092,0.5270300013032121,1.0,0.2097902097902098,0.541083916083916,0.8409090909090909,0.06031468531468531,0.7805944055944056,3.5999500000000215,0,0,0,0.0,0.0,none,0.0,0.0,0.0,0,0,0,1,0,,
confirmation,30014,neutral,no_null,actual,"3,11,9,10,0",5,dense,m0,m1,p3>p7>p5,3,branch_comp,A>C>B,1,5,A>B>C>D>E,0,600,1,1.0,1.0,1.0,0,0,4,41,0.052564102564102565,0,601,601,0,0,0,0,0,0.0,0.0,0,0,1,0,0,6.085558038117136e-05,0,0,0,0,0,0,0,0,0,1,0,1,0.637547506596272,0.7706389769040433,0.6503496503496503,0.5134814515942314,0.9626556094141019,0.4861259804353479,1.0,0.2097902097902098,0.5402097902097902,0.8199300699300699,0.06512237762237763,0.7548076923076923,3.5927500000000214,0,0,0,0.0,0.0,none,0.0,0.0,0.0,0,0,0,1,0,,
confirmation,30014,neutral,no_null_no_validation,actual,"3,11,9,10,0",5,dense,m0,m1,p3>p7>p5,3,branch_comp,A>C>B,1,5,A>B>C>D>E,0,600,1,1.0,1.0,1.0,0,0,4,41,0.052564102564102565,1,272,272,1,0,0,0,0,0.7307777912050099,0.0018685948126989365,45,1,0,1,1,0.0,1,1,1,1,1,1,1,1,0,0,0,0,0.6388938641675508,0.7702246406375066,0.6118881118881119,0.18099515566529828,0.8664021148148617,0.4230511728530834,1.0,0.20104895104895104,0.513986013986014,0.2937062937062937,0.18356643356643357,0.11013986013986013,3.57520000000002,0,0,0,0.0,0.0,none,0.0,0.0,0.0,0,0,0,1,0,,
confirmation,30014,self_relevant,correlation_self_model,actual,"3,11,9,10,0",5,dense,m0,m1,p3>p7>p5,3,branch_comp,A>C>B,1,5,A>B>C>D>E,0,600,1,1.0,0.4166666666666667,1.0,1,1,4,41,0.052564102564102565,1,282,601,0,1,1,1,0,0.7917702329842515,-0.0013683807160133146,49,1,0,0,0,0.0,0,0,0,0,0,0,0,0,0,0,0,0,0.789789375079762,0.8284372104767636,0.6608391608391608,0.03791512230121013,0.13818597165799434,0.3599945014109762,1.0,0.21328671328671328,0.20017482517482518,0.0979020979020979,0.07561188811188811,0.022290209790209792,3.5538500000000197,0,0,0,0.0,0.0,none,0.0,0.0,0.0,0,0,0,1,0,,
confirmation,30014,self_relevant,pair_limited,actual,"3,11,9,10,0",5,dense,m0,m1,p3>p7>p5,3,branch_comp,A>C>B,1,5,A>B>C>D>E,0,600,1,1.0,1.0,1.0,0,0,2,27,0.03461538461538462,0,601,601,0,0,0,0,0,0.0,0.0,0,0,0,0,0,0.0,0,0,0,0,0,0,0,0,0,0,0,0,0.6607624382471704,0.7520564068227981,0.6188811188811189,0.09096639252329855,0.7475865196773572,0.5308912750654261,1.0,0.19055944055944055,0.4659090909090909,0.0979020979020979,0.208479020979021,-0.11057692307692309,3.222600000000007,0,0,0,0.0,0.0,none,0.0,0.0,0.0,0,0,0,1,0,,
confirmation,30014,self_relevant,passive_only,actual,"3,11,9,10,0",5,dense,m0,m1,p3>p7>p5,3,branch_comp,A>C>B,1,5,A>B>C>D>E,0,600,1,1.0,1.0,1.0,0,0,0,0,0.0,0,601,601,0,0,0,0,0,0.0,0.0,0,0,1,0,0,0.0015587998026462934,0,0,0,0,0,0,0,0,0,0,0,0,0.8644753272318885,0.8822465833093871,0.5524475524475524,0.24819472051501903,0.8477713902249653,0.32959696238212877,1.0,0.1381118881118881,0.4798951048951049,0.2937062937062937,0.166520979020979,0.1271853146853147,7.3988000000000556,0,0,0,0.0,0.0,none,0.0,0.0,0.0,0,0,0,0,0,,
confirmation,30015,neutral,no_bridge_validation,actual,"6,8,13,10,7,0",6,ring,m1,m3,p2>p1>p2>p3,4,context_comp,A>B>A>C,1,7,A>B>C>D>E>F>X,1,600,1,1.0,1.0,1.0,0,0,4,49,0.0175,1,292,601,0,1,0,0,1,0.8498657089099205,-0.004324759971246435,48,1,0,0,0,0.0,0,0,0,0,0,0,0,0,0,1,1,1,0.6676419563287421,0.8041781322418009,0.6555944055944056,0.3705440336342709,0.9502527913799759,0.3568375413752767,1.0,0.22202797202797203,0.6031468531468531,0.7692307692307693,0.08741258741258741,0.6818181818181819,3.742900000000016,0,0,0,0.0,0.0,none,0.0,0.0,0.0,0,0,0,1,0,,
confirmation,30015,neutral,no_null,actual,"6,8,13,10,7,0",6,ring,m1,m3,p2>p1>p2>p3,4,context_comp,A>B>A>C,1,7,A>B>C>D>E>F>X,1,600,1,1.0,1.0,1.0,0,0,4,49,0.0175,0,601,601,0,0,0,0,0,0.0,0.0,0,0,1,0,0,0.0002599031647089331,0,0,0,0,0,0,0,0,0,1,0,1,0.6673160373408882,0.803094347722651,0.6555944055944056,0.36916194324573076,0.9476846682849409,0.35589985365351035,1.0,0.22202797202797203,0.6013986013986014,0.7709790209790209,0.08636363636363636,0.6846153846153846,3.791700000000018,0,0,0,0.0,0.0,none,0.0,0.0,0.0,0,0,0,1,0,,
confirmation,30015,neutral,no_null_no_validation,actual,"6,8,13,10,7,0",6,ring,m1,m3,p2>p1>p2>p3,4,context_comp,A>B>A>C,1,7,A>B>C>D>E>F>X,1,600,1,1.0,1.0,1.0,1,1,4,49,0.0175,1,273,273,1,0,0,1,0,0.8216462396777823,0.0033220967533653,44,1,0,1,1,0.0,1,1,1,1,1,1,1,1,0,0,0,0,0.6695687083672265,0.8043676528737161,0.6573426573426573,0.39325444385887964,0.9374573412124126,0.39865564513856644,1.0,0.22202797202797203,0.6040209790209791,0.8041958041958042,0.08076923076923077,0.7234265734265733,3.8086000000000175,0,0,0,0.0,0.0,none,0.0,0.0,0.0,0,0,0,1,0,,
confirmation,30015,self_relevant,correlation_self_model,actual,"6,8,13,10,7,0",6,ring,m1,m3,p2>p1>p2>p3,4,context_comp,A>B>A>C,1,7,A>B>C>D>E>F>X,1,600,1,1.0,0.5,1.0,1,1,4,49,0.0175,1,299,601,0,1,1,1,0,0.8404919427417825,-0.0008502024954975523,50,1,0,0,0,0.0,0,0,0,0,0,0,0,0,0,0,0,0,0.7939975962190519,0.8415516258046308,0.6625874125874126,0.05276449077776324,0.2336386036112966,0.2525209054272309,1.0,0.22377622377622378,0.263986013986014,0.11363636363636363,0.08286713286713286,0.03076923076923077,3.7506000000000155,0,0,0,0.0,0.0,none,0.0,0.0,0.0,0,0,0,1,0,,
confirmation,30015,self_relevant,pair_limited,actual,"6,8,13,10,7,0",6,ring,m1,m3,p2>p1>p2>p3,4,context_comp,A>B>A>C,1,7,A>B>C>D>E>F>X,1,600,1,1.0,1.0,1.0,0,0,2,35,0.0125,0,601,601,0,0,0,0,0,0.0,0.0,0,0,0,0,0,0.0,0,0,0,0,0,0,0,0,0,0,0,0,0.8701564149373043,0.8899337196037523,0.5384615384615384,0.154708386202494,0.8657631935083796,0.27069482174205717,1.0,0.18006993006993008,0.5559440559440559,0.21503496503496503,0.17937062937062936,0.03566433566433566,3.2074000000000114,0,0,0,0.0,0.0,none,0.0,0.0,0.0,0,0,0,1,0,,
confirmation,30015,self_relevant,passive_only,actual,"6,8,13,10,7,0",6,ring,m1,m3,p2>p1>p2>p3,4,context_comp,A>B>A>C,1,7,A>B>C>D>E>F>X,1,600,1,1.0,1.0,1.0,0,0,0,0,0.0,0,601,601,0,0,0,0,0,0.0,0.0,0,0,1,0,0,0.002075507792669836,0,0,0,0,0,0,0,0,0,0,0,0,0.8779969850647336,0.8961510385841823,0.5192307692307693,0.06655358521594076,0.6305877153440341,0.33964110217616883,1.0,0.0,0.47115384615384615,0.07867132867132867,0.17272727272727273,-0.09405594405594406,8.423599999999979,0,0,0,0.0,0.0,none,0.0,0.0,0.0,0,0,0,0,0,,
confirmation,30016,neutral,no_bridge_validation,actual,"4,10,13,8,11",5,chain,m0,m1,p1>p4>p0,3,branch_comp,A>C>B,1,5,A>B>C>D>E,0,600,1,1.0,0.8333333333333334,1.0,1,1,4,53,0.06794871794871794,1,515,515,1,0,0,1,0,0.8382400810468704,0.0043573332800445515,108,1,0,1,1,0.0,1,1,1,1,1,1,1,1,0,0,0,0,0.5857249243788615,0.7618629926670546,0.6590909090909091,0.2928254109694271,0.7809440138022063,0.27577119764871305,1.0,0.21153846153846154,0.479020979020979,0.6608391608391608,0.07430069930069931,0.5865384615384616,3.7039000000000173,0,0,0,0.0,0.0,none,0.0,0.0,0.0,0,0,0,1,0,,
confirmation,30016,neutral,no_null,actual,"4,10,13,8,11",5,chain,m0,m1,p1>p4>p0,3,branch_comp,A>C>B,1,5,A>B>C>D>E,0,600,1,1.0,0.8333333333333334,1.0,0,0,4,53,0.06794871794871794,0,601,601,0,0,0,0,0,0.0,0.0,0,0,1,0,0,0.0,0,0,0,0,0,0,0,0,0,1,0,1,0.5694502662910848,0.7454927768597243,0.6590909090909091,0.2961548904915948,0.7808014393795404,0.27580040896308344,1.0,0.21153846153846154,0.4781468531468531,0.6730769230769231,0.07080419580419581,0.6022727272727273,3.672300000000018,0,0,0,0.0,0.0,none,0.0,0.0,0.0,0,0,0,1,0,,
confirmation,30016,neutral,no_null_no_validation,actual,"4,10,13,8,11",5,chain,m0,m1,p1>p4>p0,3,branch_comp,A>C>B,1,5,A>B>C>D>E,0,600,1,1.0,0.8333333333333334,1.0,1,1,4,53,0.06794871794871794,1,261,261,1,0,0,1,0,0.7857831968798483,0.002491073354991365,44,1,0,1,1,0.0,1,1,1,1,1,1,1,1,0,0,0,0,0.5702168657084854,0.7498015390634439,0.666083916083916,0.2990583149215218,0.7834167309713731,0.2809581079239416,1.0,0.21328671328671328,0.4807692307692308,0.6713286713286714,0.07255244755244755,0.5987762237762237,3.711600000000019,0,0,0,0.0,0.0,none,0.0,0.0,0.0,0,0,0,1,0,,
confirmation,30016,self_relevant,correlation_self_model,actual,"4,10,13,8,11",5,chain,m0,m1,p1>p4>p0,3,branch_comp,A>C>B,1,5,A>B>C>D>E,0,600,1,1.0,0.4166666666666667,1.0,1,1,4,43,0.05512820512820513,1,260,260,1,0,0,1,1,0.7820152601433676,0.0061678759927470145,44,1,1,1,0,0.02655864716891479,1,1,0,1,1,1,1,1,0,0,0,1,0.8506140255859855,0.8745690820306216,0.6608391608391608,0.06440461056461434,0.19432347554066054,0.21065211490654,1.0,0.21153846153846154,0.24475524475524477,0.12762237762237763,0.09047202797202797,0.03715034965034966,3.634250000000023,0,0,0,0.0,0.0,none,0.0,0.0,0.0,0,0,0,1,0,,
confirmation,30016,self_relevant,pair_limited,actual,"4,10,13,8,11",5,chain,m0,m1,p1>p4>p0,3,branch_comp,A>C>B,1,5,A>B>C>D>E,0,600,1,1.0,0.8333333333333334,1.0,0,0,2,27,0.03461538461538462,0,601,601,0,0,0,0,0,0.0,0.0,0,0,0,0,0,0.0,0,0,0,0,0,0,0,0,0,0,0,0,0.7850287561271477,0.8100486177148156,0.666083916083916,0.198885066485307,0.7674164044185624,0.21887386167594178,1.0,0.20104895104895104,0.4632867132867133,0.32167832167832167,0.15122377622377622,0.17045454545454544,3.2394000000000056,0,0,0,0.0,0.0,none,0.0,0.0,0.0,0,0,0,1,0,,
confirmation,30016,self_relevant,passive_only,actual,"4,10,13,8,11",5,chain,m0,m1,p1>p4>p0,3,branch_comp,A>C>B,1,5,A>B>C>D>E,0,600,1,1.0,0.8333333333333334,1.0,0,0,0,0,0.0,0,601,601,0,0,0,0,0,0.0,0.0,0,0,0,0,0,0.0,0,0,0,0,0,0,0,0,0,0,0,0,0.7210087101886526,0.7748920849762323,0.666083916083916,0.23456675575852137,0.7898106273532648,0.23414821528113616,1.0,0.16783216783216784,0.48513986013986016,0.40034965034965037,0.14248251748251747,0.2578671328671329,2.909200000000006,0,0,0,0.0,0.0,none,0.0,0.0,0.0,0,0,0,0,0,,
confirmation,30017,neutral,no_bridge_validation,actual,"1,9,4,7,10,6",6,dense,m0,m3,p1>p6>p1>p2,4,context_comp,A>B>A>C,1,7,A>B>C>D>E>F>X,0,600,1,1.0,0.8571428571428571,1.0,1,1,4,49,0.0175,1,306,601,0,1,0,1,1,0.9121401243275986,-0.0011380104169855722,46,1,0,0,0,0.0,0,0,0,0,0,0,0,0,0,1,1,1,0.6805214827169617,0.7747502954993616,0.6748251748251748,0.42097642339041147,0.7401139495975326,0.4207933487086846,1.0,0.22727272727272727,0.5568181818181818,0.722027972027972,0.07832167832167833,0.6437062937062936,3.766000000000015,0,0,0,0.0,0.0,none,0.0,0.0,0.0,0,0,0,1,0,,
confirmation,30017,neutral,no_null,actual,"1,9,4,7,10,6",6,dense,m0,m3,p1>p6>p1>p2,4,context_comp,A>B>A>C,1,7,A>B>C>D>E>F>X,0,600,1,1.0,0.8571428571428571,1.0,0,0,4,49,0.0175,0,601,601,0,0,0,0,0,0.0,0.0,0,0,1,0,0,0.0005252229900886392,0,0,0,0,0,0,0,0,0,1,0,1,0.6854513439154629,0.7853469865072659,0.6538461538461539,0.43340195158346995,0.7588143504162783,0.43057885447943794,1.0,0.22202797202797203,0.5568181818181818,0.722027972027972,0.07832167832167833,0.6437062937062936,3.7917000000000174,0,0,0,0.0,0.0,none,0.0,0.0,0.0,0,0,0,1,0,,
confirmation,30017,neutral,no_null_no_validation,actual,"1,9,4,7,10,6",6,dense,m0,m3,p1>p6>p1>p2,4,context_comp,A>B>A>C,1,7,A>B>C>D>E>F>X,0,600,1,1.0,0.8571428571428571,1.0,0,0,4,49,0.0175,1,296,296,1,0,0,0,0,0.8444303194510273,0.0008800508775168627,45,1,0,1,1,0.0,1,1,1,1,1,1,1,1,0,0,0,0,0.6840402887354505,0.781864267036703,0.6678321678321678,0.43402809346749877,0.7390371955652669,0.4360010722974773,1.0,0.22552447552447552,0.5576923076923077,0.7325174825174825,0.07657342657342657,0.6559440559440559,3.8163000000000165,0,0,0,0.0,0.0,none,0.0,0.0,0.0,0,0,0,1,0,,
confirmation,30017,self_relevant,correlation_self_model,actual,"1,9,4,7,10,6",6,dense,m0,m3,p1>p6>p1>p2,4,context_comp,A>B>A>C,1,7,A>B>C>D>E>F>X,0,600,1,1.0,0.6,1.0,1,1,4,49,0.0175,1,289,601,0,1,1,1,0,0.896774399029256,-0.0022945325569388875,43,1,0,0,0,0.0,0,0,0,0,0,0,0,0,0,0,0,0,0.7369444157198842,0.81875721394415,0.666083916083916,0.04717669579354529,0.28985109302159906,0.49624293369307165,1.0,0.22377622377622378,0.11713286713286714,0.08566433566433566,0.02972027972027972,0.055944055944055944,3.7583000000000153,0,0,0,0.0,0.0,none,0.0,0.0,0.0,0,0,0,1,0,,
confirmation,30017,self_relevant,pair_limited,actual,"1,9,4,7,10,6",6,dense,m0,m3,p1>p6>p1>p2,4,context_comp,A>B>A>C,1,7,A>B>C>D>E>F>X,0,600,1,1.0,0.8571428571428571,1.0,0,0,2,35,0.0125,0,601,601,0,0,0,0,0,0.0,0.0,0,0,0,0,0,0.0,0,0,0,0,0,0,0,0,0,0,0,0,0.8239137454995185,0.8457526097692893,0.6241258741258742,0.18412208914576325,0.5768367483857757,0.37469695913334966,1.0,0.20104895104895104,0.4763986013986014,0.21678321678321677,0.1472027972027972,0.06958041958041958,3.2410000000000028,0,0,0,0.0,0.0,none,0.0,0.0,0.0,0,0,0,1,0,,
confirmation,30017,self_relevant,passive_only,actual,"1,9,4,7,10,6",6,dense,m0,m3,p1>p6>p1>p2,4,context_comp,A>B>A>C,1,7,A>B>C>D>E>F>X,0,600,1,1.0,0.8571428571428571,1.0,0,0,0,0,0.0,0,601,601,0,0,0,0,0,0.0,0.0,0,0,1,0,0,0.0015587998026462934,0,0,0,0,0,0,0,0,0,0,0,0,0.8396902732957003,0.858793910722835,0.6153846153846154,0.2009147951543989,0.6608999606255623,0.3333553723635156,1.0,0.15384615384615385,0.48776223776223776,0.263986013986014,0.1423076923076923,0.12167832167832171,7.496400000000055,0,0,0,0.0,0.0,none,0.0,0.0,0.0,0,0,0,0,0,,
confirmation,30018,neutral,no_bridge_validation,actual,"3,1,5,2,6",5,ring,m0,m3,p5>p6>p0,3,branch_comp,A>C>B,1,5,A>B>C>D>E,0,600,1,1.0,0.8333333333333334,1.0,1,1,4,43,0.05512820512820513,1,275,601,0,1,0,1,1,0.7788782352819678,-0.00456531337005548,47,1,0,0,0,0.0,0,0,0,0,0,0,0,0,0,1,1,1,0.6231372203339385,0.7697700785896443,0.6573426573426573,0.5733378637206753,0.762285625730315,0.573703978698972,1.0,0.21153846153846154,0.5699300699300699,0.9283216783216783,0.052884615384615384,0.8754370629370629,3.5489000000000197,0,0,0,0.0,0.0,none,0.0,0.0,0.0,0,0,0,1,0,,
confirmation,30018,neutral,no_null,actual,"3,1,5,2,6",5,ring,m0,m3,p5>p6>p0,3,branch_comp,A>C>B,1,5,A>B>C>D>E,0,600,1,1.0,0.8333333333333334,1.0,0,0,4,43,0.05512820512820513,0,601,601,0,0,0,0,0,0.0,0.0,0,0,1,0,0,9.24745763292908e-05,0,0,0,0,0,0,0,0,0,1,0,1,0.6249111525682288,0.7698035507039548,0.6643356643356644,0.5790421340282382,0.757527201378102,0.5792936550417762,1.0,0.21328671328671328,0.5699300699300699,0.9265734265734266,0.05332167832167832,0.8732517482517482,3.6026500000000214,0,0,0,0.0,0.0,none,0.0,0.0,0.0,0,0,0,1,0,,
confirmation,30018,neutral,no_null_no_validation,actual,"3,1,5,2,6",5,ring,m0,m3,p5>p6>p0,3,branch_comp,A>C>B,1,5,A>B>C>D>E,0,600,1,1.0,0.8333333333333334,1.0,1,1,4,43,0.05512820512820513,1,261,601,1,0,0,1,0,0.7711835492977476,-0.001558461101411203,44,1,0,1,1,0.0,1,30,1,0,0,0,0,0,30,0,0,0,0.6380237680852937,0.7752774567051138,0.6520979020979021,0.5642717113156535,0.7692871270339292,0.5640668604724015,1.0,0.2097902097902098,0.5699300699300699,0.9265734265734266,0.05332167832167832,0.8732517482517482,4.263950000000032,0,0,0,0.0,0.0,none,0.0,0.0,0.0,0,0,0,1,0,,
confirmation,30018,self_relevant,correlation_self_model,actual,"3,1,5,2,6",5,ring,m0,m3,p5>p6>p0,3,branch_comp,A>C>B,1,5,A>B>C>D>E,0,600,1,1.0,0.4166666666666667,1.0,1,1,4,42,0.05384615384615385,1,266,601,0,1,1,1,0,0.77409252005708,0.0012633076536847166,44,1,1,0,0,0.0,0,0,0,0,0,0,0,0,0,0,0,0,0.7706587980494611,0.8291233802724267,0.6608391608391608,0.0891903120597316,0.16629387199320342,0.2327120917785904,1.0,0.21328671328671328,0.22552447552447552,0.11888111888111888,0.08304195804195805,0.03583916083916083,3.5782500000000206,0,0,0,0.0,0.0,none,0.0,0.0,0.0,0,0,0,1,0,,
confirmation,30018,self_relevant,pair_limited,actual,"3,1,5,2,6",5,ring,m0,m3,p5>p6>p0,3,branch_comp,A>C>B,1,5,A>B>C>D>E,0,600,1,1.0,0.8333333333333334,1.0,0,0,2,27,0.03461538461538462,0,601,601,0,0,0,0,0,0.0,0.0,0,0,0,0,0,0.0,0,0,0,0,0,0,0,0,0,0,0,0,0.6846318659137762,0.7763638814220432,0.666083916083916,0.484463070200133,0.627598307447896,0.5208687232579096,1.0,0.20104895104895104,0.5314685314685315,0.7482517482517482,0.07867132867132867,0.6695804195804196,3.2394000000000056,0,0,0,0.0,0.0,none,0.0,0.0,0.0,0,0,0,1,0,,
confirmation,30018,self_relevant,passive_only,actual,"3,1,5,2,6",5,ring,m0,m3,p5>p6>p0,3,branch_comp,A>C>B,1,5,A>B>C>D>E,0,600,1,1.0,0.8333333333333334,1.0,0,0,0,0,0.0,0,601,601,0,0,0,0,0,0.0,0.0,0,0,1,0,0,0.0015587998026462934,0,0,0,0,0,0,0,0,0,0,0,0,0.7102110243722034,0.7921882903108812,0.6678321678321678,0.36766615417600146,0.7434763474125495,0.34776605826225027,1.0,0.16783216783216784,0.5472027972027972,0.5769230769230769,0.12937062937062938,0.4475524475524475,6.056800000000051,0,0,0,0.0,0.0,none,0.0,0.0,0.0,0,0,0,0,0,,
confirmation,30019,neutral,no_bridge_validation,actual,"11,8,7,13,9,6",6,chain,m3,m1,p3>p5>p3>p1,4,context_comp,A>B>A>C,1,7,A>B>C>D>E>F>X,1,600,1,1.0,0.8333333333333334,0.8333333333333334,0,0,4,49,0.0175,1,277,277,1,0,0,0,0,0.8164005747567412,0.0058877313486343395,43,1,0,1,1,0.0,1,1,1,1,1,1,1,1,0,0,0,0,0.6553434112340889,0.7931704485672278,0.6538461538461539,0.37343216650312194,0.8572365828534992,0.3638941602880169,1.0,0.1853146853146853,0.6311188811188811,0.7674825174825175,0.09895104895104895,0.6685314685314685,3.800900000000018,0,0,0,0.0,0.0,none,0.0,0.0,0.0,0,0,0,1,0,,
confirmation,30019,neutral,no_null,actual,"11,8,7,13,9,6",6,chain,m3,m1,p3>p5>p3>p1,4,context_comp,A>B>A>C,1,7,A>B>C>D>E>F>X,1,600,1,1.0,0.8333333333333334,0.8333333333333334,0,0,4,49,0.0175,0,601,601,0,0,0,0,0,0.0,0.0,0,0,1,0,0,0.0,0,0,0,0,0,0,0,0,0,1,0,1,0.6548020909026042,0.7895958444695479,0.666083916083916,0.36886819928746256,0.8580056734820933,0.3589196818034745,1.0,0.18706293706293706,0.631993006993007,0.7744755244755245,0.0979020979020979,0.6765734265734266,3.807100000000017,0,0,0,0.0,0.0,none,0.0,0.0,0.0,0,0,0,1,0,,
confirmation,30019,neutral,no_null_no_validation,actual,"11,8,7,13,9,6",6,chain,m3,m1,p3>p5>p3>p1,4,context_comp,A>B>A>C,1,7,A>B>C>D>E>F>X,1,600,1,1.0,0.8333333333333334,0.8333333333333334,0,0,4,49,0.0175,1,277,277,1,0,0,0,0,0.8164005747567412,0.0058877313486343395,43,1,0,1,1,0.0,1,1,1,1,1,1,1,1,0,0,0,0,0.6553434112340889,0.7931704485672278,0.6538461538461539,0.37343216650312194,0.8572365828534992,0.3638941602880169,1.0,0.1853146853146853,0.6311188811188811,0.7674825174825175,0.09895104895104895,0.6685314685314685,3.800900000000018,0,0,0,0.0,0.0,none,0.0,0.0,0.0,0,0,0,1,0,,
confirmation,30019,self_relevant,correlation_self_model,actual,"11,8,7,13,9,6",6,chain,m3,m1,p3>p5>p3>p1,4,context_comp,A>B>A>C,1,7,A>B>C>D>E>F>X,1,600,1,1.0,0.5,1.0,1,1,4,49,0.0175,1,294,601,0,1,1,1,0,0.8425449263830453,-0.002354179448394274,48,1,0,0,0,0.0,0,0,0,0,0,0,0,0,0,0,0,0,0.8285284615611047,0.8519191789488297,0.6538461538461539,0.07800081626083537,0.3362716402448219,0.2862990337019733,1.0,0.1853146853146853,0.19667832167832167,0.0472027972027972,0.06923076923076923,-0.022027972027972034,3.7429000000000157,0,0,0,0.0,0.0,none,0.0,0.0,0.0,0,0,0,1,0,,
confirmation,30019,self_relevant,pair_limited,actual,"11,8,7,13,9,6",6,chain,m3,m1,p3>p5>p3>p1,4,context_comp,A>B>A>C,1,7,A>B>C>D>E>F>X,1,600,1,1.0,0.8333333333333334,0.8333333333333334,0,0,2,35,0.0125,0,601,601,0,0,0,0,0,0.0,0.0,0,0,0,0,0,0.0,0,0,0,0,0,0,0,0,0,0,0,0,0.7797653398051746,0.8248289601531181,0.6608391608391608,0.24944097931969167,0.8559328225744999,0.2571319596669884,1.0,0.17482517482517482,0.6145104895104895,0.3531468531468531,0.17517482517482516,0.17797202797202796,3.255000000000006,0,0,0,0.0,0.0,none,0.0,0.0,0.0,0,0,0,1,0,,
confirmation,30019,self_relevant,passive_only,actual,"11,8,7,13,9,6",6,chain,m3,m1,p3>p5>p3>p1,4,context_comp,A>B>A>C,1,7,A>B>C>D>E>F>X,1,600,1,1.0,0.8333333333333334,0.8333333333333334,0,0,0,0,0.0,0,601,601,0,0,0,0,0,0.0,0.0,0,0,1,0,0,0.002075507792669836,0,0,0,0,0,0,0,0,0,0,0,0,0.8781090788779068,0.8992227911884565,0.534965034965035,0.09588464595256402,0.8131556761788811,0.49763808448275365,1.0,0.0,0.6232517482517482,0.043706293706293704,0.24055944055944056,-0.19685314685314687,7.569600000000051,0,0,0,0.0,0.0,none,0.0,0.0,0.0,0,0,0,0,0,,
confirmation,30020,neutral,no_bridge_validation,actual,"1,2,11,4,6",5,dense,m1,m0,p7>p6>p4,3,branch_comp,A>C>B,1,5,A>B>C>D>E,0,600,1,1.0,0.8333333333333334,1.0,0,0,4,42,0.05384615384615385,1,278,601,0,1,0,0,1,0.7749124604620515,-0.002072649812691262,44,1,0,0,0,0.0,0,0,0,0,0,0,0,0,0,1,1,1,0.7070046219768527,0.7976015450005158,0.6363636363636364,0.5632368078385963,0.7043453170747007,0.5898209018847339,1.0,0.18006993006993008,0.49213286713286714,0.9073426573426573,0.019230769230769232,0.888111888111888,3.5340500000000197,0,0,0,0.0,0.0,none,0.0,0.0,0.0,0,0,0,1,0,,
confirmation,30020,neutral,no_null,actual,"1,2,11,4,6",5,dense,m1,m0,p7>p6>p4,3,branch_comp,A>C>B,1,5,A>B>C>D>E,0,600,1,1.0,0.8333333333333334,1.0,0,0,4,42,0.05384615384615385,0,601,601,0,0,0,0,0,0.0,0.0,0,0,1,0,0,2.9151762659545877e-05,0,0,0,0,0,0,0,0,0,1,0,1,0.7069472561530649,0.7983072822982017,0.6381118881118881,0.5584061879701852,0.6992389249964158,0.5876049326256396,1.0,0.18006993006993008,0.49475524475524474,0.9125874125874126,0.019230769230769232,0.8933566433566433,3.5828500000000214,0,0,0,0.0,0.0,none,0.0,0.0,0.0,0,0,0,1,0,,
confirmation,30020,neutral,no_null_no_validation,actual,"1,2,11,4,6",5,dense,m1,m0,p7>p6>p4,3,branch_comp,A>C>B,1,5,A>B>C>D>E,0,600,1,1.0,0.8333333333333334,1.0,0,0,4,42,0.05384615384615385,1,274,274,1,0,0,0,0,0.7749124604620515,-0.002072649812691262,44,1,0,1,1,0.0,1,1,1,1,1,1,1,1,0,0,0,0,0.7091880374408398,0.800541427964556,0.6311188811188811,0.5673114082702383,0.7098472513000079,0.5950769503107128,1.0,0.17832167832167833,0.48863636363636365,0.8986013986013986,0.019667832167832168,0.8789335664335665,3.585100000000022,0,0,0,0.0,0.0,none,0.0,0.0,0.0,0,0,0,1,0,,
confirmation,30020,self_relevant,correlation_self_model,actual,"1,2,11,4,6",5,dense,m1,m0,p7>p6>p4,3,branch_comp,A>C>B,1,5,A>B>C>D>E,0,600,1,1.0,0.5,1.0,1,1,4,42,0.05384615384615385,1,267,601,1,0,0,1,1,0.7205353275032476,0.004439915208874216,47,1,1,1,0,0.02663037327911338,1,10,0,0,0,0,0,0,10,0,0,0,0.8291938606027838,0.8518105950172249,0.6608391608391608,0.04518920975060007,0.1575113266604742,0.32784692518664116,1.0,0.18706293706293706,0.1652097902097902,0.026223776223776224,0.07604895104895106,-0.04982517482517483,4.037850000000032,0,0,0,0.0,0.0,none,0.0,0.0,0.0,0,0,0,1,0,,
confirmation,30020,self_relevant,pair_limited,actual,"1,2,11,4,6",5,dense,m1,m0,p7>p6>p4,3,branch_comp,A>C>B,1,5,A>B>C>D>E,0,600,1,1.0,0.8333333333333334,1.0,0,0,2,27,0.03461538461538462,0,601,601,0,0,0,0,0,0.0,0.0,0,0,0,0,0,0.0,0,0,0,0,0,0,0,0,0,0,0,0,0.7618205169212033,0.8149216557101051,0.5716783216783217,0.2812239798739753,0.39370974007765674,0.40065102758936955,1.0,0.1520979020979021,0.32517482517482516,0.49125874125874125,0.03977272727272727,0.45148601398601396,3.2030000000000074,0,0,0,0.0,0.0,none,0.0,0.0,0.0,0,0,0,1,0,,
confirmation,30020,self_relevant,passive_only,actual,"1,2,11,4,6",5,dense,m1,m0,p7>p6>p4,3,branch_comp,A>C>B,1,5,A>B>C>D>E,0,600,1,1.0,0.8333333333333334,1.0,0,0,0,0,0.0,0,601,601,0,0,0,0,0,0.0,0.0,0,0,1,0,0,0.002075507792669836,0,0,0,0,0,0,0,0,0,0,0,0,0.8738368411783518,0.8913798484470407,0.5751748251748252,0.02378979314628396,0.10965689575364541,0.42060216224399605,1.0,0.0,0.1354895104895105,0.04895104895104895,0.05550699300699301,-0.006555944055944056,4.544000000000046,0,0,0,0.0,0.0,none,0.0,0.0,0.0,0,0,0,0,0,,
confirmation,30021,neutral,no_bridge_validation,actual,"10,3,6,9,13,7",6,ring,m2,m3,p4>p5>p4>p6,4,context_comp,A>B>A>C,1,7,A>B>C>D>E>F>X,0,600,1,1.0,1.0,1.0,0,0,4,49,0.0175,1,285,285,1,0,0,0,0,0.8351671919782326,0.0063863630686431735,47,1,0,1,1,0.0,1,1,1,1,1,1,1,1,0,0,0,0,0.6822159036112768,0.8037441806359943,0.6678321678321678,0.3905808823967042,0.9345136537388531,0.3728222864038222,1.0,0.22552447552447552,0.6232517482517482,0.791958041958042,0.09090909090909091,0.701048951048951,3.8163000000000173,0,0,0,0.0,0.0,none,0.0,0.0,0.0,0,0,0,1,0,,
confirmation,30021,neutral,no_null,actual,"10,3,6,9,13,7",6,ring,m2,m3,p4>p5>p4>p6,4,context_comp,A>B>A>C,1,7,A>B>C>D>E>F>X,0,600,1,1.0,1.0,1.0,0,0,4,49,0.0175,0,601,601,0,0,0,0,0,0.0,0.0,0,0,1,0,0,0.0,0,0,0,0,0,0,0,0,0,1,0,1,0.6771091940946687,0.799074510961447,0.6695804195804196,0.37931904509797526,0.933331163153333,0.3616392176529153,1.0,0.22552447552447552,0.6258741258741258,0.7902097902097902,0.0923076923076923,0.6979020979020979,3.807100000000017,0,0,0,0.0,0.0,none,0.0,0.0,0.0,0,0,0,1,0,,
confirmation,30021,neutral,no_null_no_validation,actual,"10,3,6,9,13,7",6,ring,m2,m3,p4>p5>p4>p6,4,context_comp,A>B>A>C,1,7,A>B>C>D>E>F>X,0,600,1,1.0,1.0,1.0,1,1,4,49,0.0175,1,280,280,1,0,0,1,0,0.9823783417828237,-0.003140198768266215,42,1,0,1,1,0.0,1,1,1,1,1,1,1,1,0,0,0,0,0.6804832185475587,0.8018679923830224,0.6730769230769231,0.3804966254545839,0.9109572776976365,0.3660149734045466,1.0,0.22727272727272727,0.625,0.7937062937062938,0.09125874125874125,0.7024475524475525,3.824000000000017,0,0,0,0.0,0.0,none,0.0,0.0,0.0,0,0,0,1,0,,
confirmation,30021,self_relevant,correlation_self_model,actual,"10,3,6,9,13,7",6,ring,m2,m3,p4>p5>p4>p6,4,context_comp,A>B>A>C,1,7,A>B>C>D>E>F>X,0,600,1,1.0,0.5,1.0,1,1,4,49,0.0175,1,296,601,0,1,1,1,0,0.9785791946838396,-0.0009930089169649784,46,1,0,0,0,0.0,0,0,0,0,0,0,0,0,0,0,0,0,0.8064767136982569,0.8445710694638299,0.6625874125874126,0.07108636905229967,0.31565686993627134,0.20345122898531576,1.0,0.22377622377622378,0.18006993006993008,0.09090909090909091,0.05384615384615385,0.03706293706293706,3.750600000000016,0,0,0,0.0,0.0,none,0.0,0.0,0.0,0,0,0,1,0,,
confirmation,30021,self_relevant,pair_limited,actual,"10,3,6,9,13,7",6,ring,m2,m3,p4>p5>p4>p6,4,context_comp,A>B>A>C,1,7,A>B>C>D>E>F>X,0,600,1,1.0,1.0,1.0,0,0,2,35,0.0125,0,601,601,0,0,0,0,0,0.0,0.0,0,0,0,0,0,0.0,0,0,0,0,0,0,0,0,0,0,0,0,0.7850465256555135,0.8286517775057115,0.6643356643356644,0.2724223755246817,0.9373820977213819,0.3040738144349825,1.0,0.21153846153846154,0.6215034965034965,0.4160839160839161,0.16538461538461538,0.2506993006993007,3.257800000000006,0,0,0,0.0,0.0,none,0.0,0.0,0.0,0,0,0,1,0,,
confirmation,30021,self_relevant,passive_only,actual,"10,3,6,9,13,7",6,ring,m2,m3,p4>p5>p4>p6,4,context_comp,A>B>A>C,1,7,A>B>C>D>E>F>X,0,600,1,1.0,1.0,1.0,0,0,0,0,0.0,0,601,601,0,0,0,0,0,0.0,0.0,0,0,1,0,0,0.0015587998026462934,0,0,0,0,0,0,0,0,0,0,0,0,0.72495122535806,0.8037971930904053,0.6713286713286714,0.26049217885890785,0.9454429443977526,0.3030435097649811,1.0,0.16783216783216784,0.6162587412587412,0.36013986013986016,0.17447552447552447,0.18566433566433568,5.959200000000049,0,0,0,0.0,0.0,none,0.0,0.0,0.0,0,0,0,0,0,,
confirmation,30022,neutral,no_bridge_validation,actual,"12,4,13,10,8",5,chain,m2,m3,p6>p4>p3,3,branch_comp,A>C>B,1,5,A>B>C>D>E,0,600,1,1.0,0.6666666666666666,0.8,0,0,4,41,0.052564102564102565,1,267,267,1,0,0,0,0,0.7243588419752427,0.004843767759593226,48,1,0,1,1,0.0,1,1,1,1,1,1,1,1,0,0,0,0,0.7357723714544001,0.8312695684893295,0.6643356643356644,0.31996747760554983,0.6142428960731146,0.3059374420800601,1.0,0.21328671328671328,0.43094405594405594,0.541958041958042,0.07998251748251747,0.4619755244755245,3.609850000000022,0,0,0,0.0,0.0,none,0.0,0.0,0.0,0,0,0,1,0,,
confirmation,30022,neutral,no_null,actual,"12,4,13,10,8",5,chain,m2,m3,p6>p4>p3,3,branch_comp,A>C>B,1,5,A>B>C>D>E,0,600,1,1.0,0.6666666666666666,0.8,0,0,4,41,0.052564102564102565,0,601,601,0,0,0,0,0,0.0,0.0,0,0,1,0,0,0.0,0,0,0,0,0,0,0,0,0,1,0,1,0.735512807889097,0.8288808961527057,0.6643356643356644,0.322428059462837,0.6236394182097722,0.30523660692426635,1.0,0.21328671328671328,0.4431818181818182,0.5699300699300699,0.0791083916083916,0.4908216783216783,3.602650000000022,0,0,0,0.0,0.0,none,0.0,0.0,0.0,0,0,0,1,0,,
confirmation,30022,neutral,no_null_no_validation,actual,"12,4,13,10,8",5,chain,m2,m3,p6>p4>p3,3,branch_comp,A>C>B,1,5,A>B>C>D>E,0,600,1,1.0,0.6666666666666666,0.8,1,1,4,41,0.052564102564102565,1,260,260,1,0,0,1,0,0.8530714318271798,-0.004427664417011988,42,1,0,1,1,0.0,1,1,1,1,1,1,1,1,0,0,0,0,0.7358647663336504,0.8314990486351441,0.6643356643356644,0.3291758310596129,0.6234942914406407,0.3169663765371225,1.0,0.21328671328671328,0.44493006993006995,0.5856643356643356,0.07604895104895104,0.5096153846153846,3.609850000000022,0,0,0,0.0,0.0,none,0.0,0.0,0.0,0,0,0,1,0,,
confirmation,30022,self_relevant,correlation_self_model,actual,"12,4,13,10,8",5,chain,m2,m3,p6>p4>p3,3,branch_comp,A>C>B,1,5,A>B>C>D>E,0,600,1,1.0,0.4166666666666667,1.0,1,1,4,41,0.052564102564102565,1,364,601,0,1,1,1,0,0.8600564056012839,0.0013493721838483213,73,1,0,0,0,0.0,0,0,0,0,0,0,0,0,0,0,0,0,0.8006381461420918,0.8400903345527244,0.6643356643356644,0.07158143941935939,0.22144584908471926,0.19762395268647068,1.0,0.21328671328671328,0.30157342657342656,0.1520979020979021,0.11276223776223776,0.03933566433566435,3.5538500000000197,0,0,0,0.0,0.0,none,0.0,0.0,0.0,0,0,0,1,0,,
confirmation,30022,self_relevant,pair_limited,actual,"12,4,13,10,8",5,chain,m2,m3,p6>p4>p3,3,branch_comp,A>C>B,1,5,A>B>C>D>E,0,600,1,1.0,0.6666666666666666,0.8,0,0,2,27,0.03461538461538462,0,601,601,0,0,0,0,0,0.0,0.0,0,0,0,0,0,0.0,0,0,0,0,0,0,0,0,0,0,0,0,0.7435655279435207,0.8112873729267458,0.6678321678321678,0.2256007887354691,0.6431609969002244,0.24429074873974999,1.0,0.20104895104895104,0.4178321678321678,0.31993006993006995,0.12893356643356643,0.19099650349650352,3.2422000000000053,0,0,0,0.0,0.0,none,0.0,0.0,0.0,0,0,0,1,0,,
confirmation,30022,self_relevant,passive_only,actual,"12,4,13,10,8",5,chain,m2,m3,p6>p4>p3,3,branch_comp,A>C>B,1,5,A>B>C>D>E,0,600,1,1.0,0.6666666666666666,0.8,0,0,0,0,0.0,0,601,601,0,0,0,0,0,0.0,0.0,0,0,1,0,0,0.0015587998026462934,0,0,0,0,0,0,0,0,0,0,0,0,0.6878240975189939,0.7885857579954962,0.6695804195804196,0.22748018279183468,0.6790827695974576,0.23720386234606586,1.0,0.16783216783216784,0.46940559440559443,0.3583916083916084,0.1451048951048951,0.21328671328671328,5.032000000000043,0,0,0,0.0,0.0,none,0.0,0.0,0.0,0,0,0,0,0,,
confirmation,30023,neutral,no_bridge_validation,actual,"2,9,1,8,12,13",6,dense,m2,m0,p0>p3>p0>p5,4,context_comp,A>B>A>C,1,7,A>B>C>D>E>F>X,1,600,1,1.0,1.0,1.0,1,1,4,49,0.0175,1,301,601,0,1,0,1,1,0.9818630277468607,-0.0037398438879431965,45,1,0,0,0,0.0,0,0,0,0,0,0,0,0,0,1,1,1,0.6868589706502025,0.7938785154847378,0.6590909090909091,0.5178492710947122,0.863004671277214,0.5343929286432211,1.0,0.22552447552447552,0.631993006993007,0.8846153846153846,0.07587412587412587,0.8087412587412587,3.7275000000000142,0,0,0,0.0,0.0,none,0.0,0.0,0.0,0,0,0,1,0,,
confirmation,30023,neutral,no_null,actual,"2,9,1,8,12,13",6,dense,m2,m0,p0>p3>p0>p5,4,context_comp,A>B>A>C,1,7,A>B>C>D>E>F>X,1,600,1,1.0,1.0,1.0,0,0,4,49,0.0175,0,601,601,0,0,0,0,0,0.0,0.0,0,0,1,0,0,0.0,0,0,0,0,0,0,0,0,0,1,0,1,0.6901716390754242,0.7942721700831363,0.6590909090909091,0.5115282649360057,0.8620699332011439,0.5306929267918662,1.0,0.22552447552447552,0.631993006993007,0.8881118881118881,0.07517482517482518,0.8129370629370629,3.776300000000016,0,0,0,0.0,0.0,none,0.0,0.0,0.0,0,0,0,1,0,,
confirmation,30023,neutral,no_null_no_validation,actual,"2,9,1,8,12,13",6,dense,m2,m0,p0>p3>p0>p5,4,context_comp,A>B>A>C,1,7,A>B>C>D>E>F>X,1,600,1,1.0,1.0,1.0,1,1,4,49,0.0175,1,293,293,1,0,0,1,0,0.9818409715292711,-0.004124095263740364,43,1,0,1,1,0.0,1,1,1,1,1,1,1,1,0,0,0,0,0.698858061709769,0.800213871045865,0.6451048951048951,0.5413209600794635,0.8365122717767915,0.5628383933646667,1.0,0.22202797202797203,0.6232517482517482,0.8636363636363636,0.07657342657342657,0.7870629370629371,3.770100000000016,0,0,0,0.0,0.0,none,0.0,0.0,0.0,0,0,0,1,0,,
confirmation,30023,self_relevant,correlation_self_model,actual,"2,9,1,8,12,13",6,dense,m2,m0,p0>p3>p0>p5,4,context_comp,A>B>A>C,1,7,A>B>C>D>E>F>X,1,600,1,1.0,0.5,1.0,1,1,4,49,0.0175,1,282,601,0,1,1,1,0,0.9774219460700447,0.0010932968436082012,44,1,0,0,0,0.0,0,0,0,0,0,0,0,0,0,0,0,0,0.7954465282814391,0.8387974602341616,0.6625874125874126,0.09862709156163439,0.26358568965575074,0.267390242841342,1.0,0.22552447552447552,0.2526223776223776,0.0944055944055944,0.08216783216783217,0.012237762237762226,3.7198000000000144,0,0,0,0.0,0.0,none,0.0,0.0,0.0,0,0,0,1,0,,
confirmation,30023,self_relevant,pair_limited,actual,"2,9,1,8,12,13",6,dense,m2,m0,p0>p3>p0>p5,4,context_comp,A>B>A>C,1,7,A>B>C>D>E>F>X,1,600,1,1.0,1.0,1.0,0,0,2,35,0.0125,0,601,601,0,0,0,0,0,0.0,0.0,0,0,0,0,0,0.0,0,0,0,0,0,0,0,0,0,0,0,0,0.6787841092202209,0.7657491157339001,0.6625874125874126,0.280344150031407,0.6688583207407885,0.4559209135468472,1.0,0.21153846153846154,0.4965034965034965,0.3583916083916084,0.12692307692307692,0.23146853146853147,3.255000000000006,0,0,0,0.0,0.0,none,0.0,0.0,0.0,0,0,0,1,0,,
confirmation,30023,self_relevant,passive_only,actual,"2,9,1,8,12,13",6,dense,m2,m0,p0>p3>p0>p5,4,context_comp,A>B>A>C,1,7,A>B>C>D>E>F>X,1,600,1,1.0,1.0,1.0,0,0,0,0,0.0,0,601,601,0,0,0,0,0,0.0,0.0,0,0,1,0,0,0.0005453806096466027,0,0,0,0,0,0,0,0,0,0,0,0,0.8286356732256572,0.8526604248103529,0.6258741258741258,0.2948850233580402,0.7245218920204785,0.41005671070221117,1.0,0.1555944055944056,0.527972027972028,0.3776223776223776,0.13566433566433567,0.24195804195804194,2.9580000000000073,0,0,0,0.0,0.0,none,0.0,0.0,0.0,0,0,0,0,0,,
confirmation,30024,neutral,no_bridge_validation,actual,"10,13,4,6,0",5,ring,m3,m0,p5>p3>p7,3,branch_comp,A>C>B,1,5,A>B>C>D>E,0,600,1,1.0,1.0,1.0,0,0,4,42,0.05384615384615385,1,282,601,0,1,0,0,1,0.7999801226130753,-0.003939417791187122,46,1,0,0,0,0.0,0,0,0,0,0,0,0,0,0,1,1,1,0.7133955377411427,0.8042944026943271,0.6573426573426573,0.49821279527395745,0.9705316382849491,0.4555990749660205,1.0,0.1853146853146853,0.5550699300699301,0.7604895104895105,0.08741258741258741,0.6730769230769231,3.54890000000002,0,0,0,0.0,0.0,none,0.0,0.0,0.0,0,0,0,1,0,,
confirmation,30024,neutral,no_null,actual,"10,13,4,6,0",5,ring,m3,m0,p5>p3>p7,3,branch_comp,A>C>B,1,5,A>B>C>D>E,0,600,1,1.0,1.0,1.0,0,0,4,42,0.05384615384615385,0,601,601,0,0,0,0,0,0.0,0.0,0,0,1,0,0,0.0,0,0,0,0,0,0,0,0,0,1,0,1,0.7112862480731152,0.8019693708846812,0.6678321678321678,0.4950191006656274,0.9705652775235133,0.45260223123196713,1.0,0.1888111888111888,0.5550699300699301,0.7534965034965035,0.08916083916083917,0.6643356643356644,3.607600000000022,0,0,0,0.0,0.0,none,0.0,0.0,0.0,0,0,0,1,0,,
confirmation,30024,neutral,no_null_no_validation,actual,"10,13,4,6,0",5,ring,m3,m0,p5>p3>p7,3,branch_comp,A>C>B,1,5,A>B>C>D>E,0,600,1,1.0,1.0,1.0,1,1,4,42,0.05384615384615385,1,276,276,1,0,0,1,0,0.7318143415906673,0.0017715332253036473,45,1,0,1,1,0.0,1,1,1,1,1,1,1,1,0,0,0,0,0.715868788191895,0.8073587719060831,0.6538461538461539,0.5040777500621846,0.9699831230596344,0.463499172949832,1.0,0.18356643356643357,0.5559440559440559,0.7692307692307693,0.08566433566433566,0.6835664335664337,3.6049000000000224,0,0,0,0.0,0.0,none,0.0,0.0,0.0,0,0,0,1,0,,
confirmation,30024,self_relevant,correlation_self_model,actual,"10,13,4,6,0",5,ring,m3,m0,p5>p3>p7,3,branch_comp,A>C>B,1,5,A>B>C>D>E,0,600,1,1.0,0.4166666666666667,1.0,0,0,4,42,0.05384615384615385,1,283,601,0,1,1,0,0,0.7910688358232821,0.0013754459528148525,49,1,0,0,0,0.0,0,0,0,0,0,0,0,0,0,0,0,0,0.7608731204016388,0.8296283988896824,0.666083916083916,0.08664762390424735,0.25954196077614206,0.16606940974134796,1.0,0.18706293706293706,0.368006993006993,0.07692307692307693,0.16477272727272727,-0.08784965034965034,3.5538500000000197,0,0,0,0.0,0.0,none,0.0,0.0,0.0,0,0,0,1,0,,
confirmation,30024,self_relevant,pair_limited,actual,"10,13,4,6,0",5,ring,m3,m0,p5>p3>p7,3,branch_comp,A>C>B,1,5,A>B>C>D>E,0,600,1,1.0,1.0,1.0,0,0,2,27,0.03461538461538462,0,601,601,0,0,0,0,0,0.0,0.0,0,0,0,0,0,0.0,0,0,0,0,0,0,0,0,0,0,0,0,0.7249166619500783,0.8020720347765794,0.6713286713286714,0.385778411789112,0.964391604271878,0.41389513175645354,1.0,0.17657342657342656,0.5559440559440559,0.47027972027972026,0.1604020979020979,0.3098776223776224,3.2422000000000053,0,0,0,0.0,0.0,none,0.0,0.0,0.0,0,0,0,1,0,,
confirmation,30024,self_relevant,passive_only,actual,"10,13,4,6,0",5,ring,m3,m0,p5>p3>p7,3,branch_comp,A>C>B,1,5,A>B>C>D>E,0,600,1,1.0,1.0,1.0,0,0,0,0,0.0,0,601,601,0,0,0,0,0,0.0,0.0,0,0,0,0,0,0.0,0,0,0,0,0,0,0,0,0,0,0,0,0.8750860059991831,0.8922853179341436,0.5297202797202797,0.25310797317503353,0.671154117052028,0.34853359732950506,1.0,0.0,0.47027972027972026,0.26223776223776224,0.16958041958041958,0.09265734265734266,2.909200000000006,0,0,0,0.0,0.0,none,0.0,0.0,0.0,0,0,0,0,0,,
confirmation,30025,neutral,no_bridge_validation,actual,"0,13,1,3,2,11",6,chain,m2,m0,p7>p6>p7>p4,4,context_comp,A>B>A>C,1,7,A>B>C>D>E>F>X,0,600,1,1.0,1.0,1.0,1,1,4,49,0.0175,1,289,601,0,1,0,1,1,0.9765000545947323,-0.003323896580894106,44,1,0,0,0,0.0,0,0,0,0,0,0,0,0,0,1,1,1,0.6632510527820746,0.7883679320589598,0.6678321678321678,0.332287389318068,0.7595972583025898,0.33444679066556904,1.0,0.22727272727272727,0.5533216783216783,0.743006993006993,0.07272727272727272,0.6702797202797203,3.7429000000000148,0,0,0,0.0,0.0,none,0.0,0.0,0.0,0,0,0,1,0,,
confirmation,30025,neutral,no_null,actual,"0,13,1,3,2,11",6,chain,m2,m0,p7>p6>p7>p4,4,context_comp,A>B>A>C,1,7,A>B>C>D>E>F>X,0,600,1,1.0,1.0,1.0,0,0,4,49,0.0175,0,601,601,0,0,0,0,0,0.0,0.0,0,0,1,0,0,0.0009728792454284241,0,0,0,0,0,0,0,0,0,1,0,1,0.6632568854990193,0.7888873277709121,0.6695804195804196,0.32972163645451463,0.7591159115380895,0.32808650325789124,1.0,0.22727272727272727,0.5463286713286714,0.7255244755244755,0.07342657342657342,0.6520979020979021,3.791700000000016,0,0,0,0.0,0.0,none,0.0,0.0,0.0,0,0,0,1,0,,
confirmation,30025,neutral,no_null_no_validation,actual,"0,13,1,3,2,11",6,chain,m2,m0,p7>p6>p7>p4,4,context_comp,A>B>A>C,1,7,A>B>C>D>E>F>X,0,600,1,1.0,1.0,1.0,1,1,4,49,0.0175,1,283,283,1,0,0,1,0,0.9765000545947323,-0.003323896580894106,44,1,0,1,1,0.0,1,1,1,1,1,1,1,1,0,0,0,0,0.6640813851967899,0.7912246923635529,0.666083916083916,0.3331971838689676,0.735188347950798,0.3424375474632603,1.0,0.22552447552447552,0.5428321678321678,0.708041958041958,0.07552447552447553,0.6325174825174825,3.800900000000017,0,0,0,0.0,0.0,none,0.0,0.0,0.0,0,0,0,1,0,,
confirmation,30025,self_relevant,correlation_self_model,actual,"0,13,1,3,2,11",6,chain,m2,m0,p7>p6>p7>p4,4,context_comp,A>B>A>C,1,7,A>B>C>D>E>F>X,0,600,1,1.0,0.4166666666666667,0.8333333333333334,1,1,4,49,0.0175,1,291,601,0,1,1,1,0,0.9860821823636531,0.0012986232280070592,46,1,0,0,0,0.0,0,0,0,0,0,0,0,0,0,0,0,0,0.812422695736321,0.8389963153992808,0.6625874125874126,0.011481820593877352,0.060734984666919456,0.2891204165220374,1.0,0.22552447552447552,0.361013986013986,0.2097902097902098,0.10244755244755245,0.10734265734265734,3.727500000000015,0,0,0,0.0,0.0,none,0.0,0.0,0.0,0,0,0,1,0,,
confirmation,30025,self_relevant,pair_limited,actual,"0,13,1,3,2,11",6,chain,m2,m0,p7>p6>p7>p4,4,context_comp,A>B>A>C,1,7,A>B>C>D>E>F>X,0,600,1,1.0,1.0,1.0,0,0,2,35,0.0125,0,601,601,0,0,0,0,0,0.0,0.0,0,0,0,0,0,0.0,0,0,0,0,0,0,0,0,0,0,0,0,0.7860791379667009,0.8191415688329671,0.6625874125874126,0.0389105733810233,0.5752568809243389,0.24496207611658583,1.0,0.21153846153846154,0.45017482517482516,0.055944055944055944,0.1688811188811189,-0.11293706293706296,3.2550000000000052,0,0,0,0.0,0.0,none,0.0,0.0,0.0,0,0,0,1,0,,
confirmation,30025,self_relevant,passive_only,actual,"0,13,1,3,2,11",6,chain,m2,m0,p7>p6>p7>p4,4,context_comp,A>B>A>C,1,7,A>B>C>D>E>F>X,0,600,1,1.0,1.0,1.0,0,0,0,0,0.0,0,601,601,0,0,0,0,0,0.0,0.0,0,0,0,0,0,0.0,0,0,0,0,0,0,0,0,0,0,0,0,0.7169382853566166,0.7959573779507861,0.6695804195804196,0.22680128314560538,0.8017775948440904,0.23764749067773983,1.0,0.16783216783216784,0.5673076923076923,0.33916083916083917,0.1590909090909091,0.18006993006993008,2.909200000000006,0,0,0,0.0,0.0,none,0.0,0.0,0.0,0,0,0,0,0,,
confirmation,30026,neutral,no_bridge_validation,actual,"9,2,3,11,10",5,dense,m1,m0,p4>p3>p7,3,branch_comp,A>C>B,1,5,A>B>C>D>E,0,600,1,1.0,1.0,1.0,0,0,4,41,0.052564102564102565,1,264,601,0,1,0,0,1,0.7821923250672491,6.579573588984386e-05,44,1,0,0,0,0.0,0,0,0,0,0,0,0,0,0,1,1,1,0.6681253459378386,0.7885323366543413,0.6608391608391608,0.4701876420605733,0.9703513009021302,0.4285482301978523,1.0,0.1853146853146853,0.5026223776223776,0.7622377622377622,0.06075174825174825,0.701486013986014,3.5538500000000197,0,0,0,0.0,0.0,none,0.0,0.0,0.0,0,0,0,1,0,,
confirmation,30026,neutral,no_null,actual,"9,2,3,11,10",5,dense,m1,m0,p4>p3>p7,3,branch_comp,A>C>B,1,5,A>B>C>D>E,0,600,1,1.0,1.0,1.0,0,0,4,41,0.052564102564102565,0,601,601,0,0,0,0,0,0.0,0.0,0,0,1,0,0,0.0006506517738320622,0,0,0,0,0,0,0,0,0,1,0,1,0.6674221748889032,0.7885947928084176,0.6486013986013986,0.4674784210410312,0.9706506484667193,0.42488351897442994,1.0,0.18181818181818182,0.5017482517482518,0.7604895104895105,0.06075174825174825,0.6997377622377623,3.5927500000000214,0,0,0,0.0,0.0,none,0.0,0.0,0.0,0,0,0,1,0,,
confirmation,30026,neutral,no_null_no_validation,actual,"9,2,3,11,10",5,dense,m1,m0,p4>p3>p7,3,branch_comp,A>C>B,1,5,A>B>C>D>E,0,600,1,1.0,1.0,1.0,0,0,4,41,0.052564102564102565,1,257,257,1,0,0,0,0,0.7821923250672491,6.579573588984386e-05,44,1,0,1,1,0.0,1,1,1,1,1,1,1,1,0,0,0,0,0.6698862062600915,0.791402562357606,0.6346153846153846,0.2514458946591688,0.9422434455204263,0.442163929637379,1.0,0.17832167832167833,0.5008741258741258,0.3269230769230769,0.1687062937062937,0.15821678321678323,3.5900500000000215,0,0,0,0.0,0.0,none,0.0,0.0,0.0,0,0,0,1,0,,
confirmation,30026,self_relevant,correlation_self_model,actual,"9,2,3,11,10",5,dense,m1,m0,p4>p3>p7,3,branch_comp,A>C>B,1,5,A>B>C>D>E,0,600,1,1.0,0.4166666666666667,1.0,1,1,4,42,0.05384615384615385,1,267,267,1,0,0,1,1,0.7113899658833331,0.007653808525658546,48,1,1,1,0,0.025876604527223485,1,1,0,1,1,1,1,1,0,0,0,1,0.8610878738879894,0.8819936543039587,0.6608391608391608,0.029746643532835085,0.1274902943533356,0.20054745326890527,1.0,0.18706293706293706,0.24825174825174826,0.12412587412587413,0.0930944055944056,0.03103146853146853,3.634250000000023,0,0,0,0.0,0.0,none,0.0,0.0,0.0,0,0,0,1,0,,
confirmation,30026,self_relevant,pair_limited,actual,"9,2,3,11,10",5,dense,m1,m0,p4>p3>p7,3,branch_comp,A>C>B,1,5,A>B>C>D>E,0,600,1,1.0,1.0,1.0,0,0,2,27,0.03461538461538462,0,601,601,0,0,0,0,0,0.0,0.0,0,0,0,0,0,0.0,0,0,0,0,0,0,0,0,0,0,0,0,0.8686908881552348,0.8852487764263757,0.5087412587412588,0.13273513779548785,0.7394575109934096,0.43946956758665323,1.0,0.1346153846153846,0.44405594405594406,0.2097902097902098,0.16958041958041958,0.04020979020979021,3.1778000000000066,0,0,0,0.0,0.0,none,0.0,0.0,0.0,0,0,0,1,0,,
confirmation,30026,self_relevant,passive_only,actual,"9,2,3,11,10",5,dense,m1,m0,p4>p3>p7,3,branch_comp,A>C>B,1,5,A>B>C>D>E,0,600,1,1.0,1.0,1.0,0,0,0,0,0.0,0,601,601,0,0,0,0,0,0.0,0.0,0,0,0,0,0,0.0,0,0,0,0,0,0,0,0,0,0,0,0,0.8779030550993994,0.8928434994115746,0.5122377622377622,0.029732787275124628,0.1757821348348813,0.3426628948995102,1.0,0.0,0.24213286713286714,0.11013986013986014,0.09353146853146853,0.016608391608391615,2.909200000000006,0,0,0,0.0,0.0,none,0.0,0.0,0.0,0,0,0,0,0,,
confirmation,30027,neutral,no_bridge_validation,actual,"13,5,6,9,11,12",6,ring,m2,m3,p0>p1>p0>p5,4,context_comp,A>B>A>C,1,7,A>B>C>D>E>F>X,1,600,1,1.0,1.0,1.0,1,1,4,49,0.0175,1,289,601,0,1,0,1,1,0.9730317084121783,-0.005011581321420702,42,1,0,0,0,0.0,0,0,0,0,0,0,0,0,0,1,1,1,0.5835085423668,0.7754212571148577,0.6678321678321678,0.43855644263804217,0.9530120546221827,0.41367615736246877,1.0,0.22552447552447552,0.6433566433566433,0.8129370629370629,0.09475524475524476,0.7181818181818181,3.7583000000000153,0,0,0,0.0,0.0,none,0.0,0.0,0.0,0,0,0,1,0,,
confirmation,30027,neutral,no_null,actual,"13,5,6,9,11,12",6,ring,m2,m3,p0>p1>p0>p5,4,context_comp,A>B>A>C,1,7,A>B>C>D>E>F>X,1,600,1,1.0,1.0,1.0,0,0,4,49,0.0175,0,601,601,0,0,0,0,0,0.0,0.0,0,0,1,0,0,0.0,0,0,0,0,0,0,0,0,0,1,0,1,0.5835033234898102,0.7754160410587468,0.6678321678321678,0.43720389701074525,0.9530507220767247,0.41250886019060135,1.0,0.22552447552447552,0.6433566433566433,0.8129370629370629,0.09475524475524476,0.7181818181818181,3.8071000000000166,0,0,0,0.0,0.0,none,0.0,0.0,0.0,0,0,0,1,0,,
confirmation,30027,neutral,no_null_no_validation,actual,"13,5,6,9,11,12",6,ring,m2,m3,p0>p1>p0>p5,4,context_comp,A>B>A>C,1,7,A>B>C>D>E>F>X,1,600,1,1.0,1.0,1.0,1,1,4,49,0.0175,1,281,281,1,0,0,1,0,0.9730317084121783,-0.005011581321420702,42,1,0,1,1,0.0,1,1,1,1,1,1,1,1,0,0,0,0,0.5890408393771918,0.781220076972189,0.6590909090909091,0.45285315152184324,0.9512353186357986,0.43935037794233894,1.0,0.22377622377622378,0.6433566433566433,0.8426573426573427,0.08881118881118881,0.7538461538461539,3.8086000000000175,0,0,0,0.0,0.0,none,0.0,0.0,0.0,0,0,0,1,0,,
confirmation,30027,self_relevant,correlation_self_model,actual,"13,5,6,9,11,12",6,ring,m2,m3,p0>p1>p0>p5,4,context_comp,A>B>A>C,1,7,A>B>C>D>E>F>X,1,600,1,1.0,0.5,1.0,1,1,4,49,0.0175,1,295,601,0,1,1,1,0,0.9764184627239343,0.0013902112036036037,46,1,0,0,0,0.0,0,0,0,0,0,0,0,0,0,0,0,0,0.7963901736463005,0.8359903631075088,0.6625874125874126,0.11163500183128877,0.3228669620211718,0.18655799979498358,1.0,0.22377622377622378,0.34527972027972026,0.16783216783216784,0.10454545454545455,0.06328671328671329,3.750600000000016,0,0,0,0.0,0.0,none,0.0,0.0,0.0,0,0,0,1,0,,
confirmation,30027,self_relevant,pair_limited,actual,"13,5,6,9,11,12",6,ring,m2,m3,p0>p1>p0>p5,4,context_comp,A>B>A>C,1,7,A>B>C>D>E>F>X,1,600,1,1.0,1.0,1.0,0,0,2,35,0.0125,0,601,601,0,0,0,0,0,0.0,0.0,0,0,0,0,0,0.0,0,0,0,0,0,0,0,0,0,0,0,0,0.7584644817497895,0.8181507731630914,0.6678321678321678,0.3579540755056155,0.9437264806982528,0.34046453397529947,1.0,0.21328671328671328,0.6398601398601399,0.5262237762237763,0.1506993006993007,0.37552447552447554,3.257800000000006,0,0,0,0.0,0.0,none,0.0,0.0,0.0,0,0,0,1,0,,
confirmation,30027,self_relevant,passive_only,actual,"13,5,6,9,11,12",6,ring,m2,m3,p0>p1>p0>p5,4,context_comp,A>B>A>C,1,7,A>B>C>D>E>F>X,1,600,1,1.0,1.0,1.0,0,0,0,0,0.0,0,601,601,0,0,0,0,0,0.0,0.0,0,0,0,0,0,0.0,0,0,0,0,0,0,0,0,0,0,0,0,0.7358108913255927,0.8077439746208318,0.6695804195804196,0.369350790264751,0.9499305613518616,0.3604676110434435,1.0,0.16783216783216784,0.6433566433566433,0.5017482517482518,0.156993006993007,0.34475524475524477,2.909200000000006,0,0,0,0.0,0.0,none,0.0,0.0,0.0,0,0,0,0,0,,
confirmation,30028,neutral,no_bridge_validation,actual,"6,13,11,7,9",5,chain,m3,m0,p4>p0>p3,3,branch_comp,A>C>B,1,5,A>B>C>D>E,0,600,1,1.0,0.8333333333333334,1.0,0,0,4,41,0.052564102564102565,1,268,601,0,1,0,0,1,0.7694832487374399,-0.0006526049506544423,44,1,0,0,0,0.0,0,0,0,0,0,0,0,0,0,1,1,1,0.6814413608071794,0.8253266456621053,0.6695804195804196,0.3541468871429747,0.6947823076514225,0.4049410611993481,1.0,0.1888111888111888,0.5638111888111889,0.9370629370629371,0.047639860139860137,0.889423076923077,3.5588000000000197,0,0,0,0.0,0.0,none,0.0,0.0,0.0,0,0,0,1,0,,
confirmation,30028,neutral,no_null,actual,"6,13,11,7,9",5,chain,m3,m0,p4>p0>p3,3,branch_comp,A>C>B,1,5,A>B>C>D>E,0,600,1,1.0,0.8333333333333334,1.0,0,0,4,41,0.052564102564102565,0,601,601,0,0,0,0,0,0.0,0.0,0,0,1,0,0,0.0,0,0,0,0,0,0,0,0,0,1,0,1,0.6805175344274844,0.8254648220165732,0.6678321678321678,0.355556662577276,0.6969123589208925,0.40581611329435807,1.0,0.1888111888111888,0.5638111888111889,0.9370629370629371,0.047639860139860137,0.889423076923077,3.607600000000022,0,0,0,0.0,0.0,none,0.0,0.0,0.0,0,0,0,1,0,,
confirmation,30028,neutral,no_null_no_validation,actual,"6,13,11,7,9",5,chain,m3,m0,p4>p0>p3,3,branch_comp,A>C>B,1,5,A>B>C>D>E,0,600,1,1.0,0.8333333333333334,1.0,0,0,4,41,0.052564102564102565,1,260,260,1,0,0,0,0,0.7694832487374399,-0.0006526049506544423,44,1,0,1,1,0.0,1,1,1,1,1,1,1,1,0,0,0,0,0.6828178496266579,0.8267730528959897,0.6695804195804196,0.35243787331036536,0.6928253915928335,0.40216292432215117,1.0,0.1888111888111888,0.5611888111888111,0.9300699300699301,0.04807692307692307,0.8819930069930071,3.614800000000022,0,0,0,0.0,0.0,none,0.0,0.0,0.0,0,0,0,1,0,,
confirmation,30028,self_relevant,correlation_self_model,actual,"6,13,11,7,9",5,chain,m3,m0,p4>p0>p3,3,branch_comp,A>C>B,1,5,A>B>C>D>E,0,600,1,1.0,0.4166666666666667,1.0,1,1,4,41,0.052564102564102565,1,266,266,1,0,0,1,1,0.7074888457156088,0.005712187657744714,48,1,1,1,0,0.0266576325104507,1,1,0,1,1,1,1,1,0,0,0,1,0.8587472784342884,0.8861291248618116,0.6590909090909091,0.07806073850038482,0.1695539967037719,0.21613965483943456,1.0,0.1853146853146853,0.22552447552447552,0.1258741258741259,0.08129370629370629,0.0445804195804196,3.629300000000023,0,0,0,0.0,0.0,none,0.0,0.0,0.0,0,0,0,1,0,,
confirmation,30028,self_relevant,pair_limited,actual,"6,13,11,7,9",5,chain,m3,m0,p4>p0>p3,3,branch_comp,A>C>B,1,5,A>B>C>D>E,0,600,1,1.0,0.8333333333333334,1.0,0,0,2,27,0.03461538461538462,0,601,601,0,0,0,0,0,0.0,0.0,0,0,0,0,0,0.0,0,0,0,0,0,0,0,0,0,0,0,0,0.7768177168850134,0.8379667259884129,0.6625874125874126,0.21863048255441747,0.6580825238398469,0.2294114390833729,1.0,0.17307692307692307,0.4388111888111888,0.534965034965035,0.08566433566433566,0.4493006993006993,3.2394000000000056,0,0,0,0.0,0.0,none,0.0,0.0,0.0,0,0,0,1,0,,
confirmation,30028,self_relevant,passive_only,actual,"6,13,11,7,9",5,chain,m3,m0,p4>p0>p3,3,branch_comp,A>C>B,1,5,A>B>C>D>E,0,600,1,1.0,0.8333333333333334,1.0,0,0,0,0,0.0,0,601,601,0,0,0,0,0,0.0,0.0,0,0,1,0,0,0.0008069893334798307,0,0,0,0,0,0,0,0,0,0,0,0,0.8737073229724949,0.8962424067157387,0.6398601398601399,0.11619260807384753,0.4160743543189869,0.30591413248702937,1.0,0.0,0.21066433566433568,0.1958041958041958,0.05638111888111888,0.13942307692307693,3.153200000000017,0,0,0,0.0,0.0,none,0.0,0.0,0.0,0,0,0,0,0,,
confirmation,30029,neutral,no_bridge_validation,actual,"2,11,5,13,8,9",6,dense,m0,m1,p3>p5>p3>p0,4,context_comp,A>B>A>C,1,7,A>B>C>D>E>F>X,0,600,1,1.0,1.0,1.0,1,1,4,49,0.0175,1,305,601,0,1,0,1,1,0.9070976909405145,-0.003318619589902196,46,1,0,0,0,0.0,0,0,0,0,0,0,0,0,0,1,1,1,0.6396537757814705,0.7862776727566843,0.6573426573426573,0.4614311321182455,0.9578610932463404,0.4696906769199303,1.0,0.22377622377622378,0.6136363636363636,0.8251748251748252,0.08041958041958042,0.7447552447552448,3.750600000000016,0,0,0,0.0,0.0,none,0.0,0.0,0.0,0,0,0,1,0,,
confirmation,30029,neutral,no_null,actual,"2,11,5,13,8,9",6,dense,m0,m1,p3>p5>p3>p0,4,context_comp,A>B>A>C,1,7,A>B>C>D>E>F>X,0,600,1,1.0,1.0,1.0,0,0,4,49,0.0175,0,601,601,0,0,0,0,0,0.0,0.0,0,0,1,0,0,0.0,0,0,0,0,0,0,0,0,0,1,0,1,0.6404942906159208,0.7866188300802556,0.6503496503496503,0.4597039937798229,0.9571764965539551,0.464472135818739,1.0,0.2202797202797203,0.6092657342657343,0.8146853146853147,0.08076923076923076,0.7339160839160839,3.7917000000000174,0,0,0,0.0,0.0,none,0.0,0.0,0.0,0,0,0,1,0,,
confirmation,30029,neutral,no_null_no_validation,actual,"2,11,5,13,8,9",6,dense,m0,m1,p3>p5>p3>p0,4,context_comp,A>B>A>C,1,7,A>B>C>D>E>F>X,0,600,1,1.0,1.0,1.0,0,0,4,49,0.0175,1,298,298,1,0,0,0,0,0.8437768054064666,-0.0024444065765456668,45,1,0,1,1,0.0,1,1,1,1,1,1,1,1,0,0,0,0,0.6428982768245859,0.7906594082353996,0.666083916083916,0.5225041457581663,0.954598957311561,0.5348794020451222,1.0,0.22552447552447552,0.6171328671328671,0.833916083916084,0.08006993006993007,0.7538461538461538,3.8163000000000173,0,0,0,0.0,0.0,none,0.0,0.0,0.0,0,0,0,1,0,,
confirmation,30029,self_relevant,correlation_self_model,actual,"2,11,5,13,8,9",6,dense,m0,m1,p3>p5>p3>p0,4,context_comp,A>B>A>C,1,7,A>B>C>D>E>F>X,0,600,1,1.0,0.5,1.0,1,1,4,49,0.0175,1,287,601,0,1,1,1,0,0.8933261376827059,0.0007728735750665431,43,1,0,0,0,0.0,0,0,0,0,0,0,0,0,0,0,0,0,0.7966477314822368,0.8443794016278815,0.6608391608391608,0.06527612880137917,0.2906618061802239,0.245395369117073,1.0,0.22377622377622378,0.2736013986013986,0.11013986013986014,0.08741258741258741,0.022727272727272735,3.7506000000000155,0,0,0,0.0,0.0,none,0.0,0.0,0.0,0,0,0,1,0,,
confirmation,30029,self_relevant,pair_limited,actual,"2,11,5,13,8,9",6,dense,m0,m1,p3>p5>p3>p0,4,context_comp,A>B>A>C,1,7,A>B>C>D>E>F>X,0,600,1,1.0,1.0,1.0,0,0,2,35,0.0125,0,601,601,0,0,0,0,0,0.0,0.0,0,0,0,0,0,0.0,0,0,0,0,0,0,0,0,0,0,0,0,0.8388811964863344,0.858971572884741,0.6241258741258742,0.28574548090309226,0.8249396524890045,0.3697858986597104,1.0,0.20104895104895104,0.5428321678321678,0.3916083916083916,0.1388111888111888,0.2527972027972028,3.241000000000004,0,0,0,0.0,0.0,none,0.0,0.0,0.0,0,0,0,1,0,,
confirmation,30029,self_relevant,passive_only,actual,"2,11,5,13,8,9",6,dense,m0,m1,p3>p5>p3>p0,4,context_comp,A>B>A>C,1,7,A>B>C>D>E>F>X,0,600,1,1.0,1.0,1.0,0,0,0,0,0.0,0,601,601,0,0,0,0,0,0.0,0.0,0,0,0,0,0,0.0,0,0,0,0,0,0,0,0,0,0,0,0,0.8426591178825762,0.8620730727875122,0.6136363636363636,0.28851081263728307,0.827997778296369,0.3485637903566253,1.0,0.15384615384615385,0.5454545454545454,0.4125874125874126,0.13566433566433567,0.27692307692307694,2.909200000000006,0,0,0,0.0,0.0,none,0.0,0.0,0.0,0,0,0,0,0,,
confirmation,30030,neutral,no_bridge_validation,actual,"13,3,11,6,8",5,ring,m3,m2,p0>p1>p2,3,branch_comp,A>C>B,1,5,A>B>C>D>E,0,600,1,1.0,0.8333333333333334,1.0,0,0,4,43,0.05512820512820513,1,271,601,0,1,0,0,1,0.8648055745376702,-0.0019075898783287638,46,1,0,0,0,0.0,0,0,0,0,0,0,0,0,0,1,1,1,0.6598407778179838,0.7736425815754502,0.6486013986013986,0.32560379360127645,0.800721345876546,0.2830644259375665,1.0,0.18181818181818182,0.4833916083916084,0.6136363636363636,0.0882867132867133,0.5253496503496503,3.5439500000000197,0,0,0,0.0,0.0,none,0.0,0.0,0.0,0,0,0,1,0,,
confirmation,30030,neutral,no_null,actual,"13,3,11,6,8",5,ring,m3,m2,p0>p1>p2,3,branch_comp,A>C>B,1,5,A>B>C>D>E,0,600,1,1.0,0.8333333333333334,1.0,0,0,4,43,0.05512820512820513,0,601,601,0,0,0,0,0,0.0,0.0,0,0,1,0,0,0.0,0,0,0,0,0,0,0,0,0,1,0,1,0.6591536119765833,0.7693227803249865,0.6678321678321678,0.32237491690586556,0.8010627722818386,0.27678009328940323,1.0,0.1888111888111888,0.4781468531468531,0.5996503496503497,0.08916083916083917,0.5104895104895105,3.6076000000000215,0,0,0,0.0,0.0,none,0.0,0.0,0.0,0,0,0,1,0,,
confirmation,30030,neutral,no_null_no_validation,actual,"13,3,11,6,8",5,ring,m3,m2,p0>p1>p2,3,branch_comp,A>C>B,1,5,A>B>C>D>E,0,600,1,1.0,0.8333333333333334,1.0,0,0,4,43,0.05512820512820513,1,261,261,1,0,0,0,0,0.8654710460376269,-0.0012382514904991473,42,1,0,1,1,0.0,1,1,1,1,1,1,1,1,0,0,0,0,0.661447707978619,0.7747833882485482,0.6555944055944056,0.32920024321728925,0.8006393475857071,0.29097476728668004,1.0,0.1853146853146853,0.48426573426573427,0.6311188811188811,0.08435314685314686,0.5467657342657343,3.604900000000022,0,0,0,0.0,0.0,none,0.0,0.0,0.0,0,0,0,1,0,,
confirmation,30030,self_relevant,correlation_self_model,actual,"13,3,11,6,8",5,ring,m3,m2,p0>p1>p2,3,branch_comp,A>C>B,1,5,A>B>C>D>E,0,600,1,1.0,0.5555555555555556,1.0,1,1,4,42,0.05384615384615385,1,266,266,1,0,0,1,1,0.7060956178627265,0.0045798037132465455,47,1,1,1,0,0.024314342236161756,1,1,0,1,1,1,0,0,0,0,0,1,0.7985689988585967,0.8427434365754701,0.6608391608391608,0.06686615446996913,0.3245700535617854,0.22552054482296865,1.0,0.18706293706293706,0.28846153846153844,0.12762237762237763,0.11232517482517482,0.015297202797202814,3.634250000000023,0,0,0,0.0,0.0,none,0.0,0.0,0.0,0,0,0,1,0,,
confirmation,30030,self_relevant,pair_limited,actual,"13,3,11,6,8",5,ring,m3,m2,p0>p1>p2,3,branch_comp,A>C>B,1,5,A>B>C>D>E,0,600,1,1.0,0.8333333333333334,1.0,0,0,2,27,0.03461538461538462,0,601,601,0,0,0,0,0,0.0,0.0,0,0,0,0,0,0.0,0,0,0,0,0,0,0,0,0,0,0,0,0.7335540050560495,0.7856116156592519,0.6678321678321678,0.22808519442280695,0.787803617247189,0.21532297155768126,1.0,0.17657342657342656,0.4562937062937063,0.30594405594405594,0.15166083916083917,0.15428321678321677,3.2422000000000053,0,0,0,0.0,0.0,none,0.0,0.0,0.0,0,0,0,1,0,,
confirmation,30030,self_relevant,passive_only,actual,"13,3,11,6,8",5,ring,m3,m2,p0>p1>p2,3,branch_comp,A>C>B,1,5,A>B>C>D>E,0,600,1,1.0,0.8333333333333334,1.0,0,0,0,0,0.0,0,601,601,0,0,0,0,0,0.0,0.0,0,0,1,0,0,0.0018088271302270675,0,0,0,0,0,0,0,0,0,0,0,0,0.8722878713146318,0.8918142110163207,0.5646853146853147,0.05279188227343143,0.680255283762516,0.4126353768462387,1.0,0.0,0.5078671328671329,0.10664335664335664,0.22727272727272727,-0.12062937062937062,7.276800000000052,0,0,0,0.0,0.0,none,0.0,0.0,0.0,0,0,0,0,0,,
confirmation,30031,neutral,no_bridge_validation,actual,"4,10,7,3,11,9",6,chain,m2,m0,p5>p2>p5>p1,4,context_comp,A>B>A>C,1,7,A>B>C>D>E>F>X,1,600,1,1.0,0.8571428571428571,1.0,1,1,4,49,0.0175,1,288,601,0,1,0,1,1,0.9823946412029906,-6.725059464112544e-05,42,1,0,0,0,0.0,0,0,0,0,0,0,0,0,0,1,1,1,0.6534817082085699,0.7911419582329572,0.6625874125874126,0.2556210865196393,0.6700624852278224,0.2612980036796118,1.0,0.22377622377622378,0.5882867132867133,0.6818181818181818,0.09895104895104895,0.5828671328671329,3.7506000000000155,0,0,0,0.0,0.0,none,0.0,0.0,0.0,0,0,0,1,0,,
confirmation,30031,neutral,no_null,actual,"4,10,7,3,11,9",6,chain,m2,m0,p5>p2>p5>p1,4,context_comp,A>B>A>C,1,7,A>B>C>D>E>F>X,1,600,1,1.0,0.8571428571428571,1.0,0,0,4,49,0.0175,0,601,601,0,0,0,0,0,0.0,0.0,0,0,1,0,0,0.0007521914431839232,0,0,0,0,0,0,0,0,0,1,0,1,0.6533745098562614,0.790812346941561,0.6625874125874126,0.24990538068069454,0.6613592891095494,0.25384814587990556,1.0,0.22377622377622378,0.5795454545454546,0.6555944055944056,0.10069930069930069,0.554895104895105,3.799400000000017,0,0,0,0.0,0.0,none,0.0,0.0,0.0,0,0,0,1,0,,
confirmation,30031,neutral,no_null_no_validation,actual,"4,10,7,3,11,9",6,chain,m2,m0,p5>p2>p5>p1,4,context_comp,A>B>A>C,1,7,A>B>C>D>E>F>X,1,600,1,1.0,0.8571428571428571,1.0,1,1,4,49,0.0175,1,282,282,1,0,0,1,0,0.9823946412029906,-6.725059464112544e-05,42,1,0,1,1,0.0,1,1,1,1,1,1,1,1,0,0,0,0,0.6538708180740337,0.7929472402143477,0.6573426573426573,0.25965464588270554,0.6803941654082409,0.27227396351603306,1.0,0.22377622377622378,0.5952797202797203,0.6888111888111889,0.10034965034965035,0.5884615384615385,3.8086000000000175,0,0,0,0.0,0.0,none,0.0,0.0,0.0,0,0,0,1,0,,
confirmation,30031,self_relevant,correlation_self_model,actual,"4,10,7,3,11,9",6,chain,m2,m0,p5>p2>p5>p1,4,context_comp,A>B>A>C,1,7,A>B>C>D>E>F>X,1,600,1,1.0,0.5,1.0,1,1,4,49,0.0175,1,287,601,0,1,1,1,0,0.9785477051728096,0.0008286107364537262,42,1,0,0,0,0.0,0,0,0,0,0,0,0,0,0,0,0,0,0.8262052869429719,0.8424276479764226,0.6625874125874126,0.018671967790513427,0.14261526641046743,0.3184484904582714,1.0,0.22377622377622378,0.26835664335664333,0.11188811188811189,0.08496503496503496,0.026923076923076925,3.7429000000000157,0,0,0,0.0,0.0,none,0.0,0.0,0.0,0,0,0,1,0,,
confirmation,30031,self_relevant,pair_limited,actual,"4,10,7,3,11,9",6,chain,m2,m0,p5>p2>p5>p1,4,context_comp,A>B>A>C,1,7,A>B>C>D>E>F>X,1,600,1,1.0,0.8571428571428571,1.0,0,0,2,35,0.0125,0,601,601,0,0,0,0,0,0.0,0.0,0,0,0,0,0,0.0,0,0,0,0,0,0,0,0,0,0,0,0,0.776547434055941,0.8210751491794713,0.6625874125874126,0.0937258889379812,0.6218432226395811,0.24360253709891994,1.0,0.21153846153846154,0.5673076923076923,0.13286713286713286,0.20034965034965035,-0.06748251748251749,3.2550000000000057,0,0,0,0.0,0.0,none,0.0,0.0,0.0,0,0,0,1,0,,
confirmation,30031,self_relevant,passive_only,actual,"4,10,7,3,11,9",6,chain,m2,m0,p5>p2>p5>p1,4,context_comp,A>B>A>C,1,7,A>B>C>D>E>F>X,1,600,1,1.0,0.8571428571428571,1.0,0,0,0,0,0.0,0,601,601,0,0,0,0,0,0.0,0.0,0,0,0,0,0,0.0,0,0,0,0,0,0,0,0,0,0,0,0,0.7470217628843223,0.804789816369904,0.666083916083916,0.1791915588904474,0.6785227995054663,0.20593765667519062,1.0,0.1660839160839161,0.5996503496503497,0.32167832167832167,0.17552447552447553,0.14615384615384613,2.909200000000006,0,0,0,0.0,0.0,none,0.0,0.0,0.0,0,0,0,0,0,,
confirmation,30032,neutral,no_bridge_validation,actual,"8,6,1,11,3",5,dense,m3,m1,p1>p2>p3,3,branch_comp,A>C>B,1,5,A>B>C>D>E,0,600,1,1.0,0.8333333333333334,1.0,1,1,4,41,0.052564102564102565,1,269,601,0,1,0,1,1,0.734272173751506,-0.00560167307130283,49,1,0,0,0,0.0,0,0,0,0,0,0,0,0,0,1,1,1,0.770683835654356,0.8190770378249301,0.6206293706293706,0.4816190746257146,0.8042466597069486,0.4754712704322026,1.0,0.17657342657342656,0.5297202797202797,0.8636363636363636,0.04895104895104895,0.8146853146853147,3.524150000000019,0,0,0,0.0,0.0,none,0.0,0.0,0.0,0,0,0,1,0,,
confirmation,30032,neutral,no_null,actual,"8,6,1,11,3",5,dense,m3,m1,p1>p2>p3,3,branch_comp,A>C>B,1,5,A>B>C>D>E,0,600,1,1.0,0.8333333333333334,1.0,0,0,4,41,0.052564102564102565,0,601,601,0,0,0,0,0,0.0,0.0,0,0,1,0,0,0.0008104229120630234,0,0,0,0,0,0,0,0,0,1,0,1,0.7692243121909678,0.818100905771755,0.6276223776223776,0.4699267261930063,0.7951714791607374,0.46425480897590043,1.0,0.17657342657342656,0.5288461538461539,0.8601398601398601,0.04938811188811189,0.8107517482517482,3.577900000000021,0,0,0,0.0,0.0,none,0.0,0.0,0.0,0,0,0,1,0,,
confirmation,30032,neutral,no_null_no_validation,actual,"8,6,1,11,3",5,dense,m3,m1,p1>p2>p3,3,branch_comp,A>C>B,1,5,A>B>C>D>E,0,600,1,1.0,0.8333333333333334,1.0,0,0,4,41,0.052564102564102565,1,253,253,1,0,0,0,0,0.6970227119853843,-0.0016089535132900374,44,1,0,1,1,0.0,1,1,1,1,1,1,1,1,0,0,0,0,0.7723323937108398,0.8209717041430216,0.6153846153846154,0.49982156759085783,0.8003316502090985,0.5079390699697245,1.0,0.17482517482517482,0.5297202797202797,0.8513986013986014,0.05201048951048951,0.7993881118881119,3.575200000000021,0,0,0,0.0,0.0,none,0.0,0.0,0.0,0,0,0,1,0,,
confirmation,30032,self_relevant,correlation_self_model,actual,"8,6,1,11,3",5,dense,m3,m1,p1>p2>p3,3,branch_comp,A>C>B,1,5,A>B>C>D>E,0,600,1,1.0,0.5,1.0,1,1,4,42,0.05384615384615385,1,286,601,0,1,1,1,0,0.7489941789361433,0.000656806984373348,52,1,0,0,0,0.0,0,0,0,0,0,0,0,0,0,0,0,0,0.7605114345775493,0.8035542032162537,0.6625874125874126,0.06589480952506967,0.23071155190219494,0.24520639446117534,1.0,0.18706293706293706,0.23601398601398602,0.1258741258741259,0.08653846153846154,0.03933566433566435,3.5538500000000197,0,0,0,0.0,0.0,none,0.0,0.0,0.0,0,0,0,1,0,,
confirmation,30032,self_relevant,pair_limited,actual,"8,6,1,11,3",5,dense,m3,m1,p1>p2>p3,3,branch_comp,A>C>B,1,5,A>B>C>D>E,0,600,1,1.0,0.8333333333333334,1.0,0,0,2,27,0.03461538461538462,0,601,601,0,0,0,0,0,0.0,0.0,0,0,0,0,0,0.0,0,0,0,0,0,0,0,0,0,0,0,0,0.8676452119463516,0.8836176515470022,0.5367132867132867,0.16254923478021885,0.5311240169065125,0.31767292827881743,1.0,0.14160839160839161,0.3968531468531469,0.263986013986014,0.13243006993006992,0.1315559440559441,3.1890000000000063,0,0,0,0.0,0.0,none,0.0,0.0,0.0,0,0,0,1,0,,
confirmation,30032,self_relevant,passive_only,actual,"8,6,1,11,3",5,dense,m3,m1,p1>p2>p3,3,branch_comp,A>C>B,1,5,A>B>C>D>E,0,600,1,1.0,0.8333333333333334,1.0,0,0,0,0,0.0,0,601,601,0,0,0,0,0,0.0,0.0,0,0,1,0,0,0.00046470377967665284,0,0,0,0,0,0,0,0,0,0,0,0,0.8810366080181903,0.8947941586611835,0.5314685314685315,0.01309467473255728,0.10198844436705992,0.41771560090476234,1.0,0.0,0.16083916083916083,0.08566433566433566,0.059003496503496504,0.02666083916083916,3.0800000000000134,0,0,0,0.0,0.0,none,0.0,0.0,0.0,0,0,0,0,0,,
confirmation,30033,neutral,no_bridge_validation,actual,"12,11,7,5,13,1",6,ring,m3,m1,p5>p2>p5>p0,4,context_comp,A>B>A>C,1,7,A>B>C>D>E>F>X,0,600,1,1.0,0.8571428571428571,1.0,0,0,4,49,0.0175,1,293,601,0,1,0,0,1,0.8529577267110219,-0.002436181825692665,47,1,0,0,0,0.0,0,0,0,0,0,0,0,0,0,1,1,1,0.7089082706400661,0.8011276198870912,0.6590909090909091,0.26854166479479535,0.8058810105396297,0.2607171777191596,1.0,0.22377622377622378,0.5393356643356644,0.6486013986013986,0.08601398601398601,0.5625874125874126,3.7506000000000155,0,0,0,0.0,0.0,none,0.0,0.0,0.0,0,0,0,1,0,,
confirmation,30033,neutral,no_null,actual,"12,11,7,5,13,1",6,ring,m3,m1,p5>p2>p5>p0,4,context_comp,A>B>A>C,1,7,A>B>C>D>E>F>X,0,600,1,1.0,0.8571428571428571,1.0,0,0,4,49,0.0175,0,601,601,0,0,0,0,0,0.0,0.0,0,0,1,0,0,0.0,0,0,0,0,0,0,0,0,0,1,0,1,0.7092278882066207,0.8027345485030787,0.6590909090909091,0.26667398124319946,0.8080001887994582,0.2584968952225016,1.0,0.22202797202797203,0.5402097902097902,0.6486013986013986,0.08636363636363636,0.5622377622377623,3.7994000000000168,0,0,0,0.0,0.0,none,0.0,0.0,0.0,0,0,0,1,0,,
confirmation,30033,neutral,no_null_no_validation,actual,"12,11,7,5,13,1",6,ring,m3,m1,p5>p2>p5>p0,4,context_comp,A>B>A>C,1,7,A>B>C>D>E>F>X,0,600,1,1.0,0.8571428571428571,1.0,1,1,4,49,0.0175,1,279,279,1,0,0,1,0,0.8245114957465514,0.0007189783017797577,42,1,0,1,1,0.0,1,1,1,1,1,1,1,1,0,0,0,0,0.7110050810129206,0.8049021497849305,0.6625874125874126,0.259870457692433,0.7981247354818773,0.26679264726456664,1.0,0.22377622377622378,0.5402097902097902,0.6346153846153846,0.08916083916083917,0.5454545454545454,3.808600000000017,0,0,0,0.0,0.0,none,0.0,0.0,0.0,0,0,0,1,0,,
confirmation,30033,self_relevant,correlation_self_model,actual,"12,11,7,5,13,1",6,ring,m3,m1,p5>p2>p5>p0,4,context_comp,A>B>A>C,1,7,A>B>C>D>E>F>X,0,600,1,1.0,0.5,1.0,0,0,4,49,0.0175,1,293,601,0,1,1,0,0,0.8483822885398641,-0.00432250921557111,48,1,0,0,0,0.0,0,0,0,0,0,0,0,0,0,0,0,0,0.7919189468321733,0.8273045612743218,0.6625874125874126,0.03629850927037397,0.33235287164042887,0.19043057105574238,1.0,0.22377622377622378,0.28846153846153844,0.15034965034965034,0.0853146853146853,0.06503496503496503,3.750600000000016,0,0,0,0.0,0.0,none,0.0,0.0,0.0,0,0,0,1,0,,
confirmation,30033,self_relevant,pair_limited,actual,"12,11,7,5,13,1",6,ring,m3,m1,p5>p2>p5>p0,4,context_comp,A>B>A>C,1,7,A>B>C>D>E>F>X,0,600,1,1.0,0.8571428571428571,1.0,0,0,2,35,0.0125,0,601,601,0,0,0,0,0,0.0,0.0,0,0,0,0,0,0.0,0,0,0,0,0,0,0,0,0,0,0,0,0.7734292475929406,0.8205791955242102,0.6625874125874126,0.1688418976805061,0.7580370081193449,0.22294259079791112,1.0,0.21153846153846154,0.5166083916083916,0.32517482517482516,0.14160839160839161,0.18356643356643354,3.255000000000006,0,0,0,0.0,0.0,none,0.0,0.0,0.0,0,0,0,1,0,,
confirmation,30033,self_relevant,passive_only,actual,"12,11,7,5,13,1",6,ring,m3,m1,p5>p2>p5>p0,4,context_comp,A>B>A>C,1,7,A>B>C>D>E>F>X,0,600,1,1.0,0.8571428571428571,1.0,0,0,0,0,0.0,0,601,601,0,0,0,0,0,0.0,0.0,0,0,1,0,0,0.002075507792669836,0,0,0,0,0,0,0,0,0,0,0,0,0.8840828707232992,0.8978908062516542,0.5996503496503497,0.05840240278561665,0.5815942479348981,0.4077313601022126,1.0,0.0,0.3557692307692308,0.08741258741258741,0.12482517482517483,-0.03741258741258742,8.155200000000027,0,0,0,0.0,0.0,none,0.0,0.0,0.0,0,0,0,0,0,,
confirmation,30034,neutral,no_bridge_validation,actual,"10,12,13,11,5",5,chain,m1,m0,p0>p3>p2,3,branch_comp,A>C>B,1,5,A>B>C>D>E,0,600,1,1.0,0.8333333333333334,1.0,0,0,4,41,0.052564102564102565,1,281,601,0,1,0,0,1,0.7795068279285227,0.00026069377610238157,46,1,0,0,0,0.0,0,0,0,0,0,0,0,0,0,1,1,1,0.6027783427607533,0.7579928977541327,0.6643356643356644,0.30874724629162226,0.7657618250496973,0.27407950265017716,1.0,0.18706293706293706,0.48426573426573427,0.5157342657342657,0.1131993006993007,0.402534965034965,3.5538500000000197,0,0,0,0.0,0.0,none,0.0,0.0,0.0,0,0,0,1,0,,
confirmation,30034,neutral,no_null,actual,"10,12,13,11,5",5,chain,m1,m0,p0>p3>p2,3,branch_comp,A>C>B,1,5,A>B>C>D>E,0,600,1,1.0,0.8333333333333334,1.0,0,0,4,41,0.052564102564102565,0,601,601,0,0,0,0,0,0.0,0.0,0,0,1,0,0,0.0008372448633764892,0,0,0,0,0,0,0,0,0,1,0,1,0.6037499121553783,0.7590953766767928,0.666083916083916,0.3079226400588742,0.7646150142488456,0.2729589554215542,1.0,0.18706293706293706,0.4833916083916084,0.5104895104895105,0.11407342657342658,0.39641608391608396,3.6026500000000214,0,0,0,0.0,0.0,none,0.0,0.0,0.0,0,0,0,1,0,,
confirmation,30034,neutral,no_null_no_validation,actual,"10,12,13,11,5",5,chain,m1,m0,p0>p3>p2,3,branch_comp,A>C>B,1,5,A>B>C>D>E,0,600,1,1.0,0.8333333333333334,1.0,1,1,4,41,0.052564102564102565,1,276,281,1,0,0,1,0,0.727774915477099,-0.0018414185683443944,45,1,0,1,1,0.0,1,6,1,1,1,1,1,1,5,0,0,0,0.6044559672541472,0.7599627336466778,0.6608391608391608,0.3087400336734288,0.756390537028712,0.27397621798407723,1.0,0.18706293706293706,0.48426573426573427,0.5192307692307693,0.11232517482517483,0.40690559440559443,3.7298500000000265,0,0,0,0.0,0.0,none,0.0,0.0,0.0,0,0,0,1,0,,
confirmation,30034,self_relevant,correlation_self_model,actual,"10,12,13,11,5",5,chain,m1,m0,p0>p3>p2,3,branch_comp,A>C>B,1,5,A>B>C>D>E,0,600,1,1.0,0.4166666666666667,1.0,0,0,4,42,0.05384615384615385,1,265,601,0,1,1,0,0,0.7718662377180319,-0.0036288738279569048,43,1,0,0,0,0.0,0,0,0,0,0,0,0,0,0,0,0,0,0.6886985499578808,0.8122738299799417,0.6643356643356644,0.1228060644793565,0.40401930781163775,0.1696732808792156,1.0,0.18706293706293706,0.270979020979021,0.20454545454545456,0.08435314685314685,0.12019230769230771,3.5538500000000197,0,0,0,0.0,0.0,none,0.0,0.0,0.0,0,0,0,1,0,,
confirmation,30034,self_relevant,pair_limited,actual,"10,12,13,11,5",5,chain,m1,m0,p0>p3>p2,3,branch_comp,A>C>B,1,5,A>B>C>D>E,0,600,1,1.0,0.8333333333333334,1.0,0,0,2,27,0.03461538461538462,0,601,601,0,0,0,0,0,0.0,0.0,0,0,0,0,0,0.0,0,0,0,0,0,0,0,0,0,0,0,0,0.6436818028471242,0.7885673526104917,0.6695804195804196,0.2573383211803709,0.7471523896818096,0.273458167455565,1.0,0.17657342657342656,0.49125874125874125,0.38461538461538464,0.14947552447552448,0.23513986013986016,3.2422000000000053,0,0,0,0.0,0.0,none,0.0,0.0,0.0,0,0,0,1,0,,
confirmation,30034,self_relevant,passive_only,actual,"10,12,13,11,5",5,chain,m1,m0,p0>p3>p2,3,branch_comp,A>C>B,1,5,A>B>C>D>E,0,600,1,1.0,0.8333333333333334,1.0,0,0,0,0,0.0,0,601,601,0,0,0,0,0,0.0,0.0,0,0,0,0,0,0.0,0,0,0,0,0,0,0,0,0,0,0,0,0.8747243896312258,0.8961657451458782,0.6486013986013986,0.18991066433338424,0.5628419816414405,0.21391063679362812,1.0,0.0,0.4755244755244755,0.3968531468531469,0.13854895104895104,0.25830419580419584,2.909200000000006,0,0,0,0.0,0.0,none,0.0,0.0,0.0,0,0,0,0,0,,
confirmation,30035,neutral,no_bridge_validation,actual,"5,0,11,8,7,6",6,dense,m2,m1,p7>p0>p7>p5,4,context_comp,A>B>A>C,1,7,A>B>C>D>E>F>X,1,600,1,1.0,1.0,1.0,1,1,4,49,0.0175,1,348,601,0,1,0,1,1,0.9787366894077058,-0.0010649958798522718,45,1,0,0,0,0.0,0,0,0,0,0,0,0,0,0,1,1,1,0.702453330970025,0.7976384985164872,0.6328671328671329,0.5799355378042541,0.7697074785990208,0.5957392219677268,1.0,0.21678321678321677,0.6284965034965035,0.8461538461538461,0.08216783216783217,0.763986013986014,3.7198000000000144,0,0,0,0.0,0.0,none,0.0,0.0,0.0,0,0,0,1,0,,
confirmation,30035,neutral,no_null,actual,"5,0,11,8,7,6",6,dense,m2,m1,p7>p0>p7>p5,4,context_comp,A>B>A>C,1,7,A>B>C>D>E>F>X,1,600,1,1.0,1.0,1.0,0,0,4,49,0.0175,0,601,601,0,0,0,0,0,0.0,0.0,0,0,1,0,0,0.0008263978315028554,0,0,0,0,0,0,0,0,0,1,0,1,0.7008325007999534,0.7961222682965469,0.6416083916083916,0.5527229850527295,0.7487116500282982,0.585610784237398,1.0,0.21853146853146854,0.6136363636363636,0.8111888111888111,0.08321678321678322,0.7279720279720279,3.776300000000015,0,0,0,0.0,0.0,none,0.0,0.0,0.0,0,0,0,1,0,,
confirmation,30035,neutral,no_null_no_validation,actual,"5,0,11,8,7,6",6,dense,m2,m1,p7>p0>p7>p5,4,context_comp,A>B>A>C,1,7,A>B>C>D>E>F>X,1,600,1,1.0,1.0,1.0,0,0,4,49,0.0175,1,309,309,1,0,0,0,0,0.8462895933704702,-0.0006264687101211134,45,1,0,1,1,0.0,1,1,1,1,1,1,1,1,0,0,0,0,0.703266032185023,0.7981401259542409,0.6503496503496503,0.4820706671359513,0.6713675052671612,0.5545997436206894,1.0,0.22202797202797203,0.576048951048951,0.7185314685314685,0.08671328671328671,0.6318181818181818,3.8009000000000164,0,0,0,0.0,0.0,none,0.0,0.0,0.0,0,0,0,1,0,,
confirmation,30035,self_relevant,correlation_self_model,actual,"5,0,11,8,7,6",6,dense,m2,m1,p7>p0>p7>p5,4,context_comp,A>B>A>C,1,7,A>B>C>D>E>F>X,1,600,1,1.0,0.5,1.0,1,1,4,49,0.0175,1,288,601,0,1,1,1,0,0.982979305100626,0.0014119756925373322,42,1,0,0,0,0.0,0,0,0,0,0,0,0,0,0,0,0,0,0.788482502216684,0.8424869403902279,0.6608391608391608,0.018556343300001988,0.15245057899795064,0.30698877234549865,1.0,0.22377622377622378,0.26573426573426573,0.10839160839160839,0.08461538461538462,0.023776223776223765,3.750600000000016,0,0,0,0.0,0.0,none,0.0,0.0,0.0,0,0,0,1,0,,
confirmation,30035,self_relevant,pair_limited,actual,"5,0,11,8,7,6",6,dense,m2,m1,p7>p0>p7>p5,4,context_comp,A>B>A>C,1,7,A>B>C>D>E>F>X,1,600,1,1.0,1.0,1.0,0,0,2,35,0.0125,0,601,601,0,0,0,0,0,0.0,0.0,0,0,0,0,0,0.0,0,0,0,0,0,0,0,0,0,0,0,0,0.6917053537854716,0.7927141811030104,0.6171328671328671,0.018874352988258614,0.5038897964221747,0.5406041470155033,1.0,0.20104895104895104,0.4982517482517482,0.024475524475524476,0.1944055944055944,-0.16993006993006993,3.238200000000006,0,0,0,0.0,0.0,none,0.0,0.0,0.0,0,0,0,1,0,,
confirmation,30035,self_relevant,passive_only,actual,"5,0,11,8,7,6",6,dense,m2,m1,p7>p0>p7>p5,4,context_comp,A>B>A>C,1,7,A>B>C>D>E>F>X,1,600,1,1.0,1.0,1.0,0,0,0,0,0.0,0,601,601,0,0,0,0,0,0.0,0.0,0,0,1,0,0,0.0015587998026462934,0,0,0,0,0,0,0,0,0,0,0,0,0.8574579194406526,0.8748300309784538,0.5699300699300699,0.11526274935961726,0.6951960314640379,0.4738425353420038,1.0,0.14160839160839161,0.5463286713286714,0.09965034965034965,0.1986013986013986,-0.09895104895104896,7.008400000000057,0,0,0,0.0,0.0,none,0.0,0.0,0.0,0,0,0,0,0,,
confirmation,30036,neutral,no_bridge_validation,actual,"4,9,13,8,0",5,ring,m0,m1,p6>p1>p0,3,branch_comp,A>C>B,1,5,A>B>C>D>E,0,600,1,1.0,1.0,1.0,1,1,4,41,0.052564102564102565,1,289,601,0,1,0,1,1,0.7927497662938305,0.0011456954192645768,51,1,0,0,0,0.0,0,0,0,0,0,0,0,0,0,1,1,1,0.67970417203605,0.7913976237236132,0.666083916083916,0.36021762229355486,0.840596449625782,0.33684001436265426,1.0,0.21328671328671328,0.5472027972027972,0.701048951048951,0.09833916083916083,0.6027097902097902,3.5538500000000197,0,0,0,0.0,0.0,none,0.0,0.0,0.0,0,0,0,1,0,,
confirmation,30036,neutral,no_null,actual,"4,9,13,8,0",5,ring,m0,m1,p6>p1>p0,3,branch_comp,A>C>B,1,5,A>B>C>D>E,0,600,1,1.0,1.0,1.0,0,0,4,41,0.052564102564102565,0,601,601,0,0,0,0,0,0.0,0.0,0,0,1,0,0,0.000593322627329236,0,0,0,0,0,0,0,0,0,1,0,1,0.6803426850167683,0.7903854466852188,0.6590909090909091,0.35949322077317264,0.843275736864021,0.336980138304127,1.0,0.21153846153846154,0.5480769230769231,0.7027972027972028,0.09833916083916083,0.604458041958042,3.5977000000000214,0,0,0,0.0,0.0,none,0.0,0.0,0.0,0,0,0,1,0,,
confirmation,30036,neutral,no_null_no_validation,actual,"4,9,13,8,0",5,ring,m0,m1,p6>p1>p0,3,branch_comp,A>C>B,1,5,A>B>C>D>E,0,600,1,1.0,1.0,1.0,1,1,4,41,0.052564102564102565,1,260,260,1,0,0,1,0,0.7801210942110487,0.00228649409692826,44,1,0,1,1,0.0,1,1,1,1,1,1,0,0,0,0,0,0,0.6821998512607577,0.7955677492738353,0.6503496503496503,0.3662581885264372,0.8419277027390423,0.34125800408337964,1.0,0.2097902097902098,0.5428321678321678,0.6993006993006993,0.09659090909090909,0.6027097902097902,3.599950000000022,0,0,0,0.0,0.0,none,0.0,0.0,0.0,0,0,0,1,0,,
confirmation,30036,self_relevant,correlation_self_model,actual,"4,9,13,8,0",5,ring,m0,m1,p6>p1>p0,3,branch_comp,A>C>B,1,5,A>B>C>D>E,0,600,1,1.0,0.36363636363636365,0.8,1,1,4,41,0.052564102564102565,1,267,601,0,1,1,1,0,0.7799510229793081,0.001384050553252292,44,1,0,0,0,0.0,0,0,0,0,0,0,0,0,0,0,0,0,0.8134734305604823,0.8254390231498965,0.6555944055944056,0.04974709472623366,0.16965905976200635,0.23750687122374928,1.0,0.2097902097902098,0.3758741258741259,0.09615384615384616,0.1638986013986014,-0.06774475524475525,3.5489000000000197,0,0,0,0.0,0.0,none,0.0,0.0,0.0,0,0,0,1,0,,
confirmation,30036,self_relevant,pair_limited,actual,"4,9,13,8,0",5,ring,m0,m1,p6>p1>p0,3,branch_comp,A>C>B,1,5,A>B>C>D>E,0,600,1,1.0,1.0,1.0,0,0,2,27,0.03461538461538462,0,601,601,0,0,0,0,0,0.0,0.0,0,0,0,0,0,0.0,0,0,0,0,0,0,0,0,0,0,0,0,0.7334207415081319,0.7868448437577266,0.666083916083916,0.24857727286975687,0.8272459942178686,0.289908019437455,1.0,0.20104895104895104,0.5428321678321678,0.32517482517482516,0.1901223776223776,0.13505244755244755,3.2394000000000056,0,0,0,0.0,0.0,none,0.0,0.0,0.0,0,0,0,1,0,,
confirmation,30036,self_relevant,passive_only,actual,"4,9,13,8,0",5,ring,m0,m1,p6>p1>p0,3,branch_comp,A>C>B,1,5,A>B>C>D>E,0,600,1,1.0,1.0,1.0,0,0,0,0,0.0,0,601,601,0,0,0,0,0,0.0,0.0,0,0,0,0,0,0.0,0,0,0,0,0,0,0,0,0,0,0,0,0.754178586395004,0.7956877004075724,0.6713286713286714,0.30728919263286425,0.9058051384473504,0.32906751285524066,1.0,0.16783216783216784,0.5594405594405595,0.3758741258741259,0.18575174825174826,0.19012237762237763,2.909200000000006,0,0,0,0.0,0.0,none,0.0,0.0,0.0,0,0,0,0,0,,
confirmation,30037,neutral,no_bridge_validation,actual,"5,8,9,0,10,4",6,chain,m1,m0,p2>p6>p2>p5,4,context_comp,A>B>A>C,1,7,A>B>C>D>E>F>X,0,600,1,1.0,1.0,1.0,0,0,4,49,0.0175,1,292,601,0,1,0,0,1,0.902761937930882,-0.0010911443435841239,45,1,0,0,0,0.0,0,0,0,0,0,0,0,0,0,1,1,1,0.609193145882485,0.776792469595621,0.6713286713286714,0.31006376815180203,0.7690285169277715,0.30788123376911997,1.0,0.1888111888111888,0.5786713286713286,0.6451048951048951,0.10244755244755245,0.5426573426573427,3.766000000000015,0,0,0,0.0,0.0,none,0.0,0.0,0.0,0,0,0,1,0,,
confirmation,30037,neutral,no_null,actual,"5,8,9,0,10,4",6,chain,m1,m0,p2>p6>p2>p5,4,context_comp,A>B>A>C,1,7,A>B>C>D>E>F>X,0,600,1,1.0,1.0,1.0,0,0,4,49,0.0175,0,601,601,0,0,0,0,0,0.0,0.0,0,0,1,0,0,0.0,0,0,0,0,0,0,0,0,0,1,0,1,0.6093528655859003,0.777505676565082,0.6573426573426573,0.31026083928613335,0.7728557953314259,0.30699221989224756,1.0,0.1853146853146853,0.5786713286713286,0.6381118881118881,0.10384615384615384,0.5342657342657343,3.799400000000017,0,0,0,0.0,0.0,none,0.0,0.0,0.0,0,0,0,1,0,,
confirmation,30037,neutral,no_null_no_validation,actual,"5,8,9,0,10,4",6,chain,m1,m0,p2>p6>p2>p5,4,context_comp,A>B>A>C,1,7,A>B>C>D>E>F>X,0,600,1,1.0,1.0,1.0,0,0,4,49,0.0175,1,279,279,1,0,0,0,0,0.8966692755026376,0.002233311536840938,44,1,0,1,1,0.0,1,1,1,1,1,1,1,1,0,0,0,0,0.6100290915119732,0.7796414655148505,0.6590909090909091,0.25408055406911506,0.7328334282890764,0.2944962393808157,1.0,0.1853146853146853,0.5620629370629371,0.5244755244755245,0.11993006993006992,0.40454545454545454,3.8086000000000175,0,0,0,0.0,0.0,none,0.0,0.0,0.0,0,0,0,1,0,,
confirmation,30037,self_relevant,correlation_self_model,actual,"5,8,9,0,10,4",6,chain,m1,m0,p2>p6>p2>p5,4,context_comp,A>B>A>C,1,7,A>B>C>D>E>F>X,0,600,1,1.0,0.5,1.0,1,1,4,49,0.0175,1,288,601,1,0,0,1,1,0.8444687858638952,0.0052079493636036185,47,1,1,1,0,0.02918563294460387,1,2,0,0,0,0,0,0,2,0,0,0,0.854340107349306,0.8911102459446879,0.6590909090909091,0.009016324808939508,0.17663170986467933,0.2681935913614749,1.0,0.18706293706293706,0.291958041958042,0.11188811188811189,0.0944055944055944,0.017482517482517487,3.851400000000019,0,0,0,0.0,0.0,none,0.0,0.0,0.0,0,0,0,1,0,,
confirmation,30037,self_relevant,pair_limited,actual,"5,8,9,0,10,4",6,chain,m1,m0,p2>p6>p2>p5,4,context_comp,A>B>A>C,1,7,A>B>C>D>E>F>X,0,600,1,1.0,1.0,1.0,0,0,2,35,0.0125,0,601,601,0,0,0,0,0,0.0,0.0,0,0,0,0,0,0.0,0,0,0,0,0,0,0,0,0,0,0,0,0.8083610924517839,0.8458621600580315,0.6486013986013986,0.03295307852664025,0.6733814664346461,0.2878949092233406,1.0,0.17132867132867133,0.5437062937062938,0.024475524475524476,0.21258741258741257,-0.1881118881118881,3.2494000000000067,0,0,0,0.0,0.0,none,0.0,0.0,0.0,0,0,0,1,0,,
confirmation,30037,self_relevant,passive_only,actual,"5,8,9,0,10,4",6,chain,m1,m0,p2>p6>p2>p5,4,context_comp,A>B>A>C,1,7,A>B>C>D>E>F>X,0,600,1,1.0,1.0,1.0,0,0,0,0,0.0,0,601,601,0,0,0,0,0,0.0,0.0,0,0,1,0,0,0.002075507792669836,0,0,0,0,0,0,0,0,0,0,0,0,0.8744712397076695,0.8981981935905408,0.6136363636363636,0.035904049263254516,0.45866045170424596,0.42742482159872647,1.0,0.0,0.3924825174825175,0.012237762237762238,0.15454545454545454,-0.1423076923076923,8.057600000000043,0,0,0,0.0,0.0,none,0.0,0.0,0.0,0,0,0,0,0,,
confirmation,30038,neutral,no_bridge_validation,actual,"2,9,1,11,7",5,dense,m0,m1,p2>p4>p1,3,branch_comp,A>C>B,1,5,A>B>C>D>E,0,600,1,1.0,1.0,1.0,1,1,4,41,0.052564102564102565,1,278,601,0,1,0,1,1,0.7923264382992722,-0.001478217366939042,47,1,0,0,0,0.0,0,0,0,0,0,0,0,0,0,1,1,1,0.6769559929167562,0.8000015877184907,0.6276223776223776,0.6408164924530717,0.9407256740334012,0.6441464296330727,1.0,0.20279720279720279,0.5795454545454546,0.9230769230769231,0.059003496503496504,0.8640734265734267,3.529100000000019,0,0,0,0.0,0.0,none,0.0,0.0,0.0,0,0,0,1,0,,
confirmation,30038,neutral,no_null,actual,"2,9,1,11,7",5,dense,m0,m1,p2>p4>p1,3,branch_comp,A>C>B,1,5,A>B>C>D>E,0,600,1,1.0,1.0,1.0,0,0,4,41,0.052564102564102565,0,601,601,0,0,0,0,0,0.0,0.0,0,0,1,0,0,0.0,0,0,0,0,0,0,0,0,0,1,0,1,0.6758505639289241,0.7993008107765733,0.6293706293706294,0.6381162386763247,0.9415232201979034,0.6399757938423959,1.0,0.20454545454545456,0.5786713286713286,0.9213286713286714,0.059003496503496504,0.8623251748251749,3.5779000000000214,0,0,0,0.0,0.0,none,0.0,0.0,0.0,0,0,0,1,0,,
confirmation,30038,neutral,no_null_no_validation,actual,"2,9,1,11,7",5,dense,m0,m1,p2>p4>p1,3,branch_comp,A>C>B,1,5,A>B>C>D>E,0,600,1,1.0,1.0,1.0,1,1,4,41,0.052564102564102565,1,260,260,1,0,0,1,0,0.7844920529135416,0.0036126436338138304,44,1,0,1,1,0.0,1,1,1,1,1,1,1,1,0,0,0,0,0.6830217788823272,0.8023738035420426,0.6293706293706294,0.6488137624666898,0.9270400834218676,0.6598420173288945,1.0,0.20454545454545456,0.5751748251748252,0.9055944055944056,0.061188811188811185,0.8444055944055945,3.585100000000022,0,0,0,0.0,0.0,none,0.0,0.0,0.0,0,0,0,1,0,,
confirmation,30038,self_relevant,correlation_self_model,actual,"2,9,1,11,7",5,dense,m0,m1,p2>p4>p1,3,branch_comp,A>C>B,1,5,A>B>C>D>E,0,600,1,1.0,0.4166666666666667,1.0,1,1,4,42,0.05384615384615385,1,261,261,1,0,0,1,1,0.7897942064537631,0.005008841930864854,44,1,1,1,0,0.024790511777625295,1,1,0,1,1,1,1,1,0,0,0,1,0.858016125893039,0.8803385430065477,0.6643356643356644,0.04074451503576748,0.1149603874246855,0.2610339243499543,1.0,0.21328671328671328,0.21241258741258742,0.11713286713286714,0.07692307692307693,0.04020979020979021,3.634250000000023,0,0,0,0.0,0.0,none,0.0,0.0,0.0,0,0,0,1,0,,
confirmation,30038,self_relevant,pair_limited,actual,"2,9,1,11,7",5,dense,m0,m1,p2>p4>p1,3,branch_comp,A>C>B,1,5,A>B>C>D>E,0,600,1,1.0,1.0,1.0,0,0,2,27,0.03461538461538462,0,601,601,0,0,0,0,0,0.0,0.0,0,0,0,0,0,0.0,0,0,0,0,0,0,0,0,0,0,0,0,0.6962652898990833,0.7638545619861522,0.6276223776223776,0.2696379858530835,0.7006072800021049,0.4942565458919646,1.0,0.19055944055944055,0.44755244755244755,0.3531468531468531,0.1354895104895105,0.21765734265734263,3.2254000000000063,0,0,0,0.0,0.0,none,0.0,0.0,0.0,0,0,0,1,0,,
confirmation,30038,self_relevant,passive_only,actual,"2,9,1,11,7",5,dense,m0,m1,p2>p4>p1,3,branch_comp,A>C>B,1,5,A>B>C>D>E,0,600,1,1.0,1.0,1.0,0,0,0,0,0.0,0,601,601,0,0,0,0,0,0.0,0.0,0,0,1,0,0,0.0015587998026462934,0,0,0,0,0,0,0,0,0,0,0,0,0.6917861389489005,0.7688979469130002,0.5804195804195804,0.2739979453776769,0.7709184905574179,0.4473954856281103,1.0,0.1451048951048951,0.46416083916083917,0.4178321678321678,0.12762237762237763,0.2902097902097902,6.9596000000000515,0,0,0,0.0,0.0,none,0.0,0.0,0.0,0,0,0,0,0,,
confirmation,30039,neutral,no_bridge_validation,actual,"1,2,13,11,6,5",6,ring,m3,m1,p1>p2>p1>p4,4,context_comp,A>B>A>C,1,7,A>B>C>D>E>F>X,1,600,1,1.0,1.0,1.0,0,0,4,49,0.0175,1,287,601,0,1,0,0,1,0.8532068035451642,-0.0050905791878055945,49,1,0,0,0,0.0,0,0,0,0,0,0,0,0,0,1,1,1,0.626277879500346,0.7971396626348229,0.666083916083916,0.424518702740991,0.8268738316855971,0.42742620315039787,1.0,0.22377622377622378,0.6145104895104895,0.8758741258741258,0.07062937062937062,0.8052447552447553,3.7583000000000157,0,0,0,0.0,0.0,none,0.0,0.0,0.0,0,0,0,1,0,,
confirmation,30039,neutral,no_null,actual,"1,2,13,11,6,5",6,ring,m3,m1,p1>p2>p1>p4,4,context_comp,A>B>A>C,1,7,A>B>C>D>E>F>X,1,600,1,1.0,1.0,1.0,0,0,4,49,0.0175,0,601,601,0,0,0,0,0,0.0,0.0,0,0,1,0,0,0.0009728792454284241,0,0,0,0,0,0,0,0,0,1,0,1,0.627120238371109,0.797904573130649,0.666083916083916,0.41884634439695634,0.8269877168295849,0.4226018216495668,1.0,0.22552447552447552,0.6145104895104895,0.8776223776223776,0.07027972027972028,0.8073426573426573,3.807100000000017,0,0,0,0.0,0.0,none,0.0,0.0,0.0,0,0,0,1,0,,
confirmation,30039,neutral,no_null_no_validation,actual,"1,2,13,11,6,5",6,ring,m3,m1,p1>p2>p1>p4,4,context_comp,A>B>A>C,1,7,A>B>C>D>E>F>X,1,600,1,1.0,1.0,1.0,1,1,4,49,0.0175,1,272,272,1,0,0,1,0,0.8175528543316403,0.0004820810106844122,43,1,0,1,1,0.0,1,1,1,1,1,1,1,1,0,0,0,0,0.6329268921556561,0.8021939749585904,0.6625874125874126,0.4272559603984453,0.8048294267246202,0.44065249501073944,1.0,0.22377622377622378,0.6118881118881119,0.8706293706293706,0.07062937062937062,0.8,3.8086000000000175,0,0,0,0.0,0.0,none,0.0,0.0,0.0,0,0,0,1,0,,
confirmation,30039,self_relevant,correlation_self_model,actual,"1,2,13,11,6,5",6,ring,m3,m1,p1>p2>p1>p4,4,context_comp,A>B>A>C,1,7,A>B>C>D>E>F>X,1,600,1,1.0,0.5,1.0,1,1,4,49,0.0175,1,274,274,1,0,0,1,1,0.8215005521123815,0.00598618981809188,44,1,1,1,0,0.030911915578509284,1,1,0,1,1,1,1,1,0,0,0,1,0.8601309149590802,0.8871123991427116,0.6625874125874126,0.03278955501525265,0.09080576662577747,0.26256171005891654,1.0,0.22377622377622378,0.3129370629370629,0.11713286713286714,0.10174825174825175,0.015384615384615385,3.8330000000000184,0,0,0,0.0,0.0,none,0.0,0.0,0.0,0,0,0,1,0,,
confirmation,30039,self_relevant,pair_limited,actual,"1,2,13,11,6,5",6,ring,m3,m1,p1>p2>p1>p4,4,context_comp,A>B>A>C,1,7,A>B>C>D>E>F>X,1,600,1,1.0,1.0,1.0,0,0,2,35,0.0125,0,601,601,0,0,0,0,0,0.0,0.0,0,0,0,0,0,0.0,0,0,0,0,0,0,0,0,0,0,0,0,0.6786409057078563,0.7807595113534697,0.6468531468531469,0.23611797837619583,0.7180175442164092,0.2950125160909424,1.0,0.20804195804195805,0.5611888111888111,0.34615384615384615,0.15524475524475526,0.1909090909090909,3.2494000000000067,0,0,0,0.0,0.0,none,0.0,0.0,0.0,0,0,0,1,0,,
confirmation,30039,self_relevant,passive_only,actual,"1,2,13,11,6,5",6,ring,m3,m1,p1>p2>p1>p4,4,context_comp,A>B>A>C,1,7,A>B>C>D>E>F>X,1,600,1,1.0,1.0,1.0,0,0,0,0,0.0,0,601,601,0,0,0,0,0,0.0,0.0,0,0,1,0,0,0.0018088271302270675,0,0,0,0,0,0,0,0,0,0,0,0,0.8793578276600231,0.8970049887792956,0.5804195804195804,0.018612062667128074,0.4272121838080145,0.4893489221339014,1.0,0.0,0.43094405594405594,0.07167832167832168,0.15804195804195803,-0.08636363636363635,7.252400000000051,0,0,0,0.0,0.0,none,0.0,0.0,0.0,0,0,0,0,0,,
confirmation,30040,neutral,no_bridge_validation,actual,"9,13,10,1,11",5,chain,m0,m2,p5>p0>p1,3,branch_comp,A>C>B,1,5,A>B>C>D>E,0,600,1,1.0,0.8333333333333334,1.0,0,0,4,43,0.05512820512820513,1,289,289,1,0,0,0,0,0.8589075488780215,0.004175053390815009,49,1,0,1,1,0.0,1,1,1,1,1,1,1,1,0,0,0,0,0.621059488050863,0.7669835770987948,0.6520979020979021,0.32328077812601774,0.804617780754548,0.296036251649502,1.0,0.18356643356643357,0.5611888111888111,0.5541958041958042,0.14204545454545453,0.41215034965034963,3.5999500000000224,0,0,0,0.0,0.0,none,0.0,0.0,0.0,0,0,0,1,0,,
confirmation,30040,neutral,no_null,actual,"9,13,10,1,11",5,chain,m0,m2,p5>p0>p1,3,branch_comp,A>C>B,1,5,A>B>C>D>E,0,600,1,1.0,0.8333333333333334,1.0,0,0,4,43,0.05512820512820513,0,601,601,0,0,0,0,0,0.0,0.0,0,0,1,0,0,0.000593322627329236,0,0,0,0,0,0,0,0,0,1,0,1,0.6191285995722026,0.7609812709366468,0.6713286713286714,0.3183721487059415,0.8035957411037942,0.2910967013180528,1.0,0.1888111888111888,0.5646853146853147,0.5454545454545454,0.145979020979021,0.3994755244755244,3.607600000000022,0,0,0,0.0,0.0,none,0.0,0.0,0.0,0,0,0,1,0,,
confirmation,30040,neutral,no_null_no_validation,actual,"9,13,10,1,11",5,chain,m0,m2,p5>p0>p1,3,branch_comp,A>C>B,1,5,A>B>C>D>E,0,600,1,1.0,0.8333333333333334,1.0,0,0,4,43,0.05512820512820513,1,256,256,1,0,0,0,0,0.8593725042142472,0.0033276312810106125,42,1,0,1,1,0.0,1,1,1,1,1,1,0,0,0,0,0,0,0.6204519859950886,0.763932158307107,0.6625874125874126,0.32488193857083164,0.8042624687357888,0.29984992363724133,1.0,0.1853146853146853,0.5681818181818182,0.5664335664335665,0.14248251748251747,0.42395104895104896,3.6098500000000224,0,0,0,0.0,0.0,none,0.0,0.0,0.0,0,0,0,1,0,,
confirmation,30040,self_relevant,correlation_self_model,actual,"9,13,10,1,11",5,chain,m0,m2,p5>p0>p1,3,branch_comp,A>C>B,1,5,A>B>C>D>E,0,600,1,1.0,0.4166666666666667,1.0,0,0,4,42,0.05384615384615385,1,266,601,0,1,1,0,0,0.8536595035027371,-0.0007422747729076955,42,1,0,0,0,0.0,0,0,0,0,0,0,0,0,0,0,0,0,0.8016367270345982,0.8373402218508804,0.6590909090909091,0.056788950533383224,0.26900467232294695,0.1715764227217901,1.0,0.1853146853146853,0.3513986013986014,0.1048951048951049,0.14947552447552448,-0.044580419580419584,3.5489000000000197,0,0,0,0.0,0.0,none,0.0,0.0,0.0,0,0,0,1,0,,
confirmation,30040,self_relevant,pair_limited,actual,"9,13,10,1,11",5,chain,m0,m2,p5>p0>p1,3,branch_comp,A>C>B,1,5,A>B>C>D>E,0,600,1,1.0,0.8333333333333334,1.0,0,0,2,27,0.03461538461538462,0,601,601,0,0,0,0,0,0.0,0.0,0,0,0,0,0,0.0,0,0,0,0,0,0,0,0,0,0,0,0,0.726576294279042,0.7898222492406045,0.6678321678321678,0.08098877703045239,0.7546043686482923,0.34049332769700835,1.0,0.17657342657342656,0.5454545454545454,0.03146853146853147,0.26486013986013984,-0.23339160839160839,3.2422000000000053,0,0,0,0.0,0.0,none,0.0,0.0,0.0,0,0,0,1,0,,
confirmation,30040,self_relevant,passive_only,actual,"9,13,10,1,11",5,chain,m0,m2,p5>p0>p1,3,branch_comp,A>C>B,1,5,A>B>C>D>E,0,600,1,1.0,0.8333333333333334,1.0,0,0,0,0,0.0,0,601,601,0,0,0,0,0,0.0,0.0,0,0,0,0,0,0.0,0,0,0,0,0,0,0,0,0,0,0,0,0.7161320454286842,0.7752275584342115,0.6695804195804196,0.22855353078092336,0.790390832478537,0.2858999680315181,1.0,0.16783216783216784,0.5777972027972028,0.25524475524475526,0.2250874125874126,0.030157342657342656,2.909200000000006,0,0,0,0.0,0.0,none,0.0,0.0,0.0,0,0,0,0,0,,
confirmation,30041,neutral,no_bridge_validation,actual,"12,13,7,3,4,1",6,dense,m1,m2,p7>p2>p7>p6,4,context_comp,A>B>A>C,1,7,A>B>C>D>E>F>X,0,600,1,1.0,1.0,1.0,0,0,4,49,0.0175,1,338,601,0,1,0,0,1,0.975672330040153,0.0013983456040413424,53,1,0,0,0,0.0,0,0,0,0,0,0,0,0,0,1,1,1,0.6945909643037926,0.7994762635006151,0.6486013986013986,0.5557728050825038,0.9511214927412369,0.521606189448432,1.0,0.18356643356643357,0.6276223776223776,0.7622377622377622,0.0986013986013986,0.6636363636363636,3.7352000000000154,0,0,0,0.0,0.0,none,0.0,0.0,0.0,0,0,0,1,0,,
confirmation,30041,neutral,no_null,actual,"12,13,7,3,4,1",6,dense,m1,m2,p7>p2>p7>p6,4,context_comp,A>B>A>C,1,7,A>B>C>D>E>F>X,0,600,1,1.0,1.0,1.0,0,0,4,49,0.0175,0,601,601,0,0,0,0,0,0.0,0.0,0,0,1,0,0,0.0,0,0,0,0,0,0,0,0,0,1,0,1,0.6941870537950195,0.7990401094973724,0.6416083916083916,0.5519407791966922,0.9515832945569358,0.5171449278724765,1.0,0.18181818181818182,0.6276223776223776,0.756993006993007,0.09965034965034965,0.6573426573426573,3.7763000000000164,0,0,0,0.0,0.0,none,0.0,0.0,0.0,0,0,0,1,0,,
confirmation,30041,neutral,no_null_no_validation,actual,"12,13,7,3,4,1",6,dense,m1,m2,p7>p2>p7>p6,4,context_comp,A>B>A>C,1,7,A>B>C>D>E>F>X,0,600,1,1.0,1.0,1.0,1,1,4,49,0.0175,1,306,306,1,0,0,1,0,0.8573859677925533,-0.002968268436859222,45,1,0,1,1,0.0,1,1,1,1,1,1,1,1,0,0,0,0,0.6962122796196079,0.8019368284820235,0.6468531468531469,0.5608466986060606,0.946769562288431,0.5337165642074311,1.0,0.18356643356643357,0.6276223776223776,0.763986013986014,0.09825174825174825,0.6657342657342658,3.793200000000017,0,0,0,0.0,0.0,none,0.0,0.0,0.0,0,0,0,1,0,,
confirmation,30041,self_relevant,correlation_self_model,actual,"12,13,7,3,4,1",6,dense,m1,m2,p7>p2>p7>p6,4,context_comp,A>B>A>C,1,7,A>B>C>D>E>F>X,0,600,1,1.0,0.5,1.0,0,0,4,49,0.0175,1,284,601,0,1,1,0,0,0.9797839994061115,-0.0011336341775324635,42,1,0,0,0,0.0,0,0,0,0,0,0,0,0,0,0,0,0,0.7444277764163812,0.8212708861554474,0.6608391608391608,0.01986903383028721,0.13156416619177486,0.3427625387178477,1.0,0.18706293706293706,0.22814685314685315,0.10139860139860139,0.07097902097902098,0.030419580419580414,3.750600000000016,0,0,0,0.0,0.0,none,0.0,0.0,0.0,0,0,0,1,0,,
confirmation,30041,self_relevant,pair_limited,actual,"12,13,7,3,4,1",6,dense,m1,m2,p7>p2>p7>p6,4,context_comp,A>B>A>C,1,7,A>B>C>D>E>F>X,0,600,1,1.0,1.0,1.0,0,0,2,35,0.0125,0,601,601,0,0,0,0,0,0.0,0.0,0,0,0,0,0,0.0,0,0,0,0,0,0,0,0,0,0,0,0,0.8423839763373598,0.8789050660758813,0.5087412587412588,0.1748977498239193,0.7111292969710336,0.5180344040718496,1.0,0.13636363636363635,0.5454545454545454,0.18006993006993008,0.18216783216783217,-0.002097902097902088,3.19340000000001,0,0,0,0.0,0.0,none,0.0,0.0,0.0,0,0,0,1,0,,
confirmation,30041,self_relevant,passive_only,actual,"12,13,7,3,4,1",6,dense,m1,m2,p7>p2>p7>p6,4,context_comp,A>B>A>C,1,7,A>B>C>D>E>F>X,0,600,1,1.0,1.0,1.0,0,0,0,0,0.0,0,601,601,0,0,0,0,0,0.0,0.0,0,0,1,0,0,0.00025651612964104734,0,0,0,0,0,0,0,0,0,0,0,0,0.8741106308762827,0.8937684494364447,0.5157342657342657,0.022674719364346424,0.21028360801065438,0.4072653818681689,1.0,0.0,0.34440559440559443,0.11888111888111888,0.11398601398601399,0.00489510489510489,3.22640000000002,0,0,0,0.0,0.0,none,0.0,0.0,0.0,0,0,0,0,0,,
confirmation,30042,neutral,no_bridge_validation,actual,"5,10,4,3,13",5,ring,m1,m2,p4>p7>p3,3,branch_comp,A>C>B,1,5,A>B>C>D>E,0,600,1,1.0,0.8333333333333334,1.0,0,0,4,41,0.052564102564102565,1,267,601,0,1,0,0,1,0.8550230484101904,-0.004221160648369858,42,1,0,0,0,0.0,0,0,0,0,0,0,0,0,0,1,1,1,0.7079252957911341,0.8024944951810751,0.6625874125874126,0.3665923820283818,0.7781881039512435,0.3603876800050184,1.0,0.1853146853146853,0.5,0.9073426573426573,0.023164335664335664,0.8841783216783217,3.5538500000000197,0,0,0,0.0,0.0,none,0.0,0.0,0.0,0,0,0,1,0,,
confirmation,30042,neutral,no_null,actual,"5,10,4,3,13",5,ring,m1,m2,p4>p7>p3,3,branch_comp,A>C>B,1,5,A>B>C>D>E,0,600,1,1.0,0.8333333333333334,1.0,0,0,4,41,0.052564102564102565,0,601,601,0,0,0,0,0,0.0,0.0,0,0,1,0,0,0.0,0,0,0,0,0,0,0,0,0,1,0,1,0.7080467411792236,0.8022265338299425,0.6625874125874126,0.3704192551168938,0.7880297840950019,0.3631529898557059,1.0,0.1853146853146853,0.5,0.9090909090909091,0.022727272727272728,0.8863636363636364,3.6026500000000214,0,0,0,0.0,0.0,none,0.0,0.0,0.0,0,0,0,1,0,,
confirmation,30042,neutral,no_null_no_validation,actual,"5,10,4,3,13",5,ring,m1,m2,p4>p7>p3,3,branch_comp,A>C>B,1,5,A>B>C>D>E,0,600,1,1.0,0.8333333333333334,1.0,0,0,4,41,0.052564102564102565,1,261,261,1,0,0,0,0,0.8550230484101904,-0.004221160648369858,42,1,0,1,1,0.0,1,1,1,1,1,1,1,1,0,0,0,0,0.7097468085044354,0.804098393973798,0.6678321678321678,0.40046516778807584,0.7764619522836455,0.4020903206625722,1.0,0.1888111888111888,0.5,0.916083916083916,0.02097902097902098,0.8951048951048951,3.614800000000022,0,0,0,0.0,0.0,none,0.0,0.0,0.0,0,0,0,1,0,,
confirmation,30042,self_relevant,correlation_self_model,actual,"5,10,4,3,13",5,ring,m1,m2,p4>p7>p3,3,branch_comp,A>C>B,1,5,A>B>C>D>E,0,600,1,1.0,0.4166666666666667,1.0,1,1,4,42,0.05384615384615385,1,267,267,1,0,0,1,1,0.7092012262113019,0.00487973020732431,48,1,1,1,0,0.025772333801654237,1,1,0,1,1,1,1,1,0,0,0,1,0.8182507788778353,0.8509035059047383,0.666083916083916,0.03559257506037713,0.13548401500563573,0.24096019767937787,1.0,0.18706293706293706,0.26486013986013984,0.12062937062937062,0.10227272727272727,0.01835664335664336,3.6342500000000233,0,0,0,0.0,0.0,none,0.0,0.0,0.0,0,0,0,1,0,,
confirmation,30042,self_relevant,pair_limited,actual,"5,10,4,3,13",5,ring,m1,m2,p4>p7>p3,3,branch_comp,A>C>B,1,5,A>B>C>D>E,0,600,1,1.0,0.8333333333333334,1.0,0,0,2,27,0.03461538461538462,0,601,601,0,0,0,0,0,0.0,0.0,0,0,0,0,0,0.0,0,0,0,0,0,0,0,0,0,0,0,0,0.7590173269654996,0.8043079290060163,0.6625874125874126,0.33728801752883236,0.7538605039207311,0.3418967670414179,1.0,0.17307692307692307,0.5,0.8618881118881119,0.03452797202797203,0.8273601398601398,3.239400000000005,0,0,0,0.0,0.0,none,0.0,0.0,0.0,0,0,0,1,0,,
confirmation,30042,self_relevant,passive_only,actual,"5,10,4,3,13",5,ring,m1,m2,p4>p7>p3,3,branch_comp,A>C>B,1,5,A>B>C>D>E,0,600,1,1.0,0.8333333333333334,1.0,0,0,0,0,0.0,0,601,601,0,0,0,0,0,0.0,0.0,0,0,1,0,0,0.0015587998026462934,0,0,0,0,0,0,0,0,0,0,0,0,0.8734485059193585,0.8917834719213484,0.5262237762237763,0.07256277875563766,0.47537086887421737,0.4203843313105981,1.0,0.0,0.34440559440559443,0.09265734265734266,0.14903846153846154,-0.05638111888111888,7.6916000000000535,0,0,0,0.0,0.0,none,0.0,0.0,0.0,0,0,0,0,0,,
confirmation,30043,neutral,no_bridge_validation,actual,"4,3,7,2,10,9",6,chain,m3,m1,p0>p1>p0>p5,4,context_comp,A>B>A>C,1,7,A>B>C>D>E>F>X,1,600,1,1.0,0.8333333333333334,0.8333333333333334,0,0,4,49,0.0175,1,292,601,1,0,0,0,0,0.8513520586044283,0.005265257911979625,49,1,0,1,1,0.0,1,3,1,0,0,0,0,0,3,0,0,0,0.768017133866034,0.8297632775945706,0.6678321678321678,0.32807885203485027,0.6598998022944017,0.3361952808395559,1.0,0.22552447552447552,0.6153846153846154,0.7902097902097902,0.08811188811188811,0.7020979020979021,3.8363000000000174,0,0,0,0.0,0.0,none,0.0,0.0,0.0,0,0,0,1,0,,
confirmation,30043,neutral,no_null,actual,"4,3,7,2,10,9",6,chain,m3,m1,p0>p1>p0>p5,4,context_comp,A>B>A>C,1,7,A>B>C>D>E>F>X,1,600,1,1.0,0.8333333333333334,0.8333333333333334,0,0,4,49,0.0175,0,601,601,0,0,0,0,0,0.0,0.0,0,0,1,0,0,0.00033310260749995604,0,0,0,0,0,0,0,0,0,1,0,1,0.7674596785554192,0.8269353382563884,0.6503496503496503,0.32639310557227197,0.6748419962363419,0.3347123910040205,1.0,0.22202797202797203,0.6206293706293706,0.8006993006993007,0.08811188811188811,0.7125874125874126,3.7917000000000174,0,0,0,0.0,0.0,none,0.0,0.0,0.0,0,0,0,1,0,,
confirmation,30043,neutral,no_null_no_validation,actual,"4,3,7,2,10,9",6,chain,m3,m1,p0>p1>p0>p5,4,context_comp,A>B>A>C,1,7,A>B>C>D>E>F>X,1,600,1,1.0,0.8333333333333334,0.8333333333333334,1,1,4,49,0.0175,1,275,601,1,0,0,1,0,0.8212959209308477,0.0024625537638188477,43,1,0,1,1,0.0,1,45,1,0,0,0,0,0,45,0,0,0,0.7678722444146018,0.8286795507870449,0.6643356643356644,0.2986227973490064,0.6962841613339141,0.31615734828056336,1.0,0.22552447552447552,0.6101398601398601,0.7062937062937062,0.1027972027972028,0.6034965034965034,4.928300000000014,0,0,0,0.0,0.0,none,0.0,0.0,0.0,0,0,0,1,0,,
confirmation,30043,self_relevant,correlation_self_model,actual,"4,3,7,2,10,9",6,chain,m3,m1,p0>p1>p0>p5,4,context_comp,A>B>A>C,1,7,A>B>C>D>E>F>X,1,600,1,1.0,0.5454545454545454,1.0,1,1,4,49,0.0175,1,276,601,1,0,0,1,1,0.8149516718365172,0.004971733617443975,43,1,1,1,0,0.029697781725738445,1,8,0,0,0,0,0,0,8,0,0,0,0.8625488699807077,0.8945507144679112,0.6625874125874126,0.018434119038875454,0.10739848270668483,0.28337106659478334,1.0,0.22377622377622378,0.30244755244755245,0.09965034965034965,0.10104895104895105,-0.0013986013986014012,4.153800000000022,0,0,0,0.0,0.0,none,0.0,0.0,0.0,0,0,0,1,0,,
confirmation,30043,self_relevant,pair_limited,actual,"4,3,7,2,10,9",6,chain,m3,m1,p0>p1>p0>p5,4,context_comp,A>B>A>C,1,7,A>B>C>D>E>F>X,1,600,1,1.0,0.8333333333333334,0.8333333333333334,0,0,2,35,0.0125,0,601,601,0,0,0,0,0,0.0,0.0,0,0,0,0,0,0.0,0,0,0,0,0,0,0,0,0,0,0,0,0.7462800829089237,0.8155904927729809,0.6573426573426573,0.21374400915213287,0.6548288424739434,0.2515079171860248,1.0,0.21153846153846154,0.6083916083916084,0.38461538461538464,0.16643356643356644,0.2181818181818182,3.255000000000006,0,0,0,0.0,0.0,none,0.0,0.0,0.0,0,0,0,1,0,,
confirmation,30043,self_relevant,passive_only,actual,"4,3,7,2,10,9",6,chain,m3,m1,p0>p1>p0>p5,4,context_comp,A>B>A>C,1,7,A>B>C>D>E>F>X,1,600,1,1.0,0.8333333333333334,0.8333333333333334,0,0,0,0,0.0,0,601,601,0,0,0,0,0,0.0,0.0,0,0,0,0,0,0.0,0,0,0,0,0,0,0,0,0,0,0,0,0.8844241798471153,0.9008279878925319,0.5699300699300699,0.010839475871033274,0.0803335498347461,0.4268321135360022,1.0,0.0,0.3111888111888112,0.11713286713286714,0.10104895104895105,0.016083916083916086,2.909200000000006,0,0,0,0.0,0.0,none,0.0,0.0,0.0,0,0,0,0,0,,
confirmation,30044,neutral,no_bridge_validation,actual,"4,11,1,5,12",5,dense,m0,m2,p4>p6>p2,3,branch_comp,A>C>B,1,5,A>B>C>D>E,0,600,1,1.0,0.8333333333333334,1.0,0,0,4,42,0.05384615384615385,1,281,601,0,1,0,0,1,0.8475149151015275,-0.0028191335373471647,45,1,0,0,0,0.0,0,0,0,0,0,0,0,0,0,1,1,1,0.7434777914443604,0.7937747999165559,0.6643356643356644,0.36624360821080687,0.7077816112023256,0.3537087908170375,1.0,0.18706293706293706,0.4965034965034965,0.743006993006993,0.0625,0.680506993006993,3.55385000000002,0,0,0,0.0,0.0,none,0.0,0.0,0.0,0,0,0,1,0,,
confirmation,30044,neutral,no_null,actual,"4,11,1,5,12",5,dense,m0,m2,p4>p6>p2,3,branch_comp,A>C>B,1,5,A>B>C>D>E,0,600,1,1.0,0.8333333333333334,1.0,0,0,4,42,0.05384615384615385,0,601,601,0,0,0,0,0,0.0,0.0,0,0,1,0,0,0.0,0,0,0,0,0,0,0,0,0,1,0,1,0.7437416530555898,0.7950214970151406,0.6573426573426573,0.38275391897148786,0.733541439602674,0.3651576155909885,1.0,0.1853146853146853,0.5,0.7517482517482518,0.062062937062937064,0.6896853146853147,3.5977000000000214,0,0,0,0.0,0.0,none,0.0,0.0,0.0,0,0,0,1,0,,
confirmation,30044,neutral,no_null_no_validation,actual,"4,11,1,5,12",5,dense,m0,m2,p4>p6>p2,3,branch_comp,A>C>B,1,5,A>B>C>D>E,0,600,1,1.0,0.8333333333333334,1.0,0,0,4,42,0.05384615384615385,1,260,260,1,0,0,0,0,0.8489999402918824,-0.004708216405609608,42,1,0,1,1,0.0,1,1,1,1,1,1,1,1,0,0,0,0,0.7457170760360137,0.7977153707072521,0.6625874125874126,0.36167174228827537,0.6628838651567998,0.35336658588054115,1.0,0.1853146853146853,0.46765734265734266,0.6800699300699301,0.06381118881118882,0.6162587412587412,3.609850000000022,0,0,0,0.0,0.0,none,0.0,0.0,0.0,0,0,0,1,0,,
confirmation,30044,self_relevant,correlation_self_model,actual,"4,11,1,5,12",5,dense,m0,m2,p4>p6>p2,3,branch_comp,A>C>B,1,5,A>B>C>D>E,0,600,1,1.0,0.5,1.0,1,1,4,42,0.05384615384615385,1,267,267,1,0,0,1,1,0.7845479366414034,0.007932054111016659,46,1,1,1,0,0.02463786441621572,1,1,0,1,1,1,1,1,0,0,0,1,0.8484181590611903,0.8740234731679106,0.6590909090909091,0.03773718300400194,0.15853446596884652,0.2875539103877229,1.0,0.1853146853146853,0.2062937062937063,0.10139860139860139,0.0777972027972028,0.023601398601398593,3.629300000000023,0,0,0,0.0,0.0,none,0.0,0.0,0.0,0,0,0,1,0,,
confirmation,30044,self_relevant,pair_limited,actual,"4,11,1,5,12",5,dense,m0,m2,p4>p6>p2,3,branch_comp,A>C>B,1,5,A>B>C>D>E,0,600,1,1.0,0.8333333333333334,1.0,0,0,2,27,0.03461538461538462,0,601,601,0,0,0,0,0,0.0,0.0,0,0,0,0,0,0.0,0,0,0,0,0,0,0,0,0,0,0,0,0.6575506352287418,0.7489075587258576,0.6363636363636364,0.11781742120160445,0.6060729414371506,0.3643339552970081,1.0,0.16783216783216784,0.45367132867132864,0.1555944055944056,0.18793706293706294,-0.032342657342657344,3.228200000000007,0,0,0,0.0,0.0,none,0.0,0.0,0.0,0,0,0,1,0,,
confirmation,30044,self_relevant,passive_only,actual,"4,11,1,5,12",5,dense,m0,m2,p4>p6>p2,3,branch_comp,A>C>B,1,5,A>B>C>D>E,0,600,1,1.0,0.8333333333333334,1.0,0,0,0,0,0.0,0,601,601,0,0,0,0,0,0.0,0.0,0,0,0,0,0,0.0,0,0,0,0,0,0,0,0,0,0,0,0,0.7337084800265453,0.7864398262876443,0.6713286713286714,0.22036724094503848,0.6450109530666384,0.2323106278483567,1.0,0.16783216783216784,0.40734265734265734,0.30244755244755245,0.12805944055944057,0.17438811188811187,2.909200000000006,0,0,0,0.0,0.0,none,0.0,0.0,0.0,0,0,0,0,0,,
confirmation,30045,neutral,no_bridge_validation,actual,"4,3,11,1,7,10",6,ring,m0,m2,p7>p5>p7>p4,4,context_comp,A>B>A>C,1,7,A>B>C>D>E>F>X,0,600,1,1.0,0.8571428571428571,1.0,0,0,4,49,0.0175,1,287,601,0,1,0,0,1,0.9780404392899084,-0.000990420170668394,44,1,0,0,0,0.0,0,0,0,0,0,0,0,0,0,1,1,1,0.5854745351898532,0.7839847932426047,0.6608391608391608,0.4279998001686565,0.7849160091468512,0.45282379119744903,1.0,0.18356643356643357,0.5777972027972028,0.9300699300699301,0.045104895104895106,0.884965034965035,3.7352000000000154,0,0,0,0.0,0.0,none,0.0,0.0,0.0,0,0,0,1,0,,
confirmation,30045,neutral,no_null,actual,"4,3,11,1,7,10",6,ring,m0,m2,p7>p5>p7>p4,4,context_comp,A>B>A>C,1,7,A>B>C>D>E>F>X,0,600,1,1.0,0.8571428571428571,1.0,0,0,4,49,0.0175,0,601,601,0,0,0,0,0,0.0,0.0,0,0,1,0,0,3.9609064782752716e-05,0,0,0,0,0,0,0,0,0,1,0,1,0.5834190075881982,0.7822702437520244,0.6800699300699301,0.42197316630014853,0.7835285332258123,0.44640447883750284,1.0,0.1888111888111888,0.576048951048951,0.9265734265734266,0.045104895104895106,0.8814685314685314,3.8071000000000166,0,0,0,0.0,0.0,none,0.0,0.0,0.0,0,0,0,1,0,,
confirmation,30045,neutral,no_null_no_validation,actual,"4,3,11,1,7,10",6,ring,m0,m2,p7>p5>p7>p4,4,context_comp,A>B>A>C,1,7,A>B>C>D>E>F>X,0,600,1,1.0,0.8571428571428571,1.0,0,0,4,49,0.0175,1,283,283,1,0,0,0,0,0.9780404392899084,-0.000990420170668394,44,1,0,1,1,0.0,1,1,1,1,1,1,1,1,0,0,0,0,0.5887243831024084,0.786753676726844,0.6590909090909091,0.4187421839907094,0.7875151344268863,0.44609654822301414,1.0,0.18181818181818182,0.5725524475524476,0.9178321678321678,0.045454545454545456,0.8723776223776224,3.793200000000017,0,0,0,0.0,0.0,none,0.0,0.0,0.0,0,0,0,1,0,,
confirmation,30045,self_relevant,correlation_self_model,actual,"4,3,11,1,7,10",6,ring,m0,m2,p7>p5>p7>p4,4,context_comp,A>B>A>C,1,7,A>B>C>D>E>F>X,0,600,1,1.0,0.4166666666666667,0.8333333333333334,0,0,4,49,0.0175,1,288,601,0,1,1,0,0,0.973739191001268,-0.003519062336035747,42,1,0,0,0,0.0,0,0,0,0,0,0,0,0,0,0,0,0,0.8143440056227405,0.8487180705819797,0.6573426573426573,0.04646502669916616,0.11018980319745425,0.27012816124833167,1.0,0.18356643356643357,0.3120629370629371,0.1258741258741259,0.09965034965034965,0.026223776223776238,3.7429000000000157,0,0,0,0.0,0.0,none,0.0,0.0,0.0,0,0,0,1,0,,
confirmation,30045,self_relevant,pair_limited,actual,"4,3,11,1,7,10",6,ring,m0,m2,p7>p5>p7>p4,4,context_comp,A>B>A>C,1,7,A>B>C>D>E>F>X,0,600,1,1.0,0.8571428571428571,1.0,0,0,2,35,0.0125,0,601,601,0,0,0,0,0,0.0,0.0,0,0,0,0,0,0.0,0,0,0,0,0,0,0,0,0,0,0,0,0.7857560380344484,0.8290053986035084,0.6625874125874126,0.32290642200191727,0.7246512885632695,0.32275878292220644,1.0,0.17482517482517482,0.5253496503496503,0.5576923076923077,0.0986013986013986,0.4590909090909091,3.2550000000000052,0,0,0,0.0,0.0,none,0.0,0.0,0.0,0,0,0,1,0,,
confirmation,30045,self_relevant,passive_only,actual,"4,3,11,1,7,10",6,ring,m0,m2,p7>p5>p7>p4,4,context_comp,A>B>A>C,1,7,A>B>C>D>E>F>X,0,600,1,1.0,0.8571428571428571,1.0,0,0,0,0,0.0,0,601,601,0,0,0,0,0,0.0,0.0,0,0,0,0,0,0.0,0,0,0,0,0,0,0,0,0,0,0,0,0.7375625840053979,0.8057380062064032,0.6678321678321678,0.3267598856823494,0.7806747263534374,0.3330058387444644,1.0,0.16783216783216784,0.5690559440559441,0.6241258741258742,0.1027972027972028,0.5213286713286713,2.909200000000006,0,0,0,0.0,0.0,none,0.0,0.0,0.0,0,0,0,0,0,,
confirmation,30046,neutral,no_bridge_validation,actual,"8,12,0,5,3",5,chain,m3,m2,p7>p4>p0,3,branch_comp,A>C>B,1,5,A>B>C>D>E,0,600,1,1.0,1.0,0.8,1,1,4,41,0.052564102564102565,1,266,266,1,0,0,1,0,0.7175072813010148,0.004697518926064204,48,1,0,1,1,0.0,1,1,1,1,1,1,1,1,0,0,0,0,0.5948952828974636,0.7576814525248523,0.6555944055944056,0.1785332969364858,0.7609302769915237,0.34998958838395366,1.0,0.18356643356643357,0.6057692307692307,0.28146853146853146,0.23251748251748253,0.04895104895104893,3.604900000000022,0,0,0,0.0,0.0,none,0.0,0.0,0.0,0,0,0,1,0,,
confirmation,30046,neutral,no_null,actual,"8,12,0,5,3",5,chain,m3,m2,p7>p4>p0,3,branch_comp,A>C>B,1,5,A>B>C>D>E,0,600,1,1.0,1.0,0.8,0,0,4,41,0.052564102564102565,0,601,601,0,0,0,0,0,0.0,0.0,0,0,1,0,0,0.0,0,0,0,0,0,0,0,0,0,1,0,1,0.5923447221688686,0.7526034692063048,0.6695804195804196,0.35994244697110406,0.8479148242290699,0.36289617061536883,1.0,0.1888111888111888,0.6293706293706294,0.7762237762237763,0.12062937062937062,0.6555944055944056,3.6076000000000215,0,0,0,0.0,0.0,none,0.0,0.0,0.0,0,0,0,1,0,,
confirmation,30046,neutral,no_null_no_validation,actual,"8,12,0,5,3",5,chain,m3,m2,p7>p4>p0,3,branch_comp,A>C>B,1,5,A>B>C>D>E,0,600,1,1.0,1.0,0.8,0,0,4,41,0.052564102564102565,1,260,260,1,0,0,0,0,0.8687979903118601,-0.0024738233426290354,42,1,0,1,1,0.0,1,1,1,1,1,1,1,1,0,0,0,0,0.5943745402153804,0.7578690231968551,0.6538461538461539,0.13305410848334512,0.7337752549395217,0.36566518864660996,1.0,0.1853146853146853,0.6057692307692307,0.2727272727272727,0.23470279720279721,0.03802447552447549,3.604900000000022,0,0,0,0.0,0.0,none,0.0,0.0,0.0,0,0,0,1,0,,
confirmation,30046,self_relevant,correlation_self_model,actual,"8,12,0,5,3",5,chain,m3,m2,p7>p4>p0,3,branch_comp,A>C>B,1,5,A>B>C>D>E,0,600,1,1.0,0.3333333333333333,0.8,1,1,4,41,0.052564102564102565,1,267,267,1,0,0,1,1,0.7111445452067842,0.007783798922922571,48,1,1,1,0,0.026983757059686402,1,1,0,1,1,1,1,1,0,0,0,1,0.8507325093487474,0.8594008388836949,0.6608391608391608,0.024412621221860272,0.15330307199700857,0.2072265059744803,1.0,0.18706293706293706,0.25524475524475526,0.1258741258741259,0.09615384615384616,0.029720279720279727,3.634250000000023,0,0,0,0.0,0.0,none,0.0,0.0,0.0,0,0,0,1,0,,
confirmation,30046,self_relevant,pair_limited,actual,"8,12,0,5,3",5,chain,m3,m2,p7>p4>p0,3,branch_comp,A>C>B,1,5,A>B>C>D>E,0,600,1,1.0,1.0,0.8,0,0,2,27,0.03461538461538462,0,601,601,0,0,0,0,0,0.0,0.0,0,0,0,0,0,0.0,0,0,0,0,0,0,0,0,0,0,0,0,0.738103150200327,0.7988186301839904,0.6258741258741258,0.15885152768703942,0.7552556327765563,0.29264411777409743,1.0,0.1660839160839161,0.5821678321678322,0.243006993006993,0.23033216783216784,0.012674825174825155,3.225400000000007,0,0,0,0.0,0.0,none,0.0,0.0,0.0,0,0,0,1,0,,
confirmation,30046,self_relevant,passive_only,actual,"8,12,0,5,3",5,chain,m3,m2,p7>p4>p0,3,branch_comp,A>C>B,1,5,A>B>C>D>E,0,600,1,1.0,1.0,0.8,0,0,0,0,0.0,0,601,601,0,0,0,0,0,0.0,0.0,0,0,1,0,0,0.002075507792669836,0,0,0,0,0,0,0,0,0,0,0,0,0.8724449446198752,0.895764008228042,0.5909090909090909,0.006039119277844849,0.5027633442657322,0.3810010142481512,1.0,0.0,0.40297202797202797,0.06818181818181818,0.18444055944055943,-0.11625874125874125,8.496799999999967,0,0,0,0.0,0.0,none,0.0,0.0,0.0,0,0,0,0,0,,
confirmation,30047,neutral,no_bridge_validation,actual,"0,13,6,9,10,2",6,dense,m0,m2,p0>p5>p0>p3,4,context_comp,A>B>A>C,1,7,A>B>C>D>E>F>X,1,600,1,1.0,1.0,1.0,0,0,4,49,0.0175,1,321,601,0,1,0,0,1,0.9733478180725165,0.0014914695864548394,51,1,0,0,0,0.0,0,0,0,0,0,0,0,0,0,1,1,1,0.7060022277502662,0.7976708568443515,0.6433566433566433,0.6928730751501309,0.9072807464197388,0.6913750977402586,1.0,0.17832167832167833,0.6337412587412588,0.9055944055944056,0.07237762237762238,0.8332167832167833,3.7198000000000153,0,0,0,0.0,0.0,none,0.0,0.0,0.0,0,0,0,1,0,,
confirmation,30047,neutral,no_null,actual,"0,13,6,9,10,2",6,dense,m0,m2,p0>p5>p0>p3,4,context_comp,A>B>A>C,1,7,A>B>C>D>E>F>X,1,600,1,1.0,1.0,1.0,0,0,4,49,0.0175,0,601,601,0,0,0,0,0,0.0,0.0,0,0,1,0,0,0.000617938364603008,0,0,0,0,0,0,0,0,0,1,0,1,0.7068232672300553,0.7995522928407791,0.6398601398601399,0.6920813445169369,0.9089009692921425,0.6907730347685254,1.0,0.17832167832167833,0.6337412587412588,0.9055944055944056,0.07237762237762238,0.8332167832167833,3.760900000000017,0,0,0,0.0,0.0,none,0.0,0.0,0.0,0,0,0,1,0,,
confirmation,30047,neutral,no_null_no_validation,actual,"0,13,6,9,10,2",6,dense,m0,m2,p0>p5>p0>p3,4,context_comp,A>B>A>C,1,7,A>B>C>D>E>F>X,1,600,1,1.0,1.0,1.0,0,0,4,49,0.0175,1,305,305,1,0,0,0,0,0.9734825303878573,0.0017466616337302875,43,1,0,1,1,0.0,1,1,1,1,1,1,1,1,0,0,0,0,0.7092078498576653,0.802125998976542,0.6381118881118881,0.6885357160512293,0.8967449579391371,0.6906380603248963,1.0,0.17832167832167833,0.6284965034965035,0.8933566433566433,0.07272727272727272,0.8206293706293706,3.770100000000016,0,0,0,0.0,0.0,none,0.0,0.0,0.0,0,0,0,1,0,,
confirmation,30047,self_relevant,correlation_self_model,actual,"0,13,6,9,10,2",6,dense,m0,m2,p0>p5>p0>p3,4,context_comp,A>B>A>C,1,7,A>B>C>D>E>F>X,1,600,1,1.0,0.5454545454545454,1.0,0,0,4,49,0.0175,1,288,601,0,1,1,0,0,0.9754995116200577,-0.0018207175903455337,44,1,0,0,0,0.0,0,0,0,0,0,0,0,0,0,0,0,0,0.7632120599637232,0.8347887082042803,0.6608391608391608,0.031055845160841245,0.1326610790115229,0.2875653428760351,1.0,0.18356643356643357,0.28146853146853146,0.11188811188811189,0.09020979020979021,0.021678321678321677,3.735200000000015,0,0,0,0.0,0.0,none,0.0,0.0,0.0,0,0,0,1,0,,
confirmation,30047,self_relevant,pair_limited,actual,"0,13,6,9,10,2",6,dense,m0,m2,p0>p5>p0>p3,4,context_comp,A>B>A>C,1,7,A>B>C>D>E>F>X,1,600,1,1.0,1.0,1.0,0,0,2,35,0.0125,0,601,601,0,0,0,0,0,0.0,0.0,0,0,0,0,0,0.0,0,0,0,0,0,0,0,0,0,0,0,0,0.6929958058522242,0.7839480801694511,0.6048951048951049,0.3582122161205534,0.5379389297274216,0.4628197307718934,1.0,0.16083916083916083,0.4991258741258741,0.4982517482517482,0.1,0.39825174825174825,3.2326000000000072,0,0,0,0.0,0.0,none,0.0,0.0,0.0,0,0,0,1,0,,
confirmation,30047,self_relevant,passive_only,actual,"0,13,6,9,10,2",6,dense,m0,m2,p0>p5>p0>p3,4,context_comp,A>B>A>C,1,7,A>B>C>D>E>F>X,1,600,1,1.0,1.0,1.0,0,0,0,0,0.0,0,601,601,0,0,0,0,0,0.0,0.0,0,0,0,0,0,0.0,0,0,0,0,0,0,0,0,0,0,0,0,0.6763730793544811,0.76585682438707,0.6486013986013986,0.4012997028533625,0.6789455938865476,0.4616977041934618,1.0,0.16258741258741258,0.541958041958042,0.5437062937062938,0.10804195804195804,0.4356643356643357,2.909200000000006,0,0,0,0.0,0.0,none,0.0,0.0,0.0,0,0,0,0,0,,
confirmation,30048,neutral,no_bridge_validation,actual,"6,4,7,10,13",5,ring,m2,m1,p7>p5>p1,3,branch_comp,A>C>B,1,5,A>B>C>D>E,0,600,1,1.0,1.0,1.0,1,1,4,43,0.05512820512820513,1,261,601,0,1,0,1,1,0.8588575887052605,0.0009845860562831914,42,1,0,0,0,0.0,0,0,0,0,0,0,0,0,0,1,1,1,0.641948252985124,0.7858269661718156,0.6625874125874126,0.4186624851818668,0.7968480358907756,0.43845511369630685,1.0,0.21328671328671328,0.5926573426573427,0.8846153846153846,0.07517482517482518,0.8094405594405594,3.5538500000000197,0,0,0,0.0,0.0,none,0.0,0.0,0.0,0,0,0,1,0,,
confirmation,30048,neutral,no_null,actual,"6,4,7,10,13",5,ring,m2,m1,p7>p5>p1,3,branch_comp,A>C>B,1,5,A>B>C>D>E,0,600,1,1.0,1.0,1.0,0,0,4,43,0.05512820512820513,0,601,601,0,0,0,0,0,0.0,0.0,0,0,1,0,0,0.0,0,0,0,0,0,0,0,0,0,1,0,1,0.6417242311772297,0.7854805982849562,0.6695804195804196,0.42076902789869663,0.8010911923510715,0.43733205294995126,1.0,0.21328671328671328,0.5891608391608392,0.8776223776223776,0.07517482517482517,0.8024475524475524,3.6076000000000215,0,0,0,0.0,0.0,none,0.0,0.0,0.0,0,0,0,1,0,,
confirmation,30048,neutral,no_null_no_validation,actual,"6,4,7,10,13",5,ring,m2,m1,p7>p5>p1,3,branch_comp,A>C>B,1,5,A>B>C>D>E,0,600,1,1.0,1.0,1.0,1,1,4,43,0.05512820512820513,1,254,254,1,0,0,1,0,0.8588575887052605,0.0009845860562831914,42,1,0,1,1,0.0,1,1,1,1,1,1,1,1,0,0,0,0,0.6484333069275049,0.7891400026232744,0.6590909090909091,0.432826099642078,0.7929220113432343,0.4494414014525933,1.0,0.21153846153846154,0.5865384615384616,0.8741258741258742,0.07473776223776224,0.7993881118881119,3.604900000000022,0,0,0,0.0,0.0,none,0.0,0.0,0.0,0,0,0,1,0,,
confirmation,30048,self_relevant,correlation_self_model,actual,"6,4,7,10,13",5,ring,m2,m1,p7>p5>p1,3,branch_comp,A>C>B,1,5,A>B>C>D>E,0,600,1,1.0,0.4166666666666667,1.0,1,1,4,41,0.052564102564102565,1,266,601,0,1,1,1,0,0.857238700836235,0.00053765068740622,42,1,0,0,0,0.0,0,0,0,0,0,0,0,0,0,0,0,0,0.7637159926936692,0.826499679827071,0.6625874125874126,0.10057038640722997,0.22295506048665784,0.2106255279471523,1.0,0.21328671328671328,0.2395104895104895,0.12937062937062938,0.08741258741258742,0.04195804195804195,3.5538500000000197,0,0,0,0.0,0.0,none,0.0,0.0,0.0,0,0,0,1,0,,
confirmation,30048,self_relevant,pair_limited,actual,"6,4,7,10,13",5,ring,m2,m1,p7>p5>p1,3,branch_comp,A>C>B,1,5,A>B>C>D>E,0,600,1,1.0,1.0,1.0,0,0,2,27,0.03461538461538462,0,601,601,0,0,0,0,0,0.0,0.0,0,0,0,0,0,0.0,0,0,0,0,0,0,0,0,0,0,0,0,0.7294834740729171,0.8019045626257639,0.6695804195804196,0.3223897293421463,0.799851461284673,0.3027681457163051,1.0,0.20104895104895104,0.513986013986014,0.4807692307692308,0.1368006993006993,0.34396853146853146,3.2422000000000053,0,0,0,0.0,0.0,none,0.0,0.0,0.0,0,0,0,1,0,,
confirmation,30048,self_relevant,passive_only,actual,"6,4,7,10,13",5,ring,m2,m1,p7>p5>p1,3,branch_comp,A>C>B,1,5,A>B>C>D>E,0,600,1,1.0,1.0,1.0,0,0,0,0,0.0,0,601,601,0,0,0,0,0,0.0,0.0,0,0,1,0,0,0.0015587998026462934,0,0,0,0,0,0,0,0,0,0,0,0,0.7171180025848126,0.7884888921335872,0.6695804195804196,0.34126290735747083,0.8504823252555693,0.3205593211416191,1.0,0.16783216783216784,0.5201048951048951,0.5646853146853147,0.11888111888111888,0.44580419580419584,7.203600000000054,0,0,0,0.0,0.0,none,0.0,0.0,0.0,0,0,0,0,0,,
confirmation,30049,neutral,no_bridge_validation,actual,"7,5,0,9,3,13",6,chain,m2,m1,p7>p5>p7>p2,4,context_comp,A>B>A>C,1,7,A>B>C>D>E>F>X,0,600,1,1.0,1.0,0.6666666666666666,1,1,4,49,0.0175,1,291,601,0,1,0,1,1,0.9856240775855376,-0.0017079858919502792,44,1,0,0,0,0.0,0,0,0,0,0,0,0,0,0,1,1,1,0.6818892786096165,0.8005977294505772,0.6555944055944056,0.6120169888999683,0.9370152917114698,0.6176822340610958,1.0,0.22202797202797203,0.6136363636363636,0.9737762237762237,0.0506993006993007,0.923076923076923,3.7429000000000148,0,0,0,0.0,0.0,none,0.0,0.0,0.0,0,0,0,1,0,,
confirmation,30049,neutral,no_null,actual,"7,5,0,9,3,13",6,chain,m2,m1,p7>p5>p7>p2,4,context_comp,A>B>A>C,1,7,A>B>C>D>E>F>X,0,600,1,1.0,1.0,0.6666666666666666,0,0,4,49,0.0175,0,601,601,0,0,0,0,0,0.0,0.0,0,0,1,0,0,0.0,0,0,0,0,0,0,0,0,0,1,0,1,0.6818890931317303,0.8003292412207003,0.6555944055944056,0.6119472142870772,0.9378846218800722,0.6176110464296768,1.0,0.22202797202797203,0.6136363636363636,0.9737762237762237,0.0506993006993007,0.923076923076923,3.791700000000017,0,0,0,0.0,0.0,none,0.0,0.0,0.0,0,0,0,1,0,,
confirmation,30049,neutral,no_null_no_validation,actual,"7,5,0,9,3,13",6,chain,m2,m1,p7>p5>p7>p2,4,context_comp,A>B>A>C,1,7,A>B>C>D>E>F>X,0,600,1,1.0,1.0,0.6666666666666666,1,1,4,49,0.0175,1,279,279,1,0,0,1,0,0.986204701809155,-0.0016245898570945556,42,1,0,1,1,0.0,1,1,1,1,1,1,1,1,0,0,0,0,0.6823213490199705,0.8039504559686345,0.6555944055944056,0.619206110228721,0.9253706889825645,0.6404822921034161,1.0,0.22202797202797203,0.6101398601398601,0.9405594405594405,0.055944055944055944,0.8846153846153846,3.800900000000016,0,0,0,0.0,0.0,none,0.0,0.0,0.0,0,0,0,1,0,,
confirmation,30049,self_relevant,correlation_self_model,actual,"7,5,0,9,3,13",6,chain,m2,m1,p7>p5>p7>p2,4,context_comp,A>B>A>C,1,7,A>B>C>D>E>F>X,0,600,1,1.0,0.36363636363636365,0.6666666666666666,1,1,4,49,0.0175,1,293,601,0,1,1,1,0,0.9857171885150151,-0.0004996745128170194,44,1,0,0,0,0.0,0,0,0,0,0,0,0,0,0,0,0,0,0.8296524047291777,0.8474811850283475,0.6625874125874126,0.0415273657132405,0.11456996286903463,0.313783507914138,1.0,0.22377622377622378,0.32867132867132864,0.10664335664335664,0.11013986013986014,-0.003496503496503503,3.7506000000000155,0,0,0,0.0,0.0,none,0.0,0.0,0.0,0,0,0,1,0,,
confirmation,30049,self_relevant,pair_limited,actual,"7,5,0,9,3,13",6,chain,m2,m1,p7>p5>p7>p2,4,context_comp,A>B>A>C,1,7,A>B>C>D>E>F>X,0,600,1,1.0,1.0,0.6666666666666666,0,0,2,35,0.0125,0,601,601,0,0,0,0,0,0.0,0.0,0,0,0,0,0,0.0,0,0,0,0,0,0,0,0,0,0,0,0,0.7647039994859542,0.8275037917859346,0.5314685314685315,0.3826410077156821,0.6045410635426166,0.6178833997612087,1.0,0.18006993006993008,0.46416083916083917,0.5367132867132867,0.07832167832167831,0.45839160839160836,3.20460000000001,0,0,0,0.0,0.0,none,0.0,0.0,0.0,0,0,0,1,0,,
confirmation,30049,self_relevant,passive_only,actual,"7,5,0,9,3,13",6,chain,m2,m1,p7>p5>p7>p2,4,context_comp,A>B>A>C,1,7,A>B>C>D>E>F>X,0,600,1,1.0,1.0,0.6666666666666666,0,0,0,0,0.0,0,601,601,0,0,0,0,0,0.0,0.0,0,0,1,0,0,0.0,0,0,0,0,0,0,0,0,0,0,0,0,0.6648934831348665,0.7625533631925103,0.6573426573426573,0.3666528211981647,0.7889918656770266,0.43749785681815473,1.0,0.16433566433566432,0.5463286713286714,0.5192307692307693,0.11468531468531468,0.4045454545454546,2.982400000000008,0,0,0,0.0,0.0,none,0.0,0.0,0.0,0,0,0,0,0,,
confirmation,30050,neutral,no_bridge_validation,actual,"5,7,4,13,11",5,dense,m3,m0,p4>p1>p2,3,branch_comp,A>C>B,1,5,A>B>C>D>E,0,600,1,1.0,1.0,1.0,1,1,4,41,0.052564102564102565,1,266,266,1,0,0,1,0,0.7203186721482174,0.00790494639028353,47,1,0,1,1,0.0,1,1,1,1,1,1,1,1,0,0,0,0,0.6471710162748082,0.7649108651231894,0.6625874125874126,0.37244610815978374,0.9543236348128938,0.34870367347010783,1.0,0.18706293706293706,0.5270979020979021,0.6713286713286714,0.09571678321678322,0.5756118881118881,3.609850000000022,0,0,0,0.0,0.0,none,0.0,0.0,0.0,0,0,0,1,0,,
confirmation,30050,neutral,no_null,actual,"5,7,4,13,11",5,dense,m3,m0,p4>p1>p2,3,branch_comp,A>C>B,1,5,A>B>C>D>E,0,600,1,1.0,1.0,1.0,0,0,4,41,0.052564102564102565,0,601,601,0,0,0,0,0,0.0,0.0,0,0,1,0,0,0.0008372448633764892,0,0,0,0,0,0,0,0,0,1,0,1,0.6460691596918503,0.7634137699752019,0.6555944055944056,0.36295998960798814,0.958325843132749,0.3231118388923971,1.0,0.1853146853146853,0.5201048951048951,0.6398601398601399,0.10008741258741259,0.5397727272727273,3.5977000000000214,0,0,0,0.0,0.0,none,0.0,0.0,0.0,0,0,0,1,0,,
confirmation,30050,neutral,no_null_no_validation,actual,"5,7,4,13,11",5,dense,m3,m0,p4>p1>p2,3,branch_comp,A>C>B,1,5,A>B>C>D>E,0,600,1,1.0,1.0,1.0,0,0,4,41,0.052564102564102565,1,261,261,1,0,0,0,0,0.7661586227714644,0.0037469520622633173,44,1,0,1,1,0.0,1,1,1,1,1,1,1,1,0,0,0,0,0.6481260201394888,0.7661393371390014,0.6573426573426573,0.3746534911291876,0.9571350211472521,0.35053726512355776,1.0,0.1853146853146853,0.5270979020979021,0.6783216783216783,0.09396853146853147,0.5843531468531469,3.604900000000022,0,0,0,0.0,0.0,none,0.0,0.0,0.0,0,0,0,1,0,,
confirmation,30050,self_relevant,correlation_self_model,actual,"5,7,4,13,11",5,dense,m3,m0,p4>p1>p2,3,branch_comp,A>C>B,1,5,A>B>C>D>E,0,600,1,1.0,0.4166666666666667,1.0,0,0,4,41,0.052564102564102565,1,276,601,0,1,1,0,0,0.7763963801620866,-0.001018637950642434,47,1,0,0,0,0.0,0,0,0,0,0,0,0,0,0,0,0,0,0.811956768615428,0.8265109253754565,0.6625874125874126,0.061469517019526895,0.3251039515573072,0.16515353076648898,1.0,0.1853146853146853,0.2666083916083916,0.12412587412587413,0.10227272727272727,0.021853146853146863,3.5538500000000197,0,0,0,0.0,0.0,none,0.0,0.0,0.0,0,0,0,1,0,,
confirmation,30050,self_relevant,pair_limited,actual,"5,7,4,13,11",5,dense,m3,m0,p4>p1>p2,3,branch_comp,A>C>B,1,5,A>B>C>D>E,0,600,1,1.0,1.0,1.0,0,0,2,27,0.03461538461538462,0,601,601,0,0,0,0,0,0.0,0.0,0,0,0,0,0,0.0,0,0,0,0,0,0,0,0,0,0,0,0,0.8686602579520434,0.884288425754409,0.5506993006993007,0.1825811601144708,0.8535184015772835,0.28928382914426665,1.0,0.1451048951048951,0.4729020979020979,0.24825174825174826,0.17438811188811187,0.07386363636363638,3.1946000000000105,0,0,0,0.0,0.0,none,0.0,0.0,0.0,0,0,0,1,0,,
confirmation,30050,self_relevant,passive_only,actual,"5,7,4,13,11",5,dense,m3,m0,p4>p1>p2,3,branch_comp,A>C>B,1,5,A>B>C>D>E,0,600,1,1.0,1.0,1.0,0,0,0,0,0.0,0,601,601,0,0,0,0,0,0.0,0.0,0,0,1,0,0,0.000617938364603008,0,0,0,0,0,0,0,0,0,0,0,0,0.8759969331075357,0.8918982896343064,0.5192307692307693,0.01969985772791485,0.17261339165809383,0.606005457875744,1.0,0.0,0.21328671328671328,0.11363636363636363,0.07823426573426573,0.035402097902097904,3.0068000000000104,0,0,0,0.0,0.0,none,0.0,0.0,0.0,0,0,0,0,0,,
confirmation,30051,neutral,no_bridge_validation,actual,"3,1,11,8,4,9",6,ring,m1,m2,p4>p0>p4>p3,4,context_comp,A>B>A>C,1,7,A>B>C>D>E>F>X,1,600,1,1.0,1.0,1.0,0,0,4,49,0.0175,1,287,601,0,1,0,0,1,0.9776386809428774,-0.0029841883421880514,42,1,0,0,0,0.0,0,0,0,0,0,0,0,0,0,1,1,1,0.5832204875004366,0.7815966843328327,0.666083916083916,0.6316442267643948,0.963825964574266,0.6284138811895761,1.0,0.1888111888111888,0.6416083916083916,0.9423076923076923,0.06818181818181818,0.8741258741258742,3.7583000000000157,0,0,0,0.0,0.0,none,0.0,0.0,0.0,0,0,0,1,0,,
confirmation,30051,neutral,no_null,actual,"3,1,11,8,4,9",6,ring,m1,m2,p4>p0>p4>p3,4,context_comp,A>B>A>C,1,7,A>B>C>D>E>F>X,1,600,1,1.0,1.0,1.0,0,0,4,49,0.0175,0,601,601,0,0,0,0,0,0.0,0.0,0,0,1,0,0,0.00025651612964104734,0,0,0,0,0,0,0,0,0,1,0,1,0.5844141278013586,0.7823314901798274,0.666083916083916,0.6250098375910931,0.9602497661458207,0.6221724811559898,1.0,0.1888111888111888,0.6416083916083916,0.9423076923076923,0.06818181818181818,0.8741258741258742,3.807100000000017,0,0,0,0.0,0.0,none,0.0,0.0,0.0,0,0,0,1,0,,
confirmation,30051,neutral,no_null_no_validation,actual,"3,1,11,8,4,9",6,ring,m1,m2,p4>p0>p4>p3,4,context_comp,A>B>A>C,1,7,A>B>C>D>E>F>X,1,600,1,1.0,1.0,1.0,0,0,4,49,0.0175,1,282,282,1,0,0,0,0,0.9776386809428774,-0.0029841883421880514,42,1,0,1,1,0.0,1,1,1,1,1,1,1,1,0,0,0,0,0.5866408924833424,0.7845474319584884,0.6643356643356644,0.642279943512858,0.9601765966666416,0.6610926777968006,1.0,0.1888111888111888,0.6416083916083916,0.916083916083916,0.07342657342657342,0.8426573426573426,3.8163000000000165,0,0,0,0.0,0.0,none,0.0,0.0,0.0,0,0,0,1,0,,
confirmation,30051,self_relevant,correlation_self_model,actual,"3,1,11,8,4,9",6,ring,m1,m2,p4>p0>p4>p3,4,context_comp,A>B>A>C,1,7,A>B>C>D>E>F>X,1,600,1,1.0,0.5,1.0,0,0,4,49,0.0175,1,287,601,0,1,1,0,0,0.9731313509906564,-0.004686586952994374,42,1,0,0,0,0.0,0,0,0,0,0,0,0,0,0,0,0,0,0.8076122147372682,0.8424230091680643,0.6608391608391608,0.07440015918603694,0.1488215357281474,0.32584552352497437,1.0,0.18706293706293706,0.28059440559440557,0.11888111888111888,0.08846153846153847,0.030419580419580414,3.750600000000016,0,0,0,0.0,0.0,none,0.0,0.0,0.0,0,0,0,1,0,,
confirmation,30051,self_relevant,pair_limited,actual,"3,1,11,8,4,9",6,ring,m1,m2,p4>p0>p4>p3,4,context_comp,A>B>A>C,1,7,A>B>C>D>E>F>X,1,600,1,1.0,1.0,1.0,0,0,2,35,0.0125,0,601,601,0,0,0,0,0,0.0,0.0,0,0,0,0,0,0.0,0,0,0,0,0,0,0,0,0,0,0,0,0.8256591190860665,0.8483738210976787,0.6398601398601399,0.33756351186338956,0.8101574311637398,0.3775483952882976,1.0,0.16958041958041958,0.5865384615384616,0.4527972027972028,0.14405594405594407,0.30874125874125874,3.246600000000003,0,0,0,0.0,0.0,none,0.0,0.0,0.0,0,0,0,1,0,,
confirmation,30051,self_relevant,passive_only,actual,"3,1,11,8,4,9",6,ring,m1,m2,p4>p0>p4>p3,4,context_comp,A>B>A>C,1,7,A>B>C>D>E>F>X,1,600,1,1.0,1.0,1.0,0,0,0,0,0.0,0,601,601,0,0,0,0,0,0.0,0.0,0,0,1,0,0,0.0007554999226660964,0,0,0,0,0,0,0,0,0,0,0,0,0.8693586553620511,0.8934476422206257,0.5104895104895105,0.0471417106597964,0.22324664433806973,0.37410198189260213,1.0,0.0,0.34003496503496505,0.13636363636363635,0.10874125874125874,0.02762237762237761,3.763200000000031,0,0,0,0.0,0.0,none,0.0,0.0,0.0,0,0,0,0,0,,
confirmation,30052,neutral,no_bridge_validation,actual,"2,10,12,4,3",5,chain,m0,m1,p0>p1>p4,3,branch_comp,A>C>B,1,5,A>B>C>D>E,0,600,1,1.0,1.0,1.0,1,1,4,42,0.05384615384615385,1,258,258,1,0,0,1,0,0.7740752536055227,0.006477489395933316,44,1,0,1,1,0.0,1,1,1,1,1,1,1,1,0,0,0,0,0.6618823556057256,0.8143875263182083,0.6573426573426573,0.5772195022956405,0.8591184764157391,0.5804636850446728,1.0,0.21153846153846154,0.5270979020979021,0.8863636363636364,0.04195804195804196,0.8444055944055944,3.604900000000022,0,0,0,0.0,0.0,none,0.0,0.0,0.0,0,0,0,1,0,,
confirmation,30052,neutral,no_null,actual,"2,10,12,4,3",5,chain,m0,m1,p0>p1>p4,3,branch_comp,A>C>B,1,5,A>B>C>D>E,0,600,1,1.0,1.0,1.0,0,0,4,42,0.05384615384615385,0,601,601,0,0,0,0,0,0.0,0.0,0,0,1,0,0,0.0,0,0,0,0,0,0,0,0,0,1,0,1,0.6598395759613386,0.8104078963832867,0.6608391608391608,0.548956806151478,0.8680385318384773,0.5389149641757918,1.0,0.21328671328671328,0.527972027972028,0.8811188811188811,0.043706293706293704,0.8374125874125874,3.602650000000022,0,0,0,0.0,0.0,none,0.0,0.0,0.0,0,0,0,1,0,,
confirmation,30052,neutral,no_null_no_validation,actual,"2,10,12,4,3",5,chain,m0,m1,p0>p1>p4,3,branch_comp,A>C>B,1,5,A>B>C>D>E,0,600,1,1.0,1.0,1.0,1,1,4,42,0.05384615384615385,1,258,258,1,0,0,1,0,0.7740752536055227,0.006477489395933316,44,1,0,1,1,0.0,1,1,1,1,1,1,1,1,0,0,0,0,0.6618823556057256,0.8143875263182083,0.6573426573426573,0.5772195022956405,0.8591184764157391,0.5804636850446728,1.0,0.21153846153846154,0.5270979020979021,0.8863636363636364,0.04195804195804196,0.8444055944055944,3.604900000000022,0,0,0,0.0,0.0,none,0.0,0.0,0.0,0,0,0,1,0,,
confirmation,30052,self_relevant,correlation_self_model,actual,"2,10,12,4,3",5,chain,m0,m1,p0>p1>p4,3,branch_comp,A>C>B,1,5,A>B>C>D>E,0,600,1,1.0,0.4166666666666667,1.0,1,1,4,41,0.052564102564102565,1,260,260,1,0,0,1,1,0.7830779558488952,0.004030846365443574,44,1,1,1,0,0.025887862518304716,1,1,0,1,1,1,1,1,0,0,0,1,0.8438430914330615,0.8646301118660686,0.6590909090909091,0.04229609204883765,0.0946490584651836,0.22907065628992077,1.0,0.21153846153846154,0.26136363636363635,0.1381118881118881,0.09615384615384616,0.04195804195804194,3.629300000000023,0,0,0,0.0,0.0,none,0.0,0.0,0.0,0,0,0,1,0,,
confirmation,30052,self_relevant,pair_limited,actual,"2,10,12,4,3",5,chain,m0,m1,p0>p1>p4,3,branch_comp,A>C>B,1,5,A>B>C>D>E,0,600,1,1.0,1.0,1.0,0,0,2,27,0.03461538461538462,0,601,601,0,0,0,0,0,0.0,0.0,0,0,0,0,0,0.0,0,0,0,0,0,0,0,0,0,0,0,0,0.6237507007539949,0.7569156215133073,0.6363636363636364,0.3764062864578531,0.7847886280845541,0.4069634311818792,1.0,0.19405594405594406,0.49475524475524474,0.6048951048951049,0.09615384615384616,0.5087412587412588,3.228200000000007,0,0,0,0.0,0.0,none,0.0,0.0,0.0,0,0,0,1,0,,
confirmation,30052,self_relevant,passive_only,actual,"2,10,12,4,3",5,chain,m0,m1,p0>p1>p4,3,branch_comp,A>C>B,1,5,A>B>C>D>E,0,600,1,1.0,1.0,1.0,0,0,0,0,0.0,0,601,601,0,0,0,0,0,0.0,0.0,0,0,0,0,0,0.0,0,0,0,0,0,0,0,0,0,0,0,0,0.7099737844882986,0.8001010065046973,0.6695804195804196,0.37036515641404916,0.890824393031347,0.3326377198090398,1.0,0.16783216783216784,0.5244755244755245,0.4772727272727273,0.14291958041958042,0.3343531468531469,2.909200000000006,0,0,0,0.0,0.0,none,0.0,0.0,0.0,0,0,0,0,0,,
confirmation,30053,neutral,no_bridge_validation,actual,"8,1,0,11,9,5",6,dense,m0,m3,p2>p0>p2>p4,4,context_comp,A>B>A>C,1,7,A>B>C>D>E>F>X,0,600,1,1.0,1.0,1.0,1,1,4,49,0.0175,1,461,601,0,1,0,1,1,0.9437974053864038,0.0013057257050764718,78,1,0,0,0,0.0,0,0,0,0,0,0,0,0,0,1,1,1,0.6483389267736995,0.7855222050460355,0.6206293706293706,0.6797975908180557,0.8745977116314211,0.6776664143403563,1.0,0.21328671328671328,0.6284965034965035,0.8601398601398601,0.07937062937062937,0.7807692307692308,3.7044000000000157,0,0,0,0.0,0.0,none,0.0,0.0,0.0,0,0,0,1,0,,
confirmation,30053,neutral,no_null,actual,"8,1,0,11,9,5",6,dense,m0,m3,p2>p0>p2>p4,4,context_comp,A>B>A>C,1,7,A>B>C>D>E>F>X,0,600,1,1.0,1.0,1.0,0,0,4,49,0.0175,0,601,601,0,0,0,0,0,0.0,0.0,0,0,1,0,0,0.0005258698888610533,0,0,0,0,0,0,0,0,0,1,0,1,0.6485863694054483,0.7854648210382443,0.6188811188811189,0.6823012815752248,0.8758087145103546,0.6817364423362178,1.0,0.21328671328671328,0.6284965034965035,0.8583916083916084,0.07972027972027972,0.7786713286713287,3.753200000000016,0,0,0,0.0,0.0,none,0.0,0.0,0.0,0,0,0,1,0,,
confirmation,30053,neutral,no_null_no_validation,actual,"8,1,0,11,9,5",6,dense,m0,m3,p2>p0>p2>p4,4,context_comp,A>B>A>C,1,7,A>B>C>D>E>F>X,0,600,1,1.0,1.0,1.0,0,0,4,49,0.0175,1,317,317,1,0,0,0,0,0.8420745822847471,0.0016444142586603875,45,1,0,1,1,0.0,1,1,1,1,1,1,1,1,0,0,0,0,0.6504877909042542,0.7890074308729402,0.6206293706293706,0.6285578726394864,0.8220653055746161,0.6809910579175604,1.0,0.21328671328671328,0.6013986013986014,0.8041958041958042,0.07972027972027972,0.7244755244755244,3.762400000000016,0,0,0,0.0,0.0,none,0.0,0.0,0.0,0,0,0,1,0,,
confirmation,30053,self_relevant,correlation_self_model,actual,"8,1,0,11,9,5",6,dense,m0,m3,p2>p0>p2>p4,4,context_comp,A>B>A>C,1,7,A>B>C>D>E>F>X,0,600,1,1.0,0.5,1.0,1,1,4,49,0.0175,1,287,601,0,1,1,1,0,0.896394084456749,-0.00177313074555023,43,1,0,0,0,0.0,0,0,0,0,0,0,0,0,0,0,0,0,0.7967643725070821,0.84432507887222,0.6608391608391608,0.01827053728322955,0.30662016657831975,0.27709999631306537,1.0,0.22377622377622378,0.10839160839160839,0.10314685314685315,0.022727272727272728,0.08041958041958042,3.7506000000000155,0,0,0,0.0,0.0,none,0.0,0.0,0.0,0,0,0,1,0,,
confirmation,30053,self_relevant,pair_limited,actual,"8,1,0,11,9,5",6,dense,m0,m3,p2>p0>p2>p4,4,context_comp,A>B>A>C,1,7,A>B>C>D>E>F>X,0,600,1,1.0,1.0,1.0,0,0,2,35,0.0125,0,601,601,0,0,0,0,0,0.0,0.0,0,0,0,0,0,0.0,0,0,0,0,0,0,0,0,0,0,0,0,0.7798581645416854,0.8307833169425561,0.5297202797202797,0.04420829625294249,0.20783259589806144,0.6735939891210442,1.0,0.17832167832167833,0.2875874125874126,0.12762237762237763,0.08951048951048951,0.03811188811188812,3.201800000000006,0,0,0,0.0,0.0,none,0.0,0.0,0.0,0,0,0,1,0,,
confirmation,30053,self_relevant,passive_only,actual,"8,1,0,11,9,5",6,dense,m0,m3,p2>p0>p2>p4,4,context_comp,A>B>A>C,1,7,A>B>C>D>E>F>X,0,600,1,1.0,1.0,1.0,0,0,0,0,0.0,0,601,601,0,0,0,0,0,0.0,0.0,0,0,1,0,0,0.0015587998026462934,0,0,0,0,0,0,0,0,0,0,0,0,0.7791728474738143,0.827304849241031,0.527972027972028,0.08005466365032406,0.5173507665225162,0.5953127138454213,1.0,0.13286713286713286,0.4090909090909091,0.11713286713286714,0.1402097902097902,-0.023076923076923078,7.911200000000056,0,0,0,0.0,0.0,none,0.0,0.0,0.0,0,0,0,0,0,,
confirmation,30054,neutral,no_bridge_validation,actual,"3,1,4,6,12",5,ring,m2,m0,p6>p7>p3,3,branch_comp,A>C>B,1,5,A>B>C>D>E,0,600,1,1.0,1.0,1.0,1,1,4,42,0.05384615384615385,1,285,601,0,1,0,1,1,0.863281755738891,-0.002458896889550587,45,1,0,0,0,0.0,0,0,0,0,0,0,0,0,0,1,1,1,0.6572891724428718,0.7776702221379188,0.6486013986013986,0.433721103462683,0.9486201434839303,0.41214574929399533,1.0,0.2097902097902098,0.6118881118881119,0.7255244755244755,0.12456293706293706,0.6009615384615384,3.5439500000000197,0,0,0,0.0,0.0,none,0.0,0.0,0.0,0,0,0,1,0,,
confirmation,30054,neutral,no_null,actual,"3,1,4,6,12",5,ring,m2,m0,p6>p7>p3,3,branch_comp,A>C>B,1,5,A>B>C>D>E,0,600,1,1.0,1.0,1.0,0,0,4,42,0.05384615384615385,0,601,601,0,0,0,0,0,0.0,0.0,0,0,1,0,0,0.000827281068909883,0,0,0,0,0,0,0,0,0,1,0,1,0.6515508514685232,0.7714802792949192,0.6748251748251748,0.42831017999070686,0.9482932428344266,0.40726420241844397,1.0,0.21678321678321677,0.611013986013986,0.715034965034965,0.12674825174825174,0.5882867132867132,3.6125500000000215,0,0,0,0.0,0.0,none,0.0,0.0,0.0,0,0,0,1,0,,
confirmation,30054,neutral,no_null_no_validation,actual,"3,1,4,6,12",5,ring,m2,m0,p6>p7>p3,3,branch_comp,A>C>B,1,5,A>B>C>D>E,0,600,1,1.0,1.0,1.0,0,0,4,42,0.05384615384615385,1,279,279,1,0,0,0,0,0.7858951382140044,-0.0012403924586894752,44,1,0,1,1,0.0,1,1,1,1,1,1,1,1,0,0,0,0,0.657231586128793,0.7789607866763579,0.666083916083916,0.4913801180817386,0.9410450522788274,0.4947341716895515,1.0,0.21328671328671328,0.6092657342657343,0.7762237762237763,0.11057692307692307,0.6656468531468531,3.6098500000000215,0,0,0,0.0,0.0,none,0.0,0.0,0.0,0,0,0,1,0,,
confirmation,30054,self_relevant,correlation_self_model,actual,"3,1,4,6,12",5,ring,m2,m0,p6>p7>p3,3,branch_comp,A>C>B,1,5,A>B>C>D>E,0,600,1,1.0,0.4166666666666667,1.0,1,1,4,41,0.052564102564102565,1,524,601,1,0,0,1,1,0.8614540233847015,0.004017561689282517,105,1,1,1,0,0.02669147798374273,1,11,0,0,0,0,0,0,11,0,0,0,0.7817192281888145,0.8337855366299902,0.6608391608391608,0.039451870866215766,0.15322718537029179,0.23713746000170516,1.0,0.21328671328671328,0.2744755244755245,0.1451048951048951,0.10096153846153846,0.04414335664335664,4.086250000000019,0,0,0,0.0,0.0,none,0.0,0.0,0.0,0,0,0,1,0,,
confirmation,30054,self_relevant,pair_limited,actual,"3,1,4,6,12",5,ring,m2,m0,p6>p7>p3,3,branch_comp,A>C>B,1,5,A>B>C>D>E,0,600,1,1.0,1.0,1.0,0,0,2,27,0.03461538461538462,0,601,601,0,0,0,0,0,0.0,0.0,0,0,0,0,0,0.0,0,0,0,0,0,0,0,0,0,0,0,0,0.863738217305561,0.8836867003784199,0.5437062937062938,0.15958344876207148,0.8132334336778133,0.42962166326377366,1.0,0.16958041958041958,0.5524475524475524,0.17307692307692307,0.23295454545454544,-0.05987762237762237,3.191800000000009,0,0,0,0.0,0.0,none,0.0,0.0,0.0,0,0,0,1,0,,
confirmation,30054,self_relevant,passive_only,actual,"3,1,4,6,12",5,ring,m2,m0,p6>p7>p3,3,branch_comp,A>C>B,1,5,A>B>C>D>E,0,600,1,1.0,1.0,1.0,0,0,0,0,0.0,0,601,601,0,0,0,0,0,0.0,0.0,0,0,0,0,0,0.0,0,0,0,0,0,0,0,0,0,0,0,0,0.783788139952238,0.8236965932212655,0.6538461538461539,0.2986581603493626,0.9439159410875658,0.37238389539578676,1.0,0.16258741258741258,0.5795454545454546,0.27972027972027974,0.21984265734265734,0.0598776223776224,2.909200000000006,0,0,0,0.0,0.0,none,0.0,0.0,0.0,0,0,0,0,0,,
confirmation,30055,neutral,no_bridge_validation,actual,"10,8,0,12,11,1",6,chain,m3,m2,p1>p4>p1>p7,4,context_comp,A>B>A>C,1,7,A>B>C>D>E>F>X,1,600,1,1.0,1.0,0.6666666666666666,1,1,4,49,0.0175,1,288,288,1,0,0,1,0,0.8355140333385894,0.008893751320163873,47,1,0,1,1,0.0,1,1,1,1,1,1,0,0,0,0,0,0,0.7433623501426899,0.8179030169450789,0.6555944055944056,0.5940597020795823,0.9663469724206517,0.5984100314060509,1.0,0.1853146853146853,0.6730769230769231,0.9737762237762237,0.07447552447552448,0.8993006993006992,3.8009000000000177,0,0,0,0.0,0.0,none,0.0,0.0,0.0,0,0,0,1,0,,
confirmation,30055,neutral,no_null,actual,"10,8,0,12,11,1",6,chain,m3,m2,p1>p4>p1>p7,4,context_comp,A>B>A>C,1,7,A>B>C>D>E>F>X,1,600,1,1.0,1.0,0.6666666666666666,0,0,4,49,0.0175,0,601,601,0,0,0,0,0,0.0,0.0,0,0,1,0,0,0.00030508407600548376,0,0,0,0,0,0,0,0,0,1,0,1,0.742509685164091,0.8140859598272406,0.6538461538461539,0.5917209135791179,0.9667863786890634,0.5964269911593592,1.0,0.1853146853146853,0.6730769230769231,0.9737762237762237,0.07447552447552448,0.8993006993006992,3.791700000000018,0,0,0,0.0,0.0,none,0.0,0.0,0.0,0,0,0,1,0,,
confirmation,30055,neutral,no_null_no_validation,actual,"10,8,0,12,11,1",6,chain,m3,m2,p1>p4>p1>p7,4,context_comp,A>B>A>C,1,7,A>B>C>D>E>F>X,1,600,1,1.0,1.0,0.6666666666666666,0,0,4,49,0.0175,1,283,283,1,0,0,0,0,0.9769772174971804,-0.0016771404016390453,42,1,0,1,1,0.0,1,1,1,1,1,1,1,1,0,0,0,0,0.7429406741593099,0.8159299470807108,0.6573426573426573,0.6145840780493887,0.9639117666771639,0.6184582015418741,1.0,0.1853146853146853,0.6730769230769231,0.9702797202797203,0.07517482517482517,0.8951048951048951,3.808600000000017,0,0,0,0.0,0.0,none,0.0,0.0,0.0,0,0,0,1,0,,
confirmation,30055,self_relevant,correlation_self_model,actual,"10,8,0,12,11,1",6,chain,m3,m2,p1>p4>p1>p7,4,context_comp,A>B>A>C,1,7,A>B>C>D>E>F>X,1,600,1,1.0,0.5,1.0,0,0,4,49,0.0175,1,290,601,0,1,1,0,0,0.9779639065001582,-0.005044959411205373,44,1,0,0,0,0.0,0,0,0,0,0,0,0,0,0,0,0,0,0.8019554419293363,0.8386085164837732,0.6643356643356644,0.03636091523720841,0.1391280313927347,0.4430591897228283,1.0,0.1888111888111888,0.2840909090909091,0.0944055944055944,0.09475524475524476,-0.00034965034965035724,3.7583000000000157,0,0,0,0.0,0.0,none,0.0,0.0,0.0,0,0,0,1,0,,
confirmation,30055,self_relevant,pair_limited,actual,"10,8,0,12,11,1",6,chain,m3,m2,p1>p4>p1>p7,4,context_comp,A>B>A>C,1,7,A>B>C>D>E>F>X,1,600,1,1.0,1.0,0.6666666666666666,0,0,2,35,0.0125,0,601,601,0,0,0,0,0,0.0,0.0,0,0,0,0,0,0.0,0,0,0,0,0,0,0,0,0,0,0,0,0.7252466726027913,0.7898404925945005,0.6451048951048951,0.4965829945287826,0.864858038371846,0.536507030008607,1.0,0.16958041958041958,0.6232517482517482,0.8094405594405595,0.08741258741258741,0.7220279720279721,3.249400000000005,0,0,0,0.0,0.0,none,0.0,0.0,0.0,0,0,0,1,0,,
confirmation,30055,self_relevant,passive_only,actual,"10,8,0,12,11,1",6,chain,m3,m2,p1>p4>p1>p7,4,context_comp,A>B>A>C,1,7,A>B>C>D>E>F>X,1,600,1,1.0,1.0,0.6666666666666666,0,0,0,0,0.0,0,601,601,0,0,0,0,0,0.0,0.0,0,0,1,0,0,0.002075507792669836,0,0,0,0,0,0,0,0,0,0,0,0,0.8770809370628871,0.8987531834841279,0.513986013986014,0.05794799215092838,0.5351457480401383,0.6148182265415582,1.0,0.0,0.4379370629370629,0.08566433566433566,0.15804195804195803,-0.07237762237762237,8.496799999999967,0,0,0,0.0,0.0,none,0.0,0.0,0.0,0,0,0,0,0,,
confirmation,30056,neutral,no_bridge_validation,actual,"8,11,13,9,2",5,dense,m2,m1,p2>p7>p0,3,branch_comp,A>C>B,1,5,A>B>C>D>E,0,600,1,1.0,0.8333333333333334,1.0,1,1,4,41,0.052564102564102565,1,282,282,1,0,0,1,0,0.8597938160170461,0.004077618671891555,48,1,0,1,1,0.0,1,1,1,1,1,1,1,1,0,0,0,0,0.6819219567095486,0.7936949372701545,0.6713286713286714,0.3566565572602009,0.8074928775434087,0.31598583392644275,1.0,0.21503496503496503,0.4868881118881119,0.6083916083916084,0.09134615384615385,0.5170454545454546,3.614800000000022,0,0,0,0.0,0.0,none,0.0,0.0,0.0,0,0,0,1,0,,
confirmation,30056,neutral,no_null,actual,"8,11,13,9,2",5,dense,m2,m1,p2>p7>p0,3,branch_comp,A>C>B,1,5,A>B>C>D>E,0,600,1,1.0,0.8333333333333334,1.0,0,0,4,41,0.052564102564102565,0,601,601,0,0,0,0,0,0.0,0.0,0,0,1,0,0,0.00033310260749995604,0,0,0,0,0,0,0,0,0,1,0,1,0.6800381347870081,0.7908199770459439,0.6503496503496503,0.34860532128892435,0.8114212601216655,0.2977069028105835,1.0,0.2097902097902098,0.4772727272727273,0.5874125874125874,0.09178321678321678,0.4956293706293706,3.5927500000000214,0,0,0,0.0,0.0,none,0.0,0.0,0.0,0,0,0,1,0,,
confirmation,30056,neutral,no_null_no_validation,actual,"8,11,13,9,2",5,dense,m2,m1,p2>p7>p0,3,branch_comp,A>C>B,1,5,A>B>C>D>E,0,600,1,1.0,0.8333333333333334,1.0,1,1,4,41,0.052564102564102565,1,263,263,1,0,0,1,0,0.8589725981403707,0.0021865120746128413,42,1,0,1,1,0.0,1,1,1,1,1,1,1,1,0,0,0,0,0.6820759944382814,0.7929796416057584,0.6678321678321678,0.35837434031695126,0.8088693317150443,0.3188385252532367,1.0,0.21328671328671328,0.48776223776223776,0.6118881118881119,0.09090909090909091,0.5209790209790209,3.614800000000022,0,0,0,0.0,0.0,none,0.0,0.0,0.0,0,0,0,1,0,,
confirmation,30056,self_relevant,correlation_self_model,actual,"8,11,13,9,2",5,dense,m2,m1,p2>p7>p0,3,branch_comp,A>C>B,1,5,A>B>C>D>E,0,600,1,1.0,0.45454545454545453,1.0,1,1,4,42,0.05384615384615385,1,321,601,0,1,1,1,0,0.8580123763488545,0.0014949451286122178,59,1,0,0,0,0.0,0,0,0,0,0,0,0,0,0,0,0,0,0.8045234146744359,0.8236841154136009,0.6625874125874126,0.07829391530881036,0.28018382039586687,0.21054245632234517,1.0,0.21328671328671328,0.23076923076923078,0.11713286713286714,0.0861013986013986,0.031031468531468542,3.5538500000000197,0,0,0,0.0,0.0,none,0.0,0.0,0.0,0,0,0,1,0,,
confirmation,30056,self_relevant,pair_limited,actual,"8,11,13,9,2",5,dense,m2,m1,p2>p7>p0,3,branch_comp,A>C>B,1,5,A>B>C>D>E,0,600,1,1.0,0.8333333333333334,1.0,0,0,2,27,0.03461538461538462,0,601,601,0,0,0,0,0,0.0,0.0,0,0,0,0,0,0.0,0,0,0,0,0,0,0,0,0,0,0,0,0.7065984688367338,0.7622975233479442,0.6066433566433567,0.18752448603413355,0.6925306662995738,0.2913624582777883,1.0,0.18706293706293706,0.42045454545454547,0.2465034965034965,0.1486013986013986,0.09790209790209792,3.217000000000008,0,0,0,0.0,0.0,none,0.0,0.0,0.0,0,0,0,1,0,,
confirmation,30056,self_relevant,passive_only,actual,"8,11,13,9,2",5,dense,m2,m1,p2>p7>p0,3,branch_comp,A>C>B,1,5,A>B>C>D>E,0,600,1,1.0,0.8333333333333334,1.0,0,0,0,0,0.0,0,601,601,0,0,0,0,0,0.0,0.0,0,0,1,0,0,0.0015587998026462934,0,0,0,0,0,0,0,0,0,0,0,0,0.752566599924888,0.7912044103641617,0.6678321678321678,0.2030190430675134,0.8165615087798989,0.213768799720883,1.0,0.1660839160839161,0.43094405594405594,0.24125874125874125,0.15515734265734266,0.0861013986013986,8.228400000000015,0,0,0,0.0,0.0,none,0.0,0.0,0.0,0,0,0,0,0,,
confirmation,30057,neutral,no_bridge_validation,actual,"3,12,8,9,6,0",6,ring,m0,m3,p2>p7>p2>p6,4,context_comp,A>B>A>C,1,7,A>B>C>D>E>F>X,0,600,1,1.0,1.0,1.0,1,1,4,49,0.0175,1,289,601,0,1,0,1,1,0.8952962049292821,-0.002730539884022136,43,1,0,0,0,0.0,0,0,0,0,0,0,0,0,0,1,1,1,0.7176455266299269,0.8113542743102481,0.6573426573426573,0.33599815027863916,0.7465576226044907,0.35572544487456514,1.0,0.22377622377622378,0.6311188811188811,0.8653846153846154,0.07937062937062937,0.7860139860139861,3.7506000000000155,0,0,0,0.0,0.0,none,0.0,0.0,0.0,0,0,0,1,0,,
confirmation,30057,neutral,no_null,actual,"3,12,8,9,6,0",6,ring,m0,m3,p2>p7>p2>p6,4,context_comp,A>B>A>C,1,7,A>B>C>D>E>F>X,0,600,1,1.0,1.0,1.0,0,0,4,49,0.0175,0,601,601,0,0,0,0,0,0.0,0.0,0,0,1,0,0,0.0006421380441963753,0,0,0,0,0,0,0,0,0,1,0,1,0.7177517215476789,0.8120611095593301,0.6555944055944056,0.33300874843755585,0.7476015328237093,0.3488568011336238,1.0,0.22202797202797203,0.6293706293706294,0.8513986013986014,0.08146853146853147,0.7699300699300698,3.791700000000017,0,0,0,0.0,0.0,none,0.0,0.0,0.0,0,0,0,1,0,,
confirmation,30057,neutral,no_null_no_validation,actual,"3,12,8,9,6,0",6,ring,m0,m3,p2>p7>p2>p6,4,context_comp,A>B>A>C,1,7,A>B>C>D>E>F>X,0,600,1,1.0,1.0,1.0,1,1,4,49,0.0175,1,284,284,1,0,0,1,0,0.8952962049292821,0.00142586090849987,44,1,0,1,1,0.0,1,1,1,1,1,1,1,1,0,0,0,0,0.720139106860664,0.8140939823247871,0.6643356643356644,0.13618254859343168,0.6374128180584174,0.28836424122746,1.0,0.22377622377622378,0.5874125874125874,0.34440559440559443,0.1660839160839161,0.17832167832167833,3.8163000000000173,0,0,0,0.0,0.0,none,0.0,0.0,0.0,0,0,0,1,0,,
confirmation,30057,self_relevant,correlation_self_model,actual,"3,12,8,9,6,0",6,ring,m0,m3,p2>p7>p2>p6,4,context_comp,A>B>A>C,1,7,A>B>C>D>E>F>X,0,600,1,1.0,0.45454545454545453,0.8333333333333334,1,1,4,49,0.0175,1,281,601,1,0,0,1,1,0.8949179625403673,0.004360231441897247,44,1,1,1,0,0.03141044890486055,1,6,0,0,0,0,0,0,6,0,0,0,0.8567404691409549,0.8856719110610781,0.666083916083916,0.015497463468702724,0.12491344876500804,0.3848585891977682,1.0,0.22377622377622378,0.2840909090909091,0.18181818181818182,0.07727272727272727,0.10454545454545455,4.060700000000021,0,0,0,0.0,0.0,none,0.0,0.0,0.0,0,0,0,1,0,,
confirmation,30057,self_relevant,pair_limited,actual,"3,12,8,9,6,0",6,ring,m0,m3,p2>p7>p2>p6,4,context_comp,A>B>A>C,1,7,A>B>C>D>E>F>X,0,600,1,1.0,1.0,1.0,0,0,2,35,0.0125,0,601,601,0,0,0,0,0,0.0,0.0,0,0,0,0,0,0.0,0,0,0,0,0,0,0,0,0,0,0,0,0.8406891372393974,0.8632300295012318,0.6241258741258742,0.12949811969751152,0.6897983669824127,0.23498876136414848,1.0,0.20104895104895104,0.5673076923076923,0.19405594405594406,0.18811188811188811,0.005944055944055948,3.2410000000000077,0,0,0,0.0,0.0,none,0.0,0.0,0.0,0,0,0,1,0,,
confirmation,30057,self_relevant,passive_only,actual,"3,12,8,9,6,0",6,ring,m0,m3,p2>p7>p2>p6,4,context_comp,A>B>A>C,1,7,A>B>C>D>E>F>X,0,600,1,1.0,1.0,1.0,0,0,0,0,0.0,0,601,601,0,0,0,0,0,0.0,0.0,0,0,1,0,0,0.0015587998026462934,0,0,0,0,0,0,0,0,0,0,0,0,0.7365708358259084,0.8095660669421353,0.6608391608391608,0.20342771852927416,0.7689553771251582,0.24437262122587686,1.0,0.1660839160839161,0.5961538461538461,0.3076923076923077,0.17692307692307693,0.13076923076923078,8.057600000000045,0,0,0,0.0,0.0,none,0.0,0.0,0.0,0,0,0,0,0,,
confirmation,30058,neutral,no_bridge_validation,actual,"12,8,11,2,9",5,chain,m1,m2,p0>p6>p5,3,branch_comp,A>C>B,1,5,A>B>C>D>E,0,600,1,1.0,0.8333333333333334,1.0,1,1,4,41,0.052564102564102565,1,267,267,1,0,0,1,0,0.72556767804613,0.005237438467156776,47,1,0,1,1,0.0,1,1,1,1,1,1,1,1,0,0,0,0,0.6515155818278033,0.8172620488766326,0.6643356643356644,0.453357019447155,0.7609393266958306,0.4446444414235372,1.0,0.18706293706293706,0.5576923076923077,0.8863636363636364,0.05725524475524475,0.8291083916083916,3.609850000000022,0,0,0,0.0,0.0,none,0.0,0.0,0.0,0,0,0,1,0,,
confirmation,30058,neutral,no_null,actual,"12,8,11,2,9",5,chain,m1,m2,p0>p6>p5,3,branch_comp,A>C>B,1,5,A>B>C>D>E,0,600,1,1.0,0.8333333333333334,1.0,0,0,4,41,0.052564102564102565,0,601,601,0,0,0,0,0,0.0,0.0,0,0,1,0,0,0.00033310260749995604,0,0,0,0,0,0,0,0,0,1,0,1,0.6473629003360106,0.8158294970984326,0.6573426573426573,0.45208795135478747,0.7649117400813878,0.4399378855028252,1.0,0.1853146853146853,0.5576923076923077,0.8811188811188811,0.05856643356643356,0.8225524475524476,3.5977000000000214,0,0,0,0.0,0.0,none,0.0,0.0,0.0,0,0,0,1,0,,
confirmation,30058,neutral,no_null_no_validation,actual,"12,8,11,2,9",5,chain,m1,m2,p0>p6>p5,3,branch_comp,A>C>B,1,5,A>B>C>D>E,0,600,1,1.0,0.8333333333333334,1.0,0,0,4,41,0.052564102564102565,1,261,261,1,0,0,0,0,0.847826284664202,-0.0034077377549315635,42,1,0,1,1,0.0,1,1,1,1,1,1,1,1,0,0,0,0,0.6519982580291163,0.8151480140171051,0.6713286713286714,0.4616329059147968,0.7544613542340115,0.4525454082238644,1.0,0.1888111888111888,0.5568181818181818,0.8881118881118881,0.05638111888111888,0.8317307692307693,3.614800000000022,0,0,0,0.0,0.0,none,0.0,0.0,0.0,0,0,0,1,0,,
confirmation,30058,self_relevant,correlation_self_model,actual,"12,8,11,2,9",5,chain,m1,m2,p0>p6>p5,3,branch_comp,A>C>B,1,5,A>B>C>D>E,0,600,1,1.0,0.5555555555555556,1.0,0,0,4,42,0.05384615384615385,1,275,601,0,1,1,0,0,0.8484419623580997,-0.00250467736259157,46,1,0,0,0,0.0,0,0,0,0,0,0,0,0,0,0,0,0,0.7784206243316948,0.8318275518180915,0.6643356643356644,0.14733661433940207,0.3560731911556857,0.22152520617395952,1.0,0.18706293706293706,0.3120629370629371,0.21503496503496503,0.10227272727272728,0.11276223776223775,3.5538500000000197,0,0,0,0.0,0.0,none,0.0,0.0,0.0,0,0,0,1,0,,
confirmation,30058,self_relevant,pair_limited,actual,"12,8,11,2,9",5,chain,m1,m2,p0>p6>p5,3,branch_comp,A>C>B,1,5,A>B>C>D>E,0,600,1,1.0,0.8333333333333334,1.0,0,0,2,27,0.03461538461538462,0,601,601,0,0,0,0,0,0.0,0.0,0,0,0,0,0,0.0,0,0,0,0,0,0,0,0,0,0,0,0,0.7818993752514037,0.8352683833622437,0.666083916083916,0.36907578927004453,0.7271202289652604,0.3653011560997358,1.0,0.17482517482517482,0.5305944055944056,0.798951048951049,0.06555944055944056,0.7333916083916084,3.2394000000000056,0,0,0,0.0,0.0,none,0.0,0.0,0.0,0,0,0,1,0,,
confirmation,30058,self_relevant,passive_only,actual,"12,8,11,2,9",5,chain,m1,m2,p0>p6>p5,3,branch_comp,A>C>B,1,5,A>B>C>D>E,0,600,1,1.0,0.8333333333333334,1.0,0,0,0,0,0.0,0,601,601,0,0,0,0,0,0.0,0.0,0,0,1,0,0,0.0018088271302270675,0,0,0,0,0,0,0,0,0,0,0,0,0.8750734578181658,0.8961657591702691,0.6258741258741258,0.41816903555440477,0.6319212230080178,0.4118369304263167,1.0,0.0,0.47115384615384615,0.6888111888111889,0.06337412587412587,0.625437062937063,6.813200000000051,0,0,0,0.0,0.0,none,0.0,0.0,0.0,0,0,0,0,0,,
confirmation,30059,neutral,no_bridge_validation,actual,"9,6,10,7,8,13",6,dense,m3,m0,p2>p5>p2>p7,4,context_comp,A>B>A>C,1,7,A>B>C>D>E>F>X,1,600,1,1.0,0.8571428571428571,1.0,0,0,4,49,0.0175,1,307,601,0,1,0,0,1,0.9124179807616521,0.0009845409129746877,46,1,0,0,0,0.0,0,0,0,0,0,0,0,0,0,1,1,1,0.6885642143417658,0.8004748576080586,0.666083916083916,0.32492901766491666,0.7809592985925662,0.3269977385204528,1.0,0.1888111888111888,0.5218531468531469,0.6468531468531469,0.07937062937062937,0.5674825174825175,3.7583000000000153,0,0,0,0.0,0.0,none,0.0,0.0,0.0,0,0,0,1,0,,
confirmation,30059,neutral,no_null,actual,"9,6,10,7,8,13",6,dense,m3,m0,p2>p5>p2>p7,4,context_comp,A>B>A>C,1,7,A>B>C>D>E>F>X,1,600,1,1.0,0.8571428571428571,1.0,0,0,4,49,0.0175,0,601,601,0,0,0,0,0,0.0,0.0,0,0,1,0,0,0.0,0,0,0,0,0,0,0,0,0,1,0,1,0.6889660032935484,0.7997179740036554,0.6555944055944056,0.3212489385769337,0.7748391539168353,0.3241610014612908,1.0,0.1853146853146853,0.5227272727272727,0.6451048951048951,0.08006993006993007,0.5650349650349651,3.791700000000017,0,0,0,0.0,0.0,none,0.0,0.0,0.0,0,0,0,1,0,,
confirmation,30059,neutral,no_null_no_validation,actual,"9,6,10,7,8,13",6,dense,m3,m0,p2>p5>p2>p7,4,context_comp,A>B>A>C,1,7,A>B>C>D>E>F>X,1,600,1,1.0,0.8571428571428571,1.0,1,1,4,49,0.0175,1,297,297,1,0,0,1,0,0.842392266054109,-0.006936517715887569,45,1,0,1,1,0.0,1,1,1,1,1,1,1,1,0,0,0,0,0.6911384134525653,0.802956220845063,0.6503496503496503,0.33493699712043756,0.7624258813206463,0.34190788031621994,1.0,0.18356643356643357,0.5192307692307693,0.6538461538461539,0.07692307692307693,0.5769230769230769,3.8009000000000173,0,0,0,0.0,0.0,none,0.0,0.0,0.0,0,0,0,1,0,,
confirmation,30059,self_relevant,correlation_self_model,actual,"9,6,10,7,8,13",6,dense,m3,m0,p2>p5>p2>p7,4,context_comp,A>B>A>C,1,7,A>B>C>D>E>F>X,1,600,1,1.0,0.6,1.0,1,1,4,49,0.0175,1,309,309,1,0,0,1,1,0.856413977478269,0.004086035135426782,49,1,1,1,0,0.029128166281478043,1,1,0,1,1,1,1,1,0,0,0,1,0.8574501350811492,0.885751335662325,0.6573426573426573,0.03678018582112528,0.27113187518494497,0.34509732115011404,1.0,0.18706293706293706,0.30157342657342656,0.10314685314685315,0.1,0.0031468531468531458,3.833000000000017,0,0,0,0.0,0.0,none,0.0,0.0,0.0,0,0,0,1,0,,
confirmation,30059,self_relevant,pair_limited,actual,"9,6,10,7,8,13",6,dense,m3,m0,p2>p5>p2>p7,4,context_comp,A>B>A>C,1,7,A>B>C>D>E>F>X,1,600,1,1.0,0.8571428571428571,1.0,0,0,2,35,0.0125,0,601,601,0,0,0,0,0,0.0,0.0,0,0,0,0,0,0.0,0,0,0,0,0,0,0,0,0,0,0,0,0.8364541077448061,0.8670256626717769,0.5734265734265734,0.10633463408300589,0.6213600274679738,0.39868963064132346,1.0,0.1520979020979021,0.4396853146853147,0.14160839160839161,0.14755244755244756,-0.005944055944055948,3.22140000000001,0,0,0,0.0,0.0,none,0.0,0.0,0.0,0,0,0,1,0,,
confirmation,30059,self_relevant,passive_only,actual,"9,6,10,7,8,13",6,dense,m3,m0,p2>p5>p2>p7,4,context_comp,A>B>A>C,1,7,A>B>C>D>E>F>X,1,600,1,1.0,0.8571428571428571,1.0,0,0,0,0,0.0,0,601,601,0,0,0,0,0,0.0,0.0,0,0,0,0,0,0.0,0,0,0,0,0,0,0,0,0,0,0,0,0.8757098556191035,0.8938802969669112,0.5734265734265734,0.015228426425400293,0.1917802403059546,0.7025998032276809,1.0,0.0,0.16783216783216784,0.057692307692307696,0.055594405594405594,0.002097902097902102,2.909200000000006,0,0,0,0.0,0.0,none,0.0,0.0,0.0,0,0,0,0,0,,
confirmation,30060,neutral,no_bridge_validation,actual,"11,8,9,10,1",5,ring,m0,m1,p0>p4>p3,3,branch_comp,A>C>B,1,5,A>B>C>D>E,0,600,1,1.0,1.0,1.0,1,1,4,41,0.052564102564102565,1,263,601,0,1,0,1,1,0.789265282081041,-0.0021908450461919715,44,1,0,0,0,0.0,0,0,0,0,0,0,0,0,0,1,1,1,0.6653476088721384,0.7681840705821813,0.6678321678321678,0.3504820334975756,0.9261594543190004,0.3126144194833656,1.0,0.21328671328671328,0.5506993006993007,0.6346153846153846,0.11669580419580419,0.5179195804195804,3.5588000000000197,0,0,0,0.0,0.0,none,0.0,0.0,0.0,0,0,0,1,0,,
confirmation,30060,neutral,no_null,actual,"11,8,9,10,1",5,ring,m0,m1,p0>p4>p3,3,branch_comp,A>C>B,1,5,A>B>C>D>E,0,600,1,1.0,1.0,1.0,0,0,4,41,0.052564102564102565,0,601,601,0,0,0,0,0,0.0,0.0,0,0,1,0,0,0.0,0,0,0,0,0,0,0,0,0,1,0,1,0.6650655385895595,0.7702772264795501,0.666083916083916,0.348064325174418,0.9277924206628239,0.31040659631761064,1.0,0.21328671328671328,0.5506993006993007,0.6258741258741258,0.11888111888111888,0.506993006993007,3.6026500000000214,0,0,0,0.0,0.0,none,0.0,0.0,0.0,0,0,0,1,0,,
confirmation,30060,neutral,no_null_no_validation,actual,"11,8,9,10,1",5,ring,m0,m1,p0>p4>p3,3,branch_comp,A>C>B,1,5,A>B>C>D>E,0,600,1,1.0,1.0,1.0,1,1,4,41,0.052564102564102565,1,257,257,1,0,0,1,0,0.789265282081041,-0.0021908450461919715,44,1,0,1,1,0.0,1,1,1,1,1,1,1,1,0,0,0,0,0.6664757365071855,0.7735250721986606,0.6713286713286714,0.3595315685687106,0.9251352962535772,0.3229367570167995,1.0,0.21503496503496503,0.5515734265734266,0.6520979020979021,0.11276223776223776,0.5393356643356644,3.614800000000022,0,0,0,0.0,0.0,none,0.0,0.0,0.0,0,0,0,1,0,,
confirmation,30060,self_relevant,correlation_self_model,actual,"11,8,9,10,1",5,ring,m0,m1,p0>p4>p3,3,branch_comp,A>C>B,1,5,A>B>C>D>E,0,600,1,1.0,0.36363636363636365,0.8,1,1,4,41,0.052564102564102565,1,259,259,1,0,0,1,1,0.7852672796049955,0.0041708960059131765,44,1,1,1,0,0.02507134651342369,1,1,0,1,1,1,1,1,0,0,0,1,0.8331022418884297,0.8562945074716884,0.6590909090909091,0.0662262349738648,0.21354777487612686,0.20652018237106423,1.0,0.21153846153846154,0.2840909090909091,0.11188811188811189,0.11407342657342658,-0.0021853146853146876,3.629300000000023,0,0,0,0.0,0.0,none,0.0,0.0,0.0,0,0,0,1,0,,
confirmation,30060,self_relevant,pair_limited,actual,"11,8,9,10,1",5,ring,m0,m1,p0>p4>p3,3,branch_comp,A>C>B,1,5,A>B>C>D>E,0,600,1,1.0,1.0,1.0,0,0,2,27,0.03461538461538462,0,601,601,0,0,0,0,0,0.0,0.0,0,0,0,0,0,0.0,0,0,0,0,0,0,0,0,0,0,0,0,0.746100092830124,0.7912979633901828,0.6678321678321678,0.2646314679769413,0.9217021905236791,0.28405353093502533,1.0,0.20104895104895104,0.548951048951049,0.3548951048951049,0.18575174825174826,0.16914335664335664,3.2422000000000053,0,0,0,0.0,0.0,none,0.0,0.0,0.0,0,0,0,1,0,,
confirmation,30060,self_relevant,passive_only,actual,"11,8,9,10,1",5,ring,m0,m1,p0>p4>p3,3,branch_comp,A>C>B,1,5,A>B>C>D>E,0,600,1,1.0,1.0,1.0,0,0,0,0,0.0,0,601,601,0,0,0,0,0,0.0,0.0,0,0,1,0,0,0.0012388009705834027,0,0,0,0,0,0,0,0,0,0,0,0,0.730856528691394,0.7884330881847037,0.6695804195804196,0.2603391540699234,0.931623336524813,0.2893591433128854,1.0,0.16783216783216784,0.5480769230769231,0.3548951048951049,0.1853146853146853,0.16958041958041958,4.275600000000047,0,0,0,0.0,0.0,none,0.0,0.0,0.0,0,0,0,0,0,,
confirmation,30061,neutral,no_bridge_validation,actual,"2,13,9,3,6,7",6,chain,m2,m0,p1>p3>p1>p7,4,context_comp,A>B>A>C,1,7,A>B>C>D>E>F>X,0,600,1,1.0,1.0,1.0,1,1,4,49,0.0175,1,298,601,0,1,0,1,1,0.9741744956577321,-0.010344815384466365,48,1,0,0,0,0.0,0,0,0,0,0,0,0,0,0,1,1,1,0.6599827819940064,0.7915393803831532,0.6590909090909091,0.3237897578664725,0.8633626199990255,0.31786975561385744,1.0,0.22552447552447552,0.6477272727272727,0.6538461538461539,0.12832167832167832,0.5255244755244756,3.719800000000015,0,0,0,0.0,0.0,none,0.0,0.0,0.0,0,0,0,1,0,,
confirmation,30061,neutral,no_null,actual,"2,13,9,3,6,7",6,chain,m2,m0,p1>p3>p1>p7,4,context_comp,A>B>A>C,1,7,A>B>C>D>E>F>X,0,600,1,1.0,1.0,1.0,0,0,4,49,0.0175,0,601,601,0,0,0,0,0,0.0,0.0,0,0,1,0,0,0.00022678810754237898,0,0,0,0,0,0,0,0,0,1,0,1,0.6655342476643037,0.7935584865836746,0.6520979020979021,0.32408084355794253,0.8698152255015191,0.3190038823757973,1.0,0.22202797202797203,0.6503496503496503,0.6538461538461539,0.12937062937062938,0.5244755244755245,3.760900000000017,0,0,0,0.0,0.0,none,0.0,0.0,0.0,0,0,0,1,0,,
confirmation,30061,neutral,no_null_no_validation,actual,"2,13,9,3,6,7",6,chain,m2,m0,p1>p3>p1>p7,4,context_comp,A>B>A>C,1,7,A>B>C>D>E>F>X,0,600,1,1.0,1.0,1.0,0,0,4,49,0.0175,1,276,276,1,0,0,0,0,0.8955020211017398,0.003354765683265664,44,1,0,1,1,0.0,1,1,1,1,1,1,1,1,0,0,0,0,0.6614126446791092,0.7933265952778342,0.6590909090909091,0.13083716743931217,0.8121741871855548,0.2710194497142833,1.0,0.22552447552447552,0.5935314685314685,0.256993006993007,0.186013986013986,0.07097902097902098,3.7778000000000165,0,0,0,0.0,0.0,none,0.0,0.0,0.0,0,0,0,1,0,,
confirmation,30061,self_relevant,correlation_self_model,actual,"2,13,9,3,6,7",6,chain,m2,m0,p1>p3>p1>p7,4,context_comp,A>B>A>C,1,7,A>B>C>D>E>F>X,0,600,1,1.0,0.5,0.8333333333333334,1,1,4,49,0.0175,1,467,601,0,1,1,1,0,0.9802045922261317,0.0014386229776558869,97,1,0,0,0,0.0,0,0,0,0,0,0,0,0,0,0,0,0,0.8010672218463525,0.836308716104195,0.6590909090909091,0.07035162623322612,0.3085957978074447,0.1986267779678009,1.0,0.22552447552447552,0.33653846153846156,0.14685314685314685,0.10524475524475524,0.04160839160839161,3.712100000000014,0,0,0,0.0,0.0,none,0.0,0.0,0.0,0,0,0,1,0,,
confirmation,30061,self_relevant,pair_limited,actual,"2,13,9,3,6,7",6,chain,m2,m0,p1>p3>p1>p7,4,context_comp,A>B>A>C,1,7,A>B>C>D>E>F>X,0,600,1,1.0,1.0,1.0,0,0,2,35,0.0125,0,601,601,0,0,0,0,0,0.0,0.0,0,0,0,0,0,0.0,0,0,0,0,0,0,0,0,0,0,0,0,0.7539813135862756,0.8123554128518701,0.6678321678321678,0.07627745812229812,0.8122709975620178,0.36239283100676595,1.0,0.21328671328671328,0.6284965034965035,0.02097902097902098,0.2472027972027972,-0.2262237762237762,3.257800000000006,0,0,0,0.0,0.0,none,0.0,0.0,0.0,0,0,0,1,0,,
confirmation,30061,self_relevant,passive_only,actual,"2,13,9,3,6,7",6,chain,m2,m0,p1>p3>p1>p7,4,context_comp,A>B>A>C,1,7,A>B>C>D>E>F>X,0,600,1,1.0,1.0,1.0,0,0,0,0,0.0,0,601,601,0,0,0,0,0,0.0,0.0,0,0,1,0,0,0.00019365279281173832,0,0,0,0,0,0,0,0,0,0,0,0,0.7586806281576619,0.8088322470372916,0.6678321678321678,0.2086005478585941,0.8606483988363207,0.30920042390589264,1.0,0.1660839160839161,0.6634615384615384,0.22202797202797203,0.220979020979021,0.00104895104895103,2.9580000000000073,0,0,0,0.0,0.0,none,0.0,0.0,0.0,0,0,0,0,0,,
confirmation,30062,neutral,no_bridge_validation,actual,"5,7,4,8,11",5,dense,m0,m2,p1>p5>p7,3,branch_comp,A>C>B,1,5,A>B>C>D>E,0,600,1,1.0,1.0,1.0,0,0,4,41,0.052564102564102565,1,302,302,1,0,0,0,0,0.8603590607004623,0.004465051251695885,51,1,0,1,1,0.0,1,1,1,1,1,1,0,0,0,0,0,0,0.7436994786928357,0.8100511896238303,0.6381118881118881,0.54467798219339,0.9423016374902713,0.5395549697857558,1.0,0.18006993006993008,0.5480769230769231,0.8881118881118881,0.05201048951048951,0.8361013986013986,3.5900500000000215,0,0,0,0.0,0.0,none,0.0,0.0,0.0,0,0,0,1,0,,
confirmation,30062,neutral,no_null,actual,"5,7,4,8,11",5,dense,m0,m2,p1>p5>p7,3,branch_comp,A>C>B,1,5,A>B>C>D>E,0,600,1,1.0,1.0,1.0,0,0,4,41,0.052564102564102565,0,601,601,0,0,0,0,0,0.0,0.0,0,0,1,0,0,0.0004012300395811952,0,0,0,0,0,0,0,0,0,1,0,1,0.7421110829714053,0.8085478290741175,0.6363636363636364,0.5328054025661463,0.944458391981279,0.5265966456762841,1.0,0.18006993006993008,0.5480769230769231,0.8986013986013986,0.04938811188811189,0.8492132867132868,3.582850000000021,0,0,0,0.0,0.0,none,0.0,0.0,0.0,0,0,0,1,0,,
confirmation,30062,neutral,no_null_no_validation,actual,"5,7,4,8,11",5,dense,m0,m2,p1>p5>p7,3,branch_comp,A>C>B,1,5,A>B>C>D>E,0,600,1,1.0,1.0,1.0,0,0,4,41,0.052564102564102565,1,264,264,1,0,0,0,0,0.8621558183247082,0.0025573759224494386,42,1,0,1,1,0.0,1,1,1,1,1,1,1,1,0,0,0,0,0.7442968055511924,0.8108439121965583,0.6363636363636364,0.5444582630819294,0.940249925840563,0.5508446183552651,1.0,0.18006993006993008,0.548951048951049,0.8846153846153846,0.05332167832167832,0.8312937062937062,3.5900500000000215,0,0,0,0.0,0.0,none,0.0,0.0,0.0,0,0,0,1,0,,
confirmation,30062,self_relevant,correlation_self_model,actual,"5,7,4,8,11",5,dense,m0,m2,p1>p5>p7,3,branch_comp,A>C>B,1,5,A>B>C>D>E,0,600,1,1.0,0.4166666666666667,1.0,0,0,4,41,0.052564102564102565,1,286,601,0,1,1,0,0,0.8548547389092349,-0.0011563739763909614,50,1,0,0,0,0.0,0,0,0,0,0,0,0,0,0,0,0,0,0.8092030734809896,0.8227599409231745,0.6590909090909091,0.07328875894569031,0.30166131533881424,0.189431312381395,1.0,0.1853146853146853,0.2526223776223776,0.1258741258741259,0.09484265734265734,0.031031468531468542,3.5489000000000197,0,0,0,0.0,0.0,none,0.0,0.0,0.0,0,0,0,1,0,,
confirmation,30062,self_relevant,pair_limited,actual,"5,7,4,8,11",5,dense,m0,m2,p1>p5>p7,3,branch_comp,A>C>B,1,5,A>B>C>D>E,0,600,1,1.0,1.0,1.0,0,0,2,27,0.03461538461538462,0,601,601,0,0,0,0,0,0.0,0.0,0,0,0,0,0,0.0,0,0,0,0,0,0,0,0,0,0,0,0,0.7435512992819068,0.7768742091844504,0.666083916083916,0.2654073838607064,0.7988342254852341,0.35854082757531336,1.0,0.17482517482517482,0.48951048951048953,0.39335664335664333,0.1464160839160839,0.24694055944055943,3.239399999999999,0,0,0,0.0,0.0,none,0.0,0.0,0.0,0,0,0,1,0,,
confirmation,30062,self_relevant,passive_only,actual,"5,7,4,8,11",5,dense,m0,m2,p1>p5>p7,3,branch_comp,A>C>B,1,5,A>B>C>D>E,0,600,1,1.0,1.0,1.0,0,0,0,0,0.0,0,601,601,0,0,0,0,0,0.0,0.0,0,0,0,0,0,0.0,0,0,0,0,0,0,0,0,0,0,0,0,0.8370376526684962,0.8557777164646027,0.6153846153846154,0.3249096679154879,0.9251614217666113,0.3431135201510722,1.0,0.15384615384615385,0.5437062937062938,0.45104895104895104,0.1590909090909091,0.291958041958042,2.909200000000006,0,0,0,0.0,0.0,none,0.0,0.0,0.0,0,0,0,0,0,,
confirmation,30063,neutral,no_bridge_validation,actual,"7,2,9,0,13,5",6,ring,m1,m2,p2>p7>p2>p6,4,context_comp,A>B>A>C,1,7,A>B>C>D>E>F>X,1,600,1,1.0,1.0,1.0,0,0,4,49,0.0175,1,312,312,1,0,0,0,0,0.9786507991162507,0.004019035062750779,48,1,0,1,1,0.0,1,1,1,1,1,1,1,1,0,0,0,0,0.660665729485773,0.8091973387601629,0.6520979020979021,0.47495450043192206,0.9047487454457815,0.4618033444510404,1.0,0.18356643356643357,0.6022727272727273,0.8181818181818182,0.07727272727272727,0.740909090909091,3.800900000000017,0,0,0,0.0,0.0,none,0.0,0.0,0.0,0,0,0,1,0,,
confirmation,30063,neutral,no_null,actual,"7,2,9,0,13,5",6,ring,m1,m2,p2>p7>p2>p6,4,context_comp,A>B>A>C,1,7,A>B>C>D>E>F>X,1,600,1,1.0,1.0,1.0,0,0,4,49,0.0175,0,601,601,0,0,0,0,0,0.0,0.0,0,0,1,0,0,0.000617938364603008,0,0,0,0,0,0,0,0,0,1,0,1,0.6529249878678673,0.8039345340298469,0.6695804195804196,0.472869656247029,0.9121117538083094,0.4519339513952376,1.0,0.1888111888111888,0.6040209790209791,0.8269230769230769,0.07622377622377623,0.7506993006993007,3.807100000000017,0,0,0,0.0,0.0,none,0.0,0.0,0.0,0,0,0,1,0,,
confirmation,30063,neutral,no_null_no_validation,actual,"7,2,9,0,13,5",6,ring,m1,m2,p2>p7>p2>p6,4,context_comp,A>B>A>C,1,7,A>B>C>D>E>F>X,1,600,1,1.0,1.0,1.0,0,0,4,49,0.0175,1,284,284,1,0,0,0,0,0.9774396048864598,0.0023239770234427483,42,1,0,1,1,0.0,1,1,1,1,1,1,1,1,0,0,0,0,0.6570251626824187,0.8082909229108859,0.6573426573426573,0.4754339565433906,0.8976654876925964,0.4577402763535174,1.0,0.1853146853146853,0.6022727272727273,0.8129370629370629,0.07832167832167833,0.7346153846153846,3.808600000000017,0,0,0,0.0,0.0,none,0.0,0.0,0.0,0,0,0,1,0,,
confirmation,30063,self_relevant,correlation_self_model,actual,"7,2,9,0,13,5",6,ring,m1,m2,p2>p7>p2>p6,4,context_comp,A>B>A>C,1,7,A>B>C>D>E>F>X,1,600,1,1.0,0.5,1.0,0,0,4,49,0.0175,1,297,601,0,1,1,0,0,0.9740743510380174,-0.0049196877499768105,46,1,0,0,0,0.0,0,0,0,0,0,0,0,0,0,0,0,0,0.8058979140795837,0.8446431687911039,0.6590909090909091,0.06599478421886792,0.22579235425413346,0.24140427767127448,1.0,0.1853146853146853,0.40034965034965037,0.027972027972027972,0.15454545454545454,-0.12657342657342657,3.7506000000000155,0,0,0,0.0,0.0,none,0.0,0.0,0.0,0,0,0,1,0,,
confirmation,30063,self_relevant,pair_limited,actual,"7,2,9,0,13,5",6,ring,m1,m2,p2>p7>p2>p6,4,context_comp,A>B>A>C,1,7,A>B>C>D>E>F>X,1,600,1,1.0,1.0,1.0,0,0,2,35,0.0125,0,601,601,0,0,0,0,0,0.0,0.0,0,0,0,0,0,0.0,0,0,0,0,0,0,0,0,0,0,0,0,0.8485971780568553,0.8719522159609348,0.6171328671328671,0.3307229516142356,0.8582250090918921,0.3646040844441955,1.0,0.16258741258741258,0.5716783216783217,0.4160839160839161,0.14545454545454545,0.27062937062937065,3.238200000000008,0,0,0,0.0,0.0,none,0.0,0.0,0.0,0,0,0,1,0,,
confirmation,30063,self_relevant,passive_only,actual,"7,2,9,0,13,5",6,ring,m1,m2,p2>p7>p2>p6,4,context_comp,A>B>A>C,1,7,A>B>C>D>E>F>X,1,600,1,1.0,1.0,1.0,0,0,0,0,0.0,0,601,601,0,0,0,0,0,0.0,0.0,0,0,1,0,0,0.0018088271302270675,0,0,0,0,0,0,0,0,0,0,0,0,0.8684238860062372,0.8931076407747861,0.5437062937062938,0.10614878752428981,0.5327526990307057,0.4979319809184277,1.0,0.0,0.42657342657342656,0.1486013986013986,0.1409090909090909,0.007692307692307693,8.325999999999997,0,0,0,0.0,0.0,none,0.0,0.0,0.0,0,0,0,0,0,,
confirmation,30064,neutral,no_bridge_validation,actual,"4,9,3,8,2",5,chain,m3,m2,p3>p4>p2,3,branch_comp,A>C>B,1,5,A>B>C>D>E,0,600,1,1.0,1.0,0.8,0,0,4,42,0.05384615384615385,1,283,601,0,1,0,0,1,0.8550098304210114,-0.0009578148286899354,45,1,0,0,0,0.0,0,0,0,0,0,0,0,0,0,1,1,1,0.6093180795490521,0.7425267758492798,0.6713286713286714,0.5294962778624752,0.9432885598390947,0.577958447796365,1.0,0.1888111888111888,0.7980769230769231,0.986013986013986,0.15253496503496503,0.833479020979021,3.5588000000000197,0,0,0,0.0,0.0,none,0.0,0.0,0.0,0,0,0,1,0,,
confirmation,30064,neutral,no_null,actual,"4,9,3,8,2",5,chain,m3,m2,p3>p4>p2,3,branch_comp,A>C>B,1,5,A>B>C>D>E,0,600,1,1.0,1.0,0.8,0,0,4,42,0.05384615384615385,0,601,601,0,0,0,0,0,0.0,0.0,0,0,1,0,0,0.0,0,0,0,0,0,0,0,0,0,1,0,1,0.6093144893149969,0.7425232442112694,0.6713286713286714,0.5291283527031312,0.9433410073707343,0.577793091358607,1.0,0.1888111888111888,0.7980769230769231,0.986013986013986,0.15253496503496503,0.833479020979021,3.6076000000000215,0,0,0,0.0,0.0,none,0.0,0.0,0.0,0,0,0,1,0,,
confirmation,30064,neutral,no_null_no_validation,actual,"4,9,3,8,2",5,chain,m3,m2,p3>p4>p2,3,branch_comp,A>C>B,1,5,A>B>C>D>E,0,600,1,1.0,1.0,0.8,1,1,4,42,0.05384615384615385,1,276,276,1,0,0,1,0,0.7208215802245468,-0.002236693180321441,45,1,0,1,1,0.0,1,1,1,1,1,1,1,1,0,0,0,0,0.6148350480262504,0.7472654172879782,0.6625874125874126,0.5500855613795136,0.9382243410735563,0.5990373892569625,1.0,0.1853146853146853,0.7972027972027972,0.9807692307692307,0.1534090909090909,0.8273601398601398,3.609850000000022,0,0,0,0.0,0.0,none,0.0,0.0,0.0,0,0,0,1,0,,
confirmation,30064,self_relevant,correlation_self_model,actual,"4,9,3,8,2",5,chain,m3,m2,p3>p4>p2,3,branch_comp,A>C>B,1,5,A>B>C>D>E,0,600,1,1.0,0.4166666666666667,1.0,0,0,4,41,0.052564102564102565,1,274,601,0,1,1,0,0,0.8550253610431428,-0.0032248034515715263,46,1,0,0,0,0.0,0,0,0,0,0,0,0,0,0,0,0,0,0.7526036237053785,0.8295777361746961,0.6625874125874126,0.09342993935545692,0.2597608144404917,0.20410755323909577,1.0,0.1853146853146853,0.2902097902097902,0.13986013986013987,0.11013986013986014,0.029720279720279727,3.5538500000000197,0,0,0,0.0,0.0,none,0.0,0.0,0.0,0,0,0,1,0,,
confirmation,30064,self_relevant,pair_limited,actual,"4,9,3,8,2",5,chain,m3,m2,p3>p4>p2,3,branch_comp,A>C>B,1,5,A>B>C>D>E,0,600,1,1.0,1.0,0.8,0,0,2,27,0.03461538461538462,0,601,601,0,0,0,0,0,0.0,0.0,0,0,0,0,0,0.0,0,0,0,0,0,0,0,0,0,0,0,0,0.8262954904285187,0.8632402382393473,0.6206293706293706,0.4956535473640193,0.9087607760705619,0.5342304684507586,1.0,0.16258741258741258,0.7596153846153846,0.8881118881118881,0.1577797202797203,0.7303321678321678,3.222600000000007,0,0,0,0.0,0.0,none,0.0,0.0,0.0,0,0,0,1,0,,
confirmation,30064,self_relevant,passive_only,actual,"4,9,3,8,2",5,chain,m3,m2,p3>p4>p2,3,branch_comp,A>C>B,1,5,A>B>C>D>E,0,600,1,1.0,1.0,0.8,0,0,0,0,0.0,0,601,601,0,0,0,0,0,0.0,0.0,0,0,1,0,0,0.001698959759562299,0,0,0,0,0,0,0,0,0,0,0,0,0.8726303639602373,0.895550845454158,0.513986013986014,0.07614988209964686,0.37677362906183187,0.4131473748788991,1.0,0.0,0.4781468531468531,0.11013986013986014,0.21153846153846154,-0.10139860139860139,5.324800000000037,0,0,0,0.0,0.0,none,0.0,0.0,0.0,0,0,0,0,0,,
confirmation,30065,neutral,no_bridge_validation,actual,"2,3,9,11,1,6",6,dense,m3,m0,p0>p7>p0>p3,4,context_comp,A>B>A>C,1,7,A>B>C>D>E>F>X,0,600,1,1.0,1.0,1.0,0,0,4,49,0.0175,1,366,601,0,1,0,0,1,0.9019655933697586,-0.0029931014244925494,46,1,0,0,0,0.0,0,0,0,0,0,0,0,0,0,1,1,1,0.748664899337151,0.8114077128242473,0.6013986013986014,0.5971143435124349,0.7799029132816251,0.6288236514869009,1.0,0.17132867132867133,0.5865384615384616,0.7727272727272727,0.08006993006993007,0.6926573426573426,3.6890000000000125,0,0,0,0.0,0.0,none,0.0,0.0,0.0,0,0,0,1,0,,
confirmation,30065,neutral,no_null,actual,"2,3,9,11,1,6",6,dense,m3,m0,p0>p7>p0>p3,4,context_comp,A>B>A>C,1,7,A>B>C>D>E>F>X,0,600,1,1.0,1.0,1.0,0,0,4,49,0.0175,0,601,601,0,0,0,0,0,0.0,0.0,0,0,1,0,0,0.00026551851569900625,0,0,0,0,0,0,0,0,0,1,0,1,0.7488594639118478,0.8116588806277202,0.5874125874125874,0.5790250023772793,0.7618135721464695,0.6274869073095447,1.0,0.16783216783216784,0.5734265734265734,0.7447552447552448,0.08041958041958042,0.6643356643356644,3.722400000000013,0,0,0,0.0,0.0,none,0.0,0.0,0.0,0,0,0,1,0,,
confirmation,30065,neutral,no_null_no_validation,actual,"2,3,9,11,1,6",6,dense,m3,m0,p0>p7>p0>p3,4,context_comp,A>B>A>C,1,7,A>B>C>D>E>F>X,0,600,1,1.0,1.0,1.0,1,1,4,49,0.0175,1,362,362,1,0,0,1,0,0.8471031265307525,-0.00011209880087442768,45,1,0,1,1,0.0,1,1,1,1,1,1,1,1,0,0,0,0,0.7517218616682735,0.8155247928998839,0.5891608391608392,0.5530015698482746,0.7357901396174649,0.6085470960396175,1.0,0.16958041958041958,0.5664335664335665,0.7255244755244755,0.08146853146853146,0.644055944055944,3.7316000000000127,0,0,0,0.0,0.0,none,0.0,0.0,0.0,0,0,0,1,0,,
confirmation,30065,self_relevant,correlation_self_model,actual,"2,3,9,11,1,6",6,dense,m3,m0,p0>p7>p0>p3,4,context_comp,A>B>A>C,1,7,A>B>C>D>E>F>X,0,600,1,1.0,0.5,1.0,0,0,4,49,0.0175,1,382,601,0,1,1,0,0,0.9326057061516585,-0.0009343917987921807,72,1,0,0,0,0.0,0,0,0,0,0,0,0,0,0,0,0,0,0.8030490158057599,0.848410114005062,0.6590909090909091,0.015572262842504105,0.13563934291844443,0.26701957760014666,1.0,0.1853146853146853,0.28583916083916083,0.11013986013986014,0.09230769230769231,0.01783216783216783,3.750600000000016,0,0,0,0.0,0.0,none,0.0,0.0,0.0,0,0,0,1,0,,
confirmation,30065,self_relevant,pair_limited,actual,"2,3,9,11,1,6",6,dense,m3,m0,p0>p7>p0>p3,4,context_comp,A>B>A>C,1,7,A>B>C>D>E>F>X,0,600,1,1.0,1.0,1.0,0,0,2,35,0.0125,0,601,601,0,0,0,0,0,0.0,0.0,0,0,0,0,0,0.0,0,0,0,0,0,0,0,0,0,0,0,0,0.8210246273138818,0.8605867994318562,0.513986013986014,0.01777534750260711,0.44359605731553325,0.6159638041009929,1.0,0.1381118881118881,0.4222027972027972,0.05944055944055944,0.156993006993007,-0.09755244755244756,3.1962000000000095,0,0,0,0.0,0.0,none,0.0,0.0,0.0,0,0,0,1,0,,
confirmation,30065,self_relevant,passive_only,actual,"2,3,9,11,1,6",6,dense,m3,m0,p0>p7>p0>p3,4,context_comp,A>B>A>C,1,7,A>B>C>D>E>F>X,0,600,1,1.0,1.0,1.0,0,0,0,0,0.0,0,601,601,0,0,0,0,0,0.0,0.0,0,0,1,0,0,0.0015587998026462934,0,0,0,0,0,0,0,0,0,0,0,0,0.8801740154896137,0.8949088649115474,0.5157342657342657,0.02684285743056263,0.4826002396490093,0.6094413609439285,1.0,0.0,0.42045454545454547,0.038461538461538464,0.1604895104895105,-0.12202797202797203,8.252800000000008,0,0,0,0.0,0.0,none,0.0,0.0,0.0,0,0,0,0,0,,
confirmation,30066,neutral,no_bridge_validation,actual,"12,5,3,1,13",5,ring,m1,m2,p1>p5>p0,3,branch_comp,A>C>B,1,5,A>B>C>D>E,0,600,1,1.0,1.0,1.0,0,0,4,42,0.05384615384615385,1,266,601,0,1,0,0,1,0.847999493390236,1.0390074963693551e-05,42,1,0,0,0,0.0,0,0,0,0,0,0,0,0,0,1,1,1,0.7634401649561947,0.8063748986777961,0.6643356643356644,0.3636467289053012,0.9528412719537583,0.34204038123591657,1.0,0.18706293706293706,0.5882867132867133,0.6888111888111889,0.12194055944055944,0.5668706293706294,3.5538500000000197,0,0,0,0.0,0.0,none,0.0,0.0,0.0,0,0,0,1,0,,
confirmation,30066,neutral,no_null,actual,"12,5,3,1,13",5,ring,m1,m2,p1>p5>p0,3,branch_comp,A>C>B,1,5,A>B>C>D>E,0,600,1,1.0,1.0,1.0,0,0,4,42,0.05384615384615385,0,601,601,0,0,0,0,0,0.0,0.0,0,0,1,0,0,0.000827281068909883,0,0,0,0,0,0,0,0,0,1,0,1,0.7642858806712683,0.8078218386546876,0.6590909090909091,0.36321576614829315,0.9533017134022648,0.3420918229005432,1.0,0.1853146853146853,0.5882867132867133,0.6888111888111889,0.12194055944055944,0.5668706293706294,3.597700000000022,0,0,0,0.0,0.0,none,0.0,0.0,0.0,0,0,0,1,0,,
confirmation,30066,neutral,no_null_no_validation,actual,"12,5,3,1,13",5,ring,m1,m2,p1>p5>p0,3,branch_comp,A>C>B,1,5,A>B>C>D>E,0,600,1,1.0,1.0,1.0,0,0,4,42,0.05384615384615385,1,261,261,1,0,0,0,0,0.847999493390236,1.0390074963693551e-05,42,1,0,1,1,0.0,1,1,1,1,1,1,0,0,0,0,0,0,0.7651146363237712,0.8097898005593398,0.6573426573426573,0.36702242121277395,0.952020870293189,0.34507380297020834,1.0,0.1853146853146853,0.5882867132867133,0.6993006993006993,0.11931818181818181,0.5799825174825175,3.604900000000022,0,0,0,0.0,0.0,none,0.0,0.0,0.0,0,0,0,1,0,,
confirmation,30066,self_relevant,correlation_self_model,actual,"12,5,3,1,13",5,ring,m1,m2,p1>p5>p0,3,branch_comp,A>C>B,1,5,A>B>C>D>E,0,600,1,1.0,0.3333333333333333,0.8,1,1,4,41,0.052564102564102565,1,267,267,1,0,0,1,1,0.7132839622681963,0.005045968987297656,48,1,1,1,0,0.02669404166740606,1,1,0,1,1,1,1,1,0,0,0,1,0.8651655768565251,0.8846747712108352,0.6590909090909091,0.012376600235797891,0.13230691197283412,0.21054579030482545,1.0,0.1853146853146853,0.2937062937062937,0.17832167832167833,0.10227272727272728,0.07604895104895106,3.629300000000023,0,0,0,0.0,0.0,none,0.0,0.0,0.0,0,0,0,1,0,,
confirmation,30066,self_relevant,pair_limited,actual,"12,5,3,1,13",5,ring,m1,m2,p1>p5>p0,3,branch_comp,A>C>B,1,5,A>B>C>D>E,0,600,1,1.0,1.0,1.0,0,0,2,27,0.03461538461538462,0,601,601,0,0,0,0,0,0.0,0.0,0,0,0,0,0,0.0,0,0,0,0,0,0,0,0,0,0,0,0,0.7475825105786608,0.7939266780738133,0.6643356643356644,0.20696638370033055,0.948263799205158,0.2538043419728438,1.0,0.17482517482517482,0.5463286713286714,0.27972027972027974,0.20323426573426573,0.07648601398601401,3.239400000000005,0,0,0,0.0,0.0,none,0.0,0.0,0.0,0,0,0,1,0,,
confirmation,30066,self_relevant,passive_only,actual,"12,5,3,1,13",5,ring,m1,m2,p1>p5>p0,3,branch_comp,A>C>B,1,5,A>B>C>D>E,0,600,1,1.0,1.0,1.0,0,0,0,0,0.0,0,601,601,0,0,0,0,0,0.0,0.0,0,0,1,0,0,0.0010103954539722104,0,0,0,0,0,0,0,0,0,0,0,0,0.8723971274084971,0.8914957009948553,0.5611888111888111,0.08020745292019993,0.7964406182908127,0.5594158219462412,1.0,0.0,0.5909090909090909,0.013986013986013986,0.291958041958042,-0.27797202797202797,3.22640000000002,0,0,0,0.0,0.0,none,0.0,0.0,0.0,0,0,0,0,0,,
confirmation,30067,neutral,no_bridge_validation,actual,"4,2,3,11,6,1",6,chain,m2,m3,p1>p0>p1>p4,4,context_comp,A>B>A>C,1,7,A>B>C>D>E>F>X,1,600,1,1.0,1.0,0.8333333333333334,1,1,4,49,0.0175,1,288,601,0,1,0,1,1,0.9853199958301677,-0.004839203300725256,42,1,0,0,0,0.0,0,0,0,0,0,0,0,0,0,1,1,1,0.6935452563221969,0.8047872798351595,0.6608391608391608,0.5671277790093318,0.9739323801414685,0.5686743284745328,1.0,0.22377622377622378,0.6118881118881119,0.9545454545454546,0.05384615384615385,0.9006993006993007,3.750600000000016,0,0,0,0.0,0.0,none,0.0,0.0,0.0,0,0,0,1,0,,
confirmation,30067,neutral,no_null,actual,"4,2,3,11,6,1",6,chain,m2,m3,p1>p0>p1>p4,4,context_comp,A>B>A>C,1,7,A>B>C>D>E>F>X,1,600,1,1.0,1.0,0.8333333333333334,0,0,4,49,0.0175,0,601,601,0,0,0,0,0,0.0,0.0,0,0,1,0,0,1.1600119996151246e-05,0,0,0,0,0,0,0,0,0,1,0,1,0.6924598915626189,0.8056436262421482,0.6573426573426573,0.5793015249815952,0.9737600600367833,0.5798843742311841,1.0,0.22377622377622378,0.6118881118881119,0.951048951048951,0.05454545454545455,0.8965034965034965,3.799400000000017,0,0,0,0.0,0.0,none,0.0,0.0,0.0,0,0,0,1,0,,
confirmation,30067,neutral,no_null_no_validation,actual,"4,2,3,11,6,1",6,chain,m2,m3,p1>p0>p1>p4,4,context_comp,A>B>A>C,1,7,A>B>C>D>E>F>X,1,600,1,1.0,1.0,0.8333333333333334,1,1,4,49,0.0175,1,283,283,1,0,0,1,0,0.9853199958301677,-0.004839203300725256,42,1,0,1,1,0.0,1,1,1,1,1,1,1,1,0,0,0,0,0.6912815911183803,0.8066533529029138,0.6590909090909091,0.616270359339009,0.9702211173831761,0.6166020181520184,1.0,0.22377622377622378,0.6118881118881119,0.9388111888111889,0.056993006993006995,0.8818181818181818,3.8086000000000166,0,0,0,0.0,0.0,none,0.0,0.0,0.0,0,0,0,1,0,,
confirmation,30067,self_relevant,correlation_self_model,actual,"4,2,3,11,6,1",6,chain,m2,m3,p1>p0>p1>p4,4,context_comp,A>B>A>C,1,7,A>B>C>D>E>F>X,1,600,1,1.0,0.4166666666666667,0.8333333333333334,1,1,4,49,0.0175,1,286,601,0,1,1,1,0,0.9822859657927286,0.0003440955408501249,42,1,0,0,0,0.0,0,0,0,0,0,0,0,0,0,0,0,0,0.8097606199356564,0.8401171806205051,0.6590909090909091,0.05833755066943573,0.14232085556366203,0.3106247541568901,1.0,0.22377622377622378,0.29545454545454547,0.10664335664335664,0.09685314685314685,0.009790209790209795,3.7506000000000155,0,0,0,0.0,0.0,none,0.0,0.0,0.0,0,0,0,1,0,,
confirmation,30067,self_relevant,pair_limited,actual,"4,2,3,11,6,1",6,chain,m2,m3,p1>p0>p1>p4,4,context_comp,A>B>A>C,1,7,A>B>C>D>E>F>X,1,600,1,1.0,1.0,0.8333333333333334,0,0,2,35,0.0125,0,601,601,0,0,0,0,0,0.0,0.0,0,0,0,0,0,0.0,0,0,0,0,0,0,0,0,0,0,0,0,0.6966084229483662,0.7763458355761,0.5996503496503497,0.4145430267272549,0.8308918757101844,0.4832127287098707,1.0,0.1958041958041958,0.5585664335664335,0.5699300699300699,0.10944055944055944,0.4604895104895105,3.229800000000009,0,0,0,0.0,0.0,none,0.0,0.0,0.0,0,0,0,1,0,,
confirmation,30067,self_relevant,passive_only,actual,"4,2,3,11,6,1",6,chain,m2,m3,p1>p0>p1>p4,4,context_comp,A>B>A>C,1,7,A>B>C>D>E>F>X,1,600,1,1.0,1.0,0.8333333333333334,0,0,0,0,0.0,0,601,601,0,0,0,0,0,0.0,0.0,0,0,1,0,0,0.0015587998026462934,0,0,0,0,0,0,0,0,0,0,0,0,0.7394162153929811,0.80661386754552,0.666083916083916,0.3105460163000943,0.9764909471847492,0.35273053611950156,1.0,0.1660839160839161,0.5926573426573427,0.4125874125874126,0.15454545454545454,0.25804195804195806,7.838000000000056,0,0,0,0.0,0.0,none,0.0,0.0,0.0,0,0,0,0,0,,
confirmation,30068,neutral,no_bridge_validation,actual,"2,5,11,7,1",5,dense,m1,m0,p3>p4>p2,3,branch_comp,A>C>B,1,5,A>B>C>D>E,0,600,1,1.0,1.0,1.0,1,1,4,42,0.05384615384615385,1,274,274,1,0,0,1,0,0.7148079441737317,0.00587928461617857,47,1,0,1,1,0.0,1,1,1,1,1,1,1,1,0,0,0,0,0.7103350693933872,0.7955103358038953,0.6346153846153846,0.6151082211189713,0.9163747917758636,0.602001236630402,1.0,0.18006993006993008,0.5559440559440559,0.8356643356643356,0.06905594405594405,0.7666083916083916,3.5900500000000215,0,0,0,0.0,0.0,none,0.0,0.0,0.0,0,0,0,1,0,,
confirmation,30068,neutral,no_null,actual,"2,5,11,7,1",5,dense,m1,m0,p3>p4>p2,3,branch_comp,A>C>B,1,5,A>B>C>D>E,0,600,1,1.0,1.0,1.0,0,0,4,42,0.05384615384615385,0,601,601,0,0,0,0,0,0.0,0.0,0,0,1,0,0,0.0,0,0,0,0,0,0,0,0,0,1,0,1,0.6952185269554948,0.7875542245579836,0.6416083916083916,0.6063877577759694,0.9390600697014082,0.5868074020410234,1.0,0.18181818181818182,0.5603146853146853,0.8496503496503497,0.06774475524475525,0.7819055944055945,3.5878000000000214,0,0,0,0.0,0.0,none,0.0,0.0,0.0,0,0,0,1,0,,
confirmation,30068,neutral,no_null_no_validation,actual,"2,5,11,7,1",5,dense,m1,m0,p3>p4>p2,3,branch_comp,A>C>B,1,5,A>B>C>D>E,0,600,1,1.0,1.0,1.0,0,0,4,42,0.05384615384615385,1,270,270,1,0,0,0,0,0.7669011221960507,-0.0033075249158078224,44,1,0,1,1,0.0,1,1,1,1,1,1,1,1,0,0,0,0,0.7175977919785452,0.8045617794911408,0.5402097902097902,0.19904521199956507,0.6820856235401227,0.4596810433196055,1.0,0.1555944055944056,0.479020979020979,0.3094405594405594,0.16215034965034966,0.14729020979020976,3.5207500000000196,0,0,0,0.0,0.0,none,0.0,0.0,0.0,0,0,0,1,0,,
confirmation,30068,self_relevant,correlation_self_model,actual,"2,5,11,7,1",5,dense,m1,m0,p3>p4>p2,3,branch_comp,A>C>B,1,5,A>B>C>D>E,0,600,1,1.0,0.4166666666666667,1.0,1,1,4,41,0.052564102564102565,1,265,601,1,0,0,1,1,0.7154005429868209,0.005322124156387031,48,1,1,1,0,0.026634672856177617,1,4,0,0,0,0,0,0,4,0,0,0,0.8601088871025027,0.8738749728599726,0.6590909090909091,0.04696982443603476,0.16985913435765781,0.2787007426559489,1.0,0.1853146853146853,0.2062937062937063,0.12412587412587413,0.07211538461538461,0.05201048951048952,3.7425000000000272,0,0,0,0.0,0.0,none,0.0,0.0,0.0,0,0,0,1,0,,
confirmation,30068,self_relevant,pair_limited,actual,"2,5,11,7,1",5,dense,m1,m0,p3>p4>p2,3,branch_comp,A>C>B,1,5,A>B>C>D>E,0,600,1,1.0,1.0,1.0,0,0,2,27,0.03461538461538462,0,601,601,0,0,0,0,0,0.0,0.0,0,0,0,0,0,0.0,0,0,0,0,0,0,0,0,0,0,0,0,0.8649352141745572,0.8815715248926648,0.534965034965035,0.07736750025968617,0.5484835433942443,0.43528141073892773,1.0,0.14160839160839161,0.42657342657342656,0.12237762237762238,0.18269230769230768,-0.0603146853146853,3.1890000000000067,0,0,0,0.0,0.0,none,0.0,0.0,0.0,0,0,0,1,0,,
confirmation,30068,self_relevant,passive_only,actual,"2,5,11,7,1",5,dense,m1,m0,p3>p4>p2,3,branch_comp,A>C>B,1,5,A>B>C>D>E,0,600,1,1.0,1.0,1.0,0,0,0,0,0.0,0,601,601,0,0,0,0,0,0.0,0.0,0,0,0,0,0,0.0,0,0,0,0,0,0,0,0,0,0,0,0,0.8738483859414445,0.8914392171308817,0.5104895104895105,0.019459118888184447,0.10542882273481283,0.2755883586330757,1.0,0.0,0.24475524475524477,0.09615384615384616,0.09833916083916083,-0.0021853146853146738,2.909200000000006,0,0,0,0.0,0.0,none,0.0,0.0,0.0,0,0,0,0,0,,
confirmation,30069,neutral,no_bridge_validation,actual,"3,8,9,12,5,0",6,ring,m2,m0,p7>p3>p7>p5,4,context_comp,A>B>A>C,1,7,A>B>C>D>E>F>X,0,600,1,1.0,1.0,1.0,1,1,4,49,0.0175,1,283,601,0,1,0,1,1,0.9861841563752078,-0.0036921234174894556,44,1,0,0,0,0.0,0,0,0,0,0,0,0,0,0,1,1,1,0.7258763601674667,0.8090728544503744,0.6625874125874126,0.3651267680765026,0.7848132424672039,0.3778977765915204,1.0,0.22552447552447552,0.6433566433566433,0.8251748251748252,0.09230769230769231,0.7328671328671329,3.7275000000000142,0,0,0,0.0,0.0,none,0.0,0.0,0.0,0,0,0,1,0,,
confirmation,30069,neutral,no_null,actual,"3,8,9,12,5,0",6,ring,m2,m0,p7>p3>p7>p5,4,context_comp,A>B>A>C,1,7,A>B>C>D>E>F>X,0,600,1,1.0,1.0,1.0,0,0,4,49,0.0175,0,601,601,0,0,0,0,0,0.0,0.0,0,0,1,0,0,0.000617938364603008,0,0,0,0,0,0,0,0,0,1,0,1,0.7273375645522477,0.8104806302391926,0.666083916083916,0.289995774081719,0.762449988425907,0.3332941817012724,1.0,0.22552447552447552,0.6206293706293706,0.6538461538461539,0.11748251748251748,0.5363636363636364,3.7840000000000162,0,0,0,0.0,0.0,none,0.0,0.0,0.0,0,0,0,1,0,,
confirmation,30069,neutral,no_null_no_validation,actual,"3,8,9,12,5,0",6,ring,m2,m0,p7>p3>p7>p5,4,context_comp,A>B>A>C,1,7,A>B>C>D>E>F>X,0,600,1,1.0,1.0,1.0,0,0,4,49,0.0175,1,275,275,1,0,0,0,0,0.892732947955651,0.0006111429391238753,44,1,0,1,1,0.0,1,1,1,1,1,1,1,1,0,0,0,0,0.7310862954933679,0.814444579233559,0.6625874125874126,0.329485286101147,0.7443862130627806,0.35927515445656255,1.0,0.22552447552447552,0.6127622377622378,0.7202797202797203,0.10104895104895105,0.6192307692307693,3.785500000000016,0,0,0,0.0,0.0,none,0.0,0.0,0.0,0,0,0,1,0,,
confirmation,30069,self_relevant,correlation_self_model,actual,"3,8,9,12,5,0",6,ring,m2,m0,p7>p3>p7>p5,4,context_comp,A>B>A>C,1,7,A>B>C>D>E>F>X,0,600,1,1.0,0.5454545454545454,1.0,1,1,4,49,0.0175,1,287,601,0,1,1,1,0,0.9865118593148814,-0.0018141927277346148,44,1,0,0,0,0.0,0,0,0,0,0,0,0,0,0,0,0,0,0.808988385034668,0.8453040392147136,0.6625874125874126,0.030290836185532948,0.21773197553574605,0.28518560006614146,1.0,0.22552447552447552,0.2631118881118881,0.10664335664335664,0.08391608391608392,0.02272727272727272,3.7352000000000154,0,0,0,0.0,0.0,none,0.0,0.0,0.0,0,0,0,1,0,,
confirmation,30069,self_relevant,pair_limited,actual,"3,8,9,12,5,0",6,ring,m2,m0,p7>p3>p7>p5,4,context_comp,A>B>A>C,1,7,A>B>C>D>E>F>X,0,600,1,1.0,1.0,1.0,0,0,2,35,0.0125,0,601,601,0,0,0,0,0,0.0,0.0,0,0,0,0,0,0.0,0,0,0,0,0,0,0,0,0,0,0,0,0.7711708937786927,0.8359130964446363,0.6153846153846154,0.04840296143761893,0.6284796341858214,0.2753494475439903,1.0,0.20104895104895104,0.5367132867132867,0.033216783216783216,0.20804195804195802,-0.1748251748251748,3.238200000000007,0,0,0,0.0,0.0,none,0.0,0.0,0.0,0,0,0,1,0,,
confirmation,30069,self_relevant,passive_only,actual,"3,8,9,12,5,0",6,ring,m2,m0,p7>p3>p7>p5,4,context_comp,A>B>A>C,1,7,A>B>C>D>E>F>X,0,600,1,1.0,1.0,1.0,0,0,0,0,0.0,0,601,601,0,0,0,0,0,0.0,0.0,0,0,0,0,0,0.0,0,0,0,0,0,0,0,0,0,0,0,0,0.7413717972231878,0.8094982682489081,0.6678321678321678,0.21424364684295738,0.73749818079047,0.24550668893700647,1.0,0.1660839160839161,0.5856643356643356,0.3006993006993007,0.17412587412587413,0.12657342657342655,2.909200000000006,0,0,0,0.0,0.0,none,0.0,0.0,0.0,0,0,0,0,0,,
confirmation,30070,neutral,no_bridge_validation,actual,"13,8,0,7,1",5,chain,m0,m2,p4>p2>p0,3,branch_comp,A>C>B,1,5,A>B>C>D>E,0,600,1,1.0,1.0,0.8,0,0,4,41,0.052564102564102565,1,267,601,0,1,0,0,1,0.8610130493303128,5.0493479979017245e-05,42,1,0,0,0,0.0,0,0,0,0,0,0,0,0,0,1,1,1,0.6285224645634045,0.7569031996971202,0.6643356643356644,0.40458102803700924,0.8590795874245027,0.40566341492883046,1.0,0.18706293706293706,0.7027972027972028,0.7167832167832168,0.1722027972027972,0.5445804195804196,3.5538500000000197,0,0,0,0.0,0.0,none,0.0,0.0,0.0,0,0,0,1,0,,
confirmation,30070,neutral,no_null,actual,"13,8,0,7,1",5,chain,m0,m2,p4>p2>p0,3,branch_comp,A>C>B,1,5,A>B>C>D>E,0,600,1,1.0,1.0,0.8,0,0,4,41,0.052564102564102565,0,601,601,0,0,0,0,0,0.0,0.0,0,0,1,0,0,0.0004012300395811952,0,0,0,0,0,0,0,0,0,1,0,1,0.6286225666552756,0.7551560794331629,0.666083916083916,0.40218892786716515,0.857810749795817,0.40361608829698653,1.0,0.18706293706293706,0.7019230769230769,0.7132867132867133,0.17263986013986016,0.5406468531468531,3.6026500000000214,0,0,0,0.0,0.0,none,0.0,0.0,0.0,0,0,0,1,0,,
confirmation,30070,neutral,no_null_no_validation,actual,"13,8,0,7,1",5,chain,m0,m2,p4>p2>p0,3,branch_comp,A>C>B,1,5,A>B>C>D>E,0,600,1,1.0,1.0,0.8,0,0,4,41,0.052564102564102565,1,259,259,1,0,0,0,0,0.8610130493303128,5.0493479979017245e-05,42,1,0,1,1,0.0,1,1,1,1,1,1,0,0,0,0,0,0,0.629496305448739,0.7582104851920991,0.6625874125874126,0.40656206638857884,0.8548136965789921,0.4058489187024383,1.0,0.1853146853146853,0.6993006993006993,0.722027972027972,0.16914335664335664,0.5528846153846153,3.609850000000022,0,0,0,0.0,0.0,none,0.0,0.0,0.0,0,0,0,1,0,,
confirmation,30070,self_relevant,correlation_self_model,actual,"13,8,0,7,1",5,chain,m0,m2,p4>p2>p0,3,branch_comp,A>C>B,1,5,A>B>C>D>E,0,600,1,1.0,0.5,0.4,1,1,4,41,0.052564102564102565,1,266,266,1,0,0,1,1,0.7693175296831917,0.004111210010656432,45,1,1,1,0,0.02573317618120449,1,1,0,1,1,1,1,1,0,0,0,1,0.8475759448268604,0.8767178551982713,0.6276223776223776,0.007898222811812645,0.3290763729420607,0.30513995713025566,1.0,0.17657342657342656,0.40297202797202797,0.1048951048951049,0.17526223776223776,-0.07036713286713286,3.6095000000000224,0,0,0,0.0,0.0,none,0.0,0.0,0.0,0,0,0,1,0,,
confirmation,30070,self_relevant,pair_limited,actual,"13,8,0,7,1",5,chain,m0,m2,p4>p2>p0,3,branch_comp,A>C>B,1,5,A>B>C>D>E,0,600,1,1.0,1.0,0.8,0,0,2,27,0.03461538461538462,0,601,601,0,0,0,0,0,0.0,0.0,0,0,0,0,0,0.0,0,0,0,0,0,0,0,0,0,0,0,0,0.6637839106806508,0.7549430033513178,0.6695804195804196,0.019879579795100195,0.783012925089112,0.5815530880446056,1.0,0.17657342657342656,0.6835664335664335,0.024475524475524476,0.3356643356643357,-0.3111888111888112,3.242200000000005,0,0,0,0.0,0.0,none,0.0,0.0,0.0,0,0,0,1,0,,
confirmation,30070,self_relevant,passive_only,actual,"13,8,0,7,1",5,chain,m0,m2,p4>p2>p0,3,branch_comp,A>C>B,1,5,A>B>C>D>E,0,600,1,1.0,1.0,0.8,0,0,0,0,0.0,0,601,601,0,0,0,0,0,0.0,0.0,0,0,0,0,0,0.0,0,0,0,0,0,0,0,0,0,0,0,0,0.7318936223262701,0.7833357807821673,0.6713286713286714,0.28632259511196123,0.8770713653294652,0.4251911706762052,1.0,0.16783216783216784,0.7036713286713286,0.2867132867132867,0.28015734265734266,0.006555944055944063,2.909200000000006,0,0,0,0.0,0.0,none,0.0,0.0,0.0,0,0,0,0,0,,
confirmation,30071,neutral,no_bridge_validation,actual,"4,6,5,9,11,2",6,dense,m2,m1,p4>p1>p4>p5,4,context_comp,A>B>A>C,1,7,A>B>C>D>E>F>X,1,600,1,1.0,0.8571428571428571,1.0,1,1,4,49,0.0175,1,303,601,0,1,0,1,1,0.978279306604253,-0.005514643440510932,45,1,0,0,0,0.0,0,0,0,0,0,0,0,0,0,1,1,1,0.7039043425619701,0.8068609156978733,0.6486013986013986,0.48611650312521015,0.6961759571314049,0.49137780849935064,1.0,0.2202797202797203,0.5375874125874126,0.8479020979020979,0.045454545454545456,0.8024475524475525,3.7352000000000163,0,0,0,0.0,0.0,none,0.0,0.0,0.0,0,0,0,1,0,,
confirmation,30071,neutral,no_null,actual,"4,6,5,9,11,2",6,dense,m2,m1,p4>p1>p4>p5,4,context_comp,A>B>A>C,1,7,A>B>C>D>E>F>X,1,600,1,1.0,0.8571428571428571,1.0,0,0,4,49,0.0175,0,601,601,0,0,0,0,0,0.0,0.0,0,0,1,0,0,0.00028882604592615654,0,0,0,0,0,0,0,0,0,1,0,1,0.7044890961194665,0.807093329163944,0.6468531468531469,0.4834765681302047,0.693514097956912,0.4898642521198068,1.0,0.2202797202797203,0.5402097902097902,0.8531468531468531,0.045454545454545456,0.8076923076923077,3.7840000000000176,0,0,0,0.0,0.0,none,0.0,0.0,0.0,0,0,0,1,0,,
confirmation,30071,neutral,no_null_no_validation,actual,"4,6,5,9,11,2",6,dense,m2,m1,p4>p1>p4>p5,4,context_comp,A>B>A>C,1,7,A>B>C>D>E>F>X,1,600,1,1.0,0.8571428571428571,1.0,0,0,4,49,0.0175,1,298,298,1,0,0,0,0,0.8536651559764461,-0.000503698584015353,45,1,0,1,1,0.0,1,1,1,1,1,1,1,1,0,0,0,0,0.7076614038943839,0.8109164228068121,0.583916083916084,0.1779549837214061,0.4023659969113802,0.46026922004303683,1.0,0.20454545454545456,0.28846153846153844,0.3304195804195804,0.0493006993006993,0.2811188811188811,3.7239000000000186,0,0,0,0.0,0.0,none,0.0,0.0,0.0,0,0,0,1,0,,
confirmation,30071,self_relevant,correlation_self_model,actual,"4,6,5,9,11,2",6,dense,m2,m1,p4>p1>p4>p5,4,context_comp,A>B>A>C,1,7,A>B>C>D>E>F>X,1,600,1,1.0,0.5,1.0,1,1,4,49,0.0175,1,287,601,0,1,1,1,0,0.9854445503343879,0.0008575072531730613,42,1,0,0,0,0.0,0,0,0,0,0,0,0,0,0,0,0,0,0.8028676083093554,0.847354638536416,0.6625874125874126,0.04604497870555013,0.258095883705939,0.2355842381379934,1.0,0.22377622377622378,0.09003496503496504,0.015734265734265736,0.032867132867132866,-0.01713286713286713,3.7506000000000155,0,0,0,0.0,0.0,none,0.0,0.0,0.0,0,0,0,1,0,,
confirmation,30071,self_relevant,pair_limited,actual,"4,6,5,9,11,2",6,dense,m2,m1,p4>p1>p4>p5,4,context_comp,A>B>A>C,1,7,A>B>C>D>E>F>X,1,600,1,1.0,0.8571428571428571,1.0,0,0,2,35,0.0125,0,601,601,0,0,0,0,0,0.0,0.0,0,0,0,0,0,0.0,0,0,0,0,0,0,0,0,0,0,0,0,0.7444999379335425,0.8236627078188614,0.5996503496503497,0.015047307420220335,0.32059863246543396,0.4887659926887056,1.0,0.1958041958041958,0.17045454545454544,0.019230769230769232,0.06433566433566434,-0.04510489510489511,3.2298000000000053,0,0,0,0.0,0.0,none,0.0,0.0,0.0,0,0,0,1,0,,
confirmation,30071,self_relevant,passive_only,actual,"4,6,5,9,11,2",6,dense,m2,m1,p4>p1>p4>p5,4,context_comp,A>B>A>C,1,7,A>B>C>D>E>F>X,1,600,1,1.0,0.8571428571428571,1.0,0,0,0,0,0.0,0,601,601,0,0,0,0,0,0.0,0.0,0,0,0,0,0,0.0,0,0,0,0,0,0,0,0,0,0,0,0,0.7391768179889529,0.8094104981881203,0.5874125874125874,0.07263884272848609,0.3073816201520221,0.48749540324808827,1.0,0.14685314685314685,0.22115384615384615,0.0944055944055944,0.06958041958041958,0.024825174825174823,2.909200000000006,0,0,0,0.0,0.0,none,0.0,0.0,0.0,0,0,0,0,0,,
