seed,relevance,stratum,left_condition,right_condition,metric,left_value,right_value,difference
30000,neutral,5|branch_comp|5|0|ring,actual_need,yoked_need,mean_need_target_mass_share,0.3359876922636802,0.020869380863437013,0.31511831140024316
30000,neutral,5|branch_comp|5|0|ring,actual_need,yoked_need,mean_need_true_core_mass_share,0.9064989676476883,0.19957673775484785,0.7069222298928405
30000,neutral,5|branch_comp|5|0|ring,actual_need,yoked_need,mean_sensed_need_mass_share,0.29530262586017747,0.3412904599634032,-0.04598783410322571
30000,neutral,5|branch_comp|5|0|ring,actual_need,yoked_need,self_domain_observation_share,0.6555944055944056,0.6590909090909091,-0.0034965034965034336
30000,neutral,5|branch_comp|5|0|ring,actual_need,yoked_need,causal_target_sensing_share,0.6136363636363636,0.11188811188811189,0.5017482517482518
30000,neutral,5|branch_comp|5|0|ring,actual_need,yoked_need,causal_target_sensing_selectivity,0.5100524475524476,0.04938811188811189,0.46066433566433573
30000,neutral,5|branch_comp|5|0|ring,actual_need,yoked_need,diagnosis_observations,264.0,267.0,-3.0
30000,neutral,5|branch_comp|5|0|ring,actual_need,yoked_need,replicated_restoration,0.0,0.0,0.0
30000,neutral,5|branch_comp|5|0|ring,actual_need,yoked_need,false_null,0.0,0.0,0.0
30000,neutral,5|branch_comp|5|0|ring,actual_need,yoked_need,false_repair,0.0,0.0,0.0
30000,neutral,5|branch_comp|5|0|ring,actual_need,yoked_need,common_decoder_bridge_correct,1.0,1.0,0.0
30000,neutral,5|branch_comp|5|0|ring,actual_need,yoked_need,common_decoder_replicated_restoration,0.0,0.0,0.0
30000,self_relevant,5|branch_comp|5|0|ring,actual_need,yoked_need,mean_need_target_mass_share,0.13830901653001776,0.14491801531316426,-0.006608998783146497
30000,self_relevant,5|branch_comp|5|0|ring,actual_need,yoked_need,mean_need_true_core_mass_share,0.8342624144752168,0.28853030428898563,0.5457321101862311
30000,self_relevant,5|branch_comp|5|0|ring,actual_need,yoked_need,mean_sensed_need_mass_share,0.3088337468943272,0.2622935379666744,0.046540208927652815
30000,self_relevant,5|branch_comp|5|0|ring,actual_need,yoked_need,self_domain_observation_share,0.6608391608391608,0.5594405594405595,0.10139860139860135
30000,self_relevant,5|branch_comp|5|0|ring,actual_need,yoked_need,causal_target_sensing_share,0.17482517482517482,0.21328671328671328,-0.038461538461538464
30000,self_relevant,5|branch_comp|5|0|ring,actual_need,yoked_need,causal_target_sensing_selectivity,-0.04326923076923078,0.1284965034965035,-0.17176573426573427
30000,self_relevant,5|branch_comp|5|0|ring,actual_need,yoked_need,diagnosis_observations,484.0,431.0,53.0
30000,self_relevant,5|branch_comp|5|0|ring,actual_need,yoked_need,replicated_restoration,0.0,0.0,0.0
30000,self_relevant,5|branch_comp|5|0|ring,actual_need,yoked_need,false_null,1.0,1.0,0.0
30000,self_relevant,5|branch_comp|5|0|ring,actual_need,yoked_need,false_repair,0.0,0.0,0.0
30000,self_relevant,5|branch_comp|5|0|ring,actual_need,yoked_need,common_decoder_bridge_correct,0.0,0.0,0.0
30000,self_relevant,5|branch_comp|5|0|ring,actual_need,yoked_need,common_decoder_replicated_restoration,0.0,0.0,0.0
30001,neutral,6|context_comp|7|0|chain,actual_need,yoked_need,mean_need_target_mass_share,0.5169171099491057,0.005372912685635157,0.5115441972634706
30001,neutral,6|context_comp|7|0|chain,actual_need,yoked_need,mean_need_true_core_mass_share,0.9071313708817413,0.18641898963924103,0.7207123812425003
30001,neutral,6|context_comp|7|0|chain,actual_need,yoked_need,mean_sensed_need_mass_share,0.5326201878296486,0.390674603718752,0.14194558411089658
30001,neutral,6|context_comp|7|0|chain,actual_need,yoked_need,self_domain_observation_share,0.6625874125874126,0.6590909090909091,0.0034965034965035446
30001,neutral,6|context_comp|7|0|chain,actual_need,yoked_need,causal_target_sensing_share,0.9545454545454546,0.0,0.9545454545454546
30001,neutral,6|context_comp|7|0|chain,actual_need,yoked_need,causal_target_sensing_selectivity,0.8548951048951049,-0.11188811188811189,0.9667832167832168
30001,neutral,6|context_comp|7|0|chain,actual_need,yoked_need,diagnosis_observations,285.0,282.0,3.0
30001,neutral,6|context_comp|7|0|chain,actual_need,yoked_need,replicated_restoration,0.0,0.0,0.0
30001,neutral,6|context_comp|7|0|chain,actual_need,yoked_need,false_null,0.0,0.0,0.0
30001,neutral,6|context_comp|7|0|chain,actual_need,yoked_need,false_repair,0.0,0.0,0.0
30001,neutral,6|context_comp|7|0|chain,actual_need,yoked_need,common_decoder_bridge_correct,1.0,1.0,0.0
30001,neutral,6|context_comp|7|0|chain,actual_need,yoked_need,common_decoder_replicated_restoration,0.0,0.0,0.0
30001,self_relevant,6|context_comp|7|0|chain,actual_need,yoked_need,mean_need_target_mass_share,0.0702048317471773,0.004138989910439421,0.06606584183673789
30001,self_relevant,6|context_comp|7|0|chain,actual_need,yoked_need,mean_need_true_core_mass_share,0.4229403245650604,0.2653433720796794,0.15759695248538103
30001,self_relevant,6|context_comp|7|0|chain,actual_need,yoked_need,mean_sensed_need_mass_share,0.28329975717757144,0.2964176018300875,-0.01311784465251603
30001,self_relevant,6|context_comp|7|0|chain,actual_need,yoked_need,self_domain_observation_share,0.5716783216783217,0.6643356643356644,-0.09265734265734271
30001,self_relevant,6|context_comp|7|0|chain,actual_need,yoked_need,causal_target_sensing_share,0.08916083916083917,0.0,0.08916083916083917
30001,self_relevant,6|context_comp|7|0|chain,actual_need,yoked_need,causal_target_sensing_selectivity,-0.07377622377622375,-0.1465034965034965,0.07272727272727275
30001,self_relevant,6|context_comp|7|0|chain,actual_need,yoked_need,diagnosis_observations,339.0,288.0,51.0
30001,self_relevant,6|context_comp|7|0|chain,actual_need,yoked_need,replicated_restoration,0.0,0.0,0.0
30001,self_relevant,6|context_comp|7|0|chain,actual_need,yoked_need,false_null,1.0,1.0,0.0
30001,self_relevant,6|context_comp|7|0|chain,actual_need,yoked_need,false_repair,0.0,0.0,0.0
30001,self_relevant,6|context_comp|7|0|chain,actual_need,yoked_need,common_decoder_bridge_correct,0.0,0.0,0.0
30001,self_relevant,6|context_comp|7|0|chain,actual_need,yoked_need,common_decoder_replicated_restoration,0.0,0.0,0.0
30002,neutral,5|branch_comp|5|0|dense,actual_need,yoked_need,mean_need_target_mass_share,0.40864246870203724,0.02424697339769884,0.3843954953043384
30002,neutral,5|branch_comp|5|0|dense,actual_need,yoked_need,mean_need_true_core_mass_share,0.9031587131094477,0.16227101278523717,0.7408877003242106
30002,neutral,5|branch_comp|5|0|dense,actual_need,yoked_need,mean_sensed_need_mass_share,0.3988780591097475,0.5819634727643695,-0.18308541365462205
30002,neutral,5|branch_comp|5|0|dense,actual_need,yoked_need,self_domain_observation_share,0.6573426573426573,0.6573426573426573,0.0
30002,neutral,5|branch_comp|5|0|dense,actual_need,yoked_need,causal_target_sensing_share,0.791958041958042,0.027972027972027972,0.763986013986014
30002,neutral,5|branch_comp|5|0|dense,actual_need,yoked_need,causal_target_sensing_selectivity,0.7141608391608392,-0.03146853146853147,0.7456293706293706
30002,neutral,5|branch_comp|5|0|dense,actual_need,yoked_need,diagnosis_observations,269.0,267.0,2.0
30002,neutral,5|branch_comp|5|0|dense,actual_need,yoked_need,replicated_restoration,0.0,0.0,0.0
30002,neutral,5|branch_comp|5|0|dense,actual_need,yoked_need,false_null,0.0,0.0,0.0
30002,neutral,5|branch_comp|5|0|dense,actual_need,yoked_need,false_repair,0.0,0.0,0.0
30002,neutral,5|branch_comp|5|0|dense,actual_need,yoked_need,common_decoder_bridge_correct,1.0,1.0,0.0
30002,neutral,5|branch_comp|5|0|dense,actual_need,yoked_need,common_decoder_replicated_restoration,0.0,0.0,0.0
30002,self_relevant,5|branch_comp|5|0|dense,actual_need,yoked_need,mean_need_target_mass_share,0.04243323732069595,0.009388521524103813,0.033044715796592135
30002,self_relevant,5|branch_comp|5|0|dense,actual_need,yoked_need,mean_need_true_core_mass_share,0.3752452005555612,0.168307385570708,0.2069378149848532
30002,self_relevant,5|branch_comp|5|0|dense,actual_need,yoked_need,mean_sensed_need_mass_share,0.36399309171748523,0.45227953998074816,-0.08828644826326293
30002,self_relevant,5|branch_comp|5|0|dense,actual_need,yoked_need,self_domain_observation_share,0.541958041958042,0.5209790209790209,0.020979020979021046
30002,self_relevant,5|branch_comp|5|0|dense,actual_need,yoked_need,causal_target_sensing_share,0.11013986013986014,0.07517482517482517,0.034965034965034975
30002,self_relevant,5|branch_comp|5|0|dense,actual_need,yoked_need,causal_target_sensing_selectivity,-0.026660839160839153,0.008741258741258737,-0.03540209790209789
30002,self_relevant,5|branch_comp|5|0|dense,actual_need,yoked_need,diagnosis_observations,298.0,328.0,-30.0
30002,self_relevant,5|branch_comp|5|0|dense,actual_need,yoked_need,replicated_restoration,1.0,0.0,1.0
30002,self_relevant,5|branch_comp|5|0|dense,actual_need,yoked_need,false_null,0.0,1.0,-1.0
30002,self_relevant,5|branch_comp|5|0|dense,actual_need,yoked_need,false_repair,0.0,0.0,0.0
30002,self_relevant,5|branch_comp|5|0|dense,actual_need,yoked_need,common_decoder_bridge_correct,1.0,0.0,1.0
30002,self_relevant,5|branch_comp|5|0|dense,actual_need,yoked_need,common_decoder_replicated_restoration,1.0,0.0,1.0
30003,neutral,6|context_comp|7|1|ring,actual_need,yoked_need,mean_need_target_mass_share,0.3032055720863731,0.0011169462831764458,0.3020886258031967
30003,neutral,6|context_comp|7|1|ring,actual_need,yoked_need,mean_need_true_core_mass_share,0.8381923390865023,0.33353780829798996,0.5046545307885123
30003,neutral,6|context_comp|7|1|ring,actual_need,yoked_need,mean_sensed_need_mass_share,0.27339530486014085,0.39153945454100664,-0.11814414968086578
30003,neutral,6|context_comp|7|1|ring,actual_need,yoked_need,self_domain_observation_share,0.6573426573426573,0.666083916083916,-0.00874125874125875
30003,neutral,6|context_comp|7|1|ring,actual_need,yoked_need,causal_target_sensing_share,0.7342657342657343,0.08916083916083917,0.6451048951048951
30003,neutral,6|context_comp|7|1|ring,actual_need,yoked_need,causal_target_sensing_selectivity,0.6716783216783216,0.03601398601398602,0.6356643356643357
30003,neutral,6|context_comp|7|1|ring,actual_need,yoked_need,diagnosis_observations,287.0,287.0,0.0
30003,neutral,6|context_comp|7|1|ring,actual_need,yoked_need,replicated_restoration,0.0,0.0,0.0
30003,neutral,6|context_comp|7|1|ring,actual_need,yoked_need,false_null,0.0,0.0,0.0
30003,neutral,6|context_comp|7|1|ring,actual_need,yoked_need,false_repair,0.0,0.0,0.0
30003,neutral,6|context_comp|7|1|ring,actual_need,yoked_need,common_decoder_bridge_correct,1.0,1.0,0.0
30003,neutral,6|context_comp|7|1|ring,actual_need,yoked_need,common_decoder_replicated_restoration,0.0,0.0,0.0
30003,self_relevant,6|context_comp|7|1|ring,actual_need,yoked_need,mean_need_target_mass_share,0.22254363637578273,0.005785004237727917,0.2167586321380548
30003,self_relevant,6|context_comp|7|1|ring,actual_need,yoked_need,mean_need_true_core_mass_share,0.8095747734004677,0.49732286505421386,0.3122519083462538
30003,self_relevant,6|context_comp|7|1|ring,actual_need,yoked_need,mean_sensed_need_mass_share,0.20908729763972989,0.2636275267845288,-0.05454022914479889
30003,self_relevant,6|context_comp|7|1|ring,actual_need,yoked_need,self_domain_observation_share,0.666083916083916,0.5244755244755245,0.14160839160839156
30003,self_relevant,6|context_comp|7|1|ring,actual_need,yoked_need,causal_target_sensing_share,0.5087412587412588,0.08216783216783216,0.42657342657342656
30003,self_relevant,6|context_comp|7|1|ring,actual_need,yoked_need,causal_target_sensing_selectivity,0.41013986013986015,-0.037062937062937076,0.4472027972027972
30003,self_relevant,6|context_comp|7|1|ring,actual_need,yoked_need,diagnosis_observations,286.0,346.0,-60.0
30003,self_relevant,6|context_comp|7|1|ring,actual_need,yoked_need,replicated_restoration,0.0,0.0,0.0
30003,self_relevant,6|context_comp|7|1|ring,actual_need,yoked_need,false_null,1.0,1.0,0.0
30003,self_relevant,6|context_comp|7|1|ring,actual_need,yoked_need,false_repair,0.0,0.0,0.0
30003,self_relevant,6|context_comp|7|1|ring,actual_need,yoked_need,common_decoder_bridge_correct,0.0,0.0,0.0
30003,self_relevant,6|context_comp|7|1|ring,actual_need,yoked_need,common_decoder_replicated_restoration,0.0,0.0,0.0
30004,neutral,5|branch_comp|5|0|chain,actual_need,yoked_need,mean_need_target_mass_share,0.36937919675951053,0.010176233152926498,0.35920296360658405
30004,neutral,5|branch_comp|5|0|chain,actual_need,yoked_need,mean_need_true_core_mass_share,0.8615273795668082,0.22150871202026826,0.64001866754654
30004,neutral,5|branch_comp|5|0|chain,actual_need,yoked_need,mean_sensed_need_mass_share,0.4039113188988702,0.36792040781762203,0.03599091108124819
30004,neutral,5|branch_comp|5|0|chain,actual_need,yoked_need,self_domain_observation_share,0.6573426573426573,0.6643356643356644,-0.006993006993007089
30004,neutral,5|branch_comp|5|0|chain,actual_need,yoked_need,causal_target_sensing_share,0.7412587412587412,0.16433566433566432,0.5769230769230769
30004,neutral,5|branch_comp|5|0|chain,actual_need,yoked_need,causal_target_sensing_selectivity,0.5065559440559441,-0.044580419580419584,0.5511363636363636
30004,neutral,5|branch_comp|5|0|chain,actual_need,yoked_need,diagnosis_observations,284.0,281.0,3.0
30004,neutral,5|branch_comp|5|0|chain,actual_need,yoked_need,replicated_restoration,0.0,0.0,0.0
30004,neutral,5|branch_comp|5|0|chain,actual_need,yoked_need,false_null,0.0,0.0,0.0
30004,neutral,5|branch_comp|5|0|chain,actual_need,yoked_need,false_repair,0.0,0.0,0.0
30004,neutral,5|branch_comp|5|0|chain,actual_need,yoked_need,common_decoder_bridge_correct,1.0,1.0,0.0
30004,neutral,5|branch_comp|5|0|chain,actual_need,yoked_need,common_decoder_replicated_restoration,0.0,0.0,0.0
30004,self_relevant,5|branch_comp|5|0|chain,actual_need,yoked_need,mean_need_target_mass_share,0.24006424039664967,0.007811833847054002,0.23225240654959567
30004,self_relevant,5|branch_comp|5|0|chain,actual_need,yoked_need,mean_need_true_core_mass_share,0.6582058302109864,0.2367327758217124,0.42147305438927407
30004,self_relevant,5|branch_comp|5|0|chain,actual_need,yoked_need,mean_sensed_need_mass_share,0.3057852846307391,0.40886530582256,-0.10308002119182086
30004,self_relevant,5|branch_comp|5|0|chain,actual_need,yoked_need,self_domain_observation_share,0.6573426573426573,0.6188811188811189,0.038461538461538436
30004,self_relevant,5|branch_comp|5|0|chain,actual_need,yoked_need,causal_target_sensing_share,0.3321678321678322,0.16433566433566432,0.16783216783216787
30004,self_relevant,5|branch_comp|5|0|chain,actual_need,yoked_need,causal_target_sensing_selectivity,0.06643356643356646,-0.0611888111888112,0.12762237762237766
30004,self_relevant,5|branch_comp|5|0|chain,actual_need,yoked_need,diagnosis_observations,285.0,266.0,19.0
30004,self_relevant,5|branch_comp|5|0|chain,actual_need,yoked_need,replicated_restoration,1.0,0.0,1.0
30004,self_relevant,5|branch_comp|5|0|chain,actual_need,yoked_need,false_null,0.0,1.0,-1.0
30004,self_relevant,5|branch_comp|5|0|chain,actual_need,yoked_need,false_repair,0.0,0.0,0.0
30004,self_relevant,5|branch_comp|5|0|chain,actual_need,yoked_need,common_decoder_bridge_correct,1.0,0.0,1.0
30004,self_relevant,5|branch_comp|5|0|chain,actual_need,yoked_need,common_decoder_replicated_restoration,1.0,0.0,1.0
30005,neutral,6|context_comp|7|0|dense,actual_need,yoked_need,mean_need_target_mass_share,0.4494457278211399,0.019949428197628516,0.4294962996235114
30005,neutral,6|context_comp|7|0|dense,actual_need,yoked_need,mean_need_true_core_mass_share,0.8724595886927163,0.13923457833194128,0.733225010360775
30005,neutral,6|context_comp|7|0|dense,actual_need,yoked_need,mean_sensed_need_mass_share,0.43547744202480826,0.4258035232996085,0.009673918725199737
30005,neutral,6|context_comp|7|0|dense,actual_need,yoked_need,self_domain_observation_share,0.6695804195804196,0.6573426573426573,0.012237762237762295
30005,neutral,6|context_comp|7|0|dense,actual_need,yoked_need,causal_target_sensing_share,0.7692307692307693,0.09965034965034965,0.6695804195804196
30005,neutral,6|context_comp|7|0|dense,actual_need,yoked_need,causal_target_sensing_selectivity,0.6898601398601399,0.03356643356643356,0.6562937062937064
30005,neutral,6|context_comp|7|0|dense,actual_need,yoked_need,diagnosis_observations,301.0,307.0,-6.0
30005,neutral,6|context_comp|7|0|dense,actual_need,yoked_need,replicated_restoration,0.0,0.0,0.0
30005,neutral,6|context_comp|7|0|dense,actual_need,yoked_need,false_null,0.0,0.0,0.0
30005,neutral,6|context_comp|7|0|dense,actual_need,yoked_need,false_repair,0.0,0.0,0.0
30005,neutral,6|context_comp|7|0|dense,actual_need,yoked_need,common_decoder_bridge_correct,1.0,1.0,0.0
30005,neutral,6|context_comp|7|0|dense,actual_need,yoked_need,common_decoder_replicated_restoration,0.0,0.0,0.0
30005,self_relevant,6|context_comp|7|0|dense,actual_need,yoked_need,mean_need_target_mass_share,0.13222364044813584,0.07991954099261753,0.05230409945551831
30005,self_relevant,6|context_comp|7|0|dense,actual_need,yoked_need,mean_need_true_core_mass_share,0.5603458519223423,0.3890567447236406,0.17128910719870172
30005,self_relevant,6|context_comp|7|0|dense,actual_need,yoked_need,mean_sensed_need_mass_share,0.2852350370042868,0.4096299006406139,-0.12439486363632707
30005,self_relevant,6|context_comp|7|0|dense,actual_need,yoked_need,self_domain_observation_share,0.548951048951049,0.5506993006993007,-0.0017482517482517723
30005,self_relevant,6|context_comp|7|0|dense,actual_need,yoked_need,causal_target_sensing_share,0.1888111888111888,0.1590909090909091,0.029720279720279713
30005,self_relevant,6|context_comp|7|0|dense,actual_need,yoked_need,causal_target_sensing_selectivity,0.04160839160839161,0.05804195804195804,-0.01643356643356643
30005,self_relevant,6|context_comp|7|0|dense,actual_need,yoked_need,diagnosis_observations,354.0,316.0,38.0
30005,self_relevant,6|context_comp|7|0|dense,actual_need,yoked_need,replicated_restoration,0.0,0.0,0.0
30005,self_relevant,6|context_comp|7|0|dense,actual_need,yoked_need,false_null,1.0,1.0,0.0
30005,self_relevant,6|context_comp|7|0|dense,actual_need,yoked_need,false_repair,0.0,0.0,0.0
30005,self_relevant,6|context_comp|7|0|dense,actual_need,yoked_need,common_decoder_bridge_correct,0.0,0.0,0.0
30005,self_relevant,6|context_comp|7|0|dense,actual_need,yoked_need,common_decoder_replicated_restoration,0.0,0.0,0.0
30006,neutral,5|branch_comp|5|0|ring,actual_need,yoked_need,mean_need_target_mass_share,0.38287744093359244,0.0017263111678393085,0.3811511297657531
30006,neutral,5|branch_comp|5|0|ring,actual_need,yoked_need,mean_need_true_core_mass_share,0.7598208203304627,0.08211244899139454,0.6777083713390681
30006,neutral,5|branch_comp|5|0|ring,actual_need,yoked_need,mean_sensed_need_mass_share,0.37276336336635035,0.4396105280519792,-0.06684716468562885
30006,neutral,5|branch_comp|5|0|ring,actual_need,yoked_need,self_domain_observation_share,0.6590909090909091,0.666083916083916,-0.006993006993006978
30006,neutral,5|branch_comp|5|0|ring,actual_need,yoked_need,causal_target_sensing_share,0.8111888111888111,0.015734265734265736,0.7954545454545454
30006,neutral,5|branch_comp|5|0|ring,actual_need,yoked_need,causal_target_sensing_selectivity,0.7430069930069929,-0.032342657342657344,0.7753496503496502
30006,neutral,5|branch_comp|5|0|ring,actual_need,yoked_need,diagnosis_observations,266.0,287.0,-21.0
30006,neutral,5|branch_comp|5|0|ring,actual_need,yoked_need,replicated_restoration,0.0,0.0,0.0
30006,neutral,5|branch_comp|5|0|ring,actual_need,yoked_need,false_null,0.0,0.0,0.0
30006,neutral,5|branch_comp|5|0|ring,actual_need,yoked_need,false_repair,0.0,0.0,0.0
30006,neutral,5|branch_comp|5|0|ring,actual_need,yoked_need,common_decoder_bridge_correct,0.0,1.0,-1.0
30006,neutral,5|branch_comp|5|0|ring,actual_need,yoked_need,common_decoder_replicated_restoration,0.0,0.0,0.0
30006,self_relevant,5|branch_comp|5|0|ring,actual_need,yoked_need,mean_need_target_mass_share,0.09248768153609399,0.0067466203248502015,0.0857410612112438
30006,self_relevant,5|branch_comp|5|0|ring,actual_need,yoked_need,mean_need_true_core_mass_share,0.38336398338995664,0.1574633126598867,0.22590067073006995
30006,self_relevant,5|branch_comp|5|0|ring,actual_need,yoked_need,mean_sensed_need_mass_share,0.2735138388499359,0.3621855256196156,-0.08867168676967968
30006,self_relevant,5|branch_comp|5|0|ring,actual_need,yoked_need,self_domain_observation_share,0.5472027972027972,0.6118881118881119,-0.06468531468531469
30006,self_relevant,5|branch_comp|5|0|ring,actual_need,yoked_need,causal_target_sensing_share,0.1993006993006993,0.04895104895104895,0.15034965034965034
30006,self_relevant,5|branch_comp|5|0|ring,actual_need,yoked_need,causal_target_sensing_selectivity,0.0743006993006993,-0.00917832167832168,0.08347902097902098
30006,self_relevant,5|branch_comp|5|0|ring,actual_need,yoked_need,diagnosis_observations,271.0,270.0,1.0
30006,self_relevant,5|branch_comp|5|0|ring,actual_need,yoked_need,replicated_restoration,1.0,1.0,0.0
30006,self_relevant,5|branch_comp|5|0|ring,actual_need,yoked_need,false_null,0.0,0.0,0.0
30006,self_relevant,5|branch_comp|5|0|ring,actual_need,yoked_need,false_repair,0.0,0.0,0.0
30006,self_relevant,5|branch_comp|5|0|ring,actual_need,yoked_need,common_decoder_bridge_correct,1.0,1.0,0.0
30006,self_relevant,5|branch_comp|5|0|ring,actual_need,yoked_need,common_decoder_replicated_restoration,1.0,1.0,0.0
30007,neutral,6|context_comp|7|1|chain,actual_need,yoked_need,mean_need_target_mass_share,0.44082944775265726,0.08544483283049775,0.3553846149221595
30007,neutral,6|context_comp|7|1|chain,actual_need,yoked_need,mean_need_true_core_mass_share,0.8504488304323127,0.6001486926303251,0.25030013780198757
30007,neutral,6|context_comp|7|1|chain,actual_need,yoked_need,mean_sensed_need_mass_share,0.437929967055621,0.3014729226738158,0.13645704438180517
30007,neutral,6|context_comp|7|1|chain,actual_need,yoked_need,self_domain_observation_share,0.6573426573426573,0.6590909090909091,-0.0017482517482517723
30007,neutral,6|context_comp|7|1|chain,actual_need,yoked_need,causal_target_sensing_share,0.8741258741258742,0.10664335664335664,0.7674825174825175
30007,neutral,6|context_comp|7|1|chain,actual_need,yoked_need,causal_target_sensing_selectivity,0.798951048951049,-0.11048951048951047,0.9094405594405595
30007,neutral,6|context_comp|7|1|chain,actual_need,yoked_need,diagnosis_observations,286.0,287.0,-1.0
30007,neutral,6|context_comp|7|1|chain,actual_need,yoked_need,replicated_restoration,0.0,0.0,0.0
30007,neutral,6|context_comp|7|1|chain,actual_need,yoked_need,false_null,0.0,0.0,0.0
30007,neutral,6|context_comp|7|1|chain,actual_need,yoked_need,false_repair,0.0,0.0,0.0
30007,neutral,6|context_comp|7|1|chain,actual_need,yoked_need,common_decoder_bridge_correct,1.0,1.0,0.0
30007,neutral,6|context_comp|7|1|chain,actual_need,yoked_need,common_decoder_replicated_restoration,0.0,0.0,0.0
30007,self_relevant,6|context_comp|7|1|chain,actual_need,yoked_need,mean_need_target_mass_share,0.3558934236958615,0.14970864924528257,0.20618477445057895
30007,self_relevant,6|context_comp|7|1|chain,actual_need,yoked_need,mean_need_true_core_mass_share,0.5778124192820671,0.4908394010556065,0.08697301822646059
30007,self_relevant,6|context_comp|7|1|chain,actual_need,yoked_need,mean_sensed_need_mass_share,0.36390823387947274,0.3553905590357628,0.008517674843709966
30007,self_relevant,6|context_comp|7|1|chain,actual_need,yoked_need,self_domain_observation_share,0.5209790209790209,0.5821678321678322,-0.061188811188811254
30007,self_relevant,6|context_comp|7|1|chain,actual_need,yoked_need,causal_target_sensing_share,0.5804195804195804,0.1381118881118881,0.4423076923076923
30007,self_relevant,6|context_comp|7|1|chain,actual_need,yoked_need,causal_target_sensing_selectivity,0.48041958041958044,0.027972027972027955,0.45244755244755247
30007,self_relevant,6|context_comp|7|1|chain,actual_need,yoked_need,diagnosis_observations,304.0,353.0,-49.0
30007,self_relevant,6|context_comp|7|1|chain,actual_need,yoked_need,replicated_restoration,1.0,1.0,0.0
30007,self_relevant,6|context_comp|7|1|chain,actual_need,yoked_need,false_null,0.0,0.0,0.0
30007,self_relevant,6|context_comp|7|1|chain,actual_need,yoked_need,false_repair,0.0,0.0,0.0
30007,self_relevant,6|context_comp|7|1|chain,actual_need,yoked_need,common_decoder_bridge_correct,1.0,1.0,0.0
30007,self_relevant,6|context_comp|7|1|chain,actual_need,yoked_need,common_decoder_replicated_restoration,1.0,1.0,0.0
30008,neutral,5|branch_comp|5|0|dense,actual_need,yoked_need,mean_need_target_mass_share,0.5674734377907279,0.0736644556202365,0.4938089821704914
30008,neutral,5|branch_comp|5|0|dense,actual_need,yoked_need,mean_need_true_core_mass_share,0.9625870001770511,0.6093884854578184,0.3531985147192327
30008,neutral,5|branch_comp|5|0|dense,actual_need,yoked_need,mean_sensed_need_mass_share,0.5623377817009226,0.5139682099665474,0.04836957173437528
30008,neutral,5|branch_comp|5|0|dense,actual_need,yoked_need,self_domain_observation_share,0.6730769230769231,0.6590909090909091,0.013986013986014068
30008,neutral,5|branch_comp|5|0|dense,actual_need,yoked_need,causal_target_sensing_share,0.8986013986013986,0.1048951048951049,0.7937062937062938
30008,neutral,5|branch_comp|5|0|dense,actual_need,yoked_need,causal_target_sensing_selectivity,0.8361013986013986,-0.145979020979021,0.9820804195804196
30008,neutral,5|branch_comp|5|0|dense,actual_need,yoked_need,diagnosis_observations,264.0,278.0,-14.0
30008,neutral,5|branch_comp|5|0|dense,actual_need,yoked_need,replicated_restoration,0.0,0.0,0.0
30008,neutral,5|branch_comp|5|0|dense,actual_need,yoked_need,false_null,0.0,0.0,0.0
30008,neutral,5|branch_comp|5|0|dense,actual_need,yoked_need,false_repair,0.0,0.0,0.0
30008,neutral,5|branch_comp|5|0|dense,actual_need,yoked_need,common_decoder_bridge_correct,1.0,1.0,0.0
30008,neutral,5|branch_comp|5|0|dense,actual_need,yoked_need,common_decoder_replicated_restoration,0.0,0.0,0.0
30008,self_relevant,5|branch_comp|5|0|dense,actual_need,yoked_need,mean_need_target_mass_share,0.33063543108468596,0.034449464674079576,0.2961859664106064
30008,self_relevant,5|branch_comp|5|0|dense,actual_need,yoked_need,mean_need_true_core_mass_share,0.5608635153766665,0.4745330709434119,0.08633044443325455
30008,self_relevant,5|branch_comp|5|0|dense,actual_need,yoked_need,mean_sensed_need_mass_share,0.4323446412961265,0.4092678839624253,0.02307675733370118
30008,self_relevant,5|branch_comp|5|0|dense,actual_need,yoked_need,self_domain_observation_share,0.5227272727272727,0.5244755244755245,-0.0017482517482517723
30008,self_relevant,5|branch_comp|5|0|dense,actual_need,yoked_need,causal_target_sensing_share,0.49475524475524474,0.11363636363636363,0.3811188811188811
30008,self_relevant,5|branch_comp|5|0|dense,actual_need,yoked_need,causal_target_sensing_selectivity,0.40603146853146854,-0.0445804195804196,0.4506118881118881
30008,self_relevant,5|branch_comp|5|0|dense,actual_need,yoked_need,diagnosis_observations,323.0,286.0,37.0
30008,self_relevant,5|branch_comp|5|0|dense,actual_need,yoked_need,replicated_restoration,1.0,1.0,0.0
30008,self_relevant,5|branch_comp|5|0|dense,actual_need,yoked_need,false_null,0.0,0.0,0.0
30008,self_relevant,5|branch_comp|5|0|dense,actual_need,yoked_need,false_repair,0.0,0.0,0.0
30008,self_relevant,5|branch_comp|5|0|dense,actual_need,yoked_need,common_decoder_bridge_correct,1.0,1.0,0.0
30008,self_relevant,5|branch_comp|5|0|dense,actual_need,yoked_need,common_decoder_replicated_restoration,1.0,1.0,0.0
30009,neutral,6|context_comp|7|0|ring,actual_need,yoked_need,mean_need_target_mass_share,0.3957173458730979,0.007850170793213132,0.3878671750798848
30009,neutral,6|context_comp|7|0|ring,actual_need,yoked_need,mean_need_true_core_mass_share,0.8103560252342744,0.24671148057162132,0.5636445446626531
30009,neutral,6|context_comp|7|0|ring,actual_need,yoked_need,mean_sensed_need_mass_share,0.4043876379019152,0.3345116479707241,0.0698759899311911
30009,neutral,6|context_comp|7|0|ring,actual_need,yoked_need,self_domain_observation_share,0.6608391608391608,0.6608391608391608,0.0
30009,neutral,6|context_comp|7|0|ring,actual_need,yoked_need,causal_target_sensing_share,0.9213286713286714,0.07692307692307693,0.8444055944055944
30009,neutral,6|context_comp|7|0|ring,actual_need,yoked_need,causal_target_sensing_selectivity,0.8758741258741259,0.008391608391608393,0.8674825174825176
30009,neutral,6|context_comp|7|0|ring,actual_need,yoked_need,diagnosis_observations,288.0,288.0,0.0
30009,neutral,6|context_comp|7|0|ring,actual_need,yoked_need,replicated_restoration,0.0,0.0,0.0
30009,neutral,6|context_comp|7|0|ring,actual_need,yoked_need,false_null,0.0,0.0,0.0
30009,neutral,6|context_comp|7|0|ring,actual_need,yoked_need,false_repair,0.0,0.0,0.0
30009,neutral,6|context_comp|7|0|ring,actual_need,yoked_need,common_decoder_bridge_correct,1.0,1.0,0.0
30009,neutral,6|context_comp|7|0|ring,actual_need,yoked_need,common_decoder_replicated_restoration,0.0,0.0,0.0
30009,self_relevant,6|context_comp|7|0|ring,actual_need,yoked_need,mean_need_target_mass_share,0.15526092556578547,0.04521280378190239,0.11004812178388307
30009,self_relevant,6|context_comp|7|0|ring,actual_need,yoked_need,mean_need_true_core_mass_share,0.6876474102080923,0.23667917211893236,0.4509682380891599
30009,self_relevant,6|context_comp|7|0|ring,actual_need,yoked_need,mean_sensed_need_mass_share,0.421776259199984,0.4246861714943705,-0.002909912294386474
30009,self_relevant,6|context_comp|7|0|ring,actual_need,yoked_need,self_domain_observation_share,0.6083916083916084,0.6083916083916084,0.0
30009,self_relevant,6|context_comp|7|0|ring,actual_need,yoked_need,causal_target_sensing_share,0.25,0.07867132867132867,0.17132867132867133
30009,self_relevant,6|context_comp|7|0|ring,actual_need,yoked_need,causal_target_sensing_selectivity,0.07412587412587412,-0.006643356643356649,0.08076923076923077
30009,self_relevant,6|context_comp|7|0|ring,actual_need,yoked_need,diagnosis_observations,282.0,290.0,-8.0
30009,self_relevant,6|context_comp|7|0|ring,actual_need,yoked_need,replicated_restoration,1.0,0.0,1.0
30009,self_relevant,6|context_comp|7|0|ring,actual_need,yoked_need,false_null,0.0,1.0,-1.0
30009,self_relevant,6|context_comp|7|0|ring,actual_need,yoked_need,false_repair,0.0,0.0,0.0
30009,self_relevant,6|context_comp|7|0|ring,actual_need,yoked_need,common_decoder_bridge_correct,1.0,0.0,1.0
30009,self_relevant,6|context_comp|7|0|ring,actual_need,yoked_need,common_decoder_replicated_restoration,1.0,0.0,1.0
30010,neutral,5|branch_comp|5|0|chain,actual_need,yoked_need,mean_need_target_mass_share,0.3372780557072561,0.01113202816050726,0.3261460275467489
30010,neutral,5|branch_comp|5|0|chain,actual_need,yoked_need,mean_need_true_core_mass_share,0.595495047770052,0.24857788802738506,0.34691715974266696
30010,neutral,5|branch_comp|5|0|chain,actual_need,yoked_need,mean_sensed_need_mass_share,0.3444125940937056,0.24916341329306013,0.09524918080064548
30010,neutral,5|branch_comp|5|0|chain,actual_need,yoked_need,self_domain_observation_share,0.6451048951048951,0.6643356643356644,-0.019230769230769273
30010,neutral,5|branch_comp|5|0|chain,actual_need,yoked_need,causal_target_sensing_share,0.6835664335664335,0.03146853146853147,0.6520979020979021
30010,neutral,5|branch_comp|5|0|chain,actual_need,yoked_need,causal_target_sensing_selectivity,0.6372377622377622,-0.07823426573426573,0.7154720279720279
30010,neutral,5|branch_comp|5|0|chain,actual_need,yoked_need,diagnosis_observations,267.0,267.0,0.0
30010,neutral,5|branch_comp|5|0|chain,actual_need,yoked_need,replicated_restoration,0.0,0.0,0.0
30010,neutral,5|branch_comp|5|0|chain,actual_need,yoked_need,false_null,0.0,0.0,0.0
30010,neutral,5|branch_comp|5|0|chain,actual_need,yoked_need,false_repair,0.0,0.0,0.0
30010,neutral,5|branch_comp|5|0|chain,actual_need,yoked_need,common_decoder_bridge_correct,1.0,1.0,0.0
30010,neutral,5|branch_comp|5|0|chain,actual_need,yoked_need,common_decoder_replicated_restoration,0.0,0.0,0.0
30010,self_relevant,5|branch_comp|5|0|chain,actual_need,yoked_need,mean_need_target_mass_share,0.08954594732881886,0.044421931680256016,0.045124015648562846
30010,self_relevant,5|branch_comp|5|0|chain,actual_need,yoked_need,mean_need_true_core_mass_share,0.2762159797858375,0.3250983160985867,-0.048882336312749186
30010,self_relevant,5|branch_comp|5|0|chain,actual_need,yoked_need,mean_sensed_need_mass_share,0.4018391762775125,0.20467331705398684,0.19716585922352564
30010,self_relevant,5|branch_comp|5|0|chain,actual_need,yoked_need,self_domain_observation_share,0.6241258741258742,0.5699300699300699,0.054195804195804276
30010,self_relevant,5|branch_comp|5|0|chain,actual_need,yoked_need,causal_target_sensing_share,0.11538461538461539,0.09615384615384616,0.019230769230769232
30010,self_relevant,5|branch_comp|5|0|chain,actual_need,yoked_need,causal_target_sensing_selectivity,0.013986013986013984,-0.003059440559440546,0.01704545454545453
30010,self_relevant,5|branch_comp|5|0|chain,actual_need,yoked_need,diagnosis_observations,266.0,266.0,0.0
30010,self_relevant,5|branch_comp|5|0|chain,actual_need,yoked_need,replicated_restoration,1.0,0.0,1.0
30010,self_relevant,5|branch_comp|5|0|chain,actual_need,yoked_need,false_null,0.0,1.0,-1.0
30010,self_relevant,5|branch_comp|5|0|chain,actual_need,yoked_need,false_repair,0.0,0.0,0.0
30010,self_relevant,5|branch_comp|5|0|chain,actual_need,yoked_need,common_decoder_bridge_correct,1.0,0.0,1.0
30010,self_relevant,5|branch_comp|5|0|chain,actual_need,yoked_need,common_decoder_replicated_restoration,0.0,0.0,0.0
30011,neutral,6|context_comp|7|1|dense,actual_need,yoked_need,mean_need_target_mass_share,0.5441847738696465,0.0335343439428699,0.5106504299267766
30011,neutral,6|context_comp|7|1|dense,actual_need,yoked_need,mean_need_true_core_mass_share,0.8595313606403246,0.19992777263361688,0.6596035880067077
30011,neutral,6|context_comp|7|1|dense,actual_need,yoked_need,mean_sensed_need_mass_share,0.5482687465632043,0.5233505216730816,0.024918224890122742
30011,neutral,6|context_comp|7|1|dense,actual_need,yoked_need,self_domain_observation_share,0.6171328671328671,0.6573426573426573,-0.04020979020979021
30011,neutral,6|context_comp|7|1|dense,actual_need,yoked_need,causal_target_sensing_share,0.7692307692307693,0.06818181818181818,0.701048951048951
30011,neutral,6|context_comp|7|1|dense,actual_need,yoked_need,causal_target_sensing_selectivity,0.6863636363636364,-0.016433566433566443,0.7027972027972028
30011,neutral,6|context_comp|7|1|dense,actual_need,yoked_need,diagnosis_observations,330.0,307.0,23.0
30011,neutral,6|context_comp|7|1|dense,actual_need,yoked_need,replicated_restoration,0.0,0.0,0.0
30011,neutral,6|context_comp|7|1|dense,actual_need,yoked_need,false_null,0.0,0.0,0.0
30011,neutral,6|context_comp|7|1|dense,actual_need,yoked_need,false_repair,0.0,0.0,0.0
30011,neutral,6|context_comp|7|1|dense,actual_need,yoked_need,common_decoder_bridge_correct,1.0,1.0,0.0
30011,neutral,6|context_comp|7|1|dense,actual_need,yoked_need,common_decoder_replicated_restoration,0.0,0.0,0.0
30011,self_relevant,6|context_comp|7|1|dense,actual_need,yoked_need,mean_need_target_mass_share,0.01596814337516847,0.02382231268423198,-0.007854169309063509
30011,self_relevant,6|context_comp|7|1|dense,actual_need,yoked_need,mean_need_true_core_mass_share,0.34232138262298184,0.11779390965915297,0.22452747296382886
30011,self_relevant,6|context_comp|7|1|dense,actual_need,yoked_need,mean_sensed_need_mass_share,0.4409945444573599,0.47231027583361207,-0.031315731376252154
30011,self_relevant,6|context_comp|7|1|dense,actual_need,yoked_need,self_domain_observation_share,0.5209790209790209,0.5769230769230769,-0.05594405594405594
30011,self_relevant,6|context_comp|7|1|dense,actual_need,yoked_need,causal_target_sensing_share,0.050699300699300696,0.09090909090909091,-0.040209790209790215
30011,self_relevant,6|context_comp|7|1|dense,actual_need,yoked_need,causal_target_sensing_selectivity,-0.08916083916083917,-0.0006993006993007006,-0.08846153846153847
30011,self_relevant,6|context_comp|7|1|dense,actual_need,yoked_need,diagnosis_observations,417.0,313.0,104.0
30011,self_relevant,6|context_comp|7|1|dense,actual_need,yoked_need,replicated_restoration,1.0,0.0,1.0
30011,self_relevant,6|context_comp|7|1|dense,actual_need,yoked_need,false_null,0.0,1.0,-1.0
30011,self_relevant,6|context_comp|7|1|dense,actual_need,yoked_need,false_repair,0.0,0.0,0.0
30011,self_relevant,6|context_comp|7|1|dense,actual_need,yoked_need,common_decoder_bridge_correct,1.0,0.0,1.0
30011,self_relevant,6|context_comp|7|1|dense,actual_need,yoked_need,common_decoder_replicated_restoration,1.0,0.0,1.0
30012,neutral,5|branch_comp|5|0|ring,actual_need,yoked_need,mean_need_target_mass_share,0.4798866461686118,0.0063048980580617175,0.4735817481105501
30012,neutral,5|branch_comp|5|0|ring,actual_need,yoked_need,mean_need_true_core_mass_share,0.9396192101251872,0.15733782128108462,0.7822813888441026
30012,neutral,5|branch_comp|5|0|ring,actual_need,yoked_need,mean_sensed_need_mass_share,0.47617552014604186,0.5848888059458188,-0.10871328579977696
30012,neutral,5|branch_comp|5|0|ring,actual_need,yoked_need,self_domain_observation_share,0.6573426573426573,0.6625874125874126,-0.005244755244755317
30012,neutral,5|branch_comp|5|0|ring,actual_need,yoked_need,causal_target_sensing_share,0.9283216783216783,0.10139860139860139,0.826923076923077
30012,neutral,5|branch_comp|5|0|ring,actual_need,yoked_need,causal_target_sensing_selectivity,0.8645104895104895,0.04414335664335664,0.8203671328671328
30012,neutral,5|branch_comp|5|0|ring,actual_need,yoked_need,diagnosis_observations,272.0,266.0,6.0
30012,neutral,5|branch_comp|5|0|ring,actual_need,yoked_need,replicated_restoration,0.0,0.0,0.0
30012,neutral,5|branch_comp|5|0|ring,actual_need,yoked_need,false_null,0.0,0.0,0.0
30012,neutral,5|branch_comp|5|0|ring,actual_need,yoked_need,false_repair,0.0,0.0,0.0
30012,neutral,5|branch_comp|5|0|ring,actual_need,yoked_need,common_decoder_bridge_correct,1.0,1.0,0.0
30012,neutral,5|branch_comp|5|0|ring,actual_need,yoked_need,common_decoder_replicated_restoration,0.0,0.0,0.0
30012,self_relevant,5|branch_comp|5|0|ring,actual_need,yoked_need,mean_need_target_mass_share,0.327408870878975,0.016766083327850144,0.3106427875511249
30012,self_relevant,5|branch_comp|5|0|ring,actual_need,yoked_need,mean_need_true_core_mass_share,0.8211035259088475,0.1675173372797376,0.6535861886291099
30012,self_relevant,5|branch_comp|5|0|ring,actual_need,yoked_need,mean_sensed_need_mass_share,0.35206404090051396,0.4674276721877901,-0.11536363128727611
30012,self_relevant,5|branch_comp|5|0|ring,actual_need,yoked_need,self_domain_observation_share,0.6118881118881119,0.6363636363636364,-0.02447552447552448
30012,self_relevant,5|branch_comp|5|0|ring,actual_need,yoked_need,causal_target_sensing_share,0.541958041958042,0.10664335664335664,0.4353146853146853
30012,self_relevant,5|branch_comp|5|0|ring,actual_need,yoked_need,causal_target_sensing_selectivity,0.39641608391608396,0.029283216783216784,0.3671328671328672
30012,self_relevant,5|branch_comp|5|0|ring,actual_need,yoked_need,diagnosis_observations,260.0,307.0,-47.0
30012,self_relevant,5|branch_comp|5|0|ring,actual_need,yoked_need,replicated_restoration,1.0,0.0,1.0
30012,self_relevant,5|branch_comp|5|0|ring,actual_need,yoked_need,false_null,0.0,1.0,-1.0
30012,self_relevant,5|branch_comp|5|0|ring,actual_need,yoked_need,false_repair,0.0,0.0,0.0
30012,self_relevant,5|branch_comp|5|0|ring,actual_need,yoked_need,common_decoder_bridge_correct,1.0,0.0,1.0
30012,self_relevant,5|branch_comp|5|0|ring,actual_need,yoked_need,common_decoder_replicated_restoration,1.0,0.0,1.0
30013,neutral,6|context_comp|7|0|chain,actual_need,yoked_need,mean_need_target_mass_share,0.4133081958259375,0.022459985535332124,0.39084821029060535
30013,neutral,6|context_comp|7|0|chain,actual_need,yoked_need,mean_need_true_core_mass_share,0.9513315948220223,0.3254389533928166,0.6258926414292058
30013,neutral,6|context_comp|7|0|chain,actual_need,yoked_need,mean_sensed_need_mass_share,0.4541551408443232,0.3298813748824249,0.12427376596189826
30013,neutral,6|context_comp|7|0|chain,actual_need,yoked_need,self_domain_observation_share,0.6643356643356644,0.666083916083916,-0.0017482517482516613
30013,neutral,6|context_comp|7|0|chain,actual_need,yoked_need,causal_target_sensing_share,0.9493006993006993,0.0,0.9493006993006993
30013,neutral,6|context_comp|7|0|chain,actual_need,yoked_need,causal_target_sensing_selectivity,0.8174825174825174,-0.1618881118881119,0.9793706293706294
30013,neutral,6|context_comp|7|0|chain,actual_need,yoked_need,diagnosis_observations,290.0,290.0,0.0
30013,neutral,6|context_comp|7|0|chain,actual_need,yoked_need,replicated_restoration,0.0,0.0,0.0
30013,neutral,6|context_comp|7|0|chain,actual_need,yoked_need,false_null,0.0,0.0,0.0
30013,neutral,6|context_comp|7|0|chain,actual_need,yoked_need,false_repair,0.0,0.0,0.0
30013,neutral,6|context_comp|7|0|chain,actual_need,yoked_need,common_decoder_bridge_correct,1.0,1.0,0.0
30013,neutral,6|context_comp|7|0|chain,actual_need,yoked_need,common_decoder_replicated_restoration,0.0,0.0,0.0
30013,self_relevant,6|context_comp|7|0|chain,actual_need,yoked_need,mean_need_target_mass_share,0.31564258457001015,0.05224810608599865,0.2633944784840115
30013,self_relevant,6|context_comp|7|0|chain,actual_need,yoked_need,mean_need_true_core_mass_share,0.910946137071956,0.6361861892210134,0.2747599478509426
30013,self_relevant,6|context_comp|7|0|chain,actual_need,yoked_need,mean_sensed_need_mass_share,0.3330980319488965,0.2376159496892398,0.09548208225965668
30013,self_relevant,6|context_comp|7|0|chain,actual_need,yoked_need,self_domain_observation_share,0.6625874125874126,0.6433566433566433,0.019230769230769273
30013,self_relevant,6|context_comp|7|0|chain,actual_need,yoked_need,causal_target_sensing_share,0.7027972027972028,0.017482517482517484,0.6853146853146853
30013,self_relevant,6|context_comp|7|0|chain,actual_need,yoked_need,causal_target_sensing_selectivity,0.5527972027972028,-0.25314685314685315,0.8059440559440559
30013,self_relevant,6|context_comp|7|0|chain,actual_need,yoked_need,diagnosis_observations,288.0,310.0,-22.0
30013,self_relevant,6|context_comp|7|0|chain,actual_need,yoked_need,replicated_restoration,0.0,0.0,0.0
30013,self_relevant,6|context_comp|7|0|chain,actual_need,yoked_need,false_null,1.0,1.0,0.0
30013,self_relevant,6|context_comp|7|0|chain,actual_need,yoked_need,false_repair,0.0,0.0,0.0
30013,self_relevant,6|context_comp|7|0|chain,actual_need,yoked_need,common_decoder_bridge_correct,0.0,0.0,0.0
30013,self_relevant,6|context_comp|7|0|chain,actual_need,yoked_need,common_decoder_replicated_restoration,0.0,0.0,0.0
30014,neutral,5|branch_comp|5|0|dense,actual_need,yoked_need,mean_need_target_mass_share,0.5180522411245648,0.07412749737170404,0.4439247437528608
30014,neutral,5|branch_comp|5|0|dense,actual_need,yoked_need,mean_need_true_core_mass_share,0.9662258096071726,0.2961378550137313,0.6700879545934413
30014,neutral,5|branch_comp|5|0|dense,actual_need,yoked_need,mean_sensed_need_mass_share,0.4921323832863782,0.5731309938535762,-0.08099861056719804
30014,neutral,5|branch_comp|5|0|dense,actual_need,yoked_need,self_domain_observation_share,0.6678321678321678,0.6468531468531469,0.020979020979020935
30014,neutral,5|branch_comp|5|0|dense,actual_need,yoked_need,causal_target_sensing_share,0.8234265734265734,0.04020979020979021,0.7832167832167832
30014,neutral,5|branch_comp|5|0|dense,actual_need,yoked_need,causal_target_sensing_selectivity,0.7591783216783217,-0.01223776223776224,0.771416083916084
30014,neutral,5|branch_comp|5|0|dense,actual_need,yoked_need,diagnosis_observations,334.0,290.0,44.0
30014,neutral,5|branch_comp|5|0|dense,actual_need,yoked_need,replicated_restoration,0.0,0.0,0.0
30014,neutral,5|branch_comp|5|0|dense,actual_need,yoked_need,false_null,0.0,0.0,0.0
30014,neutral,5|branch_comp|5|0|dense,actual_need,yoked_need,false_repair,0.0,0.0,0.0
30014,neutral,5|branch_comp|5|0|dense,actual_need,yoked_need,common_decoder_bridge_correct,1.0,1.0,0.0
30014,neutral,5|branch_comp|5|0|dense,actual_need,yoked_need,common_decoder_replicated_restoration,0.0,0.0,0.0
30014,self_relevant,5|branch_comp|5|0|dense,actual_need,yoked_need,mean_need_target_mass_share,0.0816892371082527,0.09431745890637745,-0.012628221798124756
30014,self_relevant,5|branch_comp|5|0|dense,actual_need,yoked_need,mean_need_true_core_mass_share,0.4636794217362767,0.5443254354667812,-0.08064601373050456
30014,self_relevant,5|branch_comp|5|0|dense,actual_need,yoked_need,mean_sensed_need_mass_share,0.41305866455404894,0.4149036502093739,-0.0018449856553249822
30014,self_relevant,5|branch_comp|5|0|dense,actual_need,yoked_need,self_domain_observation_share,0.5297202797202797,0.583916083916084,-0.054195804195804276
30014,self_relevant,5|branch_comp|5|0|dense,actual_need,yoked_need,causal_target_sensing_share,0.11013986013986014,0.06118881118881119,0.04895104895104895
30014,self_relevant,5|branch_comp|5|0|dense,actual_need,yoked_need,causal_target_sensing_selectivity,-0.03977272727272728,-0.1499125874125874,0.11013986013986012
30014,self_relevant,5|branch_comp|5|0|dense,actual_need,yoked_need,diagnosis_observations,296.0,300.0,-4.0
30014,self_relevant,5|branch_comp|5|0|dense,actual_need,yoked_need,replicated_restoration,1.0,0.0,1.0
30014,self_relevant,5|branch_comp|5|0|dense,actual_need,yoked_need,false_null,0.0,1.0,-1.0
30014,self_relevant,5|branch_comp|5|0|dense,actual_need,yoked_need,false_repair,0.0,0.0,0.0
30014,self_relevant,5|branch_comp|5|0|dense,actual_need,yoked_need,common_decoder_bridge_correct,1.0,0.0,1.0
30014,self_relevant,5|branch_comp|5|0|dense,actual_need,yoked_need,common_decoder_replicated_restoration,1.0,0.0,1.0
30015,neutral,6|context_comp|7|1|ring,actual_need,yoked_need,mean_need_target_mass_share,0.3705440336342709,0.0001239625874061428,0.37042007104686475
30015,neutral,6|context_comp|7|1|ring,actual_need,yoked_need,mean_need_true_core_mass_share,0.9502527913799759,0.45850028399496096,0.4917525073850149
30015,neutral,6|context_comp|7|1|ring,actual_need,yoked_need,mean_sensed_need_mass_share,0.3568375413752767,0.37499882928461725,-0.018161287909340573
30015,neutral,6|context_comp|7|1|ring,actual_need,yoked_need,self_domain_observation_share,0.6555944055944056,0.6590909090909091,-0.0034965034965034336
30015,neutral,6|context_comp|7|1|ring,actual_need,yoked_need,causal_target_sensing_share,0.7692307692307693,0.043706293706293704,0.7255244755244755
30015,neutral,6|context_comp|7|1|ring,actual_need,yoked_need,causal_target_sensing_selectivity,0.6818181818181819,-0.055944055944055944,0.7377622377622378
30015,neutral,6|context_comp|7|1|ring,actual_need,yoked_need,diagnosis_observations,292.0,292.0,0.0
30015,neutral,6|context_comp|7|1|ring,actual_need,yoked_need,replicated_restoration,0.0,0.0,0.0
30015,neutral,6|context_comp|7|1|ring,actual_need,yoked_need,false_null,0.0,0.0,0.0
30015,neutral,6|context_comp|7|1|ring,actual_need,yoked_need,false_repair,0.0,0.0,0.0
30015,neutral,6|context_comp|7|1|ring,actual_need,yoked_need,common_decoder_bridge_correct,1.0,1.0,0.0
30015,neutral,6|context_comp|7|1|ring,actual_need,yoked_need,common_decoder_replicated_restoration,0.0,0.0,0.0
30015,self_relevant,6|context_comp|7|1|ring,actual_need,yoked_need,mean_need_target_mass_share,0.11054062069672874,0.000292437626977221,0.11024818306975151
30015,self_relevant,6|context_comp|7|1|ring,actual_need,yoked_need,mean_need_true_core_mass_share,0.8390429158508107,0.5624555924418433,0.2765873234089674
30015,self_relevant,6|context_comp|7|1|ring,actual_need,yoked_need,mean_sensed_need_mass_share,0.25641700474661017,0.3159738460822791,-0.05955684133566891
30015,self_relevant,6|context_comp|7|1|ring,actual_need,yoked_need,self_domain_observation_share,0.5244755244755245,0.6328671328671329,-0.10839160839160844
30015,self_relevant,6|context_comp|7|1|ring,actual_need,yoked_need,causal_target_sensing_share,0.16958041958041958,0.0472027972027972,0.12237762237762238
30015,self_relevant,6|context_comp|7|1|ring,actual_need,yoked_need,causal_target_sensing_selectivity,-0.010839160839160839,-0.12797202797202795,0.11713286713286711
30015,self_relevant,6|context_comp|7|1|ring,actual_need,yoked_need,diagnosis_observations,353.0,293.0,60.0
30015,self_relevant,6|context_comp|7|1|ring,actual_need,yoked_need,replicated_restoration,0.0,0.0,0.0
30015,self_relevant,6|context_comp|7|1|ring,actual_need,yoked_need,false_null,1.0,1.0,0.0
30015,self_relevant,6|context_comp|7|1|ring,actual_need,yoked_need,false_repair,0.0,0.0,0.0
30015,self_relevant,6|context_comp|7|1|ring,actual_need,yoked_need,common_decoder_bridge_correct,0.0,0.0,0.0
30015,self_relevant,6|context_comp|7|1|ring,actual_need,yoked_need,common_decoder_replicated_restoration,0.0,0.0,0.0
30016,neutral,5|branch_comp|5|0|chain,actual_need,yoked_need,mean_need_target_mass_share,0.2974145028661305,0.003175593631791904,0.2942389092343386
30016,neutral,5|branch_comp|5|0|chain,actual_need,yoked_need,mean_need_true_core_mass_share,0.783627572172976,0.4101715473300873,0.37345602484288865
30016,neutral,5|branch_comp|5|0|chain,actual_need,yoked_need,mean_sensed_need_mass_share,0.27620437078402316,0.31761218357857307,-0.041407812794549914
30016,neutral,5|branch_comp|5|0|chain,actual_need,yoked_need,self_domain_observation_share,0.6503496503496503,0.6678321678321678,-0.0174825174825175
30016,neutral,5|branch_comp|5|0|chain,actual_need,yoked_need,causal_target_sensing_share,0.6713286713286714,0.0017482517482517483,0.6695804195804196
30016,neutral,5|branch_comp|5|0|chain,actual_need,yoked_need,causal_target_sensing_selectivity,0.5996503496503497,-0.1555944055944056,0.7552447552447553
30016,neutral,5|branch_comp|5|0|chain,actual_need,yoked_need,diagnosis_observations,601.0,601.0,0.0
30016,neutral,5|branch_comp|5|0|chain,actual_need,yoked_need,replicated_restoration,0.0,0.0,0.0
30016,neutral,5|branch_comp|5|0|chain,actual_need,yoked_need,false_null,0.0,0.0,0.0
30016,neutral,5|branch_comp|5|0|chain,actual_need,yoked_need,false_repair,0.0,0.0,0.0
30016,neutral,5|branch_comp|5|0|chain,actual_need,yoked_need,common_decoder_bridge_correct,0.0,0.0,0.0
30016,neutral,5|branch_comp|5|0|chain,actual_need,yoked_need,common_decoder_replicated_restoration,0.0,0.0,0.0
30016,self_relevant,5|branch_comp|5|0|chain,actual_need,yoked_need,mean_need_target_mass_share,0.06571532576319675,0.018484065844828142,0.0472312599183686
30016,self_relevant,5|branch_comp|5|0|chain,actual_need,yoked_need,mean_need_true_core_mass_share,0.5521813197830251,0.23629977460318458,0.3158815451798405
30016,self_relevant,5|branch_comp|5|0|chain,actual_need,yoked_need,mean_sensed_need_mass_share,0.2224216621927989,0.4270106163130639,-0.204588954120265
30016,self_relevant,5|branch_comp|5|0|chain,actual_need,yoked_need,self_domain_observation_share,0.5681818181818182,0.6311188811188811,-0.06293706293706292
30016,self_relevant,5|branch_comp|5|0|chain,actual_need,yoked_need,causal_target_sensing_share,0.09265734265734266,0.006993006993006993,0.08566433566433566
30016,self_relevant,5|branch_comp|5|0|chain,actual_need,yoked_need,causal_target_sensing_selectivity,-0.06599650349650349,-0.05026223776223776,-0.01573426573426573
30016,self_relevant,5|branch_comp|5|0|chain,actual_need,yoked_need,diagnosis_observations,259.0,260.0,-1.0
30016,self_relevant,5|branch_comp|5|0|chain,actual_need,yoked_need,replicated_restoration,1.0,1.0,0.0
30016,self_relevant,5|branch_comp|5|0|chain,actual_need,yoked_need,false_null,0.0,0.0,0.0
30016,self_relevant,5|branch_comp|5|0|chain,actual_need,yoked_need,false_repair,0.0,0.0,0.0
30016,self_relevant,5|branch_comp|5|0|chain,actual_need,yoked_need,common_decoder_bridge_correct,1.0,1.0,0.0
30016,self_relevant,5|branch_comp|5|0|chain,actual_need,yoked_need,common_decoder_replicated_restoration,1.0,1.0,0.0
30017,neutral,6|context_comp|7|0|dense,actual_need,yoked_need,mean_need_target_mass_share,0.42097642339041147,0.00029972713074549116,0.42067669625966597
30017,neutral,6|context_comp|7|0|dense,actual_need,yoked_need,mean_need_true_core_mass_share,0.7401139495975326,0.13662248792013862,0.603491461677394
30017,neutral,6|context_comp|7|0|dense,actual_need,yoked_need,mean_sensed_need_mass_share,0.4207933487086846,0.4823573993918159,-0.061564050683131255
30017,neutral,6|context_comp|7|0|dense,actual_need,yoked_need,self_domain_observation_share,0.6748251748251748,0.6818181818181818,-0.006993006993006978
30017,neutral,6|context_comp|7|0|dense,actual_need,yoked_need,causal_target_sensing_share,0.722027972027972,0.08741258741258741,0.6346153846153846
30017,neutral,6|context_comp|7|0|dense,actual_need,yoked_need,causal_target_sensing_selectivity,0.6437062937062936,0.027272727272727268,0.6164335664335664
30017,neutral,6|context_comp|7|0|dense,actual_need,yoked_need,diagnosis_observations,306.0,304.0,2.0
30017,neutral,6|context_comp|7|0|dense,actual_need,yoked_need,replicated_restoration,0.0,0.0,0.0
30017,neutral,6|context_comp|7|0|dense,actual_need,yoked_need,false_null,0.0,0.0,0.0
30017,neutral,6|context_comp|7|0|dense,actual_need,yoked_need,false_repair,0.0,0.0,0.0
30017,neutral,6|context_comp|7|0|dense,actual_need,yoked_need,common_decoder_bridge_correct,1.0,1.0,0.0
30017,neutral,6|context_comp|7|0|dense,actual_need,yoked_need,common_decoder_replicated_restoration,0.0,0.0,0.0
30017,self_relevant,6|context_comp|7|0|dense,actual_need,yoked_need,mean_need_target_mass_share,0.07381131039813127,0.016638850172012012,0.05717246022611926
30017,self_relevant,6|context_comp|7|0|dense,actual_need,yoked_need,mean_need_true_core_mass_share,0.4350156635354494,0.23367119718807106,0.20134446634737835
30017,self_relevant,6|context_comp|7|0|dense,actual_need,yoked_need,mean_sensed_need_mass_share,0.41013600280654106,0.413122559708402,-0.0029865569018609484
30017,self_relevant,6|context_comp|7|0|dense,actual_need,yoked_need,self_domain_observation_share,0.548951048951049,0.506993006993007,0.04195804195804198
30017,self_relevant,6|context_comp|7|0|dense,actual_need,yoked_need,causal_target_sensing_share,0.11188811188811189,0.09090909090909091,0.020979020979020976
30017,self_relevant,6|context_comp|7|0|dense,actual_need,yoked_need,causal_target_sensing_selectivity,-0.03776223776223776,0.02377622377622378,-0.06153846153846154
30017,self_relevant,6|context_comp|7|0|dense,actual_need,yoked_need,diagnosis_observations,494.0,350.0,144.0
30017,self_relevant,6|context_comp|7|0|dense,actual_need,yoked_need,replicated_restoration,1.0,0.0,1.0
30017,self_relevant,6|context_comp|7|0|dense,actual_need,yoked_need,false_null,0.0,1.0,-1.0
30017,self_relevant,6|context_comp|7|0|dense,actual_need,yoked_need,false_repair,0.0,0.0,0.0
30017,self_relevant,6|context_comp|7|0|dense,actual_need,yoked_need,common_decoder_bridge_correct,1.0,0.0,1.0
30017,self_relevant,6|context_comp|7|0|dense,actual_need,yoked_need,common_decoder_replicated_restoration,1.0,0.0,1.0
30018,neutral,5|branch_comp|5|0|ring,actual_need,yoked_need,mean_need_target_mass_share,0.5733378637206753,0.1393247429648518,0.4340131207558235
30018,neutral,5|branch_comp|5|0|ring,actual_need,yoked_need,mean_need_true_core_mass_share,0.762285625730315,0.16356535249065574,0.5987202732396593
30018,neutral,5|branch_comp|5|0|ring,actual_need,yoked_need,mean_sensed_need_mass_share,0.573703978698972,0.45725373580057715,0.1164502428983949
30018,neutral,5|branch_comp|5|0|ring,actual_need,yoked_need,self_domain_observation_share,0.6573426573426573,0.6555944055944056,0.0017482517482516613
30018,neutral,5|branch_comp|5|0|ring,actual_need,yoked_need,causal_target_sensing_share,0.9283216783216783,0.09090909090909091,0.8374125874125874
30018,neutral,5|branch_comp|5|0|ring,actual_need,yoked_need,causal_target_sensing_selectivity,0.8754370629370629,0.020979020979020976,0.854458041958042
30018,neutral,5|branch_comp|5|0|ring,actual_need,yoked_need,diagnosis_observations,275.0,274.0,1.0
30018,neutral,5|branch_comp|5|0|ring,actual_need,yoked_need,replicated_restoration,0.0,0.0,0.0
30018,neutral,5|branch_comp|5|0|ring,actual_need,yoked_need,false_null,0.0,0.0,0.0
30018,neutral,5|branch_comp|5|0|ring,actual_need,yoked_need,false_repair,0.0,0.0,0.0
30018,neutral,5|branch_comp|5|0|ring,actual_need,yoked_need,common_decoder_bridge_correct,1.0,1.0,0.0
30018,neutral,5|branch_comp|5|0|ring,actual_need,yoked_need,common_decoder_replicated_restoration,0.0,0.0,0.0
30018,self_relevant,5|branch_comp|5|0|ring,actual_need,yoked_need,mean_need_target_mass_share,0.44098247279197855,0.03977792374810222,0.4012045490438763
30018,self_relevant,5|branch_comp|5|0|ring,actual_need,yoked_need,mean_need_true_core_mass_share,0.5500281128037486,0.12334876078769796,0.4266793520160507
30018,self_relevant,5|branch_comp|5|0|ring,actual_need,yoked_need,mean_sensed_need_mass_share,0.4803555386117582,0.43491111834897034,0.04544442026278789
30018,self_relevant,5|branch_comp|5|0|ring,actual_need,yoked_need,self_domain_observation_share,0.6416083916083916,0.5437062937062938,0.0979020979020978
30018,self_relevant,5|branch_comp|5|0|ring,actual_need,yoked_need,causal_target_sensing_share,0.7342657342657343,0.08741258741258741,0.6468531468531469
30018,self_relevant,5|branch_comp|5|0|ring,actual_need,yoked_need,causal_target_sensing_selectivity,0.6604020979020979,0.017045454545454544,0.6433566433566433
30018,self_relevant,5|branch_comp|5|0|ring,actual_need,yoked_need,diagnosis_observations,320.0,261.0,59.0
30018,self_relevant,5|branch_comp|5|0|ring,actual_need,yoked_need,replicated_restoration,0.0,0.0,0.0
30018,self_relevant,5|branch_comp|5|0|ring,actual_need,yoked_need,false_null,1.0,0.0,1.0
30018,self_relevant,5|branch_comp|5|0|ring,actual_need,yoked_need,false_repair,0.0,0.0,0.0
30018,self_relevant,5|branch_comp|5|0|ring,actual_need,yoked_need,common_decoder_bridge_correct,0.0,1.0,-1.0
30018,self_relevant,5|branch_comp|5|0|ring,actual_need,yoked_need,common_decoder_replicated_restoration,0.0,0.0,0.0
30019,neutral,6|context_comp|7|1|chain,actual_need,yoked_need,mean_need_target_mass_share,0.37022672380084665,0.0070773246949647406,0.3631493991058819
30019,neutral,6|context_comp|7|1|chain,actual_need,yoked_need,mean_need_true_core_mass_share,0.8590458934626227,0.20854133906881117,0.6505045543938115
30019,neutral,6|context_comp|7|1|chain,actual_need,yoked_need,mean_sensed_need_mass_share,0.35783715381038556,0.24771620605826705,0.1101209477521185
30019,neutral,6|context_comp|7|1|chain,actual_need,yoked_need,self_domain_observation_share,0.6643356643356644,0.6608391608391608,0.0034965034965035446
30019,neutral,6|context_comp|7|1|chain,actual_need,yoked_need,causal_target_sensing_share,0.7674825174825175,0.06468531468531469,0.7027972027972028
30019,neutral,6|context_comp|7|1|chain,actual_need,yoked_need,causal_target_sensing_selectivity,0.6688811188811189,-0.0465034965034965,0.7153846153846154
30019,neutral,6|context_comp|7|1|chain,actual_need,yoked_need,diagnosis_observations,295.0,294.0,1.0
30019,neutral,6|context_comp|7|1|chain,actual_need,yoked_need,replicated_restoration,0.0,0.0,0.0
30019,neutral,6|context_comp|7|1|chain,actual_need,yoked_need,false_null,0.0,0.0,0.0
30019,neutral,6|context_comp|7|1|chain,actual_need,yoked_need,false_repair,0.0,0.0,0.0
30019,neutral,6|context_comp|7|1|chain,actual_need,yoked_need,common_decoder_bridge_correct,1.0,1.0,0.0
30019,neutral,6|context_comp|7|1|chain,actual_need,yoked_need,common_decoder_replicated_restoration,0.0,0.0,0.0
30019,self_relevant,6|context_comp|7|1|chain,actual_need,yoked_need,mean_need_target_mass_share,0.16089322557328953,0.013355216415420333,0.1475380091578692
30019,self_relevant,6|context_comp|7|1|chain,actual_need,yoked_need,mean_need_true_core_mass_share,0.8132475756706544,0.373641955963134,0.43960561970752043
30019,self_relevant,6|context_comp|7|1|chain,actual_need,yoked_need,mean_sensed_need_mass_share,0.3769977242478712,0.23453968102533299,0.14245804322253822
30019,self_relevant,6|context_comp|7|1|chain,actual_need,yoked_need,self_domain_observation_share,0.5856643356643356,0.6625874125874126,-0.07692307692307698
30019,self_relevant,6|context_comp|7|1|chain,actual_need,yoked_need,causal_target_sensing_share,0.1381118881118881,0.08391608391608392,0.05419580419580418
30019,self_relevant,6|context_comp|7|1|chain,actual_need,yoked_need,causal_target_sensing_selectivity,-0.07902097902097904,-0.0458041958041958,-0.033216783216783244
30019,self_relevant,6|context_comp|7|1|chain,actual_need,yoked_need,diagnosis_observations,293.0,294.0,-1.0
30019,self_relevant,6|context_comp|7|1|chain,actual_need,yoked_need,replicated_restoration,1.0,0.0,1.0
30019,self_relevant,6|context_comp|7|1|chain,actual_need,yoked_need,false_null,0.0,1.0,-1.0
30019,self_relevant,6|context_comp|7|1|chain,actual_need,yoked_need,false_repair,0.0,0.0,0.0
30019,self_relevant,6|context_comp|7|1|chain,actual_need,yoked_need,common_decoder_bridge_correct,1.0,0.0,1.0
30019,self_relevant,6|context_comp|7|1|chain,actual_need,yoked_need,common_decoder_replicated_restoration,1.0,0.0,1.0
30020,neutral,5|branch_comp|5|0|dense,actual_need,yoked_need,mean_need_target_mass_share,0.5632368078385963,0.06673096629926484,0.49650584153933147
30020,neutral,5|branch_comp|5|0|dense,actual_need,yoked_need,mean_need_true_core_mass_share,0.7043453170747007,0.21640781385719712,0.4879375032175036
30020,neutral,5|branch_comp|5|0|dense,actual_need,yoked_need,mean_sensed_need_mass_share,0.5898209018847339,0.44142668710650784,0.14839421477822606
30020,neutral,5|branch_comp|5|0|dense,actual_need,yoked_need,self_domain_observation_share,0.6363636363636364,0.6730769230769231,-0.036713286713286775
30020,neutral,5|branch_comp|5|0|dense,actual_need,yoked_need,causal_target_sensing_share,0.9073426573426573,0.019230769230769232,0.888111888111888
30020,neutral,5|branch_comp|5|0|dense,actual_need,yoked_need,causal_target_sensing_selectivity,0.888111888111888,0.00917832167832168,0.8789335664335663
30020,neutral,5|branch_comp|5|0|dense,actual_need,yoked_need,diagnosis_observations,278.0,271.0,7.0
30020,neutral,5|branch_comp|5|0|dense,actual_need,yoked_need,replicated_restoration,0.0,0.0,0.0
30020,neutral,5|branch_comp|5|0|dense,actual_need,yoked_need,false_null,0.0,0.0,0.0
30020,neutral,5|branch_comp|5|0|dense,actual_need,yoked_need,false_repair,0.0,0.0,0.0
30020,neutral,5|branch_comp|5|0|dense,actual_need,yoked_need,common_decoder_bridge_correct,1.0,1.0,0.0
30020,neutral,5|branch_comp|5|0|dense,actual_need,yoked_need,common_decoder_replicated_restoration,0.0,0.0,0.0
30020,self_relevant,5|branch_comp|5|0|dense,actual_need,yoked_need,mean_need_target_mass_share,0.11323841332167094,0.037198068135993696,0.07604034518567723
30020,self_relevant,5|branch_comp|5|0|dense,actual_need,yoked_need,mean_need_true_core_mass_share,0.27217776978181857,0.3091279035701069,-0.03695013378828832
30020,self_relevant,5|branch_comp|5|0|dense,actual_need,yoked_need,mean_sensed_need_mass_share,0.4289108411631624,0.4080308068296462,0.020880034333516206
30020,self_relevant,5|branch_comp|5|0|dense,actual_need,yoked_need,self_domain_observation_share,0.5786713286713286,0.513986013986014,0.06468531468531469
30020,self_relevant,5|branch_comp|5|0|dense,actual_need,yoked_need,causal_target_sensing_share,0.17307692307692307,0.022727272727272728,0.15034965034965034
30020,self_relevant,5|branch_comp|5|0|dense,actual_need,yoked_need,causal_target_sensing_selectivity,0.1298076923076923,-0.016608391608391608,0.1464160839160839
30020,self_relevant,5|branch_comp|5|0|dense,actual_need,yoked_need,diagnosis_observations,312.0,386.0,-74.0
30020,self_relevant,5|branch_comp|5|0|dense,actual_need,yoked_need,replicated_restoration,0.0,0.0,0.0
30020,self_relevant,5|branch_comp|5|0|dense,actual_need,yoked_need,false_null,1.0,1.0,0.0
30020,self_relevant,5|branch_comp|5|0|dense,actual_need,yoked_need,false_repair,0.0,0.0,0.0
30020,self_relevant,5|branch_comp|5|0|dense,actual_need,yoked_need,common_decoder_bridge_correct,0.0,0.0,0.0
30020,self_relevant,5|branch_comp|5|0|dense,actual_need,yoked_need,common_decoder_replicated_restoration,0.0,0.0,0.0
30021,neutral,6|context_comp|7|0|ring,actual_need,yoked_need,mean_need_target_mass_share,0.3819548382944506,0.2175814499530577,0.1643733883413929
30021,neutral,6|context_comp|7|0|ring,actual_need,yoked_need,mean_need_true_core_mass_share,0.9343706323378338,0.7772450637280653,0.15712556860976845
30021,neutral,6|context_comp|7|0|ring,actual_need,yoked_need,mean_sensed_need_mass_share,0.36399107932143504,0.22765317770806978,0.13633790161336526
30021,neutral,6|context_comp|7|0|ring,actual_need,yoked_need,self_domain_observation_share,0.6625874125874126,0.6590909090909091,0.0034965034965035446
30021,neutral,6|context_comp|7|0|ring,actual_need,yoked_need,causal_target_sensing_share,0.7954545454545454,0.40559440559440557,0.38986013986013984
30021,neutral,6|context_comp|7|0|ring,actual_need,yoked_need,causal_target_sensing_selectivity,0.7041958041958042,0.26048951048951047,0.4437062937062937
30021,neutral,6|context_comp|7|0|ring,actual_need,yoked_need,diagnosis_observations,286.0,286.0,0.0
30021,neutral,6|context_comp|7|0|ring,actual_need,yoked_need,replicated_restoration,0.0,0.0,0.0
30021,neutral,6|context_comp|7|0|ring,actual_need,yoked_need,false_null,0.0,0.0,0.0
30021,neutral,6|context_comp|7|0|ring,actual_need,yoked_need,false_repair,0.0,0.0,0.0
30021,neutral,6|context_comp|7|0|ring,actual_need,yoked_need,common_decoder_bridge_correct,0.0,1.0,-1.0
30021,neutral,6|context_comp|7|0|ring,actual_need,yoked_need,common_decoder_replicated_restoration,0.0,0.0,0.0
30021,self_relevant,6|context_comp|7|0|ring,actual_need,yoked_need,mean_need_target_mass_share,0.12912873744699577,0.276529761701008,-0.14740102425401225
30021,self_relevant,6|context_comp|7|0|ring,actual_need,yoked_need,mean_need_true_core_mass_share,0.759402322846739,0.8068591912611319,-0.047456868414392894
30021,self_relevant,6|context_comp|7|0|ring,actual_need,yoked_need,mean_sensed_need_mass_share,0.4094509211439104,0.2657813080488939,0.14366961309501652
30021,self_relevant,6|context_comp|7|0|ring,actual_need,yoked_need,self_domain_observation_share,0.5979020979020979,0.6503496503496503,-0.05244755244755239
30021,self_relevant,6|context_comp|7|0|ring,actual_need,yoked_need,causal_target_sensing_share,0.23776223776223776,0.43356643356643354,-0.19580419580419578
30021,self_relevant,6|context_comp|7|0|ring,actual_need,yoked_need,causal_target_sensing_selectivity,0.06083916083916083,0.2954545454545454,-0.2346153846153846
30021,self_relevant,6|context_comp|7|0|ring,actual_need,yoked_need,diagnosis_observations,282.0,474.0,-192.0
30021,self_relevant,6|context_comp|7|0|ring,actual_need,yoked_need,replicated_restoration,1.0,0.0,1.0
30021,self_relevant,6|context_comp|7|0|ring,actual_need,yoked_need,false_null,0.0,1.0,-1.0
30021,self_relevant,6|context_comp|7|0|ring,actual_need,yoked_need,false_repair,0.0,0.0,0.0
30021,self_relevant,6|context_comp|7|0|ring,actual_need,yoked_need,common_decoder_bridge_correct,1.0,0.0,1.0
30021,self_relevant,6|context_comp|7|0|ring,actual_need,yoked_need,common_decoder_replicated_restoration,1.0,0.0,1.0
30022,neutral,5|branch_comp|5|0|chain,actual_need,yoked_need,mean_need_target_mass_share,0.32297269960952163,0.006083425000541729,0.3168892746089799
30022,neutral,5|branch_comp|5|0|chain,actual_need,yoked_need,mean_need_true_core_mass_share,0.6232588336118278,0.07141711637968967,0.5518417172321382
30022,neutral,5|branch_comp|5|0|chain,actual_need,yoked_need,mean_sensed_need_mass_share,0.30568226928662495,0.33246106562040084,-0.02677879633377589
30022,neutral,5|branch_comp|5|0|chain,actual_need,yoked_need,self_domain_observation_share,0.6643356643356644,0.6643356643356644,0.0
30022,neutral,5|branch_comp|5|0|chain,actual_need,yoked_need,causal_target_sensing_share,0.5699300699300699,0.11013986013986014,0.45979020979020974
30022,neutral,5|branch_comp|5|0|chain,actual_need,yoked_need,causal_target_sensing_selectivity,0.4908216783216783,0.06162587412587413,0.42919580419580416
30022,neutral,5|branch_comp|5|0|chain,actual_need,yoked_need,diagnosis_observations,268.0,291.0,-23.0
30022,neutral,5|branch_comp|5|0|chain,actual_need,yoked_need,replicated_restoration,0.0,0.0,0.0
30022,neutral,5|branch_comp|5|0|chain,actual_need,yoked_need,false_null,0.0,0.0,0.0
30022,neutral,5|branch_comp|5|0|chain,actual_need,yoked_need,false_repair,0.0,0.0,0.0
30022,neutral,5|branch_comp|5|0|chain,actual_need,yoked_need,common_decoder_bridge_correct,0.0,1.0,-1.0
30022,neutral,5|branch_comp|5|0|chain,actual_need,yoked_need,common_decoder_replicated_restoration,0.0,0.0,0.0
30022,self_relevant,5|branch_comp|5|0|chain,actual_need,yoked_need,mean_need_target_mass_share,0.10780290697927586,0.011695983636102093,0.09610692334317376
30022,self_relevant,5|branch_comp|5|0|chain,actual_need,yoked_need,mean_need_true_core_mass_share,0.43666489544731524,0.1791135280849687,0.2575513673623465
30022,self_relevant,5|branch_comp|5|0|chain,actual_need,yoked_need,mean_sensed_need_mass_share,0.4038099128758013,0.23936505428977578,0.16444485858602553
30022,self_relevant,5|branch_comp|5|0|chain,actual_need,yoked_need,self_domain_observation_share,0.6503496503496503,0.6520979020979021,-0.0017482517482517723
30022,self_relevant,5|branch_comp|5|0|chain,actual_need,yoked_need,causal_target_sensing_share,0.16433566433566432,0.11188811188811189,0.052447552447552434
30022,self_relevant,5|branch_comp|5|0|chain,actual_need,yoked_need,causal_target_sensing_selectivity,0.09484265734265733,0.04501748251748251,0.04982517482517482
30022,self_relevant,5|branch_comp|5|0|chain,actual_need,yoked_need,diagnosis_observations,262.0,260.0,2.0
30022,self_relevant,5|branch_comp|5|0|chain,actual_need,yoked_need,replicated_restoration,1.0,1.0,0.0
30022,self_relevant,5|branch_comp|5|0|chain,actual_need,yoked_need,false_null,0.0,0.0,0.0
30022,self_relevant,5|branch_comp|5|0|chain,actual_need,yoked_need,false_repair,0.0,0.0,0.0
30022,self_relevant,5|branch_comp|5|0|chain,actual_need,yoked_need,common_decoder_bridge_correct,1.0,1.0,0.0
30022,self_relevant,5|branch_comp|5|0|chain,actual_need,yoked_need,common_decoder_replicated_restoration,1.0,1.0,0.0
30023,neutral,6|context_comp|7|1|dense,actual_need,yoked_need,mean_need_target_mass_share,0.5178492710947122,0.06958296659433637,0.44826630450037586
30023,neutral,6|context_comp|7|1|dense,actual_need,yoked_need,mean_need_true_core_mass_share,0.863004671277214,0.31393764085615167,0.5490670304210623
30023,neutral,6|context_comp|7|1|dense,actual_need,yoked_need,mean_sensed_need_mass_share,0.5343929286432211,0.5922482046728876,-0.05785527602966656
30023,neutral,6|context_comp|7|1|dense,actual_need,yoked_need,self_domain_observation_share,0.6590909090909091,0.6206293706293706,0.038461538461538436
30023,neutral,6|context_comp|7|1|dense,actual_need,yoked_need,causal_target_sensing_share,0.8846153846153846,0.12237762237762238,0.7622377622377622
30023,neutral,6|context_comp|7|1|dense,actual_need,yoked_need,causal_target_sensing_selectivity,0.8087412587412587,0.044755244755244755,0.763986013986014
30023,neutral,6|context_comp|7|1|dense,actual_need,yoked_need,diagnosis_observations,301.0,305.0,-4.0
30023,neutral,6|context_comp|7|1|dense,actual_need,yoked_need,replicated_restoration,0.0,0.0,0.0
30023,neutral,6|context_comp|7|1|dense,actual_need,yoked_need,false_null,0.0,0.0,0.0
30023,neutral,6|context_comp|7|1|dense,actual_need,yoked_need,false_repair,0.0,0.0,0.0
30023,neutral,6|context_comp|7|1|dense,actual_need,yoked_need,common_decoder_bridge_correct,1.0,1.0,0.0
30023,neutral,6|context_comp|7|1|dense,actual_need,yoked_need,common_decoder_replicated_restoration,0.0,0.0,0.0
30023,self_relevant,6|context_comp|7|1|dense,actual_need,yoked_need,mean_need_target_mass_share,0.2222511667186394,0.17569013881330084,0.04656102790533856
30023,self_relevant,6|context_comp|7|1|dense,actual_need,yoked_need,mean_need_true_core_mass_share,0.5700728660105339,0.8136505082278892,-0.24357764221735534
30023,self_relevant,6|context_comp|7|1|dense,actual_need,yoked_need,mean_sensed_need_mass_share,0.4811109820806512,0.39766278252316534,0.08344819955748584
30023,self_relevant,6|context_comp|7|1|dense,actual_need,yoked_need,self_domain_observation_share,0.5821678321678322,0.548951048951049,0.03321678321678323
30023,self_relevant,6|context_comp|7|1|dense,actual_need,yoked_need,causal_target_sensing_share,0.270979020979021,0.30594405594405594,-0.03496503496503495
30023,self_relevant,6|context_comp|7|1|dense,actual_need,yoked_need,causal_target_sensing_selectivity,0.1506993006993007,0.12097902097902097,0.02972027972027974
30023,self_relevant,6|context_comp|7|1|dense,actual_need,yoked_need,diagnosis_observations,437.0,400.0,37.0
30023,self_relevant,6|context_comp|7|1|dense,actual_need,yoked_need,replicated_restoration,0.0,0.0,0.0
30023,self_relevant,6|context_comp|7|1|dense,actual_need,yoked_need,false_null,1.0,1.0,0.0
30023,self_relevant,6|context_comp|7|1|dense,actual_need,yoked_need,false_repair,0.0,0.0,0.0
30023,self_relevant,6|context_comp|7|1|dense,actual_need,yoked_need,common_decoder_bridge_correct,0.0,0.0,0.0
30023,self_relevant,6|context_comp|7|1|dense,actual_need,yoked_need,common_decoder_replicated_restoration,0.0,0.0,0.0
30024,neutral,5|branch_comp|5|0|ring,actual_need,yoked_need,mean_need_target_mass_share,0.49821279527395745,0.01734804314620071,0.48086475212775676
30024,neutral,5|branch_comp|5|0|ring,actual_need,yoked_need,mean_need_true_core_mass_share,0.9705316382849491,0.2882473807505322,0.682284257534417
30024,neutral,5|branch_comp|5|0|ring,actual_need,yoked_need,mean_sensed_need_mass_share,0.4555990749660205,0.27693245676172623,0.17866661820429425
30024,neutral,5|branch_comp|5|0|ring,actual_need,yoked_need,self_domain_observation_share,0.6573426573426573,0.6590909090909091,-0.0017482517482517723
30024,neutral,5|branch_comp|5|0|ring,actual_need,yoked_need,causal_target_sensing_share,0.7604895104895105,0.1258741258741259,0.6346153846153846
30024,neutral,5|branch_comp|5|0|ring,actual_need,yoked_need,causal_target_sensing_selectivity,0.6730769230769231,0.02972027972027974,0.6433566433566433
30024,neutral,5|branch_comp|5|0|ring,actual_need,yoked_need,diagnosis_observations,282.0,282.0,0.0
30024,neutral,5|branch_comp|5|0|ring,actual_need,yoked_need,replicated_restoration,0.0,0.0,0.0
30024,neutral,5|branch_comp|5|0|ring,actual_need,yoked_need,false_null,0.0,0.0,0.0
30024,neutral,5|branch_comp|5|0|ring,actual_need,yoked_need,false_repair,0.0,0.0,0.0
30024,neutral,5|branch_comp|5|0|ring,actual_need,yoked_need,common_decoder_bridge_correct,1.0,1.0,0.0
30024,neutral,5|branch_comp|5|0|ring,actual_need,yoked_need,common_decoder_replicated_restoration,0.0,0.0,0.0
30024,self_relevant,5|branch_comp|5|0|ring,actual_need,yoked_need,mean_need_target_mass_share,0.34443901100485563,0.0666309066359142,0.27780810436894143
30024,self_relevant,5|branch_comp|5|0|ring,actual_need,yoked_need,mean_need_true_core_mass_share,0.8826080312774114,0.5256344690398287,0.3569735622375827
30024,self_relevant,5|branch_comp|5|0|ring,actual_need,yoked_need,mean_sensed_need_mass_share,0.4348720515871681,0.3095195798913543,0.12535247169581376
30024,self_relevant,5|branch_comp|5|0|ring,actual_need,yoked_need,self_domain_observation_share,0.5472027972027972,0.6293706293706294,-0.08216783216783219
30024,self_relevant,5|branch_comp|5|0|ring,actual_need,yoked_need,causal_target_sensing_share,0.3723776223776224,0.13986013986013987,0.23251748251748253
30024,self_relevant,5|branch_comp|5|0|ring,actual_need,yoked_need,causal_target_sensing_selectivity,0.1875,-0.0625,0.25
30024,self_relevant,5|branch_comp|5|0|ring,actual_need,yoked_need,diagnosis_observations,266.0,266.0,0.0
30024,self_relevant,5|branch_comp|5|0|ring,actual_need,yoked_need,replicated_restoration,1.0,1.0,0.0
30024,self_relevant,5|branch_comp|5|0|ring,actual_need,yoked_need,false_null,0.0,0.0,0.0
30024,self_relevant,5|branch_comp|5|0|ring,actual_need,yoked_need,false_repair,0.0,0.0,0.0
30024,self_relevant,5|branch_comp|5|0|ring,actual_need,yoked_need,common_decoder_bridge_correct,1.0,1.0,0.0
30024,self_relevant,5|branch_comp|5|0|ring,actual_need,yoked_need,common_decoder_replicated_restoration,1.0,1.0,0.0
30025,neutral,6|context_comp|7|0|chain,actual_need,yoked_need,mean_need_target_mass_share,0.332287389318068,0.14547714973103756,0.18681023958703044
30025,neutral,6|context_comp|7|0|chain,actual_need,yoked_need,mean_need_true_core_mass_share,0.7595972583025898,0.27615571108201753,0.4834415472205723
30025,neutral,6|context_comp|7|0|chain,actual_need,yoked_need,mean_sensed_need_mass_share,0.33444679066556904,0.31167050236997157,0.02277628829559747
30025,neutral,6|context_comp|7|0|chain,actual_need,yoked_need,self_domain_observation_share,0.6678321678321678,0.6608391608391608,0.006993006993006978
30025,neutral,6|context_comp|7|0|chain,actual_need,yoked_need,causal_target_sensing_share,0.743006993006993,0.19055944055944055,0.5524475524475525
30025,neutral,6|context_comp|7|0|chain,actual_need,yoked_need,causal_target_sensing_selectivity,0.6702797202797203,0.13496503496503495,0.5353146853146853
30025,neutral,6|context_comp|7|0|chain,actual_need,yoked_need,diagnosis_observations,289.0,289.0,0.0
30025,neutral,6|context_comp|7|0|chain,actual_need,yoked_need,replicated_restoration,0.0,0.0,0.0
30025,neutral,6|context_comp|7|0|chain,actual_need,yoked_need,false_null,0.0,0.0,0.0
30025,neutral,6|context_comp|7|0|chain,actual_need,yoked_need,false_repair,0.0,0.0,0.0
30025,neutral,6|context_comp|7|0|chain,actual_need,yoked_need,common_decoder_bridge_correct,1.0,1.0,0.0
30025,neutral,6|context_comp|7|0|chain,actual_need,yoked_need,common_decoder_replicated_restoration,0.0,0.0,0.0
30025,self_relevant,6|context_comp|7|0|chain,actual_need,yoked_need,mean_need_target_mass_share,0.011878155576714249,0.25231305190380826,-0.240434896327094
30025,self_relevant,6|context_comp|7|0|chain,actual_need,yoked_need,mean_need_true_core_mass_share,0.5143254632293237,0.3921501592776382,0.12217530395168552
30025,self_relevant,6|context_comp|7|0|chain,actual_need,yoked_need,mean_sensed_need_mass_share,0.25867748041008815,0.2515652435031064,0.0071122369069817615
30025,self_relevant,6|context_comp|7|0|chain,actual_need,yoked_need,self_domain_observation_share,0.6381118881118881,0.6538461538461539,-0.01573426573426573
30025,self_relevant,6|context_comp|7|0|chain,actual_need,yoked_need,causal_target_sensing_share,0.019230769230769232,0.4493006993006993,-0.4300699300699301
30025,self_relevant,6|context_comp|7|0|chain,actual_need,yoked_need,causal_target_sensing_selectivity,-0.14335664335664333,0.38006993006993006,-0.5234265734265734
30025,self_relevant,6|context_comp|7|0|chain,actual_need,yoked_need,diagnosis_observations,300.0,330.0,-30.0
30025,self_relevant,6|context_comp|7|0|chain,actual_need,yoked_need,replicated_restoration,0.0,1.0,-1.0
30025,self_relevant,6|context_comp|7|0|chain,actual_need,yoked_need,false_null,1.0,0.0,1.0
30025,self_relevant,6|context_comp|7|0|chain,actual_need,yoked_need,false_repair,0.0,0.0,0.0
30025,self_relevant,6|context_comp|7|0|chain,actual_need,yoked_need,common_decoder_bridge_correct,0.0,1.0,-1.0
30025,self_relevant,6|context_comp|7|0|chain,actual_need,yoked_need,common_decoder_replicated_restoration,0.0,1.0,-1.0
30026,neutral,5|branch_comp|5|0|dense,actual_need,yoked_need,mean_need_target_mass_share,0.4701876420605733,0.0010331986993541572,0.46915444336121914
30026,neutral,5|branch_comp|5|0|dense,actual_need,yoked_need,mean_need_true_core_mass_share,0.9703513009021302,0.5586521637442773,0.4116991371578529
30026,neutral,5|branch_comp|5|0|dense,actual_need,yoked_need,mean_sensed_need_mass_share,0.4285482301978523,0.47602222176115827,-0.04747399156330595
30026,neutral,5|branch_comp|5|0|dense,actual_need,yoked_need,self_domain_observation_share,0.6608391608391608,0.6241258741258742,0.036713286713286664
30026,neutral,5|branch_comp|5|0|dense,actual_need,yoked_need,causal_target_sensing_share,0.7622377622377622,0.0472027972027972,0.715034965034965
30026,neutral,5|branch_comp|5|0|dense,actual_need,yoked_need,causal_target_sensing_selectivity,0.701486013986014,-0.17788461538461536,0.8793706293706294
30026,neutral,5|branch_comp|5|0|dense,actual_need,yoked_need,diagnosis_observations,264.0,267.0,-3.0
30026,neutral,5|branch_comp|5|0|dense,actual_need,yoked_need,replicated_restoration,0.0,0.0,0.0
30026,neutral,5|branch_comp|5|0|dense,actual_need,yoked_need,false_null,0.0,0.0,0.0
30026,neutral,5|branch_comp|5|0|dense,actual_need,yoked_need,false_repair,0.0,0.0,0.0
30026,neutral,5|branch_comp|5|0|dense,actual_need,yoked_need,common_decoder_bridge_correct,1.0,0.0,1.0
30026,neutral,5|branch_comp|5|0|dense,actual_need,yoked_need,common_decoder_replicated_restoration,0.0,0.0,0.0
30026,self_relevant,5|branch_comp|5|0|dense,actual_need,yoked_need,mean_need_target_mass_share,0.21929171592229194,0.1758479318257611,0.043443784096530824
30026,self_relevant,5|branch_comp|5|0|dense,actual_need,yoked_need,mean_need_true_core_mass_share,0.7485859366854807,0.3888673299005268,0.3597186067849539
30026,self_relevant,5|branch_comp|5|0|dense,actual_need,yoked_need,mean_sensed_need_mass_share,0.40931420895692117,0.3200842386626457,0.08922997029427548
30026,self_relevant,5|branch_comp|5|0|dense,actual_need,yoked_need,self_domain_observation_share,0.506993006993007,0.5402097902097902,-0.03321678321678323
30026,self_relevant,5|branch_comp|5|0|dense,actual_need,yoked_need,causal_target_sensing_share,0.2937062937062937,0.229020979020979,0.06468531468531469
30026,self_relevant,5|branch_comp|5|0|dense,actual_need,yoked_need,causal_target_sensing_selectivity,0.145979020979021,0.12150349650349648,0.024475524475524507
30026,self_relevant,5|branch_comp|5|0|dense,actual_need,yoked_need,diagnosis_observations,358.0,404.0,-46.0
30026,self_relevant,5|branch_comp|5|0|dense,actual_need,yoked_need,replicated_restoration,0.0,0.0,0.0
30026,self_relevant,5|branch_comp|5|0|dense,actual_need,yoked_need,false_null,1.0,1.0,0.0
30026,self_relevant,5|branch_comp|5|0|dense,actual_need,yoked_need,false_repair,0.0,0.0,0.0
30026,self_relevant,5|branch_comp|5|0|dense,actual_need,yoked_need,common_decoder_bridge_correct,0.0,0.0,0.0
30026,self_relevant,5|branch_comp|5|0|dense,actual_need,yoked_need,common_decoder_replicated_restoration,0.0,0.0,0.0
30027,neutral,6|context_comp|7|1|ring,actual_need,yoked_need,mean_need_target_mass_share,0.43855644263804217,0.424518702740991,0.014037739897051149
30027,neutral,6|context_comp|7|1|ring,actual_need,yoked_need,mean_need_true_core_mass_share,0.9530120546221827,0.6276568497253382,0.32535520489684455
30027,neutral,6|context_comp|7|1|ring,actual_need,yoked_need,mean_sensed_need_mass_share,0.41367615736246877,0.41290873741617495,0.0007674199462938125
30027,neutral,6|context_comp|7|1|ring,actual_need,yoked_need,self_domain_observation_share,0.6678321678321678,0.6573426573426573,0.010489510489510523
30027,neutral,6|context_comp|7|1|ring,actual_need,yoked_need,causal_target_sensing_share,0.8129370629370629,0.833916083916084,-0.020979020979021046
30027,neutral,6|context_comp|7|1|ring,actual_need,yoked_need,causal_target_sensing_selectivity,0.7181818181818181,0.7636363636363637,-0.045454545454545525
30027,neutral,6|context_comp|7|1|ring,actual_need,yoked_need,diagnosis_observations,289.0,290.0,-1.0
30027,neutral,6|context_comp|7|1|ring,actual_need,yoked_need,replicated_restoration,0.0,0.0,0.0
30027,neutral,6|context_comp|7|1|ring,actual_need,yoked_need,false_null,0.0,0.0,0.0
30027,neutral,6|context_comp|7|1|ring,actual_need,yoked_need,false_repair,0.0,0.0,0.0
30027,neutral,6|context_comp|7|1|ring,actual_need,yoked_need,common_decoder_bridge_correct,1.0,1.0,0.0
30027,neutral,6|context_comp|7|1|ring,actual_need,yoked_need,common_decoder_replicated_restoration,0.0,0.0,0.0
30027,self_relevant,6|context_comp|7|1|ring,actual_need,yoked_need,mean_need_target_mass_share,0.34285049934838147,0.09027836134689295,0.25257213800148853
30027,self_relevant,6|context_comp|7|1|ring,actual_need,yoked_need,mean_need_true_core_mass_share,0.9339143967435489,0.37770384838110005,0.5562105483624489
30027,self_relevant,6|context_comp|7|1|ring,actual_need,yoked_need,mean_sensed_need_mass_share,0.32840757560215744,0.34012183939767987,-0.011714263795522428
30027,self_relevant,6|context_comp|7|1|ring,actual_need,yoked_need,self_domain_observation_share,0.6346153846153846,0.5926573426573427,0.04195804195804187
30027,self_relevant,6|context_comp|7|1|ring,actual_need,yoked_need,causal_target_sensing_share,0.5314685314685315,0.1853146853146853,0.34615384615384615
30027,self_relevant,6|context_comp|7|1|ring,actual_need,yoked_need,causal_target_sensing_selectivity,0.38181818181818183,0.07972027972027972,0.3020979020979021
30027,self_relevant,6|context_comp|7|1|ring,actual_need,yoked_need,diagnosis_observations,279.0,331.0,-52.0
30027,self_relevant,6|context_comp|7|1|ring,actual_need,yoked_need,replicated_restoration,1.0,0.0,1.0
30027,self_relevant,6|context_comp|7|1|ring,actual_need,yoked_need,false_null,0.0,1.0,-1.0
30027,self_relevant,6|context_comp|7|1|ring,actual_need,yoked_need,false_repair,0.0,0.0,0.0
30027,self_relevant,6|context_comp|7|1|ring,actual_need,yoked_need,common_decoder_bridge_correct,1.0,0.0,1.0
30027,self_relevant,6|context_comp|7|1|ring,actual_need,yoked_need,common_decoder_replicated_restoration,1.0,0.0,1.0
30028,neutral,5|branch_comp|5|0|chain,actual_need,yoked_need,mean_need_target_mass_share,0.3541468871429747,0.013373897039173707,0.340772990103801
30028,neutral,5|branch_comp|5|0|chain,actual_need,yoked_need,mean_need_true_core_mass_share,0.6947823076514225,0.5858451839813092,0.10893712367011321
30028,neutral,5|branch_comp|5|0|chain,actual_need,yoked_need,mean_sensed_need_mass_share,0.4049410611993481,0.26962143244957687,0.13531962874977121
30028,neutral,5|branch_comp|5|0|chain,actual_need,yoked_need,self_domain_observation_share,0.6695804195804196,0.6608391608391608,0.00874125874125875
30028,neutral,5|branch_comp|5|0|chain,actual_need,yoked_need,causal_target_sensing_share,0.9370629370629371,0.13111888111888112,0.8059440559440559
30028,neutral,5|branch_comp|5|0|chain,actual_need,yoked_need,causal_target_sensing_selectivity,0.889423076923077,-0.07517482517482518,0.9645979020979022
30028,neutral,5|branch_comp|5|0|chain,actual_need,yoked_need,diagnosis_observations,268.0,267.0,1.0
30028,neutral,5|branch_comp|5|0|chain,actual_need,yoked_need,replicated_restoration,0.0,0.0,0.0
30028,neutral,5|branch_comp|5|0|chain,actual_need,yoked_need,false_null,0.0,0.0,0.0
30028,neutral,5|branch_comp|5|0|chain,actual_need,yoked_need,false_repair,0.0,0.0,0.0
30028,neutral,5|branch_comp|5|0|chain,actual_need,yoked_need,common_decoder_bridge_correct,1.0,0.0,1.0
30028,neutral,5|branch_comp|5|0|chain,actual_need,yoked_need,common_decoder_replicated_restoration,0.0,0.0,0.0
30028,self_relevant,5|branch_comp|5|0|chain,actual_need,yoked_need,mean_need_target_mass_share,0.1758243921667454,0.010008239335311416,0.16581615283143397
30028,self_relevant,5|branch_comp|5|0|chain,actual_need,yoked_need,mean_need_true_core_mass_share,0.5428750885665075,0.5779418634786772,-0.035066774912169696
30028,self_relevant,5|branch_comp|5|0|chain,actual_need,yoked_need,mean_sensed_need_mass_share,0.26219846893327076,0.2567091330031412,0.0054893359301295686
30028,self_relevant,5|branch_comp|5|0|chain,actual_need,yoked_need,self_domain_observation_share,0.6555944055944056,0.6573426573426573,-0.0017482517482516613
30028,self_relevant,5|branch_comp|5|0|chain,actual_need,yoked_need,causal_target_sensing_share,0.3129370629370629,0.12762237762237763,0.18531468531468528
30028,self_relevant,5|branch_comp|5|0|chain,actual_need,yoked_need,causal_target_sensing_selectivity,0.24999999999999997,-0.06730769230769229,0.3173076923076923
30028,self_relevant,5|branch_comp|5|0|chain,actual_need,yoked_need,diagnosis_observations,265.0,267.0,-2.0
30028,self_relevant,5|branch_comp|5|0|chain,actual_need,yoked_need,replicated_restoration,1.0,1.0,0.0
30028,self_relevant,5|branch_comp|5|0|chain,actual_need,yoked_need,false_null,0.0,0.0,0.0
30028,self_relevant,5|branch_comp|5|0|chain,actual_need,yoked_need,false_repair,0.0,0.0,0.0
30028,self_relevant,5|branch_comp|5|0|chain,actual_need,yoked_need,common_decoder_bridge_correct,1.0,1.0,0.0
30028,self_relevant,5|branch_comp|5|0|chain,actual_need,yoked_need,common_decoder_replicated_restoration,1.0,1.0,0.0
30029,neutral,6|context_comp|7|0|dense,actual_need,yoked_need,mean_need_target_mass_share,0.4614311321182455,0.002823148415867279,0.4586079837023782
30029,neutral,6|context_comp|7|0|dense,actual_need,yoked_need,mean_need_true_core_mass_share,0.9578610932463404,0.07942347541157814,0.8784376178347623
30029,neutral,6|context_comp|7|0|dense,actual_need,yoked_need,mean_sensed_need_mass_share,0.4696906769199303,0.5350733619612613,-0.06538268504133105
30029,neutral,6|context_comp|7|0|dense,actual_need,yoked_need,self_domain_observation_share,0.6573426573426573,0.6433566433566433,0.013986013986013957
30029,neutral,6|context_comp|7|0|dense,actual_need,yoked_need,causal_target_sensing_share,0.8251748251748252,0.13986013986013987,0.6853146853146853
30029,neutral,6|context_comp|7|0|dense,actual_need,yoked_need,causal_target_sensing_selectivity,0.7447552447552448,0.0716783216783217,0.6730769230769231
30029,neutral,6|context_comp|7|0|dense,actual_need,yoked_need,diagnosis_observations,305.0,308.0,-3.0
30029,neutral,6|context_comp|7|0|dense,actual_need,yoked_need,replicated_restoration,0.0,0.0,0.0
30029,neutral,6|context_comp|7|0|dense,actual_need,yoked_need,false_null,0.0,0.0,0.0
30029,neutral,6|context_comp|7|0|dense,actual_need,yoked_need,false_repair,0.0,0.0,0.0
30029,neutral,6|context_comp|7|0|dense,actual_need,yoked_need,common_decoder_bridge_correct,1.0,1.0,0.0
30029,neutral,6|context_comp|7|0|dense,actual_need,yoked_need,common_decoder_replicated_restoration,0.0,0.0,0.0
30029,self_relevant,6|context_comp|7|0|dense,actual_need,yoked_need,mean_need_target_mass_share,0.1113560342972993,0.04750877564080156,0.06384725865649774
30029,self_relevant,6|context_comp|7|0|dense,actual_need,yoked_need,mean_need_true_core_mass_share,0.42250129715921036,0.19490659865648396,0.2275946985027264
30029,self_relevant,6|context_comp|7|0|dense,actual_need,yoked_need,mean_sensed_need_mass_share,0.3946940709954717,0.5069449727032875,-0.11225090170781582
30029,self_relevant,6|context_comp|7|0|dense,actual_need,yoked_need,self_domain_observation_share,0.5052447552447552,0.513986013986014,-0.00874125874125875
30029,self_relevant,6|context_comp|7|0|dense,actual_need,yoked_need,causal_target_sensing_share,0.2062937062937063,0.13986013986013987,0.06643356643356643
30029,self_relevant,6|context_comp|7|0|dense,actual_need,yoked_need,causal_target_sensing_selectivity,0.08811188811188812,0.06678321678321679,0.021328671328671334
30029,self_relevant,6|context_comp|7|0|dense,actual_need,yoked_need,diagnosis_observations,350.0,378.0,-28.0
30029,self_relevant,6|context_comp|7|0|dense,actual_need,yoked_need,replicated_restoration,1.0,0.0,1.0
30029,self_relevant,6|context_comp|7|0|dense,actual_need,yoked_need,false_null,0.0,1.0,-1.0
30029,self_relevant,6|context_comp|7|0|dense,actual_need,yoked_need,false_repair,0.0,0.0,0.0
30029,self_relevant,6|context_comp|7|0|dense,actual_need,yoked_need,common_decoder_bridge_correct,1.0,0.0,1.0
30029,self_relevant,6|context_comp|7|0|dense,actual_need,yoked_need,common_decoder_replicated_restoration,1.0,0.0,1.0
30030,neutral,5|branch_comp|5|0|ring,actual_need,yoked_need,mean_need_target_mass_share,0.32560379360127645,0.0013454499570937602,0.3242583436441827
30030,neutral,5|branch_comp|5|0|ring,actual_need,yoked_need,mean_need_true_core_mass_share,0.800721345876546,0.6262135180916177,0.17450782778492824
30030,neutral,5|branch_comp|5|0|ring,actual_need,yoked_need,mean_sensed_need_mass_share,0.2830644259375665,0.34077269936644283,-0.057708273428876355
30030,neutral,5|branch_comp|5|0|ring,actual_need,yoked_need,self_domain_observation_share,0.6486013986013986,0.6590909090909091,-0.010489510489510412
30030,neutral,5|branch_comp|5|0|ring,actual_need,yoked_need,causal_target_sensing_share,0.6136363636363636,0.0979020979020979,0.5157342657342657
30030,neutral,5|branch_comp|5|0|ring,actual_need,yoked_need,causal_target_sensing_selectivity,0.5253496503496503,-0.1424825174825175,0.6678321678321678
30030,neutral,5|branch_comp|5|0|ring,actual_need,yoked_need,diagnosis_observations,271.0,268.0,3.0
30030,neutral,5|branch_comp|5|0|ring,actual_need,yoked_need,replicated_restoration,0.0,0.0,0.0
30030,neutral,5|branch_comp|5|0|ring,actual_need,yoked_need,false_null,0.0,0.0,0.0
30030,neutral,5|branch_comp|5|0|ring,actual_need,yoked_need,false_repair,0.0,0.0,0.0
30030,neutral,5|branch_comp|5|0|ring,actual_need,yoked_need,common_decoder_bridge_correct,1.0,0.0,1.0
30030,neutral,5|branch_comp|5|0|ring,actual_need,yoked_need,common_decoder_replicated_restoration,0.0,0.0,0.0
30030,self_relevant,5|branch_comp|5|0|ring,actual_need,yoked_need,mean_need_target_mass_share,0.14328937548583728,0.0008949900657550706,0.1423943854200822
30030,self_relevant,5|branch_comp|5|0|ring,actual_need,yoked_need,mean_need_true_core_mass_share,0.7040109996156931,0.4159099092673509,0.28810109034834225
30030,self_relevant,5|branch_comp|5|0|ring,actual_need,yoked_need,mean_sensed_need_mass_share,0.30110008788081466,0.30080043228428327,0.0002996555965313896
30030,self_relevant,5|branch_comp|5|0|ring,actual_need,yoked_need,self_domain_observation_share,0.6276223776223776,0.6258741258741258,0.0017482517482517723
30030,self_relevant,5|branch_comp|5|0|ring,actual_need,yoked_need,causal_target_sensing_share,0.19055944055944055,0.10139860139860139,0.08916083916083915
30030,self_relevant,5|branch_comp|5|0|ring,actual_need,yoked_need,causal_target_sensing_selectivity,-0.006555944055944091,-0.04108391608391611,0.03452797202797202
30030,self_relevant,5|branch_comp|5|0|ring,actual_need,yoked_need,diagnosis_observations,265.0,287.0,-22.0
30030,self_relevant,5|branch_comp|5|0|ring,actual_need,yoked_need,replicated_restoration,0.0,1.0,-1.0
30030,self_relevant,5|branch_comp|5|0|ring,actual_need,yoked_need,false_null,0.0,0.0,0.0
30030,self_relevant,5|branch_comp|5|0|ring,actual_need,yoked_need,false_repair,0.0,0.0,0.0
30030,self_relevant,5|branch_comp|5|0|ring,actual_need,yoked_need,common_decoder_bridge_correct,1.0,1.0,0.0
30030,self_relevant,5|branch_comp|5|0|ring,actual_need,yoked_need,common_decoder_replicated_restoration,0.0,1.0,-1.0
30031,neutral,6|context_comp|7|1|chain,actual_need,yoked_need,mean_need_target_mass_share,0.2556210865196393,0.05804802400924661,0.19757306251039267
30031,neutral,6|context_comp|7|1|chain,actual_need,yoked_need,mean_need_true_core_mass_share,0.6700624852278224,0.27839554554518614,0.3916669396826363
30031,neutral,6|context_comp|7|1|chain,actual_need,yoked_need,mean_sensed_need_mass_share,0.2612980036796118,0.29776903996266313,-0.03647103628305132
30031,neutral,6|context_comp|7|1|chain,actual_need,yoked_need,self_domain_observation_share,0.6625874125874126,0.6643356643356644,-0.0017482517482517723
30031,neutral,6|context_comp|7|1|chain,actual_need,yoked_need,causal_target_sensing_share,0.6818181818181818,0.0472027972027972,0.6346153846153846
30031,neutral,6|context_comp|7|1|chain,actual_need,yoked_need,causal_target_sensing_selectivity,0.5828671328671329,-0.07762237762237763,0.6604895104895105
30031,neutral,6|context_comp|7|1|chain,actual_need,yoked_need,diagnosis_observations,288.0,286.0,2.0
30031,neutral,6|context_comp|7|1|chain,actual_need,yoked_need,replicated_restoration,0.0,0.0,0.0
30031,neutral,6|context_comp|7|1|chain,actual_need,yoked_need,false_null,0.0,0.0,0.0
30031,neutral,6|context_comp|7|1|chain,actual_need,yoked_need,false_repair,0.0,0.0,0.0
30031,neutral,6|context_comp|7|1|chain,actual_need,yoked_need,common_decoder_bridge_correct,1.0,1.0,0.0
30031,neutral,6|context_comp|7|1|chain,actual_need,yoked_need,common_decoder_replicated_restoration,0.0,0.0,0.0
30031,self_relevant,6|context_comp|7|1|chain,actual_need,yoked_need,mean_need_target_mass_share,0.065427741755073,0.07950548244619197,-0.014077740691118973
30031,self_relevant,6|context_comp|7|1|chain,actual_need,yoked_need,mean_need_true_core_mass_share,0.5537733188201454,0.3949772717257818,0.15879604709436357
30031,self_relevant,6|context_comp|7|1|chain,actual_need,yoked_need,mean_sensed_need_mass_share,0.23872195102672614,0.2841361996886388,-0.045414248661912654
30031,self_relevant,6|context_comp|7|1|chain,actual_need,yoked_need,self_domain_observation_share,0.6625874125874126,0.5926573426573427,0.0699300699300699
30031,self_relevant,6|context_comp|7|1|chain,actual_need,yoked_need,causal_target_sensing_share,0.06293706293706294,0.13986013986013987,-0.07692307692307693
30031,self_relevant,6|context_comp|7|1|chain,actual_need,yoked_need,causal_target_sensing_selectivity,-0.0902097902097902,-0.006643356643356635,-0.08356643356643356
30031,self_relevant,6|context_comp|7|1|chain,actual_need,yoked_need,diagnosis_observations,287.0,352.0,-65.0
30031,self_relevant,6|context_comp|7|1|chain,actual_need,yoked_need,replicated_restoration,0.0,0.0,0.0
30031,self_relevant,6|context_comp|7|1|chain,actual_need,yoked_need,false_null,1.0,1.0,0.0
30031,self_relevant,6|context_comp|7|1|chain,actual_need,yoked_need,false_repair,0.0,0.0,0.0
30031,self_relevant,6|context_comp|7|1|chain,actual_need,yoked_need,common_decoder_bridge_correct,0.0,0.0,0.0
30031,self_relevant,6|context_comp|7|1|chain,actual_need,yoked_need,common_decoder_replicated_restoration,0.0,0.0,0.0
30032,neutral,5|branch_comp|5|0|dense,actual_need,yoked_need,mean_need_target_mass_share,0.4816190746257146,0.0015236523716742312,0.4800954222540404
30032,neutral,5|branch_comp|5|0|dense,actual_need,yoked_need,mean_need_true_core_mass_share,0.8042466597069486,0.8478560998668748,-0.04360944015992618
30032,neutral,5|branch_comp|5|0|dense,actual_need,yoked_need,mean_sensed_need_mass_share,0.4754712704322026,0.6365022145817124,-0.1610309441495098
30032,neutral,5|branch_comp|5|0|dense,actual_need,yoked_need,self_domain_observation_share,0.6206293706293706,0.6363636363636364,-0.01573426573426573
30032,neutral,5|branch_comp|5|0|dense,actual_need,yoked_need,causal_target_sensing_share,0.8636363636363636,0.06643356643356643,0.7972027972027972
30032,neutral,5|branch_comp|5|0|dense,actual_need,yoked_need,causal_target_sensing_selectivity,0.8146853146853147,-0.18793706293706294,1.0026223776223777
30032,neutral,5|branch_comp|5|0|dense,actual_need,yoked_need,diagnosis_observations,269.0,279.0,-10.0
30032,neutral,5|branch_comp|5|0|dense,actual_need,yoked_need,replicated_restoration,0.0,0.0,0.0
30032,neutral,5|branch_comp|5|0|dense,actual_need,yoked_need,false_null,0.0,0.0,0.0
30032,neutral,5|branch_comp|5|0|dense,actual_need,yoked_need,false_repair,0.0,0.0,0.0
30032,neutral,5|branch_comp|5|0|dense,actual_need,yoked_need,common_decoder_bridge_correct,1.0,1.0,0.0
30032,neutral,5|branch_comp|5|0|dense,actual_need,yoked_need,common_decoder_replicated_restoration,0.0,0.0,0.0
30032,self_relevant,5|branch_comp|5|0|dense,actual_need,yoked_need,mean_need_target_mass_share,0.09350600124179705,0.017808468467741204,0.07569753277405585
30032,self_relevant,5|branch_comp|5|0|dense,actual_need,yoked_need,mean_need_true_core_mass_share,0.35838362455709416,0.31593302014154623,0.04245060441554793
30032,self_relevant,5|branch_comp|5|0|dense,actual_need,yoked_need,mean_sensed_need_mass_share,0.3284283920775704,0.6072979765993483,-0.27886958452177785
30032,self_relevant,5|branch_comp|5|0|dense,actual_need,yoked_need,self_domain_observation_share,0.5454545454545454,0.5192307692307693,0.02622377622377614
30032,self_relevant,5|branch_comp|5|0|dense,actual_need,yoked_need,causal_target_sensing_share,0.20454545454545456,0.07867132867132867,0.1258741258741259
30032,self_relevant,5|branch_comp|5|0|dense,actual_need,yoked_need,causal_target_sensing_selectivity,0.09790209790209792,-0.02797202797202797,0.1258741258741259
30032,self_relevant,5|branch_comp|5|0|dense,actual_need,yoked_need,diagnosis_observations,453.0,350.0,103.0
30032,self_relevant,5|branch_comp|5|0|dense,actual_need,yoked_need,replicated_restoration,1.0,0.0,1.0
30032,self_relevant,5|branch_comp|5|0|dense,actual_need,yoked_need,false_null,0.0,1.0,-1.0
30032,self_relevant,5|branch_comp|5|0|dense,actual_need,yoked_need,false_repair,0.0,0.0,0.0
30032,self_relevant,5|branch_comp|5|0|dense,actual_need,yoked_need,common_decoder_bridge_correct,1.0,0.0,1.0
30032,self_relevant,5|branch_comp|5|0|dense,actual_need,yoked_need,common_decoder_replicated_restoration,1.0,0.0,1.0
30033,neutral,6|context_comp|7|0|ring,actual_need,yoked_need,mean_need_target_mass_share,0.26854166479479535,0.4279998001686565,-0.15945813537386117
30033,neutral,6|context_comp|7|0|ring,actual_need,yoked_need,mean_need_true_core_mass_share,0.8058810105396297,0.6165270960844944,0.18935391445513527
30033,neutral,6|context_comp|7|0|ring,actual_need,yoked_need,mean_sensed_need_mass_share,0.2607171777191596,0.4053003593315126,-0.144583181612353
30033,neutral,6|context_comp|7|0|ring,actual_need,yoked_need,self_domain_observation_share,0.6590909090909091,0.6573426573426573,0.0017482517482517723
30033,neutral,6|context_comp|7|0|ring,actual_need,yoked_need,causal_target_sensing_share,0.6486013986013986,0.756993006993007,-0.10839160839160833
30033,neutral,6|context_comp|7|0|ring,actual_need,yoked_need,causal_target_sensing_selectivity,0.5625874125874126,0.715034965034965,-0.15244755244755237
30033,neutral,6|context_comp|7|0|ring,actual_need,yoked_need,diagnosis_observations,293.0,287.0,6.0
30033,neutral,6|context_comp|7|0|ring,actual_need,yoked_need,replicated_restoration,0.0,0.0,0.0
30033,neutral,6|context_comp|7|0|ring,actual_need,yoked_need,false_null,0.0,0.0,0.0
30033,neutral,6|context_comp|7|0|ring,actual_need,yoked_need,false_repair,0.0,0.0,0.0
30033,neutral,6|context_comp|7|0|ring,actual_need,yoked_need,common_decoder_bridge_correct,1.0,1.0,0.0
30033,neutral,6|context_comp|7|0|ring,actual_need,yoked_need,common_decoder_replicated_restoration,0.0,0.0,0.0
30033,self_relevant,6|context_comp|7|0|ring,actual_need,yoked_need,mean_need_target_mass_share,0.061027674036048085,0.28750704180821485,-0.22647936777216676
30033,self_relevant,6|context_comp|7|0|ring,actual_need,yoked_need,mean_need_true_core_mass_share,0.6551671416448663,0.5230587013166276,0.13210844032823876
30033,self_relevant,6|context_comp|7|0|ring,actual_need,yoked_need,mean_sensed_need_mass_share,0.259728541369016,0.32804666203962723,-0.06831812067061122
30033,self_relevant,6|context_comp|7|0|ring,actual_need,yoked_need,self_domain_observation_share,0.6468531468531469,0.5734265734265734,0.07342657342657344
30033,self_relevant,6|context_comp|7|0|ring,actual_need,yoked_need,causal_target_sensing_share,0.15034965034965034,0.46153846153846156,-0.31118881118881125
30033,self_relevant,6|context_comp|7|0|ring,actual_need,yoked_need,causal_target_sensing_selectivity,0.015384615384615385,0.41048951048951055,-0.39510489510489516
30033,self_relevant,6|context_comp|7|0|ring,actual_need,yoked_need,diagnosis_observations,274.0,277.0,-3.0
30033,self_relevant,6|context_comp|7|0|ring,actual_need,yoked_need,replicated_restoration,1.0,1.0,0.0
30033,self_relevant,6|context_comp|7|0|ring,actual_need,yoked_need,false_null,0.0,0.0,0.0
30033,self_relevant,6|context_comp|7|0|ring,actual_need,yoked_need,false_repair,0.0,0.0,0.0
30033,self_relevant,6|context_comp|7|0|ring,actual_need,yoked_need,common_decoder_bridge_correct,1.0,1.0,0.0
30033,self_relevant,6|context_comp|7|0|ring,actual_need,yoked_need,common_decoder_replicated_restoration,1.0,1.0,0.0
30034,neutral,5|branch_comp|5|0|chain,actual_need,yoked_need,mean_need_target_mass_share,0.30874724629162226,0.12823399529164933,0.18051325099997292
30034,neutral,5|branch_comp|5|0|chain,actual_need,yoked_need,mean_need_true_core_mass_share,0.7657618250496973,0.4214914164395742,0.34427040861012304
30034,neutral,5|branch_comp|5|0|chain,actual_need,yoked_need,mean_sensed_need_mass_share,0.27407950265017716,0.2842706202659118,-0.010191117615734657
30034,neutral,5|branch_comp|5|0|chain,actual_need,yoked_need,self_domain_observation_share,0.6643356643356644,0.6608391608391608,0.0034965034965035446
30034,neutral,5|branch_comp|5|0|chain,actual_need,yoked_need,causal_target_sensing_share,0.5157342657342657,0.11888111888111888,0.3968531468531469
30034,neutral,5|branch_comp|5|0|chain,actual_need,yoked_need,causal_target_sensing_selectivity,0.402534965034965,0.013548951048951041,0.38898601398601396
30034,neutral,5|branch_comp|5|0|chain,actual_need,yoked_need,diagnosis_observations,281.0,281.0,0.0
30034,neutral,5|branch_comp|5|0|chain,actual_need,yoked_need,replicated_restoration,0.0,0.0,0.0
30034,neutral,5|branch_comp|5|0|chain,actual_need,yoked_need,false_null,0.0,0.0,0.0
30034,neutral,5|branch_comp|5|0|chain,actual_need,yoked_need,false_repair,0.0,0.0,0.0
30034,neutral,5|branch_comp|5|0|chain,actual_need,yoked_need,common_decoder_bridge_correct,1.0,1.0,0.0
30034,neutral,5|branch_comp|5|0|chain,actual_need,yoked_need,common_decoder_replicated_restoration,0.0,0.0,0.0
30034,self_relevant,5|branch_comp|5|0|chain,actual_need,yoked_need,mean_need_target_mass_share,0.24529024096799548,0.11296215583007196,0.13232808513792352
30034,self_relevant,5|branch_comp|5|0|chain,actual_need,yoked_need,mean_need_true_core_mass_share,0.7139173157652307,0.5008888453348663,0.21302847043036433
30034,self_relevant,5|branch_comp|5|0|chain,actual_need,yoked_need,mean_sensed_need_mass_share,0.26021722366735,0.3425217522611611,-0.0823045285938111
30034,self_relevant,5|branch_comp|5|0|chain,actual_need,yoked_need,self_domain_observation_share,0.6573426573426573,0.6398601398601399,0.01748251748251739
30034,self_relevant,5|branch_comp|5|0|chain,actual_need,yoked_need,causal_target_sensing_share,0.40559440559440557,0.09265734265734266,0.3129370629370629
30034,self_relevant,5|branch_comp|5|0|chain,actual_need,yoked_need,causal_target_sensing_selectivity,0.2596153846153846,-0.10096153846153846,0.360576923076923
30034,self_relevant,5|branch_comp|5|0|chain,actual_need,yoked_need,diagnosis_observations,265.0,266.0,-1.0
30034,self_relevant,5|branch_comp|5|0|chain,actual_need,yoked_need,replicated_restoration,1.0,0.0,1.0
30034,self_relevant,5|branch_comp|5|0|chain,actual_need,yoked_need,false_null,0.0,1.0,-1.0
30034,self_relevant,5|branch_comp|5|0|chain,actual_need,yoked_need,false_repair,0.0,0.0,0.0
30034,self_relevant,5|branch_comp|5|0|chain,actual_need,yoked_need,common_decoder_bridge_correct,1.0,0.0,1.0
30034,self_relevant,5|branch_comp|5|0|chain,actual_need,yoked_need,common_decoder_replicated_restoration,1.0,0.0,1.0
30035,neutral,6|context_comp|7|1|dense,actual_need,yoked_need,mean_need_target_mass_share,0.5799355378042541,0.009832945430280134,0.570102592373974
30035,neutral,6|context_comp|7|1|dense,actual_need,yoked_need,mean_need_true_core_mass_share,0.7697074785990208,0.10830635958783265,0.6614011190111881
30035,neutral,6|context_comp|7|1|dense,actual_need,yoked_need,mean_sensed_need_mass_share,0.5957392219677268,0.702578777435594,-0.10683955546786728
30035,neutral,6|context_comp|7|1|dense,actual_need,yoked_need,self_domain_observation_share,0.6328671328671329,0.6416083916083916,-0.00874125874125864
30035,neutral,6|context_comp|7|1|dense,actual_need,yoked_need,causal_target_sensing_share,0.8461538461538461,0.008741258741258742,0.8374125874125874
30035,neutral,6|context_comp|7|1|dense,actual_need,yoked_need,causal_target_sensing_selectivity,0.763986013986014,-0.07692307692307693,0.8409090909090908
30035,neutral,6|context_comp|7|1|dense,actual_need,yoked_need,diagnosis_observations,348.0,314.0,34.0
30035,neutral,6|context_comp|7|1|dense,actual_need,yoked_need,replicated_restoration,0.0,0.0,0.0
30035,neutral,6|context_comp|7|1|dense,actual_need,yoked_need,false_null,0.0,0.0,0.0
30035,neutral,6|context_comp|7|1|dense,actual_need,yoked_need,false_repair,0.0,0.0,0.0
30035,neutral,6|context_comp|7|1|dense,actual_need,yoked_need,common_decoder_bridge_correct,1.0,1.0,0.0
30035,neutral,6|context_comp|7|1|dense,actual_need,yoked_need,common_decoder_replicated_restoration,0.0,0.0,0.0
30035,self_relevant,6|context_comp|7|1|dense,actual_need,yoked_need,mean_need_target_mass_share,0.018874352988258614,0.003916129739809995,0.014958223248448619
30035,self_relevant,6|context_comp|7|1|dense,actual_need,yoked_need,mean_need_true_core_mass_share,0.28157919980221097,0.3882928476377217,-0.10671364783551074
30035,self_relevant,6|context_comp|7|1|dense,actual_need,yoked_need,mean_sensed_need_mass_share,0.406398622653868,0.3171797428356267,0.08921887981824128
30035,self_relevant,6|context_comp|7|1|dense,actual_need,yoked_need,self_domain_observation_share,0.5437062937062938,0.5297202797202797,0.013986013986014068
30035,self_relevant,6|context_comp|7|1|dense,actual_need,yoked_need,causal_target_sensing_share,0.03496503496503497,0.050699300699300696,-0.01573426573426573
30035,self_relevant,6|context_comp|7|1|dense,actual_need,yoked_need,causal_target_sensing_selectivity,-0.1034965034965035,-0.08496503496503496,-0.01853146853146853
30035,self_relevant,6|context_comp|7|1|dense,actual_need,yoked_need,diagnosis_observations,360.0,371.0,-11.0
30035,self_relevant,6|context_comp|7|1|dense,actual_need,yoked_need,replicated_restoration,0.0,0.0,0.0
30035,self_relevant,6|context_comp|7|1|dense,actual_need,yoked_need,false_null,1.0,1.0,0.0
30035,self_relevant,6|context_comp|7|1|dense,actual_need,yoked_need,false_repair,0.0,0.0,0.0
30035,self_relevant,6|context_comp|7|1|dense,actual_need,yoked_need,common_decoder_bridge_correct,0.0,0.0,0.0
30035,self_relevant,6|context_comp|7|1|dense,actual_need,yoked_need,common_decoder_replicated_restoration,0.0,0.0,0.0
30036,neutral,5|branch_comp|5|0|ring,actual_need,yoked_need,mean_need_target_mass_share,0.36021762229355486,0.01184604072722928,0.3483715815663256
30036,neutral,5|branch_comp|5|0|ring,actual_need,yoked_need,mean_need_true_core_mass_share,0.840596449625782,0.05305857085685954,0.7875378787689225
30036,neutral,5|branch_comp|5|0|ring,actual_need,yoked_need,mean_sensed_need_mass_share,0.33684001436265426,0.36073983303692814,-0.023899818674273876
30036,neutral,5|branch_comp|5|0|ring,actual_need,yoked_need,self_domain_observation_share,0.666083916083916,0.6590909090909091,0.006993006993006978
30036,neutral,5|branch_comp|5|0|ring,actual_need,yoked_need,causal_target_sensing_share,0.701048951048951,0.09615384615384616,0.6048951048951049
30036,neutral,5|branch_comp|5|0|ring,actual_need,yoked_need,causal_target_sensing_selectivity,0.6027097902097902,0.029283216783216784,0.5734265734265734
30036,neutral,5|branch_comp|5|0|ring,actual_need,yoked_need,diagnosis_observations,289.0,266.0,23.0
30036,neutral,5|branch_comp|5|0|ring,actual_need,yoked_need,replicated_restoration,0.0,0.0,0.0
30036,neutral,5|branch_comp|5|0|ring,actual_need,yoked_need,false_null,0.0,0.0,0.0
30036,neutral,5|branch_comp|5|0|ring,actual_need,yoked_need,false_repair,0.0,0.0,0.0
30036,neutral,5|branch_comp|5|0|ring,actual_need,yoked_need,common_decoder_bridge_correct,1.0,1.0,0.0
30036,neutral,5|branch_comp|5|0|ring,actual_need,yoked_need,common_decoder_replicated_restoration,0.0,0.0,0.0
30036,self_relevant,5|branch_comp|5|0|ring,actual_need,yoked_need,mean_need_target_mass_share,0.11405960815455798,0.010858130222553585,0.1032014779320044
30036,self_relevant,5|branch_comp|5|0|ring,actual_need,yoked_need,mean_need_true_core_mass_share,0.5527670781912551,0.07558202629020543,0.4771850519010497
30036,self_relevant,5|branch_comp|5|0|ring,actual_need,yoked_need,mean_sensed_need_mass_share,0.3069558654103375,0.33816346695776633,-0.031207601547428854
30036,self_relevant,5|branch_comp|5|0|ring,actual_need,yoked_need,self_domain_observation_share,0.6206293706293706,0.5786713286713286,0.04195804195804198
30036,self_relevant,5|branch_comp|5|0|ring,actual_need,yoked_need,causal_target_sensing_share,0.18181818181818182,0.0944055944055944,0.08741258741258742
30036,self_relevant,5|branch_comp|5|0|ring,actual_need,yoked_need,causal_target_sensing_selectivity,0.03277972027972029,0.01573426573426573,0.017045454545454558
30036,self_relevant,5|branch_comp|5|0|ring,actual_need,yoked_need,diagnosis_observations,261.0,267.0,-6.0
30036,self_relevant,5|branch_comp|5|0|ring,actual_need,yoked_need,replicated_restoration,0.0,0.0,0.0
30036,self_relevant,5|branch_comp|5|0|ring,actual_need,yoked_need,false_null,0.0,1.0,-1.0
30036,self_relevant,5|branch_comp|5|0|ring,actual_need,yoked_need,false_repair,0.0,0.0,0.0
30036,self_relevant,5|branch_comp|5|0|ring,actual_need,yoked_need,common_decoder_bridge_correct,1.0,0.0,1.0
30036,self_relevant,5|branch_comp|5|0|ring,actual_need,yoked_need,common_decoder_replicated_restoration,0.0,0.0,0.0
30037,neutral,6|context_comp|7|0|chain,actual_need,yoked_need,mean_need_target_mass_share,0.31006376815180203,0.002687217370454831,0.3073765507813472
30037,neutral,6|context_comp|7|0|chain,actual_need,yoked_need,mean_need_true_core_mass_share,0.7690285169277715,0.0835877404066571,0.6854407765211145
30037,neutral,6|context_comp|7|0|chain,actual_need,yoked_need,mean_sensed_need_mass_share,0.30788123376911997,0.6431836305097693,-0.3353023967406494
30037,neutral,6|context_comp|7|0|chain,actual_need,yoked_need,self_domain_observation_share,0.6713286713286714,0.6730769230769231,-0.0017482517482517723
30037,neutral,6|context_comp|7|0|chain,actual_need,yoked_need,causal_target_sensing_share,0.6451048951048951,0.0017482517482517483,0.6433566433566433
30037,neutral,6|context_comp|7|0|chain,actual_need,yoked_need,causal_target_sensing_selectivity,0.5426573426573427,-0.05664335664335664,0.5993006993006993
30037,neutral,6|context_comp|7|0|chain,actual_need,yoked_need,diagnosis_observations,292.0,292.0,0.0
30037,neutral,6|context_comp|7|0|chain,actual_need,yoked_need,replicated_restoration,0.0,0.0,0.0
30037,neutral,6|context_comp|7|0|chain,actual_need,yoked_need,false_null,0.0,0.0,0.0
30037,neutral,6|context_comp|7|0|chain,actual_need,yoked_need,false_repair,0.0,0.0,0.0
30037,neutral,6|context_comp|7|0|chain,actual_need,yoked_need,common_decoder_bridge_correct,1.0,1.0,0.0
30037,neutral,6|context_comp|7|0|chain,actual_need,yoked_need,common_decoder_replicated_restoration,0.0,0.0,0.0
30037,self_relevant,6|context_comp|7|0|chain,actual_need,yoked_need,mean_need_target_mass_share,0.05098992661039199,0.001295577294904688,0.0496943493154873
30037,self_relevant,6|context_comp|7|0|chain,actual_need,yoked_need,mean_need_true_core_mass_share,0.6031349235301998,0.06624818838377572,0.5368867351464242
30037,self_relevant,6|context_comp|7|0|chain,actual_need,yoked_need,mean_sensed_need_mass_share,0.25514202232369376,0.5456149485691746,-0.2904729262454808
30037,self_relevant,6|context_comp|7|0|chain,actual_need,yoked_need,self_domain_observation_share,0.6555944055944056,0.5821678321678322,0.07342657342657344
30037,self_relevant,6|context_comp|7|0|chain,actual_need,yoked_need,causal_target_sensing_share,0.022727272727272728,0.0034965034965034965,0.019230769230769232
30037,self_relevant,6|context_comp|7|0|chain,actual_need,yoked_need,causal_target_sensing_selectivity,-0.17797202797202796,-0.06503496503496503,-0.11293706293706293
30037,self_relevant,6|context_comp|7|0|chain,actual_need,yoked_need,diagnosis_observations,291.0,347.0,-56.0
30037,self_relevant,6|context_comp|7|0|chain,actual_need,yoked_need,replicated_restoration,0.0,0.0,0.0
30037,self_relevant,6|context_comp|7|0|chain,actual_need,yoked_need,false_null,1.0,1.0,0.0
30037,self_relevant,6|context_comp|7|0|chain,actual_need,yoked_need,false_repair,0.0,0.0,0.0
30037,self_relevant,6|context_comp|7|0|chain,actual_need,yoked_need,common_decoder_bridge_correct,0.0,0.0,0.0
30037,self_relevant,6|context_comp|7|0|chain,actual_need,yoked_need,common_decoder_replicated_restoration,0.0,0.0,0.0
30038,neutral,5|branch_comp|5|0|dense,actual_need,yoked_need,mean_need_target_mass_share,0.6408164924530717,0.1096704866921507,0.531146005760921
30038,neutral,5|branch_comp|5|0|dense,actual_need,yoked_need,mean_need_true_core_mass_share,0.9407256740334012,0.20381758207070186,0.7369080919626994
30038,neutral,5|branch_comp|5|0|dense,actual_need,yoked_need,mean_sensed_need_mass_share,0.6441464296330727,0.34213734681646607,0.3020090828166066
30038,neutral,5|branch_comp|5|0|dense,actual_need,yoked_need,self_domain_observation_share,0.6276223776223776,0.6625874125874126,-0.034965034965035
30038,neutral,5|branch_comp|5|0|dense,actual_need,yoked_need,causal_target_sensing_share,0.9230769230769231,0.09265734265734266,0.8304195804195804
30038,neutral,5|branch_comp|5|0|dense,actual_need,yoked_need,causal_target_sensing_selectivity,0.8640734265734267,0.016608391608391615,0.847465034965035
30038,neutral,5|branch_comp|5|0|dense,actual_need,yoked_need,diagnosis_observations,278.0,267.0,11.0
30038,neutral,5|branch_comp|5|0|dense,actual_need,yoked_need,replicated_restoration,0.0,0.0,0.0
30038,neutral,5|branch_comp|5|0|dense,actual_need,yoked_need,false_null,0.0,0.0,0.0
30038,neutral,5|branch_comp|5|0|dense,actual_need,yoked_need,false_repair,0.0,0.0,0.0
30038,neutral,5|branch_comp|5|0|dense,actual_need,yoked_need,common_decoder_bridge_correct,1.0,0.0,1.0
30038,neutral,5|branch_comp|5|0|dense,actual_need,yoked_need,common_decoder_replicated_restoration,0.0,0.0,0.0
30038,self_relevant,5|branch_comp|5|0|dense,actual_need,yoked_need,mean_need_target_mass_share,0.11746149377046149,0.04797488522113788,0.0694866085493236
30038,self_relevant,5|branch_comp|5|0|dense,actual_need,yoked_need,mean_need_true_core_mass_share,0.33854554920062496,0.18410946596746222,0.15443608323316274
30038,self_relevant,5|branch_comp|5|0|dense,actual_need,yoked_need,mean_sensed_need_mass_share,0.6147327929154998,0.5135524888306277,0.10118030408487211
30038,self_relevant,5|branch_comp|5|0|dense,actual_need,yoked_need,self_domain_observation_share,0.5192307692307693,0.6048951048951049,-0.08566433566433562
30038,self_relevant,5|branch_comp|5|0|dense,actual_need,yoked_need,causal_target_sensing_share,0.16783216783216784,0.05244755244755245,0.11538461538461539
30038,self_relevant,5|branch_comp|5|0|dense,actual_need,yoked_need,causal_target_sensing_selectivity,0.0659965034965035,-0.02753496503496504,0.09353146853146854
30038,self_relevant,5|branch_comp|5|0|dense,actual_need,yoked_need,diagnosis_observations,378.0,262.0,116.0
30038,self_relevant,5|branch_comp|5|0|dense,actual_need,yoked_need,replicated_restoration,1.0,1.0,0.0
30038,self_relevant,5|branch_comp|5|0|dense,actual_need,yoked_need,false_null,0.0,0.0,0.0
30038,self_relevant,5|branch_comp|5|0|dense,actual_need,yoked_need,false_repair,0.0,0.0,0.0
30038,self_relevant,5|branch_comp|5|0|dense,actual_need,yoked_need,common_decoder_bridge_correct,1.0,1.0,0.0
30038,self_relevant,5|branch_comp|5|0|dense,actual_need,yoked_need,common_decoder_replicated_restoration,1.0,1.0,0.0
30039,neutral,6|context_comp|7|1|ring,actual_need,yoked_need,mean_need_target_mass_share,0.424518702740991,0.002059426281157942,0.42245927645983306
30039,neutral,6|context_comp|7|1|ring,actual_need,yoked_need,mean_need_true_core_mass_share,0.8268738316855971,0.2362388562057286,0.5906349754798685
30039,neutral,6|context_comp|7|1|ring,actual_need,yoked_need,mean_sensed_need_mass_share,0.42742620315039787,0.6016259645411967,-0.1741997613907988
30039,neutral,6|context_comp|7|1|ring,actual_need,yoked_need,self_domain_observation_share,0.666083916083916,0.6608391608391608,0.005244755244755206
30039,neutral,6|context_comp|7|1|ring,actual_need,yoked_need,causal_target_sensing_share,0.8758741258741258,0.06468531468531469,0.8111888111888111
30039,neutral,6|context_comp|7|1|ring,actual_need,yoked_need,causal_target_sensing_selectivity,0.8052447552447553,-0.013286713286713284,0.8185314685314685
30039,neutral,6|context_comp|7|1|ring,actual_need,yoked_need,diagnosis_observations,287.0,294.0,-7.0
30039,neutral,6|context_comp|7|1|ring,actual_need,yoked_need,replicated_restoration,0.0,0.0,0.0
30039,neutral,6|context_comp|7|1|ring,actual_need,yoked_need,false_null,0.0,0.0,0.0
30039,neutral,6|context_comp|7|1|ring,actual_need,yoked_need,false_repair,0.0,0.0,0.0
30039,neutral,6|context_comp|7|1|ring,actual_need,yoked_need,common_decoder_bridge_correct,1.0,1.0,0.0
30039,neutral,6|context_comp|7|1|ring,actual_need,yoked_need,common_decoder_replicated_restoration,0.0,0.0,0.0
30039,self_relevant,6|context_comp|7|1|ring,actual_need,yoked_need,mean_need_target_mass_share,0.09027836134689295,0.0010733252478964867,0.08920503609899647
30039,self_relevant,6|context_comp|7|1|ring,actual_need,yoked_need,mean_need_true_core_mass_share,0.353121966466713,0.3127774431144021,0.040344523352310924
30039,self_relevant,6|context_comp|7|1|ring,actual_need,yoked_need,mean_sensed_need_mass_share,0.33131887634724844,0.39652908069822657,-0.06521020435097813
30039,self_relevant,6|context_comp|7|1|ring,actual_need,yoked_need,self_domain_observation_share,0.5804195804195804,0.5104895104895105,0.0699300699300699
30039,self_relevant,6|context_comp|7|1|ring,actual_need,yoked_need,causal_target_sensing_share,0.1888111888111888,0.08041958041958042,0.10839160839160839
30039,self_relevant,6|context_comp|7|1|ring,actual_need,yoked_need,causal_target_sensing_selectivity,0.06538461538461537,-0.021678321678321677,0.08706293706293705
30039,self_relevant,6|context_comp|7|1|ring,actual_need,yoked_need,diagnosis_observations,288.0,456.0,-168.0
30039,self_relevant,6|context_comp|7|1|ring,actual_need,yoked_need,replicated_restoration,1.0,0.0,1.0
30039,self_relevant,6|context_comp|7|1|ring,actual_need,yoked_need,false_null,0.0,1.0,-1.0
30039,self_relevant,6|context_comp|7|1|ring,actual_need,yoked_need,false_repair,0.0,0.0,0.0
30039,self_relevant,6|context_comp|7|1|ring,actual_need,yoked_need,common_decoder_bridge_correct,1.0,0.0,1.0
30039,self_relevant,6|context_comp|7|1|ring,actual_need,yoked_need,common_decoder_replicated_restoration,1.0,0.0,1.0
30040,neutral,5|branch_comp|5|0|chain,actual_need,yoked_need,mean_need_target_mass_share,0.3185557389008108,0.11074045949289728,0.2078152794079135
30040,neutral,5|branch_comp|5|0|chain,actual_need,yoked_need,mean_need_true_core_mass_share,0.8031997236063413,0.7091656680457763,0.09403405556056499
30040,neutral,5|branch_comp|5|0|chain,actual_need,yoked_need,mean_sensed_need_mass_share,0.2888424056391001,0.33148413725959036,-0.042641731620490286
30040,neutral,5|branch_comp|5|0|chain,actual_need,yoked_need,self_domain_observation_share,0.6590909090909091,0.6608391608391608,-0.0017482517482517723
30040,neutral,5|branch_comp|5|0|chain,actual_need,yoked_need,causal_target_sensing_share,0.541958041958042,0.09265734265734266,0.4493006993006993
30040,neutral,5|branch_comp|5|0|chain,actual_need,yoked_need,causal_target_sensing_selectivity,0.39903846153846156,-0.166520979020979,0.5655594405594406
30040,neutral,5|branch_comp|5|0|chain,actual_need,yoked_need,diagnosis_observations,290.0,266.0,24.0
30040,neutral,5|branch_comp|5|0|chain,actual_need,yoked_need,replicated_restoration,0.0,0.0,0.0
30040,neutral,5|branch_comp|5|0|chain,actual_need,yoked_need,false_null,0.0,0.0,0.0
30040,neutral,5|branch_comp|5|0|chain,actual_need,yoked_need,false_repair,0.0,0.0,0.0
30040,neutral,5|branch_comp|5|0|chain,actual_need,yoked_need,common_decoder_bridge_correct,1.0,1.0,0.0
30040,neutral,5|branch_comp|5|0|chain,actual_need,yoked_need,common_decoder_replicated_restoration,0.0,0.0,0.0
30040,self_relevant,5|branch_comp|5|0|chain,actual_need,yoked_need,mean_need_target_mass_share,0.07795084903214956,0.05542136669952075,0.022529482332628817
30040,self_relevant,5|branch_comp|5|0|chain,actual_need,yoked_need,mean_need_true_core_mass_share,0.7487210500123473,0.3406513618652924,0.40806968814705497
30040,self_relevant,5|branch_comp|5|0|chain,actual_need,yoked_need,mean_sensed_need_mass_share,0.3520425764583027,0.3334398039899762,0.018602772468326534
30040,self_relevant,5|branch_comp|5|0|chain,actual_need,yoked_need,self_domain_observation_share,0.6381118881118881,0.5909090909090909,0.047202797202797186
30040,self_relevant,5|branch_comp|5|0|chain,actual_need,yoked_need,causal_target_sensing_share,0.03671328671328671,0.038461538461538464,-0.0017482517482517515
30040,self_relevant,5|branch_comp|5|0|chain,actual_need,yoked_need,causal_target_sensing_selectivity,-0.23557692307692307,-0.08916083916083917,-0.1464160839160839
30040,self_relevant,5|branch_comp|5|0|chain,actual_need,yoked_need,diagnosis_observations,346.0,533.0,-187.0
30040,self_relevant,5|branch_comp|5|0|chain,actual_need,yoked_need,replicated_restoration,1.0,0.0,1.0
30040,self_relevant,5|branch_comp|5|0|chain,actual_need,yoked_need,false_null,0.0,1.0,-1.0
30040,self_relevant,5|branch_comp|5|0|chain,actual_need,yoked_need,false_repair,0.0,0.0,0.0
30040,self_relevant,5|branch_comp|5|0|chain,actual_need,yoked_need,common_decoder_bridge_correct,1.0,0.0,1.0
30040,self_relevant,5|branch_comp|5|0|chain,actual_need,yoked_need,common_decoder_replicated_restoration,1.0,0.0,1.0
30041,neutral,6|context_comp|7|0|dense,actual_need,yoked_need,mean_need_target_mass_share,0.5557728050825038,0.00035365811539654347,0.5554191469671073
30041,neutral,6|context_comp|7|0|dense,actual_need,yoked_need,mean_need_true_core_mass_share,0.9511214927412369,0.6919260191443093,0.25919547359692763
30041,neutral,6|context_comp|7|0|dense,actual_need,yoked_need,mean_sensed_need_mass_share,0.521606189448432,0.685967395652617,-0.16436120620418504
30041,neutral,6|context_comp|7|0|dense,actual_need,yoked_need,self_domain_observation_share,0.6486013986013986,0.6328671328671329,0.01573426573426573
30041,neutral,6|context_comp|7|0|dense,actual_need,yoked_need,causal_target_sensing_share,0.7622377622377622,0.10314685314685315,0.6590909090909091
30041,neutral,6|context_comp|7|0|dense,actual_need,yoked_need,causal_target_sensing_selectivity,0.6636363636363636,-0.12447552447552446,0.788111888111888
30041,neutral,6|context_comp|7|0|dense,actual_need,yoked_need,diagnosis_observations,338.0,316.0,22.0
30041,neutral,6|context_comp|7|0|dense,actual_need,yoked_need,replicated_restoration,0.0,0.0,0.0
30041,neutral,6|context_comp|7|0|dense,actual_need,yoked_need,false_null,0.0,0.0,0.0
30041,neutral,6|context_comp|7|0|dense,actual_need,yoked_need,false_repair,0.0,0.0,0.0
30041,neutral,6|context_comp|7|0|dense,actual_need,yoked_need,common_decoder_bridge_correct,1.0,1.0,0.0
30041,neutral,6|context_comp|7|0|dense,actual_need,yoked_need,common_decoder_replicated_restoration,0.0,0.0,0.0
30041,self_relevant,6|context_comp|7|0|dense,actual_need,yoked_need,mean_need_target_mass_share,0.07885359882368427,0.00015374796585900208,0.07869985085782527
30041,self_relevant,6|context_comp|7|0|dense,actual_need,yoked_need,mean_need_true_core_mass_share,0.4542126148619609,0.23768797503880928,0.21652463982315162
30041,self_relevant,6|context_comp|7|0|dense,actual_need,yoked_need,mean_sensed_need_mass_share,0.5080744712839068,0.6257771672927149,-0.11770269600880812
30041,self_relevant,6|context_comp|7|0|dense,actual_need,yoked_need,self_domain_observation_share,0.513986013986014,0.5314685314685315,-0.0174825174825175
30041,self_relevant,6|context_comp|7|0|dense,actual_need,yoked_need,causal_target_sensing_share,0.13286713286713286,0.1048951048951049,0.02797202797202797
30041,self_relevant,6|context_comp|7|0|dense,actual_need,yoked_need,causal_target_sensing_selectivity,-0.01223776223776224,0.029020979020979026,-0.041258741258741266
30041,self_relevant,6|context_comp|7|0|dense,actual_need,yoked_need,diagnosis_observations,342.0,380.0,-38.0
30041,self_relevant,6|context_comp|7|0|dense,actual_need,yoked_need,replicated_restoration,1.0,0.0,1.0
30041,self_relevant,6|context_comp|7|0|dense,actual_need,yoked_need,false_null,0.0,1.0,-1.0
30041,self_relevant,6|context_comp|7|0|dense,actual_need,yoked_need,false_repair,0.0,0.0,0.0
30041,self_relevant,6|context_comp|7|0|dense,actual_need,yoked_need,common_decoder_bridge_correct,1.0,0.0,1.0
30041,self_relevant,6|context_comp|7|0|dense,actual_need,yoked_need,common_decoder_replicated_restoration,1.0,0.0,1.0
30042,neutral,5|branch_comp|5|0|ring,actual_need,yoked_need,mean_need_target_mass_share,0.3665923820283818,0.02571144422067462,0.3408809378077072
30042,neutral,5|branch_comp|5|0|ring,actual_need,yoked_need,mean_need_true_core_mass_share,0.7781881039512435,0.24956426097231635,0.5286238429789272
30042,neutral,5|branch_comp|5|0|ring,actual_need,yoked_need,mean_sensed_need_mass_share,0.3603876800050184,0.42626948700997463,-0.06588180700495622
30042,neutral,5|branch_comp|5|0|ring,actual_need,yoked_need,self_domain_observation_share,0.6625874125874126,0.6608391608391608,0.0017482517482517723
30042,neutral,5|branch_comp|5|0|ring,actual_need,yoked_need,causal_target_sensing_share,0.9073426573426573,0.06468531468531469,0.8426573426573426
30042,neutral,5|branch_comp|5|0|ring,actual_need,yoked_need,causal_target_sensing_selectivity,0.8841783216783217,0.0152972027972028,0.8688811188811189
30042,neutral,5|branch_comp|5|0|ring,actual_need,yoked_need,diagnosis_observations,267.0,289.0,-22.0
30042,neutral,5|branch_comp|5|0|ring,actual_need,yoked_need,replicated_restoration,0.0,0.0,0.0
30042,neutral,5|branch_comp|5|0|ring,actual_need,yoked_need,false_null,0.0,0.0,0.0
30042,neutral,5|branch_comp|5|0|ring,actual_need,yoked_need,false_repair,0.0,0.0,0.0
30042,neutral,5|branch_comp|5|0|ring,actual_need,yoked_need,common_decoder_bridge_correct,1.0,1.0,0.0
30042,neutral,5|branch_comp|5|0|ring,actual_need,yoked_need,common_decoder_replicated_restoration,0.0,0.0,0.0
30042,self_relevant,5|branch_comp|5|0|ring,actual_need,yoked_need,mean_need_target_mass_share,0.21673013983399914,0.07635584982190295,0.14037429001209617
30042,self_relevant,5|branch_comp|5|0|ring,actual_need,yoked_need,mean_need_true_core_mass_share,0.6115140958617228,0.36642182303177495,0.24509227282994783
30042,self_relevant,5|branch_comp|5|0|ring,actual_need,yoked_need,mean_sensed_need_mass_share,0.33896453348070665,0.2722587370899102,0.06670579639079643
30042,self_relevant,5|branch_comp|5|0|ring,actual_need,yoked_need,self_domain_observation_share,0.5769230769230769,0.5944055944055944,-0.0174825174825175
30042,self_relevant,5|branch_comp|5|0|ring,actual_need,yoked_need,causal_target_sensing_share,0.48426573426573427,0.11538461538461539,0.36888111888111885
30042,self_relevant,5|branch_comp|5|0|ring,actual_need,yoked_need,causal_target_sensing_selectivity,0.3951048951048951,0.00917832167832168,0.38592657342657344
30042,self_relevant,5|branch_comp|5|0|ring,actual_need,yoked_need,diagnosis_observations,266.0,280.0,-14.0
30042,self_relevant,5|branch_comp|5|0|ring,actual_need,yoked_need,replicated_restoration,1.0,1.0,0.0
30042,self_relevant,5|branch_comp|5|0|ring,actual_need,yoked_need,false_null,0.0,0.0,0.0
30042,self_relevant,5|branch_comp|5|0|ring,actual_need,yoked_need,false_repair,0.0,0.0,0.0
30042,self_relevant,5|branch_comp|5|0|ring,actual_need,yoked_need,common_decoder_bridge_correct,1.0,1.0,0.0
30042,self_relevant,5|branch_comp|5|0|ring,actual_need,yoked_need,common_decoder_replicated_restoration,1.0,1.0,0.0
30043,neutral,6|context_comp|7|1|chain,actual_need,yoked_need,mean_need_target_mass_share,0.3242338464401188,0.01102592963985813,0.31320791680026067
30043,neutral,6|context_comp|7|1|chain,actual_need,yoked_need,mean_need_true_core_mass_share,0.6681436981741996,0.8355603334400873,-0.16741663526588768
30043,neutral,6|context_comp|7|1|chain,actual_need,yoked_need,mean_sensed_need_mass_share,0.33198389855381816,0.5604773352279325,-0.22849343667411437
30043,neutral,6|context_comp|7|1|chain,actual_need,yoked_need,self_domain_observation_share,0.6590909090909091,0.6625874125874126,-0.0034965034965035446
30043,neutral,6|context_comp|7|1|chain,actual_need,yoked_need,causal_target_sensing_share,0.7972027972027972,0.10664335664335664,0.6905594405594405
30043,neutral,6|context_comp|7|1|chain,actual_need,yoked_need,causal_target_sensing_selectivity,0.7087412587412587,-0.13496503496503495,0.8437062937062937
30043,neutral,6|context_comp|7|1|chain,actual_need,yoked_need,diagnosis_observations,293.0,294.0,-1.0
30043,neutral,6|context_comp|7|1|chain,actual_need,yoked_need,replicated_restoration,0.0,0.0,0.0
30043,neutral,6|context_comp|7|1|chain,actual_need,yoked_need,false_null,0.0,0.0,0.0
30043,neutral,6|context_comp|7|1|chain,actual_need,yoked_need,false_repair,0.0,0.0,0.0
30043,neutral,6|context_comp|7|1|chain,actual_need,yoked_need,common_decoder_bridge_correct,1.0,1.0,0.0
30043,neutral,6|context_comp|7|1|chain,actual_need,yoked_need,common_decoder_replicated_restoration,0.0,0.0,0.0
30043,self_relevant,6|context_comp|7|1|chain,actual_need,yoked_need,mean_need_target_mass_share,0.1251940965767798,0.07136467267836752,0.053829423898412276
30043,self_relevant,6|context_comp|7|1|chain,actual_need,yoked_need,mean_need_true_core_mass_share,0.4386860656774923,0.48390144494732606,-0.045215379269833766
30043,self_relevant,6|context_comp|7|1|chain,actual_need,yoked_need,mean_sensed_need_mass_share,0.28797139592453297,0.4147947070473835,-0.12682331112285056
30043,self_relevant,6|context_comp|7|1|chain,actual_need,yoked_need,self_domain_observation_share,0.5856643356643356,0.5244755244755245,0.06118881118881114
30043,self_relevant,6|context_comp|7|1|chain,actual_need,yoked_need,causal_target_sensing_share,0.22552447552447552,0.10839160839160839,0.11713286713286714
30043,self_relevant,6|context_comp|7|1|chain,actual_need,yoked_need,causal_target_sensing_selectivity,0.08181818181818182,-0.06433566433566434,0.14615384615384616
30043,self_relevant,6|context_comp|7|1|chain,actual_need,yoked_need,diagnosis_observations,367.0,373.0,-6.0
30043,self_relevant,6|context_comp|7|1|chain,actual_need,yoked_need,replicated_restoration,0.0,0.0,0.0
30043,self_relevant,6|context_comp|7|1|chain,actual_need,yoked_need,false_null,1.0,1.0,0.0
30043,self_relevant,6|context_comp|7|1|chain,actual_need,yoked_need,false_repair,0.0,0.0,0.0
30043,self_relevant,6|context_comp|7|1|chain,actual_need,yoked_need,common_decoder_bridge_correct,0.0,0.0,0.0
30043,self_relevant,6|context_comp|7|1|chain,actual_need,yoked_need,common_decoder_replicated_restoration,0.0,0.0,0.0
30044,neutral,5|branch_comp|5|0|dense,actual_need,yoked_need,mean_need_target_mass_share,0.36624360821080687,0.001823211188111546,0.3644203970226953
30044,neutral,5|branch_comp|5|0|dense,actual_need,yoked_need,mean_need_true_core_mass_share,0.7077816112023256,0.34032000508026006,0.3674616061220656
30044,neutral,5|branch_comp|5|0|dense,actual_need,yoked_need,mean_sensed_need_mass_share,0.3537087908170375,0.35442010559404424,-0.0007113147770067552
30044,neutral,5|branch_comp|5|0|dense,actual_need,yoked_need,self_domain_observation_share,0.6643356643356644,0.6783216783216783,-0.013986013986013957
30044,neutral,5|branch_comp|5|0|dense,actual_need,yoked_need,causal_target_sensing_share,0.743006993006993,0.05419580419580419,0.6888111888111889
30044,neutral,5|branch_comp|5|0|dense,actual_need,yoked_need,causal_target_sensing_selectivity,0.680506993006993,-0.0319055944055944,0.7124125874125874
30044,neutral,5|branch_comp|5|0|dense,actual_need,yoked_need,diagnosis_observations,281.0,285.0,-4.0
30044,neutral,5|branch_comp|5|0|dense,actual_need,yoked_need,replicated_restoration,0.0,0.0,0.0
30044,neutral,5|branch_comp|5|0|dense,actual_need,yoked_need,false_null,0.0,0.0,0.0
30044,neutral,5|branch_comp|5|0|dense,actual_need,yoked_need,false_repair,0.0,0.0,0.0
30044,neutral,5|branch_comp|5|0|dense,actual_need,yoked_need,common_decoder_bridge_correct,1.0,1.0,0.0
30044,neutral,5|branch_comp|5|0|dense,actual_need,yoked_need,common_decoder_replicated_restoration,0.0,0.0,0.0
30044,self_relevant,5|branch_comp|5|0|dense,actual_need,yoked_need,mean_need_target_mass_share,0.10578582435097988,0.03830034610128569,0.0674854782496942
30044,self_relevant,5|branch_comp|5|0|dense,actual_need,yoked_need,mean_need_true_core_mass_share,0.3290450573879463,0.29367794625622023,0.03536711113172608
30044,self_relevant,5|branch_comp|5|0|dense,actual_need,yoked_need,mean_sensed_need_mass_share,0.5207305903881799,0.4656405023252661,0.05509008806291382
30044,self_relevant,5|branch_comp|5|0|dense,actual_need,yoked_need,self_domain_observation_share,0.6031468531468531,0.5314685314685315,0.07167832167832167
30044,self_relevant,5|branch_comp|5|0|dense,actual_need,yoked_need,causal_target_sensing_share,0.07167832167832168,0.0472027972027972,0.02447552447552448
30044,self_relevant,5|branch_comp|5|0|dense,actual_need,yoked_need,causal_target_sensing_selectivity,-0.03409090909090909,-0.03277972027972027,-0.0013111888111888154
30044,self_relevant,5|branch_comp|5|0|dense,actual_need,yoked_need,diagnosis_observations,267.0,266.0,1.0
30044,self_relevant,5|branch_comp|5|0|dense,actual_need,yoked_need,replicated_restoration,1.0,1.0,0.0
30044,self_relevant,5|branch_comp|5|0|dense,actual_need,yoked_need,false_null,0.0,0.0,0.0
30044,self_relevant,5|branch_comp|5|0|dense,actual_need,yoked_need,false_repair,0.0,0.0,0.0
30044,self_relevant,5|branch_comp|5|0|dense,actual_need,yoked_need,common_decoder_bridge_correct,1.0,1.0,0.0
30044,self_relevant,5|branch_comp|5|0|dense,actual_need,yoked_need,common_decoder_replicated_restoration,1.0,1.0,0.0
30045,neutral,6|context_comp|7|0|ring,actual_need,yoked_need,mean_need_target_mass_share,0.4279998001686565,0.05729076099026621,0.3707090391783903
30045,neutral,6|context_comp|7|0|ring,actual_need,yoked_need,mean_need_true_core_mass_share,0.7849160091468512,0.7021585970147709,0.08275741213208032
30045,neutral,6|context_comp|7|0|ring,actual_need,yoked_need,mean_sensed_need_mass_share,0.45282379119744903,0.35212995664538665,0.10069383455206238
30045,neutral,6|context_comp|7|0|ring,actual_need,yoked_need,self_domain_observation_share,0.6608391608391608,0.6625874125874126,-0.0017482517482517723
30045,neutral,6|context_comp|7|0|ring,actual_need,yoked_need,causal_target_sensing_share,0.9300699300699301,0.02972027972027972,0.9003496503496504
30045,neutral,6|context_comp|7|0|ring,actual_need,yoked_need,causal_target_sensing_selectivity,0.884965034965035,-0.1825174825174825,1.0674825174825175
30045,neutral,6|context_comp|7|0|ring,actual_need,yoked_need,diagnosis_observations,287.0,287.0,0.0
30045,neutral,6|context_comp|7|0|ring,actual_need,yoked_need,replicated_restoration,0.0,0.0,0.0
30045,neutral,6|context_comp|7|0|ring,actual_need,yoked_need,false_null,0.0,0.0,0.0
30045,neutral,6|context_comp|7|0|ring,actual_need,yoked_need,false_repair,0.0,0.0,0.0
30045,neutral,6|context_comp|7|0|ring,actual_need,yoked_need,common_decoder_bridge_correct,1.0,1.0,0.0
30045,neutral,6|context_comp|7|0|ring,actual_need,yoked_need,common_decoder_replicated_restoration,0.0,0.0,0.0
30045,self_relevant,6|context_comp|7|0|ring,actual_need,yoked_need,mean_need_target_mass_share,0.28750704180821485,0.08871756032179318,0.19878948148642167
30045,self_relevant,6|context_comp|7|0|ring,actual_need,yoked_need,mean_need_true_core_mass_share,0.6420558289738456,0.4779615994049472,0.1640942295688984
30045,self_relevant,6|context_comp|7|0|ring,actual_need,yoked_need,mean_sensed_need_mass_share,0.33593608408382936,0.213941330314994,0.12199475376883537
30045,self_relevant,6|context_comp|7|0|ring,actual_need,yoked_need,self_domain_observation_share,0.5926573426573427,0.6520979020979021,-0.05944055944055937
30045,self_relevant,6|context_comp|7|0|ring,actual_need,yoked_need,causal_target_sensing_share,0.46153846153846156,0.13986013986013987,0.32167832167832167
30045,self_relevant,6|context_comp|7|0|ring,actual_need,yoked_need,causal_target_sensing_selectivity,0.3716783216783217,0.019230769230769246,0.35244755244755244
30045,self_relevant,6|context_comp|7|0|ring,actual_need,yoked_need,diagnosis_observations,309.0,340.0,-31.0
30045,self_relevant,6|context_comp|7|0|ring,actual_need,yoked_need,replicated_restoration,0.0,0.0,0.0
30045,self_relevant,6|context_comp|7|0|ring,actual_need,yoked_need,false_null,1.0,1.0,0.0
30045,self_relevant,6|context_comp|7|0|ring,actual_need,yoked_need,false_repair,0.0,0.0,0.0
30045,self_relevant,6|context_comp|7|0|ring,actual_need,yoked_need,common_decoder_bridge_correct,0.0,0.0,0.0
30045,self_relevant,6|context_comp|7|0|ring,actual_need,yoked_need,common_decoder_replicated_restoration,0.0,0.0,0.0
30046,neutral,5|branch_comp|5|0|chain,actual_need,yoked_need,mean_need_target_mass_share,0.36051780341977463,0.04462628276291683,0.31589152065685777
30046,neutral,5|branch_comp|5|0|chain,actual_need,yoked_need,mean_need_true_core_mass_share,0.8479961630771461,0.20477996981680466,0.6432161932603414
30046,neutral,5|branch_comp|5|0|chain,actual_need,yoked_need,mean_sensed_need_mass_share,0.36496126916743116,0.5581772108337756,-0.19321594166634443
30046,neutral,5|branch_comp|5|0|chain,actual_need,yoked_need,self_domain_observation_share,0.6713286713286714,0.6608391608391608,0.010489510489510523
30046,neutral,5|branch_comp|5|0|chain,actual_need,yoked_need,causal_target_sensing_share,0.7814685314685315,0.01048951048951049,0.7709790209790209
30046,neutral,5|branch_comp|5|0|chain,actual_need,yoked_need,causal_target_sensing_selectivity,0.6617132867132867,-0.08041958041958042,0.7421328671328671
30046,neutral,5|branch_comp|5|0|chain,actual_need,yoked_need,diagnosis_observations,267.0,268.0,-1.0
30046,neutral,5|branch_comp|5|0|chain,actual_need,yoked_need,replicated_restoration,0.0,0.0,0.0
30046,neutral,5|branch_comp|5|0|chain,actual_need,yoked_need,false_null,0.0,0.0,0.0
30046,neutral,5|branch_comp|5|0|chain,actual_need,yoked_need,false_repair,0.0,0.0,0.0
30046,neutral,5|branch_comp|5|0|chain,actual_need,yoked_need,common_decoder_bridge_correct,0.0,0.0,0.0
30046,neutral,5|branch_comp|5|0|chain,actual_need,yoked_need,common_decoder_replicated_restoration,0.0,0.0,0.0
30046,self_relevant,5|branch_comp|5|0|chain,actual_need,yoked_need,mean_need_target_mass_share,0.04322697577959997,0.2249321700437963,-0.18170519426419632
30046,self_relevant,5|branch_comp|5|0|chain,actual_need,yoked_need,mean_need_true_core_mass_share,0.48630765601172216,0.3740610579013229,0.11224659811039928
30046,self_relevant,5|branch_comp|5|0|chain,actual_need,yoked_need,mean_sensed_need_mass_share,0.3695648179174266,0.35444859485179275,0.015116223065633871
30046,self_relevant,5|branch_comp|5|0|chain,actual_need,yoked_need,self_domain_observation_share,0.5926573426573427,0.5402097902097902,0.0524475524475525
30046,self_relevant,5|branch_comp|5|0|chain,actual_need,yoked_need,causal_target_sensing_share,0.06643356643356643,0.4388111888111888,-0.3723776223776224
30046,self_relevant,5|branch_comp|5|0|chain,actual_need,yoked_need,causal_target_sensing_selectivity,-0.11538461538461539,0.3361013986013986,-0.45148601398601396
30046,self_relevant,5|branch_comp|5|0|chain,actual_need,yoked_need,diagnosis_observations,269.0,282.0,-13.0
30046,self_relevant,5|branch_comp|5|0|chain,actual_need,yoked_need,replicated_restoration,1.0,0.0,1.0
30046,self_relevant,5|branch_comp|5|0|chain,actual_need,yoked_need,false_null,0.0,1.0,-1.0
30046,self_relevant,5|branch_comp|5|0|chain,actual_need,yoked_need,false_repair,0.0,0.0,0.0
30046,self_relevant,5|branch_comp|5|0|chain,actual_need,yoked_need,common_decoder_bridge_correct,1.0,0.0,1.0
30046,self_relevant,5|branch_comp|5|0|chain,actual_need,yoked_need,common_decoder_replicated_restoration,1.0,0.0,1.0
30047,neutral,6|context_comp|7|1|dense,actual_need,yoked_need,mean_need_target_mass_share,0.6928730751501309,0.0035801073758614283,0.6892929677742694
30047,neutral,6|context_comp|7|1|dense,actual_need,yoked_need,mean_need_true_core_mass_share,0.9072807464197388,0.2818251715114773,0.6254555749082615
30047,neutral,6|context_comp|7|1|dense,actual_need,yoked_need,mean_sensed_need_mass_share,0.6913750977402586,0.3230228069754744,0.3683522907647842
30047,neutral,6|context_comp|7|1|dense,actual_need,yoked_need,self_domain_observation_share,0.6433566433566433,0.6643356643356644,-0.020979020979021046
30047,neutral,6|context_comp|7|1|dense,actual_need,yoked_need,causal_target_sensing_share,0.9055944055944056,0.11713286713286714,0.7884615384615385
30047,neutral,6|context_comp|7|1|dense,actual_need,yoked_need,causal_target_sensing_selectivity,0.8332167832167833,0.03566433566433566,0.7975524475524476
30047,neutral,6|context_comp|7|1|dense,actual_need,yoked_need,diagnosis_observations,321.0,295.0,26.0
30047,neutral,6|context_comp|7|1|dense,actual_need,yoked_need,replicated_restoration,0.0,0.0,0.0
30047,neutral,6|context_comp|7|1|dense,actual_need,yoked_need,false_null,0.0,0.0,0.0
30047,neutral,6|context_comp|7|1|dense,actual_need,yoked_need,false_repair,0.0,0.0,0.0
30047,neutral,6|context_comp|7|1|dense,actual_need,yoked_need,common_decoder_bridge_correct,1.0,1.0,0.0
30047,neutral,6|context_comp|7|1|dense,actual_need,yoked_need,common_decoder_replicated_restoration,0.0,0.0,0.0
30047,self_relevant,6|context_comp|7|1|dense,actual_need,yoked_need,mean_need_target_mass_share,0.1360939879287388,0.020612522917905052,0.11548146501083376
30047,self_relevant,6|context_comp|7|1|dense,actual_need,yoked_need,mean_need_true_core_mass_share,0.2794225619152692,0.616949962251655,-0.3375274003363858
30047,self_relevant,6|context_comp|7|1|dense,actual_need,yoked_need,mean_sensed_need_mass_share,0.31082688886135923,0.5950494908179742,-0.284222601956615
30047,self_relevant,6|context_comp|7|1|dense,actual_need,yoked_need,self_domain_observation_share,0.5332167832167832,0.5786713286713286,-0.045454545454545414
30047,self_relevant,6|context_comp|7|1|dense,actual_need,yoked_need,causal_target_sensing_share,0.26223776223776224,0.10839160839160839,0.15384615384615385
30047,self_relevant,6|context_comp|7|1|dense,actual_need,yoked_need,causal_target_sensing_selectivity,0.16783216783216784,-0.060839160839160855,0.2286713286713287
30047,self_relevant,6|context_comp|7|1|dense,actual_need,yoked_need,diagnosis_observations,366.0,333.0,33.0
30047,self_relevant,6|context_comp|7|1|dense,actual_need,yoked_need,replicated_restoration,0.0,0.0,0.0
30047,self_relevant,6|context_comp|7|1|dense,actual_need,yoked_need,false_null,1.0,1.0,0.0
30047,self_relevant,6|context_comp|7|1|dense,actual_need,yoked_need,false_repair,0.0,0.0,0.0
30047,self_relevant,6|context_comp|7|1|dense,actual_need,yoked_need,common_decoder_bridge_correct,0.0,0.0,0.0
30047,self_relevant,6|context_comp|7|1|dense,actual_need,yoked_need,common_decoder_replicated_restoration,0.0,0.0,0.0
30048,neutral,5|branch_comp|5|0|ring,actual_need,yoked_need,mean_need_target_mass_share,0.4186624851818668,0.249766003295235,0.16889648188663178
30048,neutral,5|branch_comp|5|0|ring,actual_need,yoked_need,mean_need_true_core_mass_share,0.7968480358907756,0.7867630548619337,0.010084981028841922
30048,neutral,5|branch_comp|5|0|ring,actual_need,yoked_need,mean_sensed_need_mass_share,0.43845511369630685,0.39386203082930654,0.04459308286700031
30048,neutral,5|branch_comp|5|0|ring,actual_need,yoked_need,self_domain_observation_share,0.6625874125874126,0.6625874125874126,0.0
30048,neutral,5|branch_comp|5|0|ring,actual_need,yoked_need,causal_target_sensing_share,0.8846153846153846,0.243006993006993,0.6416083916083916
30048,neutral,5|branch_comp|5|0|ring,actual_need,yoked_need,causal_target_sensing_selectivity,0.8094405594405594,0.003059440559440546,0.8063811188811189
30048,neutral,5|branch_comp|5|0|ring,actual_need,yoked_need,diagnosis_observations,261.0,268.0,-7.0
30048,neutral,5|branch_comp|5|0|ring,actual_need,yoked_need,replicated_restoration,0.0,0.0,0.0
30048,neutral,5|branch_comp|5|0|ring,actual_need,yoked_need,false_null,0.0,0.0,0.0
30048,neutral,5|branch_comp|5|0|ring,actual_need,yoked_need,false_repair,0.0,0.0,0.0
30048,neutral,5|branch_comp|5|0|ring,actual_need,yoked_need,common_decoder_bridge_correct,1.0,1.0,0.0
30048,neutral,5|branch_comp|5|0|ring,actual_need,yoked_need,common_decoder_replicated_restoration,0.0,0.0,0.0
30048,self_relevant,5|branch_comp|5|0|ring,actual_need,yoked_need,mean_need_target_mass_share,0.2466196788883542,0.34045217432706726,-0.09383249543871305
30048,self_relevant,5|branch_comp|5|0|ring,actual_need,yoked_need,mean_need_true_core_mass_share,0.5973719952307421,0.5150791729170454,0.08229282231369672
30048,self_relevant,5|branch_comp|5|0|ring,actual_need,yoked_need,mean_sensed_need_mass_share,0.2665465060970648,0.44983874978374466,-0.18329224368667985
30048,self_relevant,5|branch_comp|5|0|ring,actual_need,yoked_need,self_domain_observation_share,0.5961538461538461,0.5052447552447552,0.09090909090909094
30048,self_relevant,5|branch_comp|5|0|ring,actual_need,yoked_need,causal_target_sensing_share,0.4195804195804196,0.534965034965035,-0.11538461538461542
30048,self_relevant,5|branch_comp|5|0|ring,actual_need,yoked_need,causal_target_sensing_selectivity,0.2950174825174825,0.4497377622377623,-0.1547202797202798
30048,self_relevant,5|branch_comp|5|0|ring,actual_need,yoked_need,diagnosis_observations,270.0,406.0,-136.0
30048,self_relevant,5|branch_comp|5|0|ring,actual_need,yoked_need,replicated_restoration,1.0,1.0,0.0
30048,self_relevant,5|branch_comp|5|0|ring,actual_need,yoked_need,false_null,0.0,0.0,0.0
30048,self_relevant,5|branch_comp|5|0|ring,actual_need,yoked_need,false_repair,0.0,0.0,0.0
30048,self_relevant,5|branch_comp|5|0|ring,actual_need,yoked_need,common_decoder_bridge_correct,1.0,1.0,0.0
30048,self_relevant,5|branch_comp|5|0|ring,actual_need,yoked_need,common_decoder_replicated_restoration,1.0,1.0,0.0
30049,neutral,6|context_comp|7|0|chain,actual_need,yoked_need,mean_need_target_mass_share,0.6120169888999683,0.005906375332466872,0.6061106135675014
30049,neutral,6|context_comp|7|0|chain,actual_need,yoked_need,mean_need_true_core_mass_share,0.9370152917114698,0.6922984222393512,0.24471686947211857
30049,neutral,6|context_comp|7|0|chain,actual_need,yoked_need,mean_sensed_need_mass_share,0.6176822340610958,0.31634306775155036,0.30133916630954544
30049,neutral,6|context_comp|7|0|chain,actual_need,yoked_need,self_domain_observation_share,0.6555944055944056,0.6625874125874126,-0.006993006993006978
30049,neutral,6|context_comp|7|0|chain,actual_need,yoked_need,causal_target_sensing_share,0.9737762237762237,0.09615384615384616,0.8776223776223776
30049,neutral,6|context_comp|7|0|chain,actual_need,yoked_need,causal_target_sensing_selectivity,0.923076923076923,-0.11713286713286715,1.0402097902097902
30049,neutral,6|context_comp|7|0|chain,actual_need,yoked_need,diagnosis_observations,291.0,291.0,0.0
30049,neutral,6|context_comp|7|0|chain,actual_need,yoked_need,replicated_restoration,0.0,0.0,0.0
30049,neutral,6|context_comp|7|0|chain,actual_need,yoked_need,false_null,0.0,0.0,0.0
30049,neutral,6|context_comp|7|0|chain,actual_need,yoked_need,false_repair,0.0,0.0,0.0
30049,neutral,6|context_comp|7|0|chain,actual_need,yoked_need,common_decoder_bridge_correct,1.0,1.0,0.0
30049,neutral,6|context_comp|7|0|chain,actual_need,yoked_need,common_decoder_replicated_restoration,0.0,0.0,0.0
30049,self_relevant,6|context_comp|7|0|chain,actual_need,yoked_need,mean_need_target_mass_share,0.2725228682725312,0.00274636045522678,0.2697765078173044
30049,self_relevant,6|context_comp|7|0|chain,actual_need,yoked_need,mean_need_true_core_mass_share,0.5426209300019135,0.7705304617199317,-0.2279095317180182
30049,self_relevant,6|context_comp|7|0|chain,actual_need,yoked_need,mean_sensed_need_mass_share,0.5441093658241972,0.39869388668295047,0.14541547914124675
30049,self_relevant,6|context_comp|7|0|chain,actual_need,yoked_need,self_domain_observation_share,0.5909090909090909,0.5979020979020979,-0.006993006993006978
30049,self_relevant,6|context_comp|7|0|chain,actual_need,yoked_need,causal_target_sensing_share,0.4090909090909091,0.05419580419580419,0.3548951048951049
30049,self_relevant,6|context_comp|7|0|chain,actual_need,yoked_need,causal_target_sensing_selectivity,0.31188811188811194,-0.1618881118881119,0.47377622377622386
30049,self_relevant,6|context_comp|7|0|chain,actual_need,yoked_need,diagnosis_observations,344.0,283.0,61.0
30049,self_relevant,6|context_comp|7|0|chain,actual_need,yoked_need,replicated_restoration,0.0,1.0,-1.0
30049,self_relevant,6|context_comp|7|0|chain,actual_need,yoked_need,false_null,1.0,0.0,1.0
30049,self_relevant,6|context_comp|7|0|chain,actual_need,yoked_need,false_repair,0.0,0.0,0.0
30049,self_relevant,6|context_comp|7|0|chain,actual_need,yoked_need,common_decoder_bridge_correct,0.0,1.0,-1.0
30049,self_relevant,6|context_comp|7|0|chain,actual_need,yoked_need,common_decoder_replicated_restoration,0.0,1.0,-1.0
30050,neutral,5|branch_comp|5|0|dense,actual_need,yoked_need,mean_need_target_mass_share,0.36531737419047594,0.001043168726080044,0.3642742054643959
30050,neutral,5|branch_comp|5|0|dense,actual_need,yoked_need,mean_need_true_core_mass_share,0.9573608841604945,0.3987578523573946,0.5586030318030999
30050,neutral,5|branch_comp|5|0|dense,actual_need,yoked_need,mean_sensed_need_mass_share,0.3288694805278186,0.31174432223310355,0.01712515829471506
30050,neutral,5|branch_comp|5|0|dense,actual_need,yoked_need,self_domain_observation_share,0.6468531468531469,0.6625874125874126,-0.01573426573426573
30050,neutral,5|branch_comp|5|0|dense,actual_need,yoked_need,causal_target_sensing_share,0.6520979020979021,0.11713286713286714,0.534965034965035
30050,neutral,5|branch_comp|5|0|dense,actual_need,yoked_need,causal_target_sensing_selectivity,0.5537587412587412,0.016171328671328672,0.5375874125874126
30050,neutral,5|branch_comp|5|0|dense,actual_need,yoked_need,diagnosis_observations,272.0,277.0,-5.0
30050,neutral,5|branch_comp|5|0|dense,actual_need,yoked_need,replicated_restoration,0.0,0.0,0.0
30050,neutral,5|branch_comp|5|0|dense,actual_need,yoked_need,false_null,0.0,0.0,0.0
30050,neutral,5|branch_comp|5|0|dense,actual_need,yoked_need,false_repair,0.0,0.0,0.0
30050,neutral,5|branch_comp|5|0|dense,actual_need,yoked_need,common_decoder_bridge_correct,1.0,1.0,0.0
30050,neutral,5|branch_comp|5|0|dense,actual_need,yoked_need,common_decoder_replicated_restoration,0.0,0.0,0.0
30050,self_relevant,5|branch_comp|5|0|dense,actual_need,yoked_need,mean_need_target_mass_share,0.07993486150569586,0.017094325128678048,0.06284053637701781
30050,self_relevant,5|branch_comp|5|0|dense,actual_need,yoked_need,mean_need_true_core_mass_share,0.4811866460282349,0.5932682805664815,-0.1120816345382466
30050,self_relevant,5|branch_comp|5|0|dense,actual_need,yoked_need,mean_sensed_need_mass_share,0.4660672397866762,0.44941307384523316,0.016654165941443033
30050,self_relevant,5|branch_comp|5|0|dense,actual_need,yoked_need,self_domain_observation_share,0.534965034965035,0.548951048951049,-0.013986013986013957
30050,self_relevant,5|branch_comp|5|0|dense,actual_need,yoked_need,causal_target_sensing_share,0.15384615384615385,0.11713286713286714,0.03671328671328672
30050,self_relevant,5|branch_comp|5|0|dense,actual_need,yoked_need,causal_target_sensing_selectivity,0.026660839160839167,-0.06730769230769232,0.09396853146853149
30050,self_relevant,5|branch_comp|5|0|dense,actual_need,yoked_need,diagnosis_observations,267.0,409.0,-142.0
30050,self_relevant,5|branch_comp|5|0|dense,actual_need,yoked_need,replicated_restoration,1.0,0.0,1.0
30050,self_relevant,5|branch_comp|5|0|dense,actual_need,yoked_need,false_null,0.0,1.0,-1.0
30050,self_relevant,5|branch_comp|5|0|dense,actual_need,yoked_need,false_repair,0.0,0.0,0.0
30050,self_relevant,5|branch_comp|5|0|dense,actual_need,yoked_need,common_decoder_bridge_correct,1.0,0.0,1.0
30050,self_relevant,5|branch_comp|5|0|dense,actual_need,yoked_need,common_decoder_replicated_restoration,1.0,0.0,1.0
30051,neutral,6|context_comp|7|1|ring,actual_need,yoked_need,mean_need_target_mass_share,0.6316442267643948,0.0017572622325966504,0.6298869645317982
30051,neutral,6|context_comp|7|1|ring,actual_need,yoked_need,mean_need_true_core_mass_share,0.963825964574266,0.7357975584123609,0.228028406161905
30051,neutral,6|context_comp|7|1|ring,actual_need,yoked_need,mean_sensed_need_mass_share,0.6284138811895761,0.4078459691784743,0.22056791201110176
30051,neutral,6|context_comp|7|1|ring,actual_need,yoked_need,self_domain_observation_share,0.666083916083916,0.6643356643356644,0.0017482517482516613
30051,neutral,6|context_comp|7|1|ring,actual_need,yoked_need,causal_target_sensing_share,0.9423076923076923,0.10314685314685315,0.8391608391608392
30051,neutral,6|context_comp|7|1|ring,actual_need,yoked_need,causal_target_sensing_selectivity,0.8741258741258742,-0.10594405594405595,0.9800699300699302
30051,neutral,6|context_comp|7|1|ring,actual_need,yoked_need,diagnosis_observations,287.0,286.0,1.0
30051,neutral,6|context_comp|7|1|ring,actual_need,yoked_need,replicated_restoration,0.0,0.0,0.0
30051,neutral,6|context_comp|7|1|ring,actual_need,yoked_need,false_null,0.0,0.0,0.0
30051,neutral,6|context_comp|7|1|ring,actual_need,yoked_need,false_repair,0.0,0.0,0.0
30051,neutral,6|context_comp|7|1|ring,actual_need,yoked_need,common_decoder_bridge_correct,1.0,1.0,0.0
30051,neutral,6|context_comp|7|1|ring,actual_need,yoked_need,common_decoder_replicated_restoration,0.0,0.0,0.0
30051,self_relevant,6|context_comp|7|1|ring,actual_need,yoked_need,mean_need_target_mass_share,0.17304619072893876,0.00789838637783494,0.16514780435110382
30051,self_relevant,6|context_comp|7|1|ring,actual_need,yoked_need,mean_need_true_core_mass_share,0.4224114146697683,0.8027505819094585,-0.3803391672396902
30051,self_relevant,6|context_comp|7|1|ring,actual_need,yoked_need,mean_sensed_need_mass_share,0.3858082772570119,0.5840390226133715,-0.1982307453563596
30051,self_relevant,6|context_comp|7|1|ring,actual_need,yoked_need,self_domain_observation_share,0.5087412587412588,0.5786713286713286,-0.0699300699300699
30051,self_relevant,6|context_comp|7|1|ring,actual_need,yoked_need,causal_target_sensing_share,0.3006993006993007,0.05419580419580419,0.24650349650349648
30051,self_relevant,6|context_comp|7|1|ring,actual_need,yoked_need,causal_target_sensing_selectivity,0.1895104895104895,-0.16013986013986015,0.34965034965034963
30051,self_relevant,6|context_comp|7|1|ring,actual_need,yoked_need,diagnosis_observations,353.0,289.0,64.0
30051,self_relevant,6|context_comp|7|1|ring,actual_need,yoked_need,replicated_restoration,1.0,0.0,1.0
30051,self_relevant,6|context_comp|7|1|ring,actual_need,yoked_need,false_null,0.0,1.0,-1.0
30051,self_relevant,6|context_comp|7|1|ring,actual_need,yoked_need,false_repair,0.0,0.0,0.0
30051,self_relevant,6|context_comp|7|1|ring,actual_need,yoked_need,common_decoder_bridge_correct,1.0,0.0,1.0
30051,self_relevant,6|context_comp|7|1|ring,actual_need,yoked_need,common_decoder_replicated_restoration,1.0,0.0,1.0
30052,neutral,5|branch_comp|5|0|chain,actual_need,yoked_need,mean_need_target_mass_share,0.5532680161704752,0.1002466302287676,0.45302138594170754
30052,neutral,5|branch_comp|5|0|chain,actual_need,yoked_need,mean_need_true_core_mass_share,0.8598650459009433,0.6290594385677022,0.23080560733324107
30052,neutral,5|branch_comp|5|0|chain,actual_need,yoked_need,mean_sensed_need_mass_share,0.543449680849471,0.44454108219060273,0.09890859865886825
30052,neutral,5|branch_comp|5|0|chain,actual_need,yoked_need,self_domain_observation_share,0.6451048951048951,0.6590909090909091,-0.013986013986013957
30052,neutral,5|branch_comp|5|0|chain,actual_need,yoked_need,causal_target_sensing_share,0.8776223776223776,0.05419580419580419,0.8234265734265734
30052,neutral,5|branch_comp|5|0|chain,actual_need,yoked_need,causal_target_sensing_selectivity,0.8334790209790209,-0.17701048951048953,1.0104895104895104
30052,neutral,5|branch_comp|5|0|chain,actual_need,yoked_need,diagnosis_observations,282.0,293.0,-11.0
30052,neutral,5|branch_comp|5|0|chain,actual_need,yoked_need,replicated_restoration,0.0,0.0,0.0
30052,neutral,5|branch_comp|5|0|chain,actual_need,yoked_need,false_null,0.0,0.0,0.0
30052,neutral,5|branch_comp|5|0|chain,actual_need,yoked_need,false_repair,0.0,0.0,0.0
30052,neutral,5|branch_comp|5|0|chain,actual_need,yoked_need,common_decoder_bridge_correct,1.0,1.0,0.0
30052,neutral,5|branch_comp|5|0|chain,actual_need,yoked_need,common_decoder_replicated_restoration,0.0,0.0,0.0
30052,self_relevant,5|branch_comp|5|0|chain,actual_need,yoked_need,mean_need_target_mass_share,0.1529292155767336,0.09153835449652703,0.06139086108020658
30052,self_relevant,5|branch_comp|5|0|chain,actual_need,yoked_need,mean_need_true_core_mass_share,0.46653655974960495,0.6100696383346262,-0.1435330785850213
30052,self_relevant,5|branch_comp|5|0|chain,actual_need,yoked_need,mean_sensed_need_mass_share,0.3458533136891819,0.3458544901460913,-1.176456909446344e-06
30052,self_relevant,5|branch_comp|5|0|chain,actual_need,yoked_need,self_domain_observation_share,0.5367132867132867,0.6625874125874126,-0.12587412587412594
30052,self_relevant,5|branch_comp|5|0|chain,actual_need,yoked_need,causal_target_sensing_share,0.3076923076923077,0.07517482517482517,0.23251748251748255
30052,self_relevant,5|branch_comp|5|0|chain,actual_need,yoked_need,causal_target_sensing_selectivity,0.21896853146853149,-0.1398601398601399,0.35882867132867136
30052,self_relevant,5|branch_comp|5|0|chain,actual_need,yoked_need,diagnosis_observations,266.0,260.0,6.0
30052,self_relevant,5|branch_comp|5|0|chain,actual_need,yoked_need,replicated_restoration,1.0,1.0,0.0
30052,self_relevant,5|branch_comp|5|0|chain,actual_need,yoked_need,false_null,0.0,0.0,0.0
30052,self_relevant,5|branch_comp|5|0|chain,actual_need,yoked_need,false_repair,0.0,0.0,0.0
30052,self_relevant,5|branch_comp|5|0|chain,actual_need,yoked_need,common_decoder_bridge_correct,1.0,1.0,0.0
30052,self_relevant,5|branch_comp|5|0|chain,actual_need,yoked_need,common_decoder_replicated_restoration,1.0,1.0,0.0
30053,neutral,6|context_comp|7|0|dense,actual_need,yoked_need,mean_need_target_mass_share,0.6797975908180557,0.005454793945357895,0.6743427968726978
30053,neutral,6|context_comp|7|0|dense,actual_need,yoked_need,mean_need_true_core_mass_share,0.8745977116314211,0.20159114537861075,0.6730065662528103
30053,neutral,6|context_comp|7|0|dense,actual_need,yoked_need,mean_sensed_need_mass_share,0.6776664143403563,0.631047666219689,0.04661874812066735
30053,neutral,6|context_comp|7|0|dense,actual_need,yoked_need,self_domain_observation_share,0.6206293706293706,0.6031468531468531,0.0174825174825175
30053,neutral,6|context_comp|7|0|dense,actual_need,yoked_need,causal_target_sensing_share,0.8601398601398601,0.10314685314685315,0.756993006993007
30053,neutral,6|context_comp|7|0|dense,actual_need,yoked_need,causal_target_sensing_selectivity,0.7807692307692308,0.023426573426573435,0.7573426573426574
30053,neutral,6|context_comp|7|0|dense,actual_need,yoked_need,diagnosis_observations,461.0,366.0,95.0
30053,neutral,6|context_comp|7|0|dense,actual_need,yoked_need,replicated_restoration,0.0,0.0,0.0
30053,neutral,6|context_comp|7|0|dense,actual_need,yoked_need,false_null,0.0,0.0,0.0
30053,neutral,6|context_comp|7|0|dense,actual_need,yoked_need,false_repair,0.0,0.0,0.0
30053,neutral,6|context_comp|7|0|dense,actual_need,yoked_need,common_decoder_bridge_correct,1.0,1.0,0.0
30053,neutral,6|context_comp|7|0|dense,actual_need,yoked_need,common_decoder_replicated_restoration,0.0,0.0,0.0
30053,self_relevant,6|context_comp|7|0|dense,actual_need,yoked_need,mean_need_target_mass_share,0.037501007392501236,0.026264920938715713,0.011236086453785522
30053,self_relevant,6|context_comp|7|0|dense,actual_need,yoked_need,mean_need_true_core_mass_share,0.2127575634213751,0.3548716436549019,-0.1421140802335268
30053,self_relevant,6|context_comp|7|0|dense,actual_need,yoked_need,mean_sensed_need_mass_share,0.6402207484710684,0.621539579195646,0.018681169275422405
30053,self_relevant,6|context_comp|7|0|dense,actual_need,yoked_need,self_domain_observation_share,0.534965034965035,0.513986013986014,0.020979020979021046
30053,self_relevant,6|context_comp|7|0|dense,actual_need,yoked_need,causal_target_sensing_share,0.12062937062937062,0.09965034965034965,0.020979020979020976
30053,self_relevant,6|context_comp|7|0|dense,actual_need,yoked_need,causal_target_sensing_selectivity,0.02867132867132867,-0.006993006993006992,0.03566433566433566
30053,self_relevant,6|context_comp|7|0|dense,actual_need,yoked_need,diagnosis_observations,384.0,385.0,-1.0
30053,self_relevant,6|context_comp|7|0|dense,actual_need,yoked_need,replicated_restoration,0.0,0.0,0.0
30053,self_relevant,6|context_comp|7|0|dense,actual_need,yoked_need,false_null,1.0,1.0,0.0
30053,self_relevant,6|context_comp|7|0|dense,actual_need,yoked_need,false_repair,0.0,0.0,0.0
30053,self_relevant,6|context_comp|7|0|dense,actual_need,yoked_need,common_decoder_bridge_correct,0.0,0.0,0.0
30053,self_relevant,6|context_comp|7|0|dense,actual_need,yoked_need,common_decoder_replicated_restoration,0.0,0.0,0.0
30054,neutral,5|branch_comp|5|0|ring,actual_need,yoked_need,mean_need_target_mass_share,0.433721103462683,0.03383786285153803,0.399883240611145
30054,neutral,5|branch_comp|5|0|ring,actual_need,yoked_need,mean_need_true_core_mass_share,0.9486201434839303,0.2235439573453627,0.7250761861385676
30054,neutral,5|branch_comp|5|0|ring,actual_need,yoked_need,mean_sensed_need_mass_share,0.41214574929399533,0.3007546974472639,0.11139105184673143
30054,neutral,5|branch_comp|5|0|ring,actual_need,yoked_need,self_domain_observation_share,0.6486013986013986,0.6590909090909091,-0.010489510489510412
30054,neutral,5|branch_comp|5|0|ring,actual_need,yoked_need,causal_target_sensing_share,0.7255244755244755,0.11188811188811189,0.6136363636363636
30054,neutral,5|branch_comp|5|0|ring,actual_need,yoked_need,causal_target_sensing_selectivity,0.6009615384615384,-0.003496503496503503,0.604458041958042
30054,neutral,5|branch_comp|5|0|ring,actual_need,yoked_need,diagnosis_observations,285.0,282.0,3.0
30054,neutral,5|branch_comp|5|0|ring,actual_need,yoked_need,replicated_restoration,0.0,0.0,0.0
30054,neutral,5|branch_comp|5|0|ring,actual_need,yoked_need,false_null,0.0,0.0,0.0
30054,neutral,5|branch_comp|5|0|ring,actual_need,yoked_need,false_repair,0.0,0.0,0.0
30054,neutral,5|branch_comp|5|0|ring,actual_need,yoked_need,common_decoder_bridge_correct,1.0,1.0,0.0
30054,neutral,5|branch_comp|5|0|ring,actual_need,yoked_need,common_decoder_replicated_restoration,0.0,0.0,0.0
30054,self_relevant,5|branch_comp|5|0|ring,actual_need,yoked_need,mean_need_target_mass_share,0.07436408871480323,0.02328960871344141,0.05107448000136182
30054,self_relevant,5|branch_comp|5|0|ring,actual_need,yoked_need,mean_need_true_core_mass_share,0.6293555067302505,0.3947257053800844,0.23462980135016615
30054,self_relevant,5|branch_comp|5|0|ring,actual_need,yoked_need,mean_sensed_need_mass_share,0.4362189434776371,0.34580860592939544,0.09041033754824168
30054,self_relevant,5|branch_comp|5|0|ring,actual_need,yoked_need,self_domain_observation_share,0.5034965034965035,0.5804195804195804,-0.07692307692307687
30054,self_relevant,5|branch_comp|5|0|ring,actual_need,yoked_need,causal_target_sensing_share,0.12762237762237763,0.10664335664335664,0.02097902097902099
30054,self_relevant,5|branch_comp|5|0|ring,actual_need,yoked_need,causal_target_sensing_selectivity,-0.09265734265734266,-0.09003496503496503,-0.0026223776223776307
30054,self_relevant,5|branch_comp|5|0|ring,actual_need,yoked_need,diagnosis_observations,333.0,311.0,22.0
30054,self_relevant,5|branch_comp|5|0|ring,actual_need,yoked_need,replicated_restoration,1.0,1.0,0.0
30054,self_relevant,5|branch_comp|5|0|ring,actual_need,yoked_need,false_null,0.0,0.0,0.0
30054,self_relevant,5|branch_comp|5|0|ring,actual_need,yoked_need,false_repair,0.0,0.0,0.0
30054,self_relevant,5|branch_comp|5|0|ring,actual_need,yoked_need,common_decoder_bridge_correct,1.0,1.0,0.0
30054,self_relevant,5|branch_comp|5|0|ring,actual_need,yoked_need,common_decoder_replicated_restoration,1.0,1.0,0.0
30055,neutral,6|context_comp|7|1|chain,actual_need,yoked_need,mean_need_target_mass_share,0.5908613618225605,0.0034472635982082315,0.5874140982243523
30055,neutral,6|context_comp|7|1|chain,actual_need,yoked_need,mean_need_true_core_mass_share,0.9650244599881127,0.17318139377336267,0.79184306621475
30055,neutral,6|context_comp|7|1|chain,actual_need,yoked_need,mean_sensed_need_mass_share,0.595671427980337,0.5814129889956835,0.01425843898465351
30055,neutral,6|context_comp|7|1|chain,actual_need,yoked_need,self_domain_observation_share,0.6555944055944056,0.6573426573426573,-0.0017482517482516613
30055,neutral,6|context_comp|7|1|chain,actual_need,yoked_need,causal_target_sensing_share,0.9737762237762237,0.07342657342657342,0.9003496503496503
30055,neutral,6|context_comp|7|1|chain,actual_need,yoked_need,causal_target_sensing_selectivity,0.8993006993006992,-0.00419580419580419,0.9034965034965035
30055,neutral,6|context_comp|7|1|chain,actual_need,yoked_need,diagnosis_observations,289.0,288.0,1.0
30055,neutral,6|context_comp|7|1|chain,actual_need,yoked_need,replicated_restoration,0.0,0.0,0.0
30055,neutral,6|context_comp|7|1|chain,actual_need,yoked_need,false_null,0.0,0.0,0.0
30055,neutral,6|context_comp|7|1|chain,actual_need,yoked_need,false_repair,0.0,0.0,0.0
30055,neutral,6|context_comp|7|1|chain,actual_need,yoked_need,common_decoder_bridge_correct,0.0,1.0,-1.0
30055,neutral,6|context_comp|7|1|chain,actual_need,yoked_need,common_decoder_replicated_restoration,0.0,0.0,0.0
30055,self_relevant,6|context_comp|7|1|chain,actual_need,yoked_need,mean_need_target_mass_share,0.2729842874368619,0.059755036420015915,0.213229251016846
30055,self_relevant,6|context_comp|7|1|chain,actual_need,yoked_need,mean_need_true_core_mass_share,0.576453798950694,0.23671080588432233,0.3397429930663717
30055,self_relevant,6|context_comp|7|1|chain,actual_need,yoked_need,mean_sensed_need_mass_share,0.41466957655858167,0.45340289748024215,-0.038733320921660486
30055,self_relevant,6|context_comp|7|1|chain,actual_need,yoked_need,self_domain_observation_share,0.5174825174825175,0.5332167832167832,-0.01573426573426573
30055,self_relevant,6|context_comp|7|1|chain,actual_need,yoked_need,causal_target_sensing_share,0.48426573426573427,0.12762237762237763,0.35664335664335667
30055,self_relevant,6|context_comp|7|1|chain,actual_need,yoked_need,causal_target_sensing_selectivity,0.38846153846153847,0.02097902097902099,0.3674825174825175
30055,self_relevant,6|context_comp|7|1|chain,actual_need,yoked_need,diagnosis_observations,360.0,360.0,0.0
30055,self_relevant,6|context_comp|7|1|chain,actual_need,yoked_need,replicated_restoration,1.0,0.0,1.0
30055,self_relevant,6|context_comp|7|1|chain,actual_need,yoked_need,false_null,0.0,1.0,-1.0
30055,self_relevant,6|context_comp|7|1|chain,actual_need,yoked_need,false_repair,0.0,0.0,0.0
30055,self_relevant,6|context_comp|7|1|chain,actual_need,yoked_need,common_decoder_bridge_correct,1.0,0.0,1.0
30055,self_relevant,6|context_comp|7|1|chain,actual_need,yoked_need,common_decoder_replicated_restoration,1.0,0.0,1.0
30056,neutral,5|branch_comp|5|0|dense,actual_need,yoked_need,mean_need_target_mass_share,0.34976331623452445,0.011699888774492578,0.3380634274600319
30056,neutral,5|branch_comp|5|0|dense,actual_need,yoked_need,mean_need_true_core_mass_share,0.8098872089927307,0.11028957688629464,0.6995976321064361
30056,neutral,5|branch_comp|5|0|dense,actual_need,yoked_need,mean_sensed_need_mass_share,0.2965710372173086,0.5143446164976668,-0.21777357928035823
30056,neutral,5|branch_comp|5|0|dense,actual_need,yoked_need,self_domain_observation_share,0.666083916083916,0.6503496503496503,0.01573426573426573
30056,neutral,5|branch_comp|5|0|dense,actual_need,yoked_need,causal_target_sensing_share,0.5856643356643356,0.08391608391608392,0.5017482517482517
30056,neutral,5|branch_comp|5|0|dense,actual_need,yoked_need,causal_target_sensing_selectivity,0.49300699300699297,0.018793706293706303,0.47421328671328666
30056,neutral,5|branch_comp|5|0|dense,actual_need,yoked_need,diagnosis_observations,283.0,270.0,13.0
30056,neutral,5|branch_comp|5|0|dense,actual_need,yoked_need,replicated_restoration,0.0,0.0,0.0
30056,neutral,5|branch_comp|5|0|dense,actual_need,yoked_need,false_null,0.0,0.0,0.0
30056,neutral,5|branch_comp|5|0|dense,actual_need,yoked_need,false_repair,0.0,0.0,0.0
30056,neutral,5|branch_comp|5|0|dense,actual_need,yoked_need,common_decoder_bridge_correct,0.0,1.0,-1.0
30056,neutral,5|branch_comp|5|0|dense,actual_need,yoked_need,common_decoder_replicated_restoration,0.0,0.0,0.0
30056,self_relevant,5|branch_comp|5|0|dense,actual_need,yoked_need,mean_need_target_mass_share,0.07746391717053891,0.007478459041839748,0.06998545812869916
30056,self_relevant,5|branch_comp|5|0|dense,actual_need,yoked_need,mean_need_true_core_mass_share,0.3955887480735261,0.12090253736334304,0.27468621071018307
30056,self_relevant,5|branch_comp|5|0|dense,actual_need,yoked_need,mean_sensed_need_mass_share,0.44963384550423674,0.3786906725329491,0.07094317297128766
30056,self_relevant,5|branch_comp|5|0|dense,actual_need,yoked_need,self_domain_observation_share,0.5332167832167832,0.583916083916084,-0.05069930069930073
30056,self_relevant,5|branch_comp|5|0|dense,actual_need,yoked_need,causal_target_sensing_share,0.1451048951048951,0.0944055944055944,0.0506993006993007
30056,self_relevant,5|branch_comp|5|0|dense,actual_need,yoked_need,causal_target_sensing_selectivity,0.02884615384615384,0.020979020979020976,0.007867132867132864
30056,self_relevant,5|branch_comp|5|0|dense,actual_need,yoked_need,diagnosis_observations,321.0,332.0,-11.0
30056,self_relevant,5|branch_comp|5|0|dense,actual_need,yoked_need,replicated_restoration,1.0,0.0,1.0
30056,self_relevant,5|branch_comp|5|0|dense,actual_need,yoked_need,false_null,0.0,1.0,-1.0
30056,self_relevant,5|branch_comp|5|0|dense,actual_need,yoked_need,false_repair,0.0,0.0,0.0
30056,self_relevant,5|branch_comp|5|0|dense,actual_need,yoked_need,common_decoder_bridge_correct,1.0,0.0,1.0
30056,self_relevant,5|branch_comp|5|0|dense,actual_need,yoked_need,common_decoder_replicated_restoration,1.0,0.0,1.0
30057,neutral,6|context_comp|7|0|ring,actual_need,yoked_need,mean_need_target_mass_share,0.33599815027863916,0.0359411529416247,0.30005699733701446
30057,neutral,6|context_comp|7|0|ring,actual_need,yoked_need,mean_need_true_core_mass_share,0.7465576226044907,0.2532604374910907,0.4932971851134
30057,neutral,6|context_comp|7|0|ring,actual_need,yoked_need,mean_sensed_need_mass_share,0.35572544487456514,0.37042236367945736,-0.014696918804892212
30057,neutral,6|context_comp|7|0|ring,actual_need,yoked_need,self_domain_observation_share,0.6573426573426573,0.6608391608391608,-0.0034965034965035446
30057,neutral,6|context_comp|7|0|ring,actual_need,yoked_need,causal_target_sensing_share,0.8653846153846154,0.01048951048951049,0.8548951048951049
30057,neutral,6|context_comp|7|0|ring,actual_need,yoked_need,causal_target_sensing_selectivity,0.7860139860139861,-0.08566433566433566,0.8716783216783217
30057,neutral,6|context_comp|7|0|ring,actual_need,yoked_need,diagnosis_observations,289.0,286.0,3.0
30057,neutral,6|context_comp|7|0|ring,actual_need,yoked_need,replicated_restoration,0.0,0.0,0.0
30057,neutral,6|context_comp|7|0|ring,actual_need,yoked_need,false_null,0.0,0.0,0.0
30057,neutral,6|context_comp|7|0|ring,actual_need,yoked_need,false_repair,0.0,0.0,0.0
30057,neutral,6|context_comp|7|0|ring,actual_need,yoked_need,common_decoder_bridge_correct,1.0,1.0,0.0
30057,neutral,6|context_comp|7|0|ring,actual_need,yoked_need,common_decoder_replicated_restoration,0.0,0.0,0.0
30057,self_relevant,6|context_comp|7|0|ring,actual_need,yoked_need,mean_need_target_mass_share,0.0334057945298309,0.08108299289406955,-0.04767719836423865
30057,self_relevant,6|context_comp|7|0|ring,actual_need,yoked_need,mean_need_true_core_mass_share,0.4594900203670883,0.5319799592241944,-0.07248993885710608
30057,self_relevant,6|context_comp|7|0|ring,actual_need,yoked_need,mean_sensed_need_mass_share,0.20647244838376888,0.2195710885240014,-0.013098640140232515
30057,self_relevant,6|context_comp|7|0|ring,actual_need,yoked_need,self_domain_observation_share,0.6503496503496503,0.6538461538461539,-0.0034965034965035446
30057,self_relevant,6|context_comp|7|0|ring,actual_need,yoked_need,causal_target_sensing_share,0.02097902097902098,0.11363636363636363,-0.09265734265734266
30057,self_relevant,6|context_comp|7|0|ring,actual_need,yoked_need,causal_target_sensing_selectivity,-0.13076923076923075,-0.028321678321678326,-0.10244755244755242
30057,self_relevant,6|context_comp|7|0|ring,actual_need,yoked_need,diagnosis_observations,296.0,310.0,-14.0
30057,self_relevant,6|context_comp|7|0|ring,actual_need,yoked_need,replicated_restoration,0.0,0.0,0.0
30057,self_relevant,6|context_comp|7|0|ring,actual_need,yoked_need,false_null,1.0,1.0,0.0
30057,self_relevant,6|context_comp|7|0|ring,actual_need,yoked_need,false_repair,0.0,0.0,0.0
30057,self_relevant,6|context_comp|7|0|ring,actual_need,yoked_need,common_decoder_bridge_correct,0.0,0.0,0.0
30057,self_relevant,6|context_comp|7|0|ring,actual_need,yoked_need,common_decoder_replicated_restoration,0.0,0.0,0.0
30058,neutral,5|branch_comp|5|0|chain,actual_need,yoked_need,mean_need_target_mass_share,0.4509091204622683,0.07286595162375219,0.3780431688385161
30058,neutral,5|branch_comp|5|0|chain,actual_need,yoked_need,mean_need_true_core_mass_share,0.7632784075236404,0.23237645329054754,0.5309019542330928
30058,neutral,5|branch_comp|5|0|chain,actual_need,yoked_need,mean_sensed_need_mass_share,0.4378627358023338,0.5096482095195777,-0.07178547371724386
30058,neutral,5|branch_comp|5|0|chain,actual_need,yoked_need,self_domain_observation_share,0.6713286713286714,0.6625874125874126,0.00874125874125875
30058,neutral,5|branch_comp|5|0|chain,actual_need,yoked_need,causal_target_sensing_share,0.8793706293706294,0.08216783216783216,0.7972027972027972
30058,neutral,5|branch_comp|5|0|chain,actual_need,yoked_need,causal_target_sensing_selectivity,0.8208041958041958,0.02491258741258741,0.7958916083916084
30058,neutral,5|branch_comp|5|0|chain,actual_need,yoked_need,diagnosis_observations,268.0,270.0,-2.0
30058,neutral,5|branch_comp|5|0|chain,actual_need,yoked_need,replicated_restoration,0.0,0.0,0.0
30058,neutral,5|branch_comp|5|0|chain,actual_need,yoked_need,false_null,0.0,0.0,0.0
30058,neutral,5|branch_comp|5|0|chain,actual_need,yoked_need,false_repair,0.0,0.0,0.0
30058,neutral,5|branch_comp|5|0|chain,actual_need,yoked_need,common_decoder_bridge_correct,0.0,1.0,-1.0
30058,neutral,5|branch_comp|5|0|chain,actual_need,yoked_need,common_decoder_replicated_restoration,0.0,0.0,0.0
30058,self_relevant,5|branch_comp|5|0|chain,actual_need,yoked_need,mean_need_target_mass_share,0.3585096563341675,0.03063049082001944,0.32787916551414803
30058,self_relevant,5|branch_comp|5|0|chain,actual_need,yoked_need,mean_need_true_core_mass_share,0.6858353915835431,0.44206744094200484,0.24376795064153828
30058,self_relevant,5|branch_comp|5|0|chain,actual_need,yoked_need,mean_sensed_need_mass_share,0.33529028973126124,0.4709609216761141,-0.13567063194485285
30058,self_relevant,5|branch_comp|5|0|chain,actual_need,yoked_need,self_domain_observation_share,0.6625874125874126,0.5664335664335665,0.09615384615384615
30058,self_relevant,5|branch_comp|5|0|chain,actual_need,yoked_need,causal_target_sensing_share,0.7115384615384616,0.07692307692307693,0.6346153846153846
30058,self_relevant,5|branch_comp|5|0|chain,actual_need,yoked_need,causal_target_sensing_selectivity,0.6381118881118881,-0.05506993006993008,0.6931818181818182
30058,self_relevant,5|branch_comp|5|0|chain,actual_need,yoked_need,diagnosis_observations,265.0,272.0,-7.0
30058,self_relevant,5|branch_comp|5|0|chain,actual_need,yoked_need,replicated_restoration,0.0,1.0,-1.0
30058,self_relevant,5|branch_comp|5|0|chain,actual_need,yoked_need,false_null,0.0,0.0,0.0
30058,self_relevant,5|branch_comp|5|0|chain,actual_need,yoked_need,false_repair,0.0,0.0,0.0
30058,self_relevant,5|branch_comp|5|0|chain,actual_need,yoked_need,common_decoder_bridge_correct,1.0,1.0,0.0
30058,self_relevant,5|branch_comp|5|0|chain,actual_need,yoked_need,common_decoder_replicated_restoration,0.0,1.0,-1.0
30059,neutral,6|context_comp|7|1|dense,actual_need,yoked_need,mean_need_target_mass_share,0.32492901766491666,0.006213764457906176,0.3187152532070105
30059,neutral,6|context_comp|7|1|dense,actual_need,yoked_need,mean_need_true_core_mass_share,0.7809592985925662,0.1627067238194518,0.6182525747731143
30059,neutral,6|context_comp|7|1|dense,actual_need,yoked_need,mean_sensed_need_mass_share,0.3269977385204528,0.4939256164510683,-0.16692787793061553
30059,neutral,6|context_comp|7|1|dense,actual_need,yoked_need,self_domain_observation_share,0.666083916083916,0.6416083916083916,0.02447552447552448
30059,neutral,6|context_comp|7|1|dense,actual_need,yoked_need,causal_target_sensing_share,0.6468531468531469,0.06643356643356643,0.5804195804195804
30059,neutral,6|context_comp|7|1|dense,actual_need,yoked_need,causal_target_sensing_selectivity,0.5674825174825175,0.009090909090909087,0.5583916083916085
30059,neutral,6|context_comp|7|1|dense,actual_need,yoked_need,diagnosis_observations,307.0,304.0,3.0
30059,neutral,6|context_comp|7|1|dense,actual_need,yoked_need,replicated_restoration,0.0,0.0,0.0
30059,neutral,6|context_comp|7|1|dense,actual_need,yoked_need,false_null,0.0,0.0,0.0
30059,neutral,6|context_comp|7|1|dense,actual_need,yoked_need,false_repair,0.0,0.0,0.0
30059,neutral,6|context_comp|7|1|dense,actual_need,yoked_need,common_decoder_bridge_correct,1.0,1.0,0.0
30059,neutral,6|context_comp|7|1|dense,actual_need,yoked_need,common_decoder_replicated_restoration,0.0,0.0,0.0
30059,self_relevant,6|context_comp|7|1|dense,actual_need,yoked_need,mean_need_target_mass_share,0.028774833117629867,0.002294634792459592,0.026480198325170276
30059,self_relevant,6|context_comp|7|1|dense,actual_need,yoked_need,mean_need_true_core_mass_share,0.3690573321992728,0.25206293962504395,0.11699439257422883
30059,self_relevant,6|context_comp|7|1|dense,actual_need,yoked_need,mean_sensed_need_mass_share,0.5942370233751828,0.4412378211968256,0.15299920217835722
30059,self_relevant,6|context_comp|7|1|dense,actual_need,yoked_need,self_domain_observation_share,0.5786713286713286,0.6136363636363636,-0.034965034965035
30059,self_relevant,6|context_comp|7|1|dense,actual_need,yoked_need,causal_target_sensing_share,0.05244755244755245,0.045454545454545456,0.006993006993006992
30059,self_relevant,6|context_comp|7|1|dense,actual_need,yoked_need,causal_target_sensing_selectivity,-0.05174825174825175,-0.031118881118881114,-0.020629370629370633
30059,self_relevant,6|context_comp|7|1|dense,actual_need,yoked_need,diagnosis_observations,306.0,355.0,-49.0
30059,self_relevant,6|context_comp|7|1|dense,actual_need,yoked_need,replicated_restoration,1.0,0.0,1.0
30059,self_relevant,6|context_comp|7|1|dense,actual_need,yoked_need,false_null,0.0,1.0,-1.0
30059,self_relevant,6|context_comp|7|1|dense,actual_need,yoked_need,false_repair,0.0,0.0,0.0
30059,self_relevant,6|context_comp|7|1|dense,actual_need,yoked_need,common_decoder_bridge_correct,1.0,0.0,1.0
30059,self_relevant,6|context_comp|7|1|dense,actual_need,yoked_need,common_decoder_replicated_restoration,1.0,0.0,1.0
30060,neutral,5|branch_comp|5|0|ring,actual_need,yoked_need,mean_need_target_mass_share,0.3504820334975756,0.0014123316577941054,0.34906970183978153
30060,neutral,5|branch_comp|5|0|ring,actual_need,yoked_need,mean_need_true_core_mass_share,0.9261594543190004,0.5428853775499147,0.38327407676908565
30060,neutral,5|branch_comp|5|0|ring,actual_need,yoked_need,mean_sensed_need_mass_share,0.3126144194833656,0.3469532766018256,-0.03433885711846002
30060,neutral,5|branch_comp|5|0|ring,actual_need,yoked_need,self_domain_observation_share,0.6678321678321678,0.6608391608391608,0.006993006993006978
30060,neutral,5|branch_comp|5|0|ring,actual_need,yoked_need,causal_target_sensing_share,0.6346153846153846,0.11363636363636363,0.5209790209790209
30060,neutral,5|branch_comp|5|0|ring,actual_need,yoked_need,causal_target_sensing_selectivity,0.5179195804195804,0.00305944055944056,0.5148601398601399
30060,neutral,5|branch_comp|5|0|ring,actual_need,yoked_need,diagnosis_observations,263.0,274.0,-11.0
30060,neutral,5|branch_comp|5|0|ring,actual_need,yoked_need,replicated_restoration,0.0,0.0,0.0
30060,neutral,5|branch_comp|5|0|ring,actual_need,yoked_need,false_null,0.0,0.0,0.0
30060,neutral,5|branch_comp|5|0|ring,actual_need,yoked_need,false_repair,0.0,0.0,0.0
30060,neutral,5|branch_comp|5|0|ring,actual_need,yoked_need,common_decoder_bridge_correct,1.0,1.0,0.0
30060,neutral,5|branch_comp|5|0|ring,actual_need,yoked_need,common_decoder_replicated_restoration,0.0,0.0,0.0
30060,self_relevant,5|branch_comp|5|0|ring,actual_need,yoked_need,mean_need_target_mass_share,0.15213740709875662,0.0032235027645005666,0.14891390433425605
30060,self_relevant,5|branch_comp|5|0|ring,actual_need,yoked_need,mean_need_true_core_mass_share,0.7941707388603302,0.7686444294038567,0.025526309456473495
30060,self_relevant,5|branch_comp|5|0|ring,actual_need,yoked_need,mean_sensed_need_mass_share,0.34659795920350345,0.3430260037258601,0.0035719554776433293
30060,self_relevant,5|branch_comp|5|0|ring,actual_need,yoked_need,self_domain_observation_share,0.5786713286713286,0.6048951048951049,-0.02622377622377625
30060,self_relevant,5|branch_comp|5|0|ring,actual_need,yoked_need,causal_target_sensing_share,0.2097902097902098,0.11538461538461539,0.0944055944055944
30060,self_relevant,5|branch_comp|5|0|ring,actual_need,yoked_need,causal_target_sensing_selectivity,-0.0013111888111888292,-0.15078671328671325,0.14947552447552442
30060,self_relevant,5|branch_comp|5|0|ring,actual_need,yoked_need,diagnosis_observations,259.0,263.0,-4.0
30060,self_relevant,5|branch_comp|5|0|ring,actual_need,yoked_need,replicated_restoration,1.0,1.0,0.0
30060,self_relevant,5|branch_comp|5|0|ring,actual_need,yoked_need,false_null,0.0,0.0,0.0
30060,self_relevant,5|branch_comp|5|0|ring,actual_need,yoked_need,false_repair,0.0,0.0,0.0
30060,self_relevant,5|branch_comp|5|0|ring,actual_need,yoked_need,common_decoder_bridge_correct,1.0,1.0,0.0
30060,self_relevant,5|branch_comp|5|0|ring,actual_need,yoked_need,common_decoder_replicated_restoration,1.0,1.0,0.0
30061,neutral,6|context_comp|7|0|chain,actual_need,yoked_need,mean_need_target_mass_share,0.3237897578664725,0.18335885748710623,0.14043090037936629
30061,neutral,6|context_comp|7|0|chain,actual_need,yoked_need,mean_need_true_core_mass_share,0.8633626199990255,0.3722779188605032,0.4910847011385223
30061,neutral,6|context_comp|7|0|chain,actual_need,yoked_need,mean_sensed_need_mass_share,0.31786975561385744,0.5198838185922955,-0.20201406297843805
30061,neutral,6|context_comp|7|0|chain,actual_need,yoked_need,self_domain_observation_share,0.6590909090909091,0.6713286713286714,-0.012237762237762295
30061,neutral,6|context_comp|7|0|chain,actual_need,yoked_need,causal_target_sensing_share,0.6538461538461539,0.11538461538461539,0.5384615384615384
30061,neutral,6|context_comp|7|0|chain,actual_need,yoked_need,causal_target_sensing_selectivity,0.5255244755244756,0.05104895104895105,0.47447552447552455
30061,neutral,6|context_comp|7|0|chain,actual_need,yoked_need,diagnosis_observations,298.0,284.0,14.0
30061,neutral,6|context_comp|7|0|chain,actual_need,yoked_need,replicated_restoration,0.0,0.0,0.0
30061,neutral,6|context_comp|7|0|chain,actual_need,yoked_need,false_null,0.0,0.0,0.0
30061,neutral,6|context_comp|7|0|chain,actual_need,yoked_need,false_repair,0.0,0.0,0.0
30061,neutral,6|context_comp|7|0|chain,actual_need,yoked_need,common_decoder_bridge_correct,1.0,1.0,0.0
30061,neutral,6|context_comp|7|0|chain,actual_need,yoked_need,common_decoder_replicated_restoration,0.0,0.0,0.0
30061,self_relevant,6|context_comp|7|0|chain,actual_need,yoked_need,mean_need_target_mass_share,0.044369781619449086,0.11753574342509109,-0.073165961805642
30061,self_relevant,6|context_comp|7|0|chain,actual_need,yoked_need,mean_need_true_core_mass_share,0.6026078803971189,0.39313800971758395,0.20946987067953493
30061,self_relevant,6|context_comp|7|0|chain,actual_need,yoked_need,mean_sensed_need_mass_share,0.4096586086425292,0.23380752441645386,0.17585108422607532
30061,self_relevant,6|context_comp|7|0|chain,actual_need,yoked_need,self_domain_observation_share,0.5926573426573427,0.5769230769230769,0.01573426573426584
30061,self_relevant,6|context_comp|7|0|chain,actual_need,yoked_need,causal_target_sensing_share,0.02972027972027972,0.16083916083916083,-0.13111888111888112
30061,self_relevant,6|context_comp|7|0|chain,actual_need,yoked_need,causal_target_sensing_selectivity,-0.12307692307692308,0.06293706293706293,-0.186013986013986
30061,self_relevant,6|context_comp|7|0|chain,actual_need,yoked_need,diagnosis_observations,282.0,338.0,-56.0
30061,self_relevant,6|context_comp|7|0|chain,actual_need,yoked_need,replicated_restoration,1.0,0.0,1.0
30061,self_relevant,6|context_comp|7|0|chain,actual_need,yoked_need,false_null,0.0,1.0,-1.0
30061,self_relevant,6|context_comp|7|0|chain,actual_need,yoked_need,false_repair,0.0,0.0,0.0
30061,self_relevant,6|context_comp|7|0|chain,actual_need,yoked_need,common_decoder_bridge_correct,1.0,0.0,1.0
30061,self_relevant,6|context_comp|7|0|chain,actual_need,yoked_need,common_decoder_replicated_restoration,1.0,0.0,1.0
30062,neutral,5|branch_comp|5|0|dense,actual_need,yoked_need,mean_need_target_mass_share,0.5372838176861358,0.0012084184488892601,0.5360753992372465
30062,neutral,5|branch_comp|5|0|dense,actual_need,yoked_need,mean_need_true_core_mass_share,0.9442652439334897,0.27789753677729295,0.6663677071561966
30062,neutral,5|branch_comp|5|0|dense,actual_need,yoked_need,mean_sensed_need_mass_share,0.5309685179943199,0.5882034654571713,-0.057234947462851404
30062,neutral,5|branch_comp|5|0|dense,actual_need,yoked_need,self_domain_observation_share,0.6451048951048951,0.6468531468531469,-0.0017482517482517723
30062,neutral,5|branch_comp|5|0|dense,actual_need,yoked_need,causal_target_sensing_share,0.8986013986013986,0.11188811188811189,0.7867132867132868
30062,neutral,5|branch_comp|5|0|dense,actual_need,yoked_need,causal_target_sensing_selectivity,0.8492132867132868,0.05506993006993007,0.7941433566433567
30062,neutral,5|branch_comp|5|0|dense,actual_need,yoked_need,diagnosis_observations,303.0,274.0,29.0
30062,neutral,5|branch_comp|5|0|dense,actual_need,yoked_need,replicated_restoration,0.0,0.0,0.0
30062,neutral,5|branch_comp|5|0|dense,actual_need,yoked_need,false_null,0.0,0.0,0.0
30062,neutral,5|branch_comp|5|0|dense,actual_need,yoked_need,false_repair,0.0,0.0,0.0
30062,neutral,5|branch_comp|5|0|dense,actual_need,yoked_need,common_decoder_bridge_correct,0.0,1.0,-1.0
30062,neutral,5|branch_comp|5|0|dense,actual_need,yoked_need,common_decoder_replicated_restoration,0.0,0.0,0.0
30062,self_relevant,5|branch_comp|5|0|dense,actual_need,yoked_need,mean_need_target_mass_share,0.24125691338469646,0.005939447316132889,0.23531746606856357
30062,self_relevant,5|branch_comp|5|0|dense,actual_need,yoked_need,mean_need_true_core_mass_share,0.650826637711084,0.3933756952001212,0.25745094251096273
30062,self_relevant,5|branch_comp|5|0|dense,actual_need,yoked_need,mean_sensed_need_mass_share,0.3843066431987265,0.419869288433788,-0.03556264523506153
30062,self_relevant,5|branch_comp|5|0|dense,actual_need,yoked_need,self_domain_observation_share,0.5786713286713286,0.6118881118881119,-0.03321678321678323
30062,self_relevant,5|branch_comp|5|0|dense,actual_need,yoked_need,causal_target_sensing_share,0.4125874125874126,0.11188811188811189,0.30069930069930073
30062,self_relevant,5|branch_comp|5|0|dense,actual_need,yoked_need,causal_target_sensing_selectivity,0.2923951048951049,-0.00305944055944056,0.29545454545454547
30062,self_relevant,5|branch_comp|5|0|dense,actual_need,yoked_need,diagnosis_observations,343.0,339.0,4.0
30062,self_relevant,5|branch_comp|5|0|dense,actual_need,yoked_need,replicated_restoration,0.0,1.0,-1.0
30062,self_relevant,5|branch_comp|5|0|dense,actual_need,yoked_need,false_null,1.0,0.0,1.0
30062,self_relevant,5|branch_comp|5|0|dense,actual_need,yoked_need,false_repair,0.0,0.0,0.0
30062,self_relevant,5|branch_comp|5|0|dense,actual_need,yoked_need,common_decoder_bridge_correct,0.0,1.0,-1.0
30062,self_relevant,5|branch_comp|5|0|dense,actual_need,yoked_need,common_decoder_replicated_restoration,0.0,1.0,-1.0
30063,neutral,6|context_comp|7|1|ring,actual_need,yoked_need,mean_need_target_mass_share,0.4683522709940391,0.11185280428423619,0.3564994667098029
30063,neutral,6|context_comp|7|1|ring,actual_need,yoked_need,mean_need_true_core_mass_share,0.9038823871180361,0.3417807228081532,0.562101664309883
30063,neutral,6|context_comp|7|1|ring,actual_need,yoked_need,mean_sensed_need_mass_share,0.4450623311401691,0.27644075038409877,0.1686215807560703
30063,neutral,6|context_comp|7|1|ring,actual_need,yoked_need,self_domain_observation_share,0.6695804195804196,0.6590909090909091,0.010489510489510523
30063,neutral,6|context_comp|7|1|ring,actual_need,yoked_need,causal_target_sensing_share,0.8181818181818182,0.12062937062937062,0.6975524475524476
30063,neutral,6|context_comp|7|1|ring,actual_need,yoked_need,causal_target_sensing_selectivity,0.7416083916083916,0.010139860139860138,0.7314685314685315
30063,neutral,6|context_comp|7|1|ring,actual_need,yoked_need,diagnosis_observations,313.0,288.0,25.0
30063,neutral,6|context_comp|7|1|ring,actual_need,yoked_need,replicated_restoration,0.0,0.0,0.0
30063,neutral,6|context_comp|7|1|ring,actual_need,yoked_need,false_null,0.0,0.0,0.0
30063,neutral,6|context_comp|7|1|ring,actual_need,yoked_need,false_repair,0.0,0.0,0.0
30063,neutral,6|context_comp|7|1|ring,actual_need,yoked_need,common_decoder_bridge_correct,0.0,1.0,-1.0
30063,neutral,6|context_comp|7|1|ring,actual_need,yoked_need,common_decoder_replicated_restoration,0.0,0.0,0.0
30063,self_relevant,6|context_comp|7|1|ring,actual_need,yoked_need,mean_need_target_mass_share,0.15654310558373463,0.11319137499005798,0.043351730593676654
30063,self_relevant,6|context_comp|7|1|ring,actual_need,yoked_need,mean_need_true_core_mass_share,0.4439291177379376,0.36503988600262605,0.07888923173531154
30063,self_relevant,6|context_comp|7|1|ring,actual_need,yoked_need,mean_sensed_need_mass_share,0.5852612028805054,0.21831241138929378,0.3669487914912116
30063,self_relevant,6|context_comp|7|1|ring,actual_need,yoked_need,self_domain_observation_share,0.5629370629370629,0.6590909090909091,-0.09615384615384615
30063,self_relevant,6|context_comp|7|1|ring,actual_need,yoked_need,causal_target_sensing_share,0.24125874125874125,0.13111888111888112,0.11013986013986013
30063,self_relevant,6|context_comp|7|1|ring,actual_need,yoked_need,causal_target_sensing_selectivity,0.13986013986013984,0.0031468531468531458,0.1367132867132867
30063,self_relevant,6|context_comp|7|1|ring,actual_need,yoked_need,diagnosis_observations,288.0,287.0,1.0
30063,self_relevant,6|context_comp|7|1|ring,actual_need,yoked_need,replicated_restoration,1.0,0.0,1.0
30063,self_relevant,6|context_comp|7|1|ring,actual_need,yoked_need,false_null,0.0,1.0,-1.0
30063,self_relevant,6|context_comp|7|1|ring,actual_need,yoked_need,false_repair,0.0,0.0,0.0
30063,self_relevant,6|context_comp|7|1|ring,actual_need,yoked_need,common_decoder_bridge_correct,1.0,0.0,1.0
30063,self_relevant,6|context_comp|7|1|ring,actual_need,yoked_need,common_decoder_replicated_restoration,1.0,0.0,1.0
30064,neutral,5|branch_comp|5|0|chain,actual_need,yoked_need,mean_need_target_mass_share,0.5294962778624752,0.07444032559749447,0.45505595226498075
30064,neutral,5|branch_comp|5|0|chain,actual_need,yoked_need,mean_need_true_core_mass_share,0.9432885598390947,0.5321965145997648,0.41109204523932985
30064,neutral,5|branch_comp|5|0|chain,actual_need,yoked_need,mean_sensed_need_mass_share,0.577958447796365,0.39182933047732393,0.18612911731904103
30064,neutral,5|branch_comp|5|0|chain,actual_need,yoked_need,self_domain_observation_share,0.6713286713286714,0.6608391608391608,0.010489510489510523
30064,neutral,5|branch_comp|5|0|chain,actual_need,yoked_need,causal_target_sensing_share,0.986013986013986,0.005244755244755245,0.9807692307692308
30064,neutral,5|branch_comp|5|0|chain,actual_need,yoked_need,causal_target_sensing_selectivity,0.833479020979021,-0.2722902097902098,1.1057692307692308
30064,neutral,5|branch_comp|5|0|chain,actual_need,yoked_need,diagnosis_observations,283.0,283.0,0.0
30064,neutral,5|branch_comp|5|0|chain,actual_need,yoked_need,replicated_restoration,0.0,0.0,0.0
30064,neutral,5|branch_comp|5|0|chain,actual_need,yoked_need,false_null,0.0,0.0,0.0
30064,neutral,5|branch_comp|5|0|chain,actual_need,yoked_need,false_repair,0.0,0.0,0.0
30064,neutral,5|branch_comp|5|0|chain,actual_need,yoked_need,common_decoder_bridge_correct,1.0,1.0,0.0
30064,neutral,5|branch_comp|5|0|chain,actual_need,yoked_need,common_decoder_replicated_restoration,0.0,0.0,0.0
30064,self_relevant,5|branch_comp|5|0|chain,actual_need,yoked_need,mean_need_target_mass_share,0.26164058533601003,0.01580657140149454,0.24583401393451548
30064,self_relevant,5|branch_comp|5|0|chain,actual_need,yoked_need,mean_need_true_core_mass_share,0.7818209542640772,0.08662098488692055,0.6951999693771567
30064,self_relevant,5|branch_comp|5|0|chain,actual_need,yoked_need,mean_sensed_need_mass_share,0.5107364063950225,0.34617744355156704,0.16455896284345545
30064,self_relevant,5|branch_comp|5|0|chain,actual_need,yoked_need,self_domain_observation_share,0.5716783216783217,0.5769230769230769,-0.005244755244755206
30064,self_relevant,5|branch_comp|5|0|chain,actual_need,yoked_need,causal_target_sensing_share,0.4825174825174825,0.0034965034965034965,0.479020979020979
30064,self_relevant,5|branch_comp|5|0|chain,actual_need,yoked_need,causal_target_sensing_selectivity,0.26092657342657344,-0.1577797202797203,0.41870629370629375
30064,self_relevant,5|branch_comp|5|0|chain,actual_need,yoked_need,diagnosis_observations,269.0,278.0,-9.0
30064,self_relevant,5|branch_comp|5|0|chain,actual_need,yoked_need,replicated_restoration,0.0,0.0,0.0
30064,self_relevant,5|branch_comp|5|0|chain,actual_need,yoked_need,false_null,1.0,1.0,0.0
30064,self_relevant,5|branch_comp|5|0|chain,actual_need,yoked_need,false_repair,0.0,0.0,0.0
30064,self_relevant,5|branch_comp|5|0|chain,actual_need,yoked_need,common_decoder_bridge_correct,0.0,0.0,0.0
30064,self_relevant,5|branch_comp|5|0|chain,actual_need,yoked_need,common_decoder_replicated_restoration,0.0,0.0,0.0
30065,neutral,6|context_comp|7|0|dense,actual_need,yoked_need,mean_need_target_mass_share,0.5971143435124349,0.04378659315973224,0.5533277503527027
30065,neutral,6|context_comp|7|0|dense,actual_need,yoked_need,mean_need_true_core_mass_share,0.7799029132816251,0.11619203306126574,0.6637108802203593
30065,neutral,6|context_comp|7|0|dense,actual_need,yoked_need,mean_sensed_need_mass_share,0.6288236514869009,0.44889330449229126,0.17993034699460964
30065,neutral,6|context_comp|7|0|dense,actual_need,yoked_need,self_domain_observation_share,0.6013986013986014,0.6608391608391608,-0.05944055944055948
30065,neutral,6|context_comp|7|0|dense,actual_need,yoked_need,causal_target_sensing_share,0.7727272727272727,0.07692307692307693,0.6958041958041958
30065,neutral,6|context_comp|7|0|dense,actual_need,yoked_need,causal_target_sensing_selectivity,0.6926573426573426,-0.006993006993006992,0.6996503496503496
30065,neutral,6|context_comp|7|0|dense,actual_need,yoked_need,diagnosis_observations,366.0,304.0,62.0
30065,neutral,6|context_comp|7|0|dense,actual_need,yoked_need,replicated_restoration,0.0,0.0,0.0
30065,neutral,6|context_comp|7|0|dense,actual_need,yoked_need,false_null,0.0,0.0,0.0
30065,neutral,6|context_comp|7|0|dense,actual_need,yoked_need,false_repair,0.0,0.0,0.0
30065,neutral,6|context_comp|7|0|dense,actual_need,yoked_need,common_decoder_bridge_correct,1.0,1.0,0.0
30065,neutral,6|context_comp|7|0|dense,actual_need,yoked_need,common_decoder_replicated_restoration,0.0,0.0,0.0
30065,self_relevant,6|context_comp|7|0|dense,actual_need,yoked_need,mean_need_target_mass_share,0.01777534750260711,0.029206535054970076,-0.011431187552362967
30065,self_relevant,6|context_comp|7|0|dense,actual_need,yoked_need,mean_need_true_core_mass_share,0.2832068399512962,0.31080468891181423,-0.027597848960518034
30065,self_relevant,6|context_comp|7|0|dense,actual_need,yoked_need,mean_sensed_need_mass_share,0.6253069821479035,0.28496407501405024,0.34034290713385323
30065,self_relevant,6|context_comp|7|0|dense,actual_need,yoked_need,self_domain_observation_share,0.513986013986014,0.548951048951049,-0.034965034965035
30065,self_relevant,6|context_comp|7|0|dense,actual_need,yoked_need,causal_target_sensing_share,0.04195804195804196,0.11013986013986014,-0.06818181818181818
30065,self_relevant,6|context_comp|7|0|dense,actual_need,yoked_need,causal_target_sensing_selectivity,-0.08076923076923076,0.0013986013986014012,-0.08216783216783216
30065,self_relevant,6|context_comp|7|0|dense,actual_need,yoked_need,diagnosis_observations,484.0,353.0,131.0
30065,self_relevant,6|context_comp|7|0|dense,actual_need,yoked_need,replicated_restoration,0.0,0.0,0.0
30065,self_relevant,6|context_comp|7|0|dense,actual_need,yoked_need,false_null,1.0,1.0,0.0
30065,self_relevant,6|context_comp|7|0|dense,actual_need,yoked_need,false_repair,0.0,0.0,0.0
30065,self_relevant,6|context_comp|7|0|dense,actual_need,yoked_need,common_decoder_bridge_correct,0.0,0.0,0.0
30065,self_relevant,6|context_comp|7|0|dense,actual_need,yoked_need,common_decoder_replicated_restoration,0.0,0.0,0.0
30066,neutral,5|branch_comp|5|0|ring,actual_need,yoked_need,mean_need_target_mass_share,0.3636467289053012,0.13967517466538812,0.22397155423991308
30066,neutral,5|branch_comp|5|0|ring,actual_need,yoked_need,mean_need_true_core_mass_share,0.9528412719537583,0.6084683001891005,0.34437297176465786
30066,neutral,5|branch_comp|5|0|ring,actual_need,yoked_need,mean_sensed_need_mass_share,0.34204038123591657,0.29063686506140335,0.05140351617451322
30066,neutral,5|branch_comp|5|0|ring,actual_need,yoked_need,self_domain_observation_share,0.6643356643356644,0.6625874125874126,0.0017482517482517723
30066,neutral,5|branch_comp|5|0|ring,actual_need,yoked_need,causal_target_sensing_share,0.6888111888111889,0.13286713286713286,0.555944055944056
30066,neutral,5|branch_comp|5|0|ring,actual_need,yoked_need,causal_target_sensing_selectivity,0.5668706293706294,-0.07080419580419581,0.6376748251748252
30066,neutral,5|branch_comp|5|0|ring,actual_need,yoked_need,diagnosis_observations,266.0,268.0,-2.0
30066,neutral,5|branch_comp|5|0|ring,actual_need,yoked_need,replicated_restoration,0.0,0.0,0.0
30066,neutral,5|branch_comp|5|0|ring,actual_need,yoked_need,false_null,0.0,0.0,0.0
30066,neutral,5|branch_comp|5|0|ring,actual_need,yoked_need,false_repair,0.0,0.0,0.0
30066,neutral,5|branch_comp|5|0|ring,actual_need,yoked_need,common_decoder_bridge_correct,1.0,1.0,0.0
30066,neutral,5|branch_comp|5|0|ring,actual_need,yoked_need,common_decoder_replicated_restoration,0.0,0.0,0.0
30066,self_relevant,5|branch_comp|5|0|ring,actual_need,yoked_need,mean_need_target_mass_share,0.1043355605859159,0.05677266187227078,0.04756289871364513
30066,self_relevant,5|branch_comp|5|0|ring,actual_need,yoked_need,mean_need_true_core_mass_share,0.9231303527431343,0.34243300840431284,0.5806973443388215
30066,self_relevant,5|branch_comp|5|0|ring,actual_need,yoked_need,mean_sensed_need_mass_share,0.36886129650997246,0.3180594123196958,0.05080188419027665
30066,self_relevant,5|branch_comp|5|0|ring,actual_need,yoked_need,self_domain_observation_share,0.6066433566433567,0.666083916083916,-0.05944055944055937
30066,self_relevant,5|branch_comp|5|0|ring,actual_need,yoked_need,causal_target_sensing_share,0.0472027972027972,0.08041958041958042,-0.033216783216783216
30066,self_relevant,5|branch_comp|5|0|ring,actual_need,yoked_need,causal_target_sensing_selectivity,-0.2237762237762238,-0.017482517482517487,-0.2062937062937063
30066,self_relevant,5|branch_comp|5|0|ring,actual_need,yoked_need,diagnosis_observations,304.0,294.0,10.0
30066,self_relevant,5|branch_comp|5|0|ring,actual_need,yoked_need,replicated_restoration,0.0,0.0,0.0
30066,self_relevant,5|branch_comp|5|0|ring,actual_need,yoked_need,false_null,1.0,1.0,0.0
30066,self_relevant,5|branch_comp|5|0|ring,actual_need,yoked_need,false_repair,0.0,0.0,0.0
30066,self_relevant,5|branch_comp|5|0|ring,actual_need,yoked_need,common_decoder_bridge_correct,0.0,0.0,0.0
30066,self_relevant,5|branch_comp|5|0|ring,actual_need,yoked_need,common_decoder_replicated_restoration,0.0,0.0,0.0
30067,neutral,6|context_comp|7|1|chain,actual_need,yoked_need,mean_need_target_mass_share,0.5671277790093318,0.004660639190778052,0.5624671398185537
30067,neutral,6|context_comp|7|1|chain,actual_need,yoked_need,mean_need_true_core_mass_share,0.9739323801414685,0.2501412842324267,0.7237910959090419
30067,neutral,6|context_comp|7|1|chain,actual_need,yoked_need,mean_sensed_need_mass_share,0.5686743284745328,0.40565922624676876,0.16301510222776405
30067,neutral,6|context_comp|7|1|chain,actual_need,yoked_need,self_domain_observation_share,0.6608391608391608,0.6765734265734266,-0.01573426573426573
30067,neutral,6|context_comp|7|1|chain,actual_need,yoked_need,causal_target_sensing_share,0.9545454545454546,0.09265734265734266,0.8618881118881119
30067,neutral,6|context_comp|7|1|chain,actual_need,yoked_need,causal_target_sensing_selectivity,0.9006993006993007,0.012587412587412583,0.8881118881118881
30067,neutral,6|context_comp|7|1|chain,actual_need,yoked_need,diagnosis_observations,288.0,290.0,-2.0
30067,neutral,6|context_comp|7|1|chain,actual_need,yoked_need,replicated_restoration,0.0,0.0,0.0
30067,neutral,6|context_comp|7|1|chain,actual_need,yoked_need,false_null,0.0,0.0,0.0
30067,neutral,6|context_comp|7|1|chain,actual_need,yoked_need,false_repair,0.0,0.0,0.0
30067,neutral,6|context_comp|7|1|chain,actual_need,yoked_need,common_decoder_bridge_correct,1.0,1.0,0.0
30067,neutral,6|context_comp|7|1|chain,actual_need,yoked_need,common_decoder_replicated_restoration,0.0,0.0,0.0
30067,self_relevant,6|context_comp|7|1|chain,actual_need,yoked_need,mean_need_target_mass_share,0.36226580875877973,0.010062080108884368,0.35220372864989535
30067,self_relevant,6|context_comp|7|1|chain,actual_need,yoked_need,mean_need_true_core_mass_share,0.7726943405629871,0.3430393553876852,0.42965498517530193
30067,self_relevant,6|context_comp|7|1|chain,actual_need,yoked_need,mean_sensed_need_mass_share,0.45595263807421027,0.36942841048044345,0.08652422759376682
30067,self_relevant,6|context_comp|7|1|chain,actual_need,yoked_need,self_domain_observation_share,0.5367132867132867,0.5332167832167832,0.0034965034965034336
30067,self_relevant,6|context_comp|7|1|chain,actual_need,yoked_need,causal_target_sensing_share,0.4982517482517482,0.08566433566433566,0.41258741258741255
30067,self_relevant,6|context_comp|7|1|chain,actual_need,yoked_need,causal_target_sensing_selectivity,0.38601398601398595,-0.01958041958041959,0.4055944055944055
30067,self_relevant,6|context_comp|7|1|chain,actual_need,yoked_need,diagnosis_observations,403.0,292.0,111.0
30067,self_relevant,6|context_comp|7|1|chain,actual_need,yoked_need,replicated_restoration,0.0,0.0,0.0
30067,self_relevant,6|context_comp|7|1|chain,actual_need,yoked_need,false_null,1.0,1.0,0.0
30067,self_relevant,6|context_comp|7|1|chain,actual_need,yoked_need,false_repair,0.0,0.0,0.0
30067,self_relevant,6|context_comp|7|1|chain,actual_need,yoked_need,common_decoder_bridge_correct,0.0,0.0,0.0
30067,self_relevant,6|context_comp|7|1|chain,actual_need,yoked_need,common_decoder_replicated_restoration,0.0,0.0,0.0
30068,neutral,5|branch_comp|5|0|dense,actual_need,yoked_need,mean_need_target_mass_share,0.6058674127523901,0.016603704858465813,0.5892637078939242
30068,neutral,5|branch_comp|5|0|dense,actual_need,yoked_need,mean_need_true_core_mass_share,0.941135056996502,0.132314231896346,0.8088208251001561
30068,neutral,5|branch_comp|5|0|dense,actual_need,yoked_need,mean_sensed_need_mass_share,0.5852994405860481,0.4038129492915493,0.1814864912944988
30068,neutral,5|branch_comp|5|0|dense,actual_need,yoked_need,self_domain_observation_share,0.6503496503496503,0.666083916083916,-0.01573426573426573
30068,neutral,5|branch_comp|5|0|dense,actual_need,yoked_need,causal_target_sensing_share,0.8479020979020979,0.033216783216783216,0.8146853146853147
30068,neutral,5|branch_comp|5|0|dense,actual_need,yoked_need,causal_target_sensing_selectivity,0.7797202797202798,-0.04108391608391608,0.8208041958041958
30068,neutral,5|branch_comp|5|0|dense,actual_need,yoked_need,diagnosis_observations,275.0,283.0,-8.0
30068,neutral,5|branch_comp|5|0|dense,actual_need,yoked_need,replicated_restoration,0.0,0.0,0.0
30068,neutral,5|branch_comp|5|0|dense,actual_need,yoked_need,false_null,0.0,0.0,0.0
30068,neutral,5|branch_comp|5|0|dense,actual_need,yoked_need,false_repair,0.0,0.0,0.0
30068,neutral,5|branch_comp|5|0|dense,actual_need,yoked_need,common_decoder_bridge_correct,0.0,1.0,-1.0
30068,neutral,5|branch_comp|5|0|dense,actual_need,yoked_need,common_decoder_replicated_restoration,0.0,0.0,0.0
30068,self_relevant,5|branch_comp|5|0|dense,actual_need,yoked_need,mean_need_target_mass_share,0.20696256423073545,0.006281636533340422,0.200680927697395
30068,self_relevant,5|branch_comp|5|0|dense,actual_need,yoked_need,mean_need_true_core_mass_share,0.5843386813803118,0.20797831780337128,0.37636036357694047
30068,self_relevant,5|branch_comp|5|0|dense,actual_need,yoked_need,mean_sensed_need_mass_share,0.41750660888057617,0.36916079395510454,0.04834581492547163
30068,self_relevant,5|branch_comp|5|0|dense,actual_need,yoked_need,self_domain_observation_share,0.6153846153846154,0.5437062937062938,0.07167832167832167
30068,self_relevant,5|branch_comp|5|0|dense,actual_need,yoked_need,causal_target_sensing_share,0.3006993006993007,0.05244755244755245,0.24825174825174823
30068,self_relevant,5|branch_comp|5|0|dense,actual_need,yoked_need,causal_target_sensing_selectivity,0.16564685314685312,-0.028846153846153855,0.19449300699300698
30068,self_relevant,5|branch_comp|5|0|dense,actual_need,yoked_need,diagnosis_observations,346.0,469.0,-123.0
30068,self_relevant,5|branch_comp|5|0|dense,actual_need,yoked_need,replicated_restoration,0.0,0.0,0.0
30068,self_relevant,5|branch_comp|5|0|dense,actual_need,yoked_need,false_null,1.0,1.0,0.0
30068,self_relevant,5|branch_comp|5|0|dense,actual_need,yoked_need,false_repair,0.0,0.0,0.0
30068,self_relevant,5|branch_comp|5|0|dense,actual_need,yoked_need,common_decoder_bridge_correct,0.0,0.0,0.0
30068,self_relevant,5|branch_comp|5|0|dense,actual_need,yoked_need,common_decoder_replicated_restoration,0.0,0.0,0.0
30069,neutral,6|context_comp|7|0|ring,actual_need,yoked_need,mean_need_target_mass_share,0.3651267680765026,0.3957173458730979,-0.030590577796595353
30069,neutral,6|context_comp|7|0|ring,actual_need,yoked_need,mean_need_true_core_mass_share,0.7848132424672039,0.6114501396464357,0.17336310282076817
30069,neutral,6|context_comp|7|0|ring,actual_need,yoked_need,mean_sensed_need_mass_share,0.3778977765915204,0.3730512386580454,0.004846537933475004
30069,neutral,6|context_comp|7|0|ring,actual_need,yoked_need,self_domain_observation_share,0.6625874125874126,0.6643356643356644,-0.0017482517482517723
30069,neutral,6|context_comp|7|0|ring,actual_need,yoked_need,causal_target_sensing_share,0.8251748251748252,0.6416083916083916,0.18356643356643365
30069,neutral,6|context_comp|7|0|ring,actual_need,yoked_need,causal_target_sensing_selectivity,0.7328671328671329,0.5608391608391607,0.17202797202797215
30069,neutral,6|context_comp|7|0|ring,actual_need,yoked_need,diagnosis_observations,283.0,280.0,3.0
30069,neutral,6|context_comp|7|0|ring,actual_need,yoked_need,replicated_restoration,0.0,0.0,0.0
30069,neutral,6|context_comp|7|0|ring,actual_need,yoked_need,false_null,0.0,0.0,0.0
30069,neutral,6|context_comp|7|0|ring,actual_need,yoked_need,false_repair,0.0,0.0,0.0
30069,neutral,6|context_comp|7|0|ring,actual_need,yoked_need,common_decoder_bridge_correct,1.0,1.0,0.0
30069,neutral,6|context_comp|7|0|ring,actual_need,yoked_need,common_decoder_replicated_restoration,0.0,0.0,0.0
30069,self_relevant,6|context_comp|7|0|ring,actual_need,yoked_need,mean_need_target_mass_share,0.015157194364409687,0.15526092556578547,-0.1401037312013758
30069,self_relevant,6|context_comp|7|0|ring,actual_need,yoked_need,mean_need_true_core_mass_share,0.5073443569953242,0.35753120817197176,0.14981314882335245
30069,self_relevant,6|context_comp|7|0|ring,actual_need,yoked_need,mean_sensed_need_mass_share,0.225931486621605,0.43043259062129907,-0.20450110399969407
30069,self_relevant,6|context_comp|7|0|ring,actual_need,yoked_need,self_domain_observation_share,0.6520979020979021,0.6118881118881119,0.04020979020979021
30069,self_relevant,6|context_comp|7|0|ring,actual_need,yoked_need,causal_target_sensing_share,0.02972027972027972,0.17657342657342656,-0.14685314685314685
30069,self_relevant,6|context_comp|7|0|ring,actual_need,yoked_need,causal_target_sensing_selectivity,-0.14580419580419582,0.08986013986013985,-0.23566433566433567
30069,self_relevant,6|context_comp|7|0|ring,actual_need,yoked_need,diagnosis_observations,310.0,308.0,2.0
30069,self_relevant,6|context_comp|7|0|ring,actual_need,yoked_need,replicated_restoration,0.0,0.0,0.0
30069,self_relevant,6|context_comp|7|0|ring,actual_need,yoked_need,false_null,1.0,1.0,0.0
30069,self_relevant,6|context_comp|7|0|ring,actual_need,yoked_need,false_repair,0.0,0.0,0.0
30069,self_relevant,6|context_comp|7|0|ring,actual_need,yoked_need,common_decoder_bridge_correct,0.0,0.0,0.0
30069,self_relevant,6|context_comp|7|0|ring,actual_need,yoked_need,common_decoder_replicated_restoration,0.0,0.0,0.0
30070,neutral,5|branch_comp|5|0|chain,actual_need,yoked_need,mean_need_target_mass_share,0.40458102803700924,0.002861084948174307,0.4017199430888349
30070,neutral,5|branch_comp|5|0|chain,actual_need,yoked_need,mean_need_true_core_mass_share,0.8590795874245027,0.46944931324084915,0.3896302741836536
30070,neutral,5|branch_comp|5|0|chain,actual_need,yoked_need,mean_sensed_need_mass_share,0.40566341492883046,0.35356919188825237,0.05209422304057809
30070,neutral,5|branch_comp|5|0|chain,actual_need,yoked_need,self_domain_observation_share,0.6643356643356644,0.6678321678321678,-0.0034965034965034336
30070,neutral,5|branch_comp|5|0|chain,actual_need,yoked_need,causal_target_sensing_share,0.7167832167832168,0.0,0.7167832167832168
30070,neutral,5|branch_comp|5|0|chain,actual_need,yoked_need,causal_target_sensing_selectivity,0.5445804195804196,-0.1472902097902098,0.6918706293706294
30070,neutral,5|branch_comp|5|0|chain,actual_need,yoked_need,diagnosis_observations,267.0,265.0,2.0
30070,neutral,5|branch_comp|5|0|chain,actual_need,yoked_need,replicated_restoration,0.0,0.0,0.0
30070,neutral,5|branch_comp|5|0|chain,actual_need,yoked_need,false_null,0.0,0.0,0.0
30070,neutral,5|branch_comp|5|0|chain,actual_need,yoked_need,false_repair,0.0,0.0,0.0
30070,neutral,5|branch_comp|5|0|chain,actual_need,yoked_need,common_decoder_bridge_correct,1.0,1.0,0.0
30070,neutral,5|branch_comp|5|0|chain,actual_need,yoked_need,common_decoder_replicated_restoration,0.0,0.0,0.0
30070,self_relevant,5|branch_comp|5|0|chain,actual_need,yoked_need,mean_need_target_mass_share,0.019879579795100195,0.003026146765723432,0.016853433029376762
30070,self_relevant,5|branch_comp|5|0|chain,actual_need,yoked_need,mean_need_true_core_mass_share,0.5831172120394711,0.540098242773889,0.04301896926558213
30070,self_relevant,5|branch_comp|5|0|chain,actual_need,yoked_need,mean_sensed_need_mass_share,0.3850094870856358,0.3042108520574921,0.08079863502814372
30070,self_relevant,5|branch_comp|5|0|chain,actual_need,yoked_need,self_domain_observation_share,0.5681818181818182,0.6555944055944056,-0.0874125874125874
30070,self_relevant,5|branch_comp|5|0|chain,actual_need,yoked_need,causal_target_sensing_share,0.024475524475524476,0.0,0.024475524475524476
30070,self_relevant,5|branch_comp|5|0|chain,actual_need,yoked_need,causal_target_sensing_selectivity,-0.25655594405594406,-0.3173076923076923,0.06075174825174823
30070,self_relevant,5|branch_comp|5|0|chain,actual_need,yoked_need,diagnosis_observations,265.0,268.0,-3.0
30070,self_relevant,5|branch_comp|5|0|chain,actual_need,yoked_need,replicated_restoration,1.0,0.0,1.0
30070,self_relevant,5|branch_comp|5|0|chain,actual_need,yoked_need,false_null,0.0,1.0,-1.0
30070,self_relevant,5|branch_comp|5|0|chain,actual_need,yoked_need,false_repair,0.0,0.0,0.0
30070,self_relevant,5|branch_comp|5|0|chain,actual_need,yoked_need,common_decoder_bridge_correct,1.0,0.0,1.0
30070,self_relevant,5|branch_comp|5|0|chain,actual_need,yoked_need,common_decoder_replicated_restoration,1.0,0.0,1.0
30071,neutral,6|context_comp|7|1|dense,actual_need,yoked_need,mean_need_target_mass_share,0.48611650312521015,0.022402977499853302,0.46371352562535684
30071,neutral,6|context_comp|7|1|dense,actual_need,yoked_need,mean_need_true_core_mass_share,0.6961759571314049,0.30252485504773025,0.39365110208367465
30071,neutral,6|context_comp|7|1|dense,actual_need,yoked_need,mean_sensed_need_mass_share,0.49137780849935064,0.5628392258316605,-0.07146141733230982
30071,neutral,6|context_comp|7|1|dense,actual_need,yoked_need,self_domain_observation_share,0.6486013986013986,0.6311188811188811,0.0174825174825175
30071,neutral,6|context_comp|7|1|dense,actual_need,yoked_need,causal_target_sensing_share,0.8479020979020979,0.008741258741258742,0.8391608391608392
30071,neutral,6|context_comp|7|1|dense,actual_need,yoked_need,causal_target_sensing_selectivity,0.8024475524475525,-0.043706293706293704,0.8461538461538463
30071,neutral,6|context_comp|7|1|dense,actual_need,yoked_need,diagnosis_observations,303.0,333.0,-30.0
30071,neutral,6|context_comp|7|1|dense,actual_need,yoked_need,replicated_restoration,0.0,0.0,0.0
30071,neutral,6|context_comp|7|1|dense,actual_need,yoked_need,false_null,0.0,0.0,0.0
30071,neutral,6|context_comp|7|1|dense,actual_need,yoked_need,false_repair,0.0,0.0,0.0
30071,neutral,6|context_comp|7|1|dense,actual_need,yoked_need,common_decoder_bridge_correct,1.0,1.0,0.0
30071,neutral,6|context_comp|7|1|dense,actual_need,yoked_need,common_decoder_replicated_restoration,0.0,0.0,0.0
30071,self_relevant,6|context_comp|7|1|dense,actual_need,yoked_need,mean_need_target_mass_share,0.015047307420220335,0.11202660778539783,-0.09697930036517749
30071,self_relevant,6|context_comp|7|1|dense,actual_need,yoked_need,mean_need_true_core_mass_share,0.2861616550738718,0.5059223775252049,-0.21976072245133305
30071,self_relevant,6|context_comp|7|1|dense,actual_need,yoked_need,mean_sensed_need_mass_share,0.44885023843387456,0.42838216576823873,0.020468072665635828
30071,self_relevant,6|context_comp|7|1|dense,actual_need,yoked_need,self_domain_observation_share,0.6136363636363636,0.5227272727272727,0.09090909090909094
30071,self_relevant,6|context_comp|7|1|dense,actual_need,yoked_need,causal_target_sensing_share,0.019230769230769232,0.08041958041958042,-0.061188811188811185
30071,self_relevant,6|context_comp|7|1|dense,actual_need,yoked_need,causal_target_sensing_selectivity,-0.05979020979020978,-0.03426573426573426,-0.025524475524475523
30071,self_relevant,6|context_comp|7|1|dense,actual_need,yoked_need,diagnosis_observations,334.0,373.0,-39.0
30071,self_relevant,6|context_comp|7|1|dense,actual_need,yoked_need,replicated_restoration,0.0,0.0,0.0
30071,self_relevant,6|context_comp|7|1|dense,actual_need,yoked_need,false_null,1.0,1.0,0.0
30071,self_relevant,6|context_comp|7|1|dense,actual_need,yoked_need,false_repair,0.0,0.0,0.0
30071,self_relevant,6|context_comp|7|1|dense,actual_need,yoked_need,common_decoder_bridge_correct,0.0,0.0,0.0
30071,self_relevant,6|context_comp|7|1|dense,actual_need,yoked_need,common_decoder_replicated_restoration,0.0,0.0,0.0
